
  .   ____          _            __ _ _
 /\\ / ___'_ __ _ _(_)_ __  __ _ \ \ \ \
( ( )\___ | '_ | '_| | '_ \/ _` | \ \ \ \
 \\/  ___)| |_)| | | | | || (_| |  ) ) ) )
  '  |____| .__|_| |_|_| |_\__, | / / / /
 =========|_|==============|___/=/_/_/_/
 :: Spring Boot ::               (v2.7.18)

2026-07-21 15:26:54.477  INFO 112356 --- [           main] c.e.f.FishingReservationApplication      : Starting FishingReservationApplication v1.0.0 using Java 17.0.16 on LAPTOP-AD7QJJL4 with PID 112356 (C:\Users\ASUS\Desktop\工作项目\钓鱼\target\fishing-reservation-1.0.0.jar started by ASUS in C:\Users\ASUS\Desktop\工作项目\钓鱼)
2026-07-21 15:26:54.484  INFO 112356 --- [           main] c.e.f.FishingReservationApplication      : No active profile set, falling back to 1 default profile: "default"
2026-07-21 15:26:54.486 DEBUG 112356 --- [           main] o.s.boot.SpringApplication               : Loading source class com.example.fishing.FishingReservationApplication
2026-07-21 15:26:54.575 DEBUG 112356 --- [           main] ConfigServletWebServerApplicationContext : Refreshing org.springframework.boot.web.servlet.context.AnnotationConfigServletWebServerApplicationContext@43ee72e6
2026-07-21 15:26:55.768  INFO 112356 --- [           main] .s.d.r.c.RepositoryConfigurationDelegate : Multiple Spring Data modules found, entering strict repository configuration mode
2026-07-21 15:26:55.778  INFO 112356 --- [           main] .s.d.r.c.RepositoryConfigurationDelegate : Bootstrapping Spring Data Redis repositories in DEFAULT mode.
2026-07-21 15:26:55.792 DEBUG 112356 --- [           main] o.s.b.a.AutoConfigurationPackages        : @EnableAutoConfiguration was declared on a class in the package 'com.example.fishing'. Automatic @Repository and @Entity scanning is enabled.
2026-07-21 15:26:55.804  INFO 112356 --- [           main] .s.d.r.c.RepositoryConfigurationDelegate : Finished Spring Data repository scanning in 11 ms. Found 0 Redis repository interfaces.
2026-07-21 15:26:58.810 DEBUG 112356 --- [           main] .s.b.w.e.t.TomcatServletWebServerFactory : Code archive: C:\Users\ASUS\Desktop\工作项目\钓鱼\target\fishing-reservation-1.0.0.jar
2026-07-21 15:26:58.811 DEBUG 112356 --- [           main] .s.b.w.e.t.TomcatServletWebServerFactory : Code archive: C:\Users\ASUS\Desktop\工作项目\钓鱼\target\fishing-reservation-1.0.0.jar
2026-07-21 15:26:58.813 DEBUG 112356 --- [           main] .s.b.w.e.t.TomcatServletWebServerFactory : None of the document roots [src/main/webapp, public, static] point to a directory and will be ignored.
2026-07-21 15:26:58.920  INFO 112356 --- [           main] o.s.b.w.embedded.tomcat.TomcatWebServer  : Tomcat initialized with port(s): 8080 (http)
2026-07-21 15:26:59.001  INFO 112356 --- [           main] o.apache.catalina.core.StandardService   : Starting service [Tomcat]
2026-07-21 15:26:59.003  INFO 112356 --- [           main] org.apache.catalina.core.StandardEngine  : Starting Servlet engine: [Apache Tomcat/9.0.83]
2026-07-21 15:26:59.731  INFO 112356 --- [           main] o.a.c.c.C.[Tomcat].[localhost].[/]       : Initializing Spring embedded WebApplicationContext
2026-07-21 15:26:59.742 DEBUG 112356 --- [           main] w.s.c.ServletWebServerApplicationContext : Published root WebApplicationContext as ServletContext attribute with name [org.springframework.web.context.WebApplicationContext.ROOT]
2026-07-21 15:26:59.744  INFO 112356 --- [           main] w.s.c.ServletWebServerApplicationContext : Root WebApplicationContext: initialization completed in 5169 ms
2026-07-21 15:27:00.925 DEBUG 112356 --- [           main] o.s.b.w.s.ServletContextInitializerBeans : Mapping filters: filterRegistrationBean urls=[/*] order=-2147483647, characterEncodingFilter urls=[/*] order=-2147483648, formContentFilter urls=[/*] order=-9900, requestContextFilter urls=[/*] order=-105
2026-07-21 15:27:00.929 DEBUG 112356 --- [           main] o.s.b.w.s.ServletContextInitializerBeans : Mapping servlets: dispatcherServlet urls=[/]
2026-07-21 15:27:01.212 DEBUG 112356 --- [           main] o.s.b.a.m.w.servlet.WebMvcMetricsFilter  : Filter 'webMvcMetricsFilter' configured for use
2026-07-21 15:27:01.226 DEBUG 112356 --- [           main] o.s.b.w.s.f.OrderedRequestContextFilter  : Filter 'requestContextFilter' configured for use
2026-07-21 15:27:01.227 DEBUG 112356 --- [           main] s.b.w.s.f.OrderedCharacterEncodingFilter : Filter 'characterEncodingFilter' configured for use
2026-07-21 15:27:01.229 DEBUG 112356 --- [           main] o.s.b.w.s.f.OrderedFormContentFilter     : Filter 'formContentFilter' configured for use
Logging initialized using 'class org.apache.ibatis.logging.stdout.StdOutImpl' adapter.
Initialization Sequence datacenterId:21 workerId:1
 _ _   |_  _ _|_. ___ _ |    _ 
| | |\/|_)(_| | |_\  |_)||_|_\ 
     /               |         
                        3.5.5 
2026-07-21 15:27:06.563  INFO 112356 --- [           main] org.redisson.Version                     : Redisson 3.23.5
2026-07-21 15:27:07.944  INFO 112356 --- [isson-netty-2-4] o.r.c.pool.MasterPubSubConnectionPool    : 1 connections initialized for 127.0.0.1/127.0.0.1:6379
2026-07-21 15:27:07.963  INFO 112356 --- [isson-netty-2-7] o.r.c.pool.MasterConnectionPool          : 2 connections initialized for 127.0.0.1/127.0.0.1:6379
2026-07-21 15:27:14.019 DEBUG 112356 --- [           main] s.w.s.m.m.a.RequestMappingHandlerAdapter : ControllerAdvice beans: 0 @ModelAttribute, 0 @InitBinder, 1 RequestBodyAdvice, 1 ResponseBodyAdvice
2026-07-21 15:27:15.435 DEBUG 112356 --- [           main] s.w.s.m.m.a.RequestMappingHandlerMapping : 134 mappings in 'requestMappingHandlerMapping'
2026-07-21 15:27:18.515 DEBUG 112356 --- [           main] o.s.w.s.handler.SimpleUrlHandlerMapping  : Patterns [/webjars/**, /**, /swagger-ui*/*swagger-initializer.js, /swagger-ui*/**] in 'resourceHandlerMapping'
2026-07-21 15:27:18.582 DEBUG 112356 --- [           main] .m.m.a.ExceptionHandlerExceptionResolver : ControllerAdvice beans: 2 @ExceptionHandler, 1 ResponseBodyAdvice
2026-07-21 15:27:21.879  INFO 112356 --- [           main] o.s.b.a.e.web.EndpointLinksResolver      : Exposing 1 endpoint(s) beneath base path '/actuator'
2026-07-21 15:27:22.176  INFO 112356 --- [           main] o.s.b.w.embedded.tomcat.TomcatWebServer  : Tomcat started on port(s): 8080 (http) with context path ''
2026-07-21 15:27:22.284 DEBUG 112356 --- [           main] ConditionEvaluationReportLoggingListener : 


============================
CONDITIONS EVALUATION REPORT
============================


Positive matches:
-----------------

   AopAutoConfiguration matched:
      - @ConditionalOnProperty (spring.aop.auto=true) matched (OnPropertyCondition)

   AopAutoConfiguration.ClassProxyingConfiguration matched:
      - @ConditionalOnMissingClass did not find unwanted class 'org.aspectj.weaver.Advice' (OnClassCondition)
      - @ConditionalOnProperty (spring.aop.proxy-target-class=true) matched (OnPropertyCondition)

   ApplicationAvailabilityAutoConfiguration#applicationAvailability matched:
      - @ConditionalOnMissingBean (types: org.springframework.boot.availability.ApplicationAvailability; SearchStrategy: all) did not find any beans (OnBeanCondition)

   CacheMeterBinderProvidersConfiguration matched:
      - @ConditionalOnClass found required class 'io.micrometer.core.instrument.binder.MeterBinder' (OnClassCondition)

   CacheMeterBinderProvidersConfiguration.JCacheCacheMeterBinderProviderConfiguration matched:
      - @ConditionalOnClass found required classes 'org.springframework.cache.jcache.JCacheCache', 'javax.cache.CacheManager' (OnClassCondition)

   CacheMeterBinderProvidersConfiguration.RedisCacheMeterBinderProviderConfiguration matched:
      - @ConditionalOnClass found required class 'org.springframework.data.redis.cache.RedisCache' (OnClassCondition)

   CompositeMeterRegistryAutoConfiguration matched:
      - @ConditionalOnClass found required class 'io.micrometer.core.instrument.composite.CompositeMeterRegistry' (OnClassCondition)

   DataSourceAutoConfiguration matched:
      - @ConditionalOnClass found required classes 'javax.sql.DataSource', 'org.springframework.jdbc.datasource.embedded.EmbeddedDatabaseType' (OnClassCondition)
      - @ConditionalOnMissingBean (types: io.r2dbc.spi.ConnectionFactory; SearchStrategy: all) did not find any beans (OnBeanCondition)

   DataSourceAutoConfiguration.PooledDataSourceConfiguration matched:
      - AnyNestedCondition 1 matched 1 did not; NestedCondition on DataSourceAutoConfiguration.PooledDataSourceCondition.PooledDataSourceAvailable PooledDataSource found supported DataSource; NestedCondition on DataSourceAutoConfiguration.PooledDataSourceCondition.ExplicitType @ConditionalOnProperty (spring.datasource.type) did not find property 'type' (DataSourceAutoConfiguration.PooledDataSourceCondition)
      - @ConditionalOnMissingBean (types: javax.sql.DataSource,javax.sql.XADataSource; SearchStrategy: all) did not find any beans (OnBeanCondition)

   DataSourceConfiguration.Hikari matched:
      - @ConditionalOnClass found required class 'com.zaxxer.hikari.HikariDataSource' (OnClassCondition)
      - @ConditionalOnProperty (spring.datasource.type=com.zaxxer.hikari.HikariDataSource) matched (OnPropertyCondition)
      - @ConditionalOnMissingBean (types: javax.sql.DataSource; SearchStrategy: all) did not find any beans (OnBeanCondition)

   DataSourceHealthContributorAutoConfiguration matched:
      - @ConditionalOnClass found required classes 'org.springframework.jdbc.core.JdbcTemplate', 'org.springframework.jdbc.datasource.lookup.AbstractRoutingDataSource' (OnClassCondition)
      - @ConditionalOnEnabledHealthIndicator management.health.defaults.enabled is considered true (OnEnabledHealthIndicatorCondition)
      - @ConditionalOnBean (types: javax.sql.DataSource; SearchStrategy: all) found bean 'dataSource' (OnBeanCondition)

   DataSourceHealthContributorAutoConfiguration#dbHealthContributor matched:
      - @ConditionalOnMissingBean (names: dbHealthIndicator,dbHealthContributor; SearchStrategy: all) did not find any beans (OnBeanCondition)

   DataSourceInitializationConfiguration matched:
      - @ConditionalOnClass found required class 'org.springframework.jdbc.datasource.init.DatabasePopulator' (OnClassCondition)
      - @ConditionalOnSingleCandidate (types: javax.sql.DataSource; SearchStrategy: all) found a single bean 'dataSource'; @ConditionalOnMissingBean (types: org.springframework.boot.autoconfigure.sql.init.SqlDataSourceScriptDatabaseInitializer,org.springframework.boot.autoconfigure.sql.init.SqlR2dbcScriptDatabaseInitializer; SearchStrategy: all) did not find any beans (OnBeanCondition)

   DataSourceJmxConfiguration matched:
      - @ConditionalOnProperty (spring.jmx.enabled=true) matched (OnPropertyCondition)

   DataSourceJmxConfiguration.Hikari matched:
      - @ConditionalOnClass found required class 'com.zaxxer.hikari.HikariDataSource' (OnClassCondition)
      - @ConditionalOnSingleCandidate (types: javax.sql.DataSource; SearchStrategy: all) found a single bean 'dataSource' (OnBeanCondition)

   DataSourcePoolMetadataProvidersConfiguration.HikariPoolDataSourceMetadataProviderConfiguration matched:
      - @ConditionalOnClass found required class 'com.zaxxer.hikari.HikariDataSource' (OnClassCondition)

   DataSourcePoolMetricsAutoConfiguration matched:
      - @ConditionalOnClass found required classes 'javax.sql.DataSource', 'io.micrometer.core.instrument.MeterRegistry' (OnClassCondition)
      - @ConditionalOnBean (types: javax.sql.DataSource,io.micrometer.core.instrument.MeterRegistry; SearchStrategy: all) found beans 'simpleMeterRegistry', 'dataSource' (OnBeanCondition)

   DataSourcePoolMetricsAutoConfiguration.DataSourcePoolMetadataMetricsConfiguration matched:
      - @ConditionalOnBean (types: org.springframework.boot.jdbc.metadata.DataSourcePoolMetadataProvider; SearchStrategy: all) found bean 'hikariPoolDataSourceMetadataProvider' (OnBeanCondition)

   DataSourcePoolMetricsAutoConfiguration.HikariDataSourceMetricsConfiguration matched:
      - @ConditionalOnClass found required class 'com.zaxxer.hikari.HikariDataSource' (OnClassCondition)

   DataSourceTransactionManagerAutoConfiguration matched:
      - @ConditionalOnClass found required classes 'org.springframework.jdbc.core.JdbcTemplate', 'org.springframework.transaction.TransactionManager' (OnClassCondition)

   DataSourceTransactionManagerAutoConfiguration.JdbcTransactionManagerConfiguration matched:
      - @ConditionalOnSingleCandidate (types: javax.sql.DataSource; SearchStrategy: all) found a single bean 'dataSource' (OnBeanCondition)

   DataSourceTransactionManagerAutoConfiguration.JdbcTransactionManagerConfiguration#transactionManager matched:
      - @ConditionalOnMissingBean (types: org.springframework.transaction.TransactionManager; SearchStrategy: all) did not find any beans (OnBeanCondition)

   DiskSpaceHealthContributorAutoConfiguration matched:
      - @ConditionalOnEnabledHealthIndicator management.health.defaults.enabled is considered true (OnEnabledHealthIndicatorCondition)

   DiskSpaceHealthContributorAutoConfiguration#diskSpaceHealthIndicator matched:
      - @ConditionalOnMissingBean (names: diskSpaceHealthIndicator; SearchStrategy: all) did not find any beans (OnBeanCondition)

   DispatcherServletAutoConfiguration matched:
      - @ConditionalOnClass found required class 'org.springframework.web.servlet.DispatcherServlet' (OnClassCondition)
      - found 'session' scope (OnWebApplicationCondition)

   DispatcherServletAutoConfiguration.DispatcherServletConfiguration matched:
      - @ConditionalOnClass found required class 'javax.servlet.ServletRegistration' (OnClassCondition)
      - Default DispatcherServlet did not find dispatcher servlet beans (DispatcherServletAutoConfiguration.DefaultDispatcherServletCondition)

   DispatcherServletAutoConfiguration.DispatcherServletRegistrationConfiguration matched:
      - @ConditionalOnClass found required class 'javax.servlet.ServletRegistration' (OnClassCondition)
      - DispatcherServlet Registration did not find servlet registration bean (DispatcherServletAutoConfiguration.DispatcherServletRegistrationCondition)

   DispatcherServletAutoConfiguration.DispatcherServletRegistrationConfiguration#dispatcherServletRegistration matched:
      - @ConditionalOnBean (names: dispatcherServlet types: org.springframework.web.servlet.DispatcherServlet; SearchStrategy: all) found bean 'dispatcherServlet' (OnBeanCondition)

   EmbeddedWebServerFactoryCustomizerAutoConfiguration matched:
      - @ConditionalOnWebApplication (required) found 'session' scope (OnWebApplicationCondition)
      - @ConditionalOnWarDeployment the application is not deployed as a WAR file. (OnWarDeploymentCondition)

   EmbeddedWebServerFactoryCustomizerAutoConfiguration.TomcatWebServerFactoryCustomizerConfiguration matched:
      - @ConditionalOnClass found required classes 'org.apache.catalina.startup.Tomcat', 'org.apache.coyote.UpgradeProtocol' (OnClassCondition)

   EndpointAutoConfiguration#endpointCachingOperationInvokerAdvisor matched:
      - @ConditionalOnMissingBean (types: org.springframework.boot.actuate.endpoint.invoker.cache.CachingOperationInvokerAdvisor; SearchStrategy: all) did not find any beans (OnBeanCondition)

   EndpointAutoConfiguration#endpointOperationParameterMapper matched:
      - @ConditionalOnMissingBean (types: org.springframework.boot.actuate.endpoint.invoke.ParameterValueMapper; SearchStrategy: all) did not find any beans (OnBeanCondition)

   ErrorMvcAutoConfiguration matched:
      - @ConditionalOnClass found required classes 'javax.servlet.Servlet', 'org.springframework.web.servlet.DispatcherServlet' (OnClassCondition)
      - found 'session' scope (OnWebApplicationCondition)

   ErrorMvcAutoConfiguration#errorAttributes matched:
      - @ConditionalOnMissingBean (types: org.springframework.boot.web.servlet.error.ErrorAttributes; SearchStrategy: current) did not find any beans (OnBeanCondition)

   ErrorMvcAutoConfiguration.DefaultErrorViewResolverConfiguration#conventionErrorViewResolver matched:
      - @ConditionalOnBean (types: org.springframework.web.servlet.DispatcherServlet; SearchStrategy: all) found bean 'dispatcherServlet'; @ConditionalOnMissingBean (types: org.springframework.boot.autoconfigure.web.servlet.error.ErrorViewResolver; SearchStrategy: all) did not find any beans (OnBeanCondition)

   ErrorMvcAutoConfiguration.WhitelabelErrorViewConfiguration matched:
      - @ConditionalOnProperty (server.error.whitelabel.enabled) matched (OnPropertyCondition)
      - ErrorTemplate Missing did not find error template view (ErrorMvcAutoConfiguration.ErrorTemplateMissingCondition)

   ErrorMvcAutoConfiguration.WhitelabelErrorViewConfiguration#beanNameViewResolver matched:
      - @ConditionalOnMissingBean (types: org.springframework.web.servlet.view.BeanNameViewResolver; SearchStrategy: all) did not find any beans (OnBeanCondition)

   ErrorMvcAutoConfiguration.WhitelabelErrorViewConfiguration#defaultErrorView matched:
      - @ConditionalOnMissingBean (names: error; SearchStrategy: all) did not find any beans (OnBeanCondition)

   GenericCacheConfiguration matched:
      - Cache org.springframework.boot.autoconfigure.cache.GenericCacheConfiguration automatic cache type (CacheCondition)

   HealthContributorAutoConfiguration#pingHealthContributor matched:
      - @ConditionalOnEnabledHealthIndicator management.health.defaults.enabled is considered true (OnEnabledHealthIndicatorCondition)

   HealthEndpointAutoConfiguration matched:
      - @ConditionalOnAvailableEndpoint marked as exposed by a 'management.endpoints.web.exposure' property (OnAvailableEndpointCondition)

   HealthEndpointConfiguration#healthContributorRegistry matched:
      - @ConditionalOnMissingBean (types: org.springframework.boot.actuate.health.HealthContributorRegistry; SearchStrategy: all) did not find any beans (OnBeanCondition)

   HealthEndpointConfiguration#healthEndpoint matched:
      - @ConditionalOnMissingBean (types: org.springframework.boot.actuate.health.HealthEndpoint; SearchStrategy: all) did not find any beans (OnBeanCondition)

   HealthEndpointConfiguration#healthEndpointGroups matched:
      - @ConditionalOnMissingBean (types: org.springframework.boot.actuate.health.HealthEndpointGroups; SearchStrategy: all) did not find any beans (OnBeanCondition)

   HealthEndpointConfiguration#healthHttpCodeStatusMapper matched:
      - @ConditionalOnMissingBean (types: org.springframework.boot.actuate.health.HttpCodeStatusMapper; SearchStrategy: all) did not find any beans (OnBeanCondition)

   HealthEndpointConfiguration#healthStatusAggregator matched:
      - @ConditionalOnMissingBean (types: org.springframework.boot.actuate.health.StatusAggregator; SearchStrategy: all) did not find any beans (OnBeanCondition)

   HealthEndpointWebExtensionConfiguration matched:
      - found 'session' scope (OnWebApplicationCondition)
      - @ConditionalOnAvailableEndpoint marked as exposed by a 'management.endpoints.web.exposure' property (OnAvailableEndpointCondition)
      - @ConditionalOnBean (types: org.springframework.boot.actuate.health.HealthEndpoint; SearchStrategy: all) found bean 'healthEndpoint' (OnBeanCondition)

   HealthEndpointWebExtensionConfiguration#healthEndpointWebExtension matched:
      - @ConditionalOnMissingBean (types: org.springframework.boot.actuate.health.HealthEndpointWebExtension; SearchStrategy: all) did not find any beans (OnBeanCondition)

   HealthEndpointWebExtensionConfiguration.MvcAdditionalHealthEndpointPathsConfiguration matched:
      - @ConditionalOnAvailableEndpoint marked as exposed by a 'management.endpoints.web.exposure' property (OnAvailableEndpointCondition)
      - @ConditionalOnBean (types: org.springframework.web.servlet.DispatcherServlet; SearchStrategy: all) found bean 'dispatcherServlet' (OnBeanCondition)

   HttpClientMetricsAutoConfiguration matched:
      - @ConditionalOnClass found required class 'io.micrometer.core.instrument.MeterRegistry' (OnClassCondition)
      - @ConditionalOnBean (types: io.micrometer.core.instrument.MeterRegistry; SearchStrategy: all) found bean 'simpleMeterRegistry' (OnBeanCondition)

   HttpEncodingAutoConfiguration matched:
      - @ConditionalOnClass found required class 'org.springframework.web.filter.CharacterEncodingFilter' (OnClassCondition)
      - found 'session' scope (OnWebApplicationCondition)
      - @ConditionalOnProperty (server.servlet.encoding.enabled) matched (OnPropertyCondition)

   HttpEncodingAutoConfiguration#characterEncodingFilter matched:
      - @ConditionalOnMissingBean (types: org.springframework.web.filter.CharacterEncodingFilter; SearchStrategy: all) did not find any beans (OnBeanCondition)

   HttpMessageConvertersAutoConfiguration matched:
      - @ConditionalOnClass found required class 'org.springframework.http.converter.HttpMessageConverter' (OnClassCondition)
      - NoneNestedConditions 0 matched 1 did not; NestedCondition on HttpMessageConvertersAutoConfiguration.NotReactiveWebApplicationCondition.ReactiveWebApplication did not find reactive web application classes (HttpMessageConvertersAutoConfiguration.NotReactiveWebApplicationCondition)

   HttpMessageConvertersAutoConfiguration#messageConverters matched:
      - @ConditionalOnMissingBean (types: org.springframework.boot.autoconfigure.http.HttpMessageConverters; SearchStrategy: all) did not find any beans (OnBeanCondition)

   HttpMessageConvertersAutoConfiguration.StringHttpMessageConverterConfiguration matched:
      - @ConditionalOnClass found required class 'org.springframework.http.converter.StringHttpMessageConverter' (OnClassCondition)

   HttpMessageConvertersAutoConfiguration.StringHttpMessageConverterConfiguration#stringHttpMessageConverter matched:
      - @ConditionalOnMissingBean (types: org.springframework.http.converter.StringHttpMessageConverter; SearchStrategy: all) did not find any beans (OnBeanCondition)

   JCacheCacheConfiguration matched:
      - @ConditionalOnClass found required classes 'javax.cache.Caching', 'org.springframework.cache.jcache.JCacheCacheManager' (OnClassCondition)
      - Cache org.springframework.boot.autoconfigure.cache.JCacheCacheConfiguration automatic cache type (CacheCondition)

   JacksonAutoConfiguration matched:
      - @ConditionalOnClass found required class 'com.fasterxml.jackson.databind.ObjectMapper' (OnClassCondition)

   JacksonAutoConfiguration.Jackson2ObjectMapperBuilderCustomizerConfiguration matched:
      - @ConditionalOnClass found required class 'org.springframework.http.converter.json.Jackson2ObjectMapperBuilder' (OnClassCondition)

   JacksonAutoConfiguration.JacksonObjectMapperBuilderConfiguration matched:
      - @ConditionalOnClass found required class 'org.springframework.http.converter.json.Jackson2ObjectMapperBuilder' (OnClassCondition)

   JacksonAutoConfiguration.JacksonObjectMapperBuilderConfiguration#jacksonObjectMapperBuilder matched:
      - @ConditionalOnMissingBean (types: org.springframework.http.converter.json.Jackson2ObjectMapperBuilder; SearchStrategy: all) did not find any beans (OnBeanCondition)

   JacksonAutoConfiguration.JacksonObjectMapperConfiguration matched:
      - @ConditionalOnClass found required class 'org.springframework.http.converter.json.Jackson2ObjectMapperBuilder' (OnClassCondition)

   JacksonAutoConfiguration.JacksonObjectMapperConfiguration#jacksonObjectMapper matched:
      - @ConditionalOnMissingBean (types: com.fasterxml.jackson.databind.ObjectMapper; SearchStrategy: all) did not find any beans (OnBeanCondition)

   JacksonAutoConfiguration.ParameterNamesModuleConfiguration matched:
      - @ConditionalOnClass found required class 'com.fasterxml.jackson.module.paramnames.ParameterNamesModule' (OnClassCondition)

   JacksonAutoConfiguration.ParameterNamesModuleConfiguration#parameterNamesModule matched:
      - @ConditionalOnMissingBean (types: com.fasterxml.jackson.module.paramnames.ParameterNamesModule; SearchStrategy: all) did not find any beans (OnBeanCondition)

   JacksonHttpMessageConvertersConfiguration.MappingJackson2HttpMessageConverterConfiguration matched:
      - @ConditionalOnClass found required class 'com.fasterxml.jackson.databind.ObjectMapper' (OnClassCondition)
      - @ConditionalOnProperty (spring.mvc.converters.preferred-json-mapper=jackson) matched (OnPropertyCondition)
      - @ConditionalOnBean (types: com.fasterxml.jackson.databind.ObjectMapper; SearchStrategy: all) found bean 'jacksonObjectMapper' (OnBeanCondition)

   JacksonHttpMessageConvertersConfiguration.MappingJackson2HttpMessageConverterConfiguration#mappingJackson2HttpMessageConverter matched:
      - @ConditionalOnMissingBean (types: org.springframework.http.converter.json.MappingJackson2HttpMessageConverter ignored: org.springframework.hateoas.server.mvc.TypeConstrainedMappingJackson2HttpMessageConverter,org.springframework.data.rest.webmvc.alps.AlpsJsonHttpMessageConverter; SearchStrategy: all) did not find any beans (OnBeanCondition)

   JdbcTemplateAutoConfiguration matched:
      - @ConditionalOnClass found required classes 'javax.sql.DataSource', 'org.springframework.jdbc.core.JdbcTemplate' (OnClassCondition)
      - @ConditionalOnSingleCandidate (types: javax.sql.DataSource; SearchStrategy: all) found a single bean 'dataSource' (OnBeanCondition)

   JdbcTemplateConfiguration matched:
      - @ConditionalOnMissingBean (types: org.springframework.jdbc.core.JdbcOperations; SearchStrategy: all) did not find any beans (OnBeanCondition)

   JvmMetricsAutoConfiguration matched:
      - @ConditionalOnClass found required class 'io.micrometer.core.instrument.MeterRegistry' (OnClassCondition)
      - @ConditionalOnBean (types: io.micrometer.core.instrument.MeterRegistry; SearchStrategy: all) found bean 'simpleMeterRegistry' (OnBeanCondition)

   JvmMetricsAutoConfiguration#classLoaderMetrics matched:
      - @ConditionalOnMissingBean (types: io.micrometer.core.instrument.binder.jvm.ClassLoaderMetrics; SearchStrategy: all) did not find any beans (OnBeanCondition)

   JvmMetricsAutoConfiguration#jvmGcMetrics matched:
      - @ConditionalOnMissingBean (types: io.micrometer.core.instrument.binder.jvm.JvmGcMetrics; SearchStrategy: all) did not find any beans (OnBeanCondition)

   JvmMetricsAutoConfiguration#jvmHeapPressureMetrics matched:
      - @ConditionalOnMissingBean (types: io.micrometer.core.instrument.binder.jvm.JvmHeapPressureMetrics; SearchStrategy: all) did not find any beans (OnBeanCondition)

   JvmMetricsAutoConfiguration#jvmMemoryMetrics matched:
      - @ConditionalOnMissingBean (types: io.micrometer.core.instrument.binder.jvm.JvmMemoryMetrics; SearchStrategy: all) did not find any beans (OnBeanCondition)

   JvmMetricsAutoConfiguration#jvmThreadMetrics matched:
      - @ConditionalOnMissingBean (types: io.micrometer.core.instrument.binder.jvm.JvmThreadMetrics; SearchStrategy: all) did not find any beans (OnBeanCondition)

   LettuceConnectionConfiguration matched:
      - @ConditionalOnClass found required class 'io.lettuce.core.RedisClient' (OnClassCondition)
      - @ConditionalOnProperty (spring.redis.client-type=lettuce) matched (OnPropertyCondition)

   LettuceConnectionConfiguration#lettuceClientResources matched:
      - @ConditionalOnMissingBean (types: io.lettuce.core.resource.ClientResources; SearchStrategy: all) did not find any beans (OnBeanCondition)

   LettuceMetricsAutoConfiguration matched:
      - @ConditionalOnClass found required classes 'io.lettuce.core.RedisClient', 'io.lettuce.core.metrics.MicrometerCommandLatencyRecorder' (OnClassCondition)
      - @ConditionalOnBean (types: io.micrometer.core.instrument.MeterRegistry; SearchStrategy: all) found bean 'simpleMeterRegistry' (OnBeanCondition)

   LettuceMetricsAutoConfiguration#micrometerOptions matched:
      - @ConditionalOnMissingBean (types: io.lettuce.core.metrics.MicrometerOptions; SearchStrategy: all) did not find any beans (OnBeanCondition)

   LifecycleAutoConfiguration#defaultLifecycleProcessor matched:
      - @ConditionalOnMissingBean (names: lifecycleProcessor; SearchStrategy: current) did not find any beans (OnBeanCondition)

   LogbackMetricsAutoConfiguration matched:
      - @ConditionalOnClass found required classes 'io.micrometer.core.instrument.MeterRegistry', 'ch.qos.logback.classic.LoggerContext', 'org.slf4j.LoggerFactory' (OnClassCondition)
      - LogbackLoggingCondition ILoggerFactory is a Logback LoggerContext (LogbackMetricsAutoConfiguration.LogbackLoggingCondition)
      - @ConditionalOnBean (types: io.micrometer.core.instrument.MeterRegistry; SearchStrategy: all) found bean 'simpleMeterRegistry' (OnBeanCondition)

   LogbackMetricsAutoConfiguration#logbackMetrics matched:
      - @ConditionalOnMissingBean (types: io.micrometer.core.instrument.binder.logging.LogbackMetrics; SearchStrategy: all) did not find any beans (OnBeanCondition)

   ManagementContextAutoConfiguration.SameManagementContextConfiguration matched:
      - Management Port actual port type (SAME) matched required type (OnManagementPortCondition)

   MetricsAutoConfiguration matched:
      - @ConditionalOnClass found required class 'io.micrometer.core.annotation.Timed' (OnClassCondition)

   MetricsAutoConfiguration#micrometerClock matched:
      - @ConditionalOnMissingBean (types: io.micrometer.core.instrument.Clock; SearchStrategy: all) did not find any beans (OnBeanCondition)

   MultipartAutoConfiguration matched:
      - @ConditionalOnClass found required classes 'javax.servlet.Servlet', 'org.springframework.web.multipart.support.StandardServletMultipartResolver', 'javax.servlet.MultipartConfigElement' (OnClassCondition)
      - found 'session' scope (OnWebApplicationCondition)
      - @ConditionalOnProperty (spring.servlet.multipart.enabled) matched (OnPropertyCondition)

   MultipartAutoConfiguration#multipartConfigElement matched:
      - @ConditionalOnMissingBean (types: javax.servlet.MultipartConfigElement,org.springframework.web.multipart.commons.CommonsMultipartResolver; SearchStrategy: all) did not find any beans (OnBeanCondition)

   MultipartAutoConfiguration#multipartResolver matched:
      - @ConditionalOnMissingBean (types: org.springframework.web.multipart.MultipartResolver; SearchStrategy: all) did not find any beans (OnBeanCondition)

   MultipleOpenApiSupportConfiguration matched:
      - found 'session' scope (OnWebApplicationCondition)
      - @ConditionalOnProperty (springdoc.api-docs.enabled) matched (OnPropertyCondition)
      - AnyNestedCondition 1 matched 1 did not; NestedCondition on MultipleOpenApiSupportCondition.OnActuatorDifferentPort found non-matching nested conditions Management Port actual port type (SAME) did not match required type (DIFFERENT), @ConditionalOnProperty (springdoc.show-actuator) did not find property 'springdoc.show-actuator'; NestedCondition on MultipleOpenApiSupportCondition.OnMultipleOpenApiSupportCondition AnyNestedCondition 1 matched 1 did not; NestedCondition on MultipleOpenApiGroupsCondition.OnGroupConfigProperty @ConditionalOnProperty (springdoc.group-configs[0].group) did not find property 'springdoc.group-configs[0].group'; NestedCondition on MultipleOpenApiGroupsCondition.OnGroupedOpenApiBean @ConditionalOnBean (types: org.springdoc.core.GroupedOpenApi; SearchStrategy: all) found bean 'publicApi' (MultipleOpenApiSupportCondition)
      - @ConditionalOnBean (types: org.springdoc.core.SpringDocConfiguration; SearchStrategy: all) found bean 'org.springdoc.core.SpringDocConfiguration' (OnBeanCondition)

   MultipleOpenApiSupportConfiguration#multipleOpenApiResource matched:
      - @ConditionalOnProperty (springdoc.use-management-port=false) matched (OnPropertyCondition)
      - @ConditionalOnMissingBean (types: org.springdoc.webmvc.api.MultipleOpenApiWebMvcResource; SearchStrategy: all) did not find any beans (OnBeanCondition)

   MybatisPlusAutoConfiguration matched:
      - @ConditionalOnClass found required classes 'org.apache.ibatis.session.SqlSessionFactory', 'org.mybatis.spring.SqlSessionFactoryBean' (OnClassCondition)
      - @ConditionalOnSingleCandidate (types: javax.sql.DataSource; SearchStrategy: all) found a single bean 'dataSource' (OnBeanCondition)

   MybatisPlusAutoConfiguration#ddlApplicationRunner matched:
      - @ConditionalOnMissingBean (types: com.baomidou.mybatisplus.autoconfigure.DdlApplicationRunner; SearchStrategy: all) did not find any beans (OnBeanCondition)

   MybatisPlusAutoConfiguration#sqlSessionFactory matched:
      - @ConditionalOnMissingBean (types: org.apache.ibatis.session.SqlSessionFactory; SearchStrategy: all) did not find any beans (OnBeanCondition)

   MybatisPlusAutoConfiguration#sqlSessionTemplate matched:
      - @ConditionalOnMissingBean (types: org.mybatis.spring.SqlSessionTemplate; SearchStrategy: all) did not find any beans (OnBeanCondition)

   MybatisPlusLanguageDriverAutoConfiguration matched:
      - @ConditionalOnClass found required class 'org.apache.ibatis.scripting.LanguageDriver' (OnClassCondition)

   NamedParameterJdbcTemplateConfiguration matched:
      - @ConditionalOnSingleCandidate (types: org.springframework.jdbc.core.JdbcTemplate; SearchStrategy: all) found a single bean 'jdbcTemplate'; @ConditionalOnMissingBean (types: org.springframework.jdbc.core.namedparam.NamedParameterJdbcOperations; SearchStrategy: all) did not find any beans (OnBeanCondition)

   NettyAutoConfiguration matched:
      - @ConditionalOnClass found required class 'io.netty.util.NettyRuntime' (OnClassCondition)

   NoOpCacheConfiguration matched:
      - Cache org.springframework.boot.autoconfigure.cache.NoOpCacheConfiguration automatic cache type (CacheCondition)

   PersistenceExceptionTranslationAutoConfiguration matched:
      - @ConditionalOnClass found required class 'org.springframework.dao.annotation.PersistenceExceptionTranslationPostProcessor' (OnClassCondition)

   PersistenceExceptionTranslationAutoConfiguration#persistenceExceptionTranslationPostProcessor matched:
      - @ConditionalOnProperty (spring.dao.exceptiontranslation.enabled) matched (OnPropertyCondition)
      - @ConditionalOnMissingBean (types: org.springframework.dao.annotation.PersistenceExceptionTranslationPostProcessor; SearchStrategy: all) did not find any beans (OnBeanCondition)

   PropertyPlaceholderAutoConfiguration#propertySourcesPlaceholderConfigurer matched:
      - @ConditionalOnMissingBean (types: org.springframework.context.support.PropertySourcesPlaceholderConfigurer; SearchStrategy: current) did not find any beans (OnBeanCondition)

   ReactiveHealthEndpointConfiguration matched:
      - @ConditionalOnClass found required class 'reactor.core.publisher.Flux' (OnClassCondition)
      - @ConditionalOnBean (types: org.springframework.boot.actuate.health.HealthEndpoint; SearchStrategy: all) found bean 'healthEndpoint' (OnBeanCondition)

   ReactiveHealthEndpointConfiguration#reactiveHealthContributorRegistry matched:
      - @ConditionalOnMissingBean (types: org.springframework.boot.actuate.health.ReactiveHealthContributorRegistry; SearchStrategy: all) did not find any beans (OnBeanCondition)

   RedisAutoConfiguration matched:
      - @ConditionalOnClass found required class 'org.springframework.data.redis.core.RedisOperations' (OnClassCondition)

   RedisCacheConfiguration matched:
      - @ConditionalOnClass found required class 'org.springframework.data.redis.connection.RedisConnectionFactory' (OnClassCondition)
      - Cache org.springframework.boot.autoconfigure.cache.RedisCacheConfiguration automatic cache type (CacheCondition)

   RedisHealthContributorAutoConfiguration matched:
      - @ConditionalOnClass found required class 'org.springframework.data.redis.connection.RedisConnectionFactory' (OnClassCondition)
      - @ConditionalOnEnabledHealthIndicator management.health.defaults.enabled is considered true (OnEnabledHealthIndicatorCondition)
      - @ConditionalOnBean (types: org.springframework.data.redis.connection.RedisConnectionFactory; SearchStrategy: all) found bean 'redissonConnectionFactory' (OnBeanCondition)

   RedisReactiveAutoConfiguration matched:
      - @ConditionalOnClass found required classes 'org.springframework.data.redis.connection.ReactiveRedisConnectionFactory', 'org.springframework.data.redis.core.ReactiveRedisTemplate', 'reactor.core.publisher.Flux' (OnClassCondition)

   RedisReactiveAutoConfiguration#reactiveRedisTemplate matched:
      - @ConditionalOnBean (types: org.springframework.data.redis.connection.ReactiveRedisConnectionFactory; SearchStrategy: all) found bean 'redissonConnectionFactory'; @ConditionalOnMissingBean (names: reactiveRedisTemplate; SearchStrategy: all) did not find any beans (OnBeanCondition)

   RedisReactiveAutoConfiguration#reactiveStringRedisTemplate matched:
      - @ConditionalOnBean (types: org.springframework.data.redis.connection.ReactiveRedisConnectionFactory; SearchStrategy: all) found bean 'redissonConnectionFactory'; @ConditionalOnMissingBean (names: reactiveStringRedisTemplate; SearchStrategy: all) did not find any beans (OnBeanCondition)

   RedisReactiveHealthContributorAutoConfiguration matched:
      - @ConditionalOnClass found required classes 'org.springframework.data.redis.connection.ReactiveRedisConnectionFactory', 'reactor.core.publisher.Flux' (OnClassCondition)
      - @ConditionalOnEnabledHealthIndicator management.health.defaults.enabled is considered true (OnEnabledHealthIndicatorCondition)
      - @ConditionalOnBean (types: org.springframework.data.redis.connection.ReactiveRedisConnectionFactory; SearchStrategy: all) found bean 'redissonConnectionFactory' (OnBeanCondition)

   RedisReactiveHealthContributorAutoConfiguration#redisHealthContributor matched:
      - @ConditionalOnMissingBean (names: redisHealthIndicator,redisHealthContributor; SearchStrategy: all) did not find any beans (OnBeanCondition)

   RedisRepositoriesAutoConfiguration matched:
      - @ConditionalOnClass found required class 'org.springframework.data.redis.repository.configuration.EnableRedisRepositories' (OnClassCondition)
      - @ConditionalOnProperty (spring.data.redis.repositories.enabled=true) matched (OnPropertyCondition)
      - @ConditionalOnBean (types: org.springframework.data.redis.connection.RedisConnectionFactory; SearchStrategy: all) found bean 'redissonConnectionFactory'; @ConditionalOnMissingBean (types: org.springframework.data.redis.repository.support.RedisRepositoryFactoryBean; SearchStrategy: all) did not find any beans (OnBeanCondition)

   RedissonAutoConfiguration matched:
      - @ConditionalOnClass found required classes 'org.redisson.Redisson', 'org.springframework.data.redis.core.RedisOperations' (OnClassCondition)

   RedissonAutoConfiguration#redisTemplate matched:
      - @ConditionalOnMissingBean (names: redisTemplate; SearchStrategy: all) did not find any beans (OnBeanCondition)

   RedissonAutoConfiguration#redissonConnectionFactory matched:
      - @ConditionalOnMissingBean (types: org.springframework.data.redis.connection.RedisConnectionFactory; SearchStrategy: all) did not find any beans (OnBeanCondition)

   RedissonAutoConfiguration#redissonReactive matched:
      - @ConditionalOnMissingBean (types: org.redisson.api.RedissonReactiveClient; SearchStrategy: all) did not find any beans (OnBeanCondition)

   RedissonAutoConfiguration#redissonRxJava matched:
      - @ConditionalOnMissingBean (types: org.redisson.api.RedissonRxClient; SearchStrategy: all) did not find any beans (OnBeanCondition)

   RepositoryMetricsAutoConfiguration matched:
      - @ConditionalOnClass found required class 'org.springframework.data.repository.Repository' (OnClassCondition)
      - @ConditionalOnBean (types: io.micrometer.core.instrument.MeterRegistry; SearchStrategy: all) found bean 'simpleMeterRegistry' (OnBeanCondition)

   RepositoryMetricsAutoConfiguration#metricsRepositoryMethodInvocationListener matched:
      - @ConditionalOnMissingBean (types: org.springframework.boot.actuate.metrics.data.MetricsRepositoryMethodInvocationListener; SearchStrategy: all) did not find any beans (OnBeanCondition)

   RepositoryMetricsAutoConfiguration#repositoryTagsProvider matched:
      - @ConditionalOnMissingBean (types: org.springframework.boot.actuate.metrics.data.RepositoryTagsProvider; SearchStrategy: all) did not find any beans (OnBeanCondition)

   RestTemplateAutoConfiguration matched:
      - @ConditionalOnClass found required class 'org.springframework.web.client.RestTemplate' (OnClassCondition)
      - NoneNestedConditions 0 matched 1 did not; NestedCondition on RestTemplateAutoConfiguration.NotReactiveWebApplicationCondition.ReactiveWebApplication did not find reactive web application classes (RestTemplateAutoConfiguration.NotReactiveWebApplicationCondition)

   RestTemplateAutoConfiguration#restTemplateBuilder matched:
      - @ConditionalOnMissingBean (types: org.springframework.boot.web.client.RestTemplateBuilder; SearchStrategy: all) did not find any beans (OnBeanCondition)

   RestTemplateAutoConfiguration#restTemplateBuilderConfigurer matched:
      - @ConditionalOnMissingBean (types: org.springframework.boot.autoconfigure.web.client.RestTemplateBuilderConfigurer; SearchStrategy: all) did not find any beans (OnBeanCondition)

   RestTemplateMetricsConfiguration matched:
      - @ConditionalOnClass found required class 'org.springframework.web.client.RestTemplate' (OnClassCondition)
      - @ConditionalOnBean (types: org.springframework.boot.web.client.RestTemplateBuilder; SearchStrategy: all) found bean 'restTemplateBuilder' (OnBeanCondition)

   RestTemplateMetricsConfiguration#restTemplateExchangeTagsProvider matched:
      - @ConditionalOnMissingBean (types: org.springframework.boot.actuate.metrics.web.client.RestTemplateExchangeTagsProvider; SearchStrategy: all) did not find any beans (OnBeanCondition)

   ServletEndpointManagementContextConfiguration matched:
      - found 'session' scope (OnWebApplicationCondition)

   ServletEndpointManagementContextConfiguration.WebMvcServletEndpointManagementContextConfiguration matched:
      - @ConditionalOnClass found required class 'org.springframework.web.servlet.DispatcherServlet' (OnClassCondition)

   ServletManagementContextAutoConfiguration matched:
      - @ConditionalOnClass found required class 'javax.servlet.Servlet' (OnClassCondition)
      - found 'session' scope (OnWebApplicationCondition)

   ServletWebServerFactoryAutoConfiguration matched:
      - @ConditionalOnClass found required class 'javax.servlet.ServletRequest' (OnClassCondition)
      - found 'session' scope (OnWebApplicationCondition)

   ServletWebServerFactoryAutoConfiguration#tomcatServletWebServerFactoryCustomizer matched:
      - @ConditionalOnClass found required class 'org.apache.catalina.startup.Tomcat' (OnClassCondition)

   ServletWebServerFactoryConfiguration.EmbeddedTomcat matched:
      - @ConditionalOnClass found required classes 'javax.servlet.Servlet', 'org.apache.catalina.startup.Tomcat', 'org.apache.coyote.UpgradeProtocol' (OnClassCondition)
      - @ConditionalOnMissingBean (types: org.springframework.boot.web.servlet.server.ServletWebServerFactory; SearchStrategy: current) did not find any beans (OnBeanCondition)

   SimpleCacheConfiguration matched:
      - Cache org.springframework.boot.autoconfigure.cache.SimpleCacheConfiguration automatic cache type (CacheCondition)

   SimpleMetricsExportAutoConfiguration matched:
      - @ConditionalOnEnabledMetricsExport management.metrics.export.defaults.enabled is considered true (OnMetricsExportEnabledCondition)
      - @ConditionalOnBean (types: io.micrometer.core.instrument.Clock; SearchStrategy: all) found bean 'micrometerClock'; @ConditionalOnMissingBean (types: io.micrometer.core.instrument.MeterRegistry; SearchStrategy: all) did not find any beans (OnBeanCondition)

   SimpleMetricsExportAutoConfiguration#simpleConfig matched:
      - @ConditionalOnMissingBean (types: io.micrometer.core.instrument.simple.SimpleConfig; SearchStrategy: all) did not find any beans (OnBeanCondition)

   SpringDataWebAutoConfiguration matched:
      - @ConditionalOnClass found required classes 'org.springframework.data.web.PageableHandlerMethodArgumentResolver', 'org.springframework.web.servlet.config.annotation.WebMvcConfigurer' (OnClassCondition)
      - found 'session' scope (OnWebApplicationCondition)
      - @ConditionalOnMissingBean (types: org.springframework.data.web.PageableHandlerMethodArgumentResolver; SearchStrategy: all) did not find any beans (OnBeanCondition)

   SpringDataWebAutoConfiguration#pageableCustomizer matched:
      - @ConditionalOnMissingBean (types: org.springframework.data.web.config.PageableHandlerMethodArgumentResolverCustomizer; SearchStrategy: all) did not find any beans (OnBeanCondition)

   SpringDataWebAutoConfiguration#sortCustomizer matched:
      - @ConditionalOnMissingBean (types: org.springframework.data.web.config.SortHandlerMethodArgumentResolverCustomizer; SearchStrategy: all) did not find any beans (OnBeanCondition)

   SpringDocConfigProperties matched:
      - @ConditionalOnProperty (springdoc.api-docs.enabled) matched (OnPropertyCondition)

   SpringDocConfiguration matched:
      - @ConditionalOnWebApplication (required) found 'session' scope (OnWebApplicationCondition)
      - @ConditionalOnProperty (springdoc.api-docs.enabled) matched (OnPropertyCondition)

   SpringDocConfiguration#fileSupportConverter matched:
      - @ConditionalOnMissingBean (types: org.springdoc.core.converters.FileSupportConverter; SearchStrategy: all) did not find any beans (OnBeanCondition)

   SpringDocConfiguration#openAPIBuilder matched:
      - @ConditionalOnMissingBean (types: org.springdoc.core.OpenAPIService; SearchStrategy: all) did not find any beans (OnBeanCondition)

   SpringDocConfiguration#operationBuilder matched:
      - @ConditionalOnMissingBean (types: org.springdoc.core.OperationService; SearchStrategy: all) did not find any beans (OnBeanCondition)

   SpringDocConfiguration#parameterBuilder matched:
      - @ConditionalOnMissingBean (types: org.springdoc.core.GenericParameterService; SearchStrategy: all) did not find any beans (OnBeanCondition)

   SpringDocConfiguration#polymorphicModelConverter matched:
      - @ConditionalOnProperty (springdoc.model-converters.polymorphic-converter.enabled) matched (OnPropertyCondition)
      - @ConditionalOnMissingBean (types: org.springdoc.core.converters.PolymorphicModelConverter; SearchStrategy: all) did not find any beans (OnBeanCondition)

   SpringDocConfiguration#requestBodyBuilder matched:
      - @ConditionalOnMissingBean (types: org.springdoc.core.RequestBodyService; SearchStrategy: all) did not find any beans (OnBeanCondition)

   SpringDocConfiguration#responseSupportConverter matched:
      - @ConditionalOnMissingBean (types: org.springdoc.core.converters.ResponseSupportConverter; SearchStrategy: all) did not find any beans (OnBeanCondition)

   SpringDocConfiguration#schemaPropertyDeprecatingConverter matched:
      - @ConditionalOnProperty (springdoc.model-converters.deprecating-converter.enabled) matched (OnPropertyCondition)
      - @ConditionalOnMissingBean (types: org.springdoc.core.converters.SchemaPropertyDeprecatingConverter; SearchStrategy: all) did not find any beans (OnBeanCondition)

   SpringDocConfiguration#securityParser matched:
      - @ConditionalOnMissingBean (types: org.springdoc.core.SecurityService; SearchStrategy: all) did not find any beans (OnBeanCondition)

   SpringDocConfiguration#springDocObjectMapperProvider matched:
      - @ConditionalOnMissingBean (types: org.springdoc.core.providers.ObjectMapperProvider; SearchStrategy: all) did not find any beans (OnBeanCondition)

   SpringDocConfiguration#springDocProviders matched:
      - @ConditionalOnMissingBean (types: org.springdoc.core.SpringDocProviders; SearchStrategy: all) did not find any beans (OnBeanCondition)

   SpringDocConfiguration#springdocBeanFactoryPostProcessor matched:
      - @ConditionalOnClass found required class 'org.springframework.boot.context.properties.bind.BindResult' (OnClassCondition)
      - AnyNestedCondition 1 matched 1 did not; NestedCondition on CacheOrGroupedOpenApiCondition.OnCacheDisabled found non-matching nested conditions @ConditionalOnProperty (springdoc.cache.disabled) did not find property 'springdoc.cache.disabled', @ConditionalOnMissingBean (types: org.springdoc.core.GroupedOpenApi; SearchStrategy: all) found beans of type 'org.springdoc.core.GroupedOpenApi' publicApi; NestedCondition on CacheOrGroupedOpenApiCondition.OnMultipleOpenApiSupportCondition AnyNestedCondition 1 matched 1 did not; NestedCondition on MultipleOpenApiSupportCondition.OnActuatorDifferentPort found non-matching nested conditions Management Port actual port type (SAME) did not match required type (DIFFERENT), @ConditionalOnProperty (springdoc.show-actuator) did not find property 'springdoc.show-actuator'; NestedCondition on MultipleOpenApiSupportCondition.OnMultipleOpenApiSupportCondition AnyNestedCondition 1 matched 1 did not; NestedCondition on MultipleOpenApiGroupsCondition.OnGroupConfigProperty @ConditionalOnProperty (springdoc.group-configs[0].group) did not find property 'springdoc.group-configs[0].group'; NestedCondition on MultipleOpenApiGroupsCondition.OnGroupedOpenApiBean @ConditionalOnBean (types: org.springdoc.core.GroupedOpenApi; SearchStrategy: all) found bean 'publicApi' (CacheOrGroupedOpenApiCondition)

   SpringDocConfiguration.SpringDocPageableConfiguration matched:
      - @ConditionalOnClass found required class 'org.springframework.data.domain.Pageable' (OnClassCondition)

   SpringDocConfiguration.SpringDocPageableConfiguration#pageableOpenAPIConverter matched:
      - @ConditionalOnProperty (springdoc.model-converters.pageable-converter.enabled) matched (OnPropertyCondition)
      - @ConditionalOnMissingBean (types: org.springdoc.core.converters.PageableOpenAPIConverter; SearchStrategy: all) did not find any beans (OnBeanCondition)

   SpringDocConfiguration.SpringDocSortConfiguration matched:
      - @ConditionalOnClass found required class 'org.springframework.data.domain.Sort' (OnClassCondition)

   SpringDocConfiguration.SpringDocSortConfiguration#delegatingMethodParameterCustomizer matched:
      - @ConditionalOnMissingBean (types: org.springdoc.core.customizers.DelegatingMethodParameterCustomizer; SearchStrategy: all) did not find any beans (OnBeanCondition)

   SpringDocConfiguration.SpringDocSortConfiguration#sortOpenAPIConverter matched:
      - @ConditionalOnProperty (springdoc.model-converters.sort-converter.enabled) matched (OnPropertyCondition)
      - @ConditionalOnMissingBean (types: org.springdoc.core.converters.SortOpenAPIConverter; SearchStrategy: all) did not find any beans (OnBeanCondition)

   SpringDocConfiguration.SpringDocSpringDataWebPropertiesProvider matched:
      - @ConditionalOnClass found required class 'org.springframework.boot.autoconfigure.data.web.SpringDataWebProperties' (OnClassCondition)

   SpringDocConfiguration.SpringDocSpringDataWebPropertiesProvider#springDataWebPropertiesProvider matched:
      - @ConditionalOnMissingBean (types: org.springdoc.core.providers.SpringDataWebPropertiesProvider; SearchStrategy: all) did not find any beans (OnBeanCondition)

   SpringDocConfiguration.SpringDocWebFluxSupportConfiguration matched:
      - @ConditionalOnClass found required class 'reactor.core.publisher.Flux' (OnClassCondition)

   SpringDocConfiguration.SpringDocWebFluxSupportConfiguration#webFluxSupportConverter matched:
      - @ConditionalOnMissingBean (types: org.springdoc.core.converters.WebFluxSupportConverter; SearchStrategy: all) did not find any beans (OnBeanCondition)

   SpringDocConfiguration.WebConversionServiceConfiguration matched:
      - @ConditionalOnClass found required class 'org.springframework.boot.autoconfigure.web.format.WebConversionService' (OnClassCondition)

   SpringDocWebMvcConfiguration matched:
      - found 'session' scope (OnWebApplicationCondition)
      - @ConditionalOnProperty (springdoc.api-docs.enabled) matched (OnPropertyCondition)
      - @ConditionalOnBean (types: org.springdoc.core.SpringDocConfiguration; SearchStrategy: all) found bean 'org.springdoc.core.SpringDocConfiguration' (OnBeanCondition)

   SpringDocWebMvcConfiguration#openApiResource matched:
      - @ConditionalOnProperty (springdoc.use-management-port=false) matched (OnPropertyCondition)
      - @ConditionalOnMissingBean (types: org.springdoc.webmvc.api.OpenApiWebMvcResource; SearchStrategy: all) did not find any beans (OnBeanCondition)

   SpringDocWebMvcConfiguration#requestBuilder matched:
      - @ConditionalOnMissingBean (types: org.springdoc.webmvc.core.RequestService; SearchStrategy: all) did not find any beans (OnBeanCondition)

   SpringDocWebMvcConfiguration#responseBuilder matched:
      - @ConditionalOnMissingBean (types: org.springdoc.core.GenericResponseService; SearchStrategy: all) did not find any beans (OnBeanCondition)

   SpringDocWebMvcConfiguration#springWebProvider matched:
      - @ConditionalOnMissingBean (types: org.springdoc.core.providers.SpringWebProvider; SearchStrategy: all) did not find any beans (OnBeanCondition)

   SpringDocWebMvcConfiguration.SpringDocWebMvcActuatorConfiguration matched:
      - @ConditionalOnClass found required class 'org.springframework.boot.actuate.endpoint.web.servlet.WebMvcEndpointHandlerMapping' (OnClassCondition)

   SpringDocWebMvcConfiguration.SpringDocWebMvcRouterConfiguration matched:
      - @ConditionalOnClass found required class 'org.springframework.web.servlet.function.RouterFunction' (OnClassCondition)

   SpringDocWebMvcConfiguration.SpringDocWebMvcRouterConfiguration#routerFunctionProvider matched:
      - @ConditionalOnMissingBean (types: org.springdoc.webmvc.core.RouterFunctionWebMvcProvider; SearchStrategy: all) did not find any beans (OnBeanCondition)

   SqlInitializationAutoConfiguration matched:
      - @ConditionalOnProperty (spring.sql.init.enabled) matched (OnPropertyCondition)
      - NoneNestedConditions 0 matched 1 did not; NestedCondition on SqlInitializationAutoConfiguration.SqlInitializationModeCondition.ModeIsNever @ConditionalOnProperty (spring.sql.init.mode=never) did not find property 'mode' (SqlInitializationAutoConfiguration.SqlInitializationModeCondition)

   StartupTimeMetricsListenerAutoConfiguration matched:
      - @ConditionalOnClass found required class 'io.micrometer.core.instrument.MeterRegistry' (OnClassCondition)
      - @ConditionalOnBean (types: io.micrometer.core.instrument.MeterRegistry; SearchStrategy: all) found bean 'simpleMeterRegistry' (OnBeanCondition)

   StartupTimeMetricsListenerAutoConfiguration#startupTimeMetrics matched:
      - @ConditionalOnMissingBean (types: org.springframework.boot.actuate.metrics.startup.StartupTimeMetricsListener; SearchStrategy: all) did not find any beans (OnBeanCondition)

   SwaggerConfig matched:
      - found 'session' scope (OnWebApplicationCondition)
      - @ConditionalOnProperty (springdoc.swagger-ui.enabled) matched (OnPropertyCondition)
      - @ConditionalOnBean (types: org.springdoc.core.SpringDocConfiguration; SearchStrategy: all) found bean 'org.springdoc.core.SpringDocConfiguration' (OnBeanCondition)

   SwaggerConfig#indexPageTransformer matched:
      - @ConditionalOnMissingBean (types: org.springdoc.webmvc.ui.SwaggerIndexTransformer; SearchStrategy: all) did not find any beans (OnBeanCondition)

   SwaggerConfig#swaggerConfigResource matched:
      - @ConditionalOnProperty (springdoc.use-management-port=false) matched (OnPropertyCondition)
      - @ConditionalOnMissingBean (types: org.springdoc.webmvc.ui.SwaggerConfigResource; SearchStrategy: all) did not find any beans (OnBeanCondition)

   SwaggerConfig#swaggerWebMvcConfigurer matched:
      - @ConditionalOnMissingBean (types: org.springdoc.webmvc.ui.SwaggerWebMvcConfigurer; SearchStrategy: all) did not find any beans (OnBeanCondition)

   SwaggerConfig#swaggerWelcome matched:
      - @ConditionalOnProperty (springdoc.use-management-port=false) matched (OnPropertyCondition)
      - @ConditionalOnMissingBean (types: org.springdoc.webmvc.ui.SwaggerWelcomeWebMvc; SearchStrategy: all) did not find any beans (OnBeanCondition)

   SwaggerUiConfigParameters matched:
      - @ConditionalOnProperty (springdoc.swagger-ui.enabled) matched (OnPropertyCondition)
      - @ConditionalOnBean (types: org.springdoc.core.SpringDocConfiguration; SearchStrategy: all) found bean 'org.springdoc.core.SpringDocConfiguration' (OnBeanCondition)

   SwaggerUiConfigProperties matched:
      - @ConditionalOnProperty (springdoc.swagger-ui.enabled) matched (OnPropertyCondition)
      - @ConditionalOnBean (types: org.springdoc.core.SpringDocConfiguration; SearchStrategy: all) found bean 'org.springdoc.core.SpringDocConfiguration' (OnBeanCondition)

   SwaggerUiOAuthProperties matched:
      - @ConditionalOnProperty (springdoc.swagger-ui.enabled) matched (OnPropertyCondition)
      - @ConditionalOnBean (types: org.springdoc.core.SpringDocConfiguration; SearchStrategy: all) found bean 'org.springdoc.core.SpringDocConfiguration' (OnBeanCondition)

   SystemMetricsAutoConfiguration matched:
      - @ConditionalOnClass found required class 'io.micrometer.core.instrument.MeterRegistry' (OnClassCondition)
      - @ConditionalOnBean (types: io.micrometer.core.instrument.MeterRegistry; SearchStrategy: all) found bean 'simpleMeterRegistry' (OnBeanCondition)

   SystemMetricsAutoConfiguration#diskSpaceMetrics matched:
      - @ConditionalOnMissingBean (types: org.springframework.boot.actuate.metrics.system.DiskSpaceMetricsBinder; SearchStrategy: all) did not find any beans (OnBeanCondition)

   SystemMetricsAutoConfiguration#fileDescriptorMetrics matched:
      - @ConditionalOnMissingBean (types: io.micrometer.core.instrument.binder.system.FileDescriptorMetrics; SearchStrategy: all) did not find any beans (OnBeanCondition)

   SystemMetricsAutoConfiguration#processorMetrics matched:
      - @ConditionalOnMissingBean (types: io.micrometer.core.instrument.binder.system.ProcessorMetrics; SearchStrategy: all) did not find any beans (OnBeanCondition)

   SystemMetricsAutoConfiguration#uptimeMetrics matched:
      - @ConditionalOnMissingBean (types: io.micrometer.core.instrument.binder.system.UptimeMetrics; SearchStrategy: all) did not find any beans (OnBeanCondition)

   TaskExecutionAutoConfiguration matched:
      - @ConditionalOnClass found required class 'org.springframework.scheduling.concurrent.ThreadPoolTaskExecutor' (OnClassCondition)

   TaskExecutionAutoConfiguration#applicationTaskExecutor matched:
      - @ConditionalOnMissingBean (types: java.util.concurrent.Executor; SearchStrategy: all) did not find any beans (OnBeanCondition)

   TaskExecutionAutoConfiguration#taskExecutorBuilder matched:
      - @ConditionalOnMissingBean (types: org.springframework.boot.task.TaskExecutorBuilder; SearchStrategy: all) did not find any beans (OnBeanCondition)

   TaskExecutorMetricsAutoConfiguration matched:
      - @ConditionalOnClass found required class 'io.micrometer.core.instrument.binder.jvm.ExecutorServiceMetrics' (OnClassCondition)
      - @ConditionalOnBean (types: java.util.concurrent.Executor,io.micrometer.core.instrument.MeterRegistry; SearchStrategy: all) found beans 'applicationTaskExecutor', 'simpleMeterRegistry', 'taskScheduler' (OnBeanCondition)

   TaskSchedulingAutoConfiguration matched:
      - @ConditionalOnClass found required class 'org.springframework.scheduling.concurrent.ThreadPoolTaskScheduler' (OnClassCondition)

   TaskSchedulingAutoConfiguration#scheduledBeanLazyInitializationExcludeFilter matched:
      - @ConditionalOnBean (names: org.springframework.context.annotation.internalScheduledAnnotationProcessor; SearchStrategy: all) found bean 'org.springframework.context.annotation.internalScheduledAnnotationProcessor' (OnBeanCondition)

   TaskSchedulingAutoConfiguration#taskScheduler matched:
      - @ConditionalOnBean (names: org.springframework.context.annotation.internalScheduledAnnotationProcessor; SearchStrategy: all) found bean 'org.springframework.context.annotation.internalScheduledAnnotationProcessor'; @ConditionalOnMissingBean (types: org.springframework.scheduling.annotation.SchedulingConfigurer,org.springframework.scheduling.TaskScheduler,java.util.concurrent.ScheduledExecutorService; SearchStrategy: all) did not find any beans (OnBeanCondition)

   TaskSchedulingAutoConfiguration#taskSchedulerBuilder matched:
      - @ConditionalOnMissingBean (types: org.springframework.boot.task.TaskSchedulerBuilder; SearchStrategy: all) did not find any beans (OnBeanCondition)

   TomcatMetricsAutoConfiguration matched:
      - @ConditionalOnClass found required classes 'io.micrometer.core.instrument.binder.tomcat.TomcatMetrics', 'org.apache.catalina.Manager' (OnClassCondition)
      - @ConditionalOnWebApplication (required) found 'session' scope (OnWebApplicationCondition)

   TomcatMetricsAutoConfiguration#tomcatMetricsBinder matched:
      - @ConditionalOnBean (types: io.micrometer.core.instrument.MeterRegistry; SearchStrategy: all) found bean 'simpleMeterRegistry'; @ConditionalOnMissingBean (types: io.micrometer.core.instrument.binder.tomcat.TomcatMetrics,org.springframework.boot.actuate.metrics.web.tomcat.TomcatMetricsBinder; SearchStrategy: all) did not find any beans (OnBeanCondition)

   TransactionAutoConfiguration matched:
      - @ConditionalOnClass found required class 'org.springframework.transaction.PlatformTransactionManager' (OnClassCondition)

   TransactionAutoConfiguration#platformTransactionManagerCustomizers matched:
      - @ConditionalOnMissingBean (types: org.springframework.boot.autoconfigure.transaction.TransactionManagerCustomizers; SearchStrategy: all) did not find any beans (OnBeanCondition)

   TransactionAutoConfiguration.TransactionTemplateConfiguration matched:
      - @ConditionalOnSingleCandidate (types: org.springframework.transaction.PlatformTransactionManager; SearchStrategy: all) found a single bean 'transactionManager' (OnBeanCondition)

   TransactionAutoConfiguration.TransactionTemplateConfiguration#transactionTemplate matched:
      - @ConditionalOnMissingBean (types: org.springframework.transaction.support.TransactionOperations; SearchStrategy: all) did not find any beans (OnBeanCondition)

   ValidationAutoConfiguration matched:
      - @ConditionalOnClass found required class 'javax.validation.executable.ExecutableValidator' (OnClassCondition)
      - @ConditionalOnResource found location classpath:META-INF/services/javax.validation.spi.ValidationProvider (OnResourceCondition)

   ValidationAutoConfiguration#defaultValidator matched:
      - @ConditionalOnMissingBean (types: javax.validation.Validator; SearchStrategy: all) did not find any beans (OnBeanCondition)

   ValidationAutoConfiguration#methodValidationPostProcessor matched:
      - @ConditionalOnMissingBean (types: org.springframework.validation.beanvalidation.MethodValidationPostProcessor; SearchStrategy: current) did not find any beans (OnBeanCondition)

   WebEndpointAutoConfiguration matched:
      - @ConditionalOnWebApplication (required) found 'session' scope (OnWebApplicationCondition)

   WebEndpointAutoConfiguration#controllerEndpointDiscoverer matched:
      - @ConditionalOnMissingBean (types: org.springframework.boot.actuate.endpoint.web.annotation.ControllerEndpointsSupplier; SearchStrategy: all) did not find any beans (OnBeanCondition)

   WebEndpointAutoConfiguration#endpointMediaTypes matched:
      - @ConditionalOnMissingBean (types: org.springframework.boot.actuate.endpoint.web.EndpointMediaTypes; SearchStrategy: all) did not find any beans (OnBeanCondition)

   WebEndpointAutoConfiguration#pathMappedEndpoints matched:
      - @ConditionalOnMissingBean (types: org.springframework.boot.actuate.endpoint.web.PathMappedEndpoints; SearchStrategy: all) did not find any beans (OnBeanCondition)

   WebEndpointAutoConfiguration#webEndpointDiscoverer matched:
      - @ConditionalOnMissingBean (types: org.springframework.boot.actuate.endpoint.web.WebEndpointsSupplier; SearchStrategy: all) did not find any beans (OnBeanCondition)

   WebEndpointAutoConfiguration.WebEndpointServletConfiguration matched:
      - found 'session' scope (OnWebApplicationCondition)

   WebEndpointAutoConfiguration.WebEndpointServletConfiguration#servletEndpointDiscoverer matched:
      - @ConditionalOnMissingBean (types: org.springframework.boot.actuate.endpoint.web.annotation.ServletEndpointsSupplier; SearchStrategy: all) did not find any beans (OnBeanCondition)

   WebMvcAutoConfiguration matched:
      - @ConditionalOnClass found required classes 'javax.servlet.Servlet', 'org.springframework.web.servlet.DispatcherServlet', 'org.springframework.web.servlet.config.annotation.WebMvcConfigurer' (OnClassCondition)
      - found 'session' scope (OnWebApplicationCondition)
      - @ConditionalOnMissingBean (types: org.springframework.web.servlet.config.annotation.WebMvcConfigurationSupport; SearchStrategy: all) did not find any beans (OnBeanCondition)

   WebMvcAutoConfiguration#formContentFilter matched:
      - @ConditionalOnProperty (spring.mvc.formcontent.filter.enabled) matched (OnPropertyCondition)
      - @ConditionalOnMissingBean (types: org.springframework.web.filter.FormContentFilter; SearchStrategy: all) did not find any beans (OnBeanCondition)

   WebMvcAutoConfiguration.EnableWebMvcConfiguration#flashMapManager matched:
      - @ConditionalOnMissingBean (names: flashMapManager; SearchStrategy: all) did not find any beans (OnBeanCondition)

   WebMvcAutoConfiguration.EnableWebMvcConfiguration#localeResolver matched:
      - @ConditionalOnMissingBean (names: localeResolver; SearchStrategy: all) did not find any beans (OnBeanCondition)

   WebMvcAutoConfiguration.EnableWebMvcConfiguration#themeResolver matched:
      - @ConditionalOnMissingBean (names: themeResolver; SearchStrategy: all) did not find any beans (OnBeanCondition)

   WebMvcAutoConfiguration.ResourceChainCustomizerConfiguration matched:
      - @ConditionalOnEnabledResourceChain found class org.webjars.WebJarAssetLocator (OnEnabledResourceChainCondition)

   WebMvcAutoConfiguration.WebMvcAutoConfigurationAdapter#defaultViewResolver matched:
      - @ConditionalOnMissingBean (types: org.springframework.web.servlet.view.InternalResourceViewResolver; SearchStrategy: all) did not find any beans (OnBeanCondition)

   WebMvcAutoConfiguration.WebMvcAutoConfigurationAdapter#requestContextFilter matched:
      - @ConditionalOnMissingBean (types: org.springframework.web.context.request.RequestContextListener,org.springframework.web.filter.RequestContextFilter; SearchStrategy: all) did not find any beans (OnBeanCondition)

   WebMvcAutoConfiguration.WebMvcAutoConfigurationAdapter#viewResolver matched:
      - @ConditionalOnBean (types: org.springframework.web.servlet.ViewResolver; SearchStrategy: all) found beans 'defaultViewResolver', 'beanNameViewResolver', 'mvcViewResolver'; @ConditionalOnMissingBean (names: viewResolver types: org.springframework.web.servlet.view.ContentNegotiatingViewResolver; SearchStrategy: all) did not find any beans (OnBeanCondition)

   WebMvcEndpointManagementContextConfiguration matched:
      - @ConditionalOnClass found required class 'org.springframework.web.servlet.DispatcherServlet' (OnClassCondition)
      - found 'session' scope (OnWebApplicationCondition)
      - @ConditionalOnBean (types: org.springframework.web.servlet.DispatcherServlet,org.springframework.boot.actuate.endpoint.web.WebEndpointsSupplier; SearchStrategy: all) found beans 'webEndpointDiscoverer', 'dispatcherServlet' (OnBeanCondition)

   WebMvcEndpointManagementContextConfiguration#controllerEndpointHandlerMapping matched:
      - @ConditionalOnMissingBean (types: org.springframework.boot.actuate.endpoint.web.servlet.ControllerEndpointHandlerMapping; SearchStrategy: all) did not find any beans (OnBeanCondition)

   WebMvcEndpointManagementContextConfiguration#webEndpointServletHandlerMapping matched:
      - @ConditionalOnMissingBean (types: org.springframework.boot.actuate.endpoint.web.servlet.WebMvcEndpointHandlerMapping; SearchStrategy: all) did not find any beans (OnBeanCondition)

   WebMvcMetricsAutoConfiguration matched:
      - @ConditionalOnClass found required class 'org.springframework.web.servlet.DispatcherServlet' (OnClassCondition)
      - found 'session' scope (OnWebApplicationCondition)
      - @ConditionalOnBean (types: io.micrometer.core.instrument.MeterRegistry; SearchStrategy: all) found bean 'simpleMeterRegistry' (OnBeanCondition)

   WebMvcMetricsAutoConfiguration#webMvcMetricsFilter matched:
      - @ConditionalOnMissingBean (types: org.springframework.boot.actuate.metrics.web.servlet.WebMvcMetricsFilter; SearchStrategy: all) did not find any beans (OnBeanCondition)

   WebMvcMetricsAutoConfiguration#webMvcTagsProvider matched:
      - @ConditionalOnMissingBean (types: org.springframework.boot.actuate.metrics.web.servlet.WebMvcTagsProvider; SearchStrategy: all) did not find any beans (OnBeanCondition)

   WebSocketServletAutoConfiguration matched:
      - @ConditionalOnClass found required classes 'javax.servlet.Servlet', 'javax.websocket.server.ServerContainer' (OnClassCondition)
      - found 'session' scope (OnWebApplicationCondition)

   WebSocketServletAutoConfiguration.TomcatWebSocketConfiguration matched:
      - @ConditionalOnClass found required classes 'org.apache.catalina.startup.Tomcat', 'org.apache.tomcat.websocket.server.WsSci' (OnClassCondition)

   WebSocketServletAutoConfiguration.TomcatWebSocketConfiguration#websocketServletWebServerCustomizer matched:
      - @ConditionalOnMissingBean (names: websocketServletWebServerCustomizer; SearchStrategy: all) did not find any beans (OnBeanCondition)


Negative matches:
-----------------

   ActiveMQAutoConfiguration:
      Did not match:
         - @ConditionalOnClass did not find required class 'javax.jms.ConnectionFactory' (OnClassCondition)

   AopAutoConfiguration.AspectJAutoProxyingConfiguration:
      Did not match:
         - @ConditionalOnClass did not find required class 'org.aspectj.weaver.Advice' (OnClassCondition)

   AppOpticsMetricsExportAutoConfiguration:
      Did not match:
         - @ConditionalOnClass did not find required class 'io.micrometer.appoptics.AppOpticsMeterRegistry' (OnClassCondition)

   ArtemisAutoConfiguration:
      Did not match:
         - @ConditionalOnClass did not find required class 'javax.jms.ConnectionFactory' (OnClassCondition)

   AtlasMetricsExportAutoConfiguration:
      Did not match:
         - @ConditionalOnClass did not find required class 'io.micrometer.atlas.AtlasMeterRegistry' (OnClassCondition)

   AuditAutoConfiguration:
      Did not match:
         - @ConditionalOnBean (types: org.springframework.boot.actuate.audit.AuditEventRepository; SearchStrategy: all) did not find any beans of type org.springframework.boot.actuate.audit.AuditEventRepository (OnBeanCondition)
      Matched:
         - @ConditionalOnProperty (management.auditevents.enabled) matched (OnPropertyCondition)

   AuditEventsEndpointAutoConfiguration:
      Did not match:
         - @ConditionalOnAvailableEndpoint no 'management.endpoints' property marked it as exposed (OnAvailableEndpointCondition)

   AvailabilityHealthContributorAutoConfiguration#livenessStateHealthIndicator:
      Did not match:
         - @ConditionalOnProperty (management.health.livenessstate.enabled=true) did not find property 'enabled' (OnPropertyCondition)

   AvailabilityHealthContributorAutoConfiguration#readinessStateHealthIndicator:
      Did not match:
         - @ConditionalOnProperty (management.health.readinessstate.enabled=true) did not find property 'enabled' (OnPropertyCondition)

   AvailabilityProbesAutoConfiguration:
      Did not match:
         - Probes availability not running on a supported cloud platform (AvailabilityProbesAutoConfiguration.ProbesCondition)

   BatchAutoConfiguration:
      Did not match:
         - @ConditionalOnClass did not find required class 'org.springframework.batch.core.launch.JobLauncher' (OnClassCondition)

   BeansEndpointAutoConfiguration:
      Did not match:
         - @ConditionalOnAvailableEndpoint no 'management.endpoints' property marked it as exposed (OnAvailableEndpointCondition)

   Cache2kCacheConfiguration:
      Did not match:
         - @ConditionalOnClass did not find required class 'org.cache2k.Cache2kBuilder' (OnClassCondition)

   CacheAutoConfiguration:
      Did not match:
         - @ConditionalOnBean (types: org.springframework.cache.interceptor.CacheAspectSupport; SearchStrategy: all) did not find any beans of type org.springframework.cache.interceptor.CacheAspectSupport (OnBeanCondition)
      Matched:
         - @ConditionalOnClass found required class 'org.springframework.cache.CacheManager' (OnClassCondition)

   CacheAutoConfiguration.CacheManagerEntityManagerFactoryDependsOnPostProcessor:
      Did not match:
         - @ConditionalOnClass did not find required class 'org.springframework.orm.jpa.LocalContainerEntityManagerFactoryBean' (OnClassCondition)
         - Ancestor org.springframework.boot.autoconfigure.cache.CacheAutoConfiguration did not match (ConditionEvaluationReport.AncestorsMatchedCondition)

   CacheMeterBinderProvidersConfiguration.Cache2kCacheMeterBinderProviderConfiguration:
      Did not match:
         - @ConditionalOnClass did not find required classes 'org.cache2k.Cache2kBuilder', 'org.cache2k.extra.spring.SpringCache2kCache', 'org.cache2k.extra.micrometer.Cache2kCacheMetrics' (OnClassCondition)

   CacheMeterBinderProvidersConfiguration.CaffeineCacheMeterBinderProviderConfiguration:
      Did not match:
         - @ConditionalOnClass did not find required class 'com.github.benmanes.caffeine.cache.Cache' (OnClassCondition)

   CacheMeterBinderProvidersConfiguration.EhCache2CacheMeterBinderProviderConfiguration:
      Did not match:
         - @ConditionalOnClass did not find required class 'net.sf.ehcache.Ehcache' (OnClassCondition)

   CacheMeterBinderProvidersConfiguration.HazelcastCacheMeterBinderProviderConfiguration:
      Did not match:
         - @ConditionalOnClass did not find required classes 'com.hazelcast.spring.cache.HazelcastCache', 'com.hazelcast.core.Hazelcast' (OnClassCondition)

   CacheMetricsAutoConfiguration:
      Did not match:
         - @ConditionalOnBean (types: org.springframework.cache.CacheManager; SearchStrategy: all) did not find any beans of type org.springframework.cache.CacheManager (OnBeanCondition)

   CachesEndpointAutoConfiguration:
      Did not match:
         - @ConditionalOnAvailableEndpoint no 'management.endpoints' property marked it as exposed (OnAvailableEndpointCondition)
      Matched:
         - @ConditionalOnClass found required class 'org.springframework.cache.CacheManager' (OnClassCondition)

   CaffeineCacheConfiguration:
      Did not match:
         - @ConditionalOnClass did not find required class 'com.github.benmanes.caffeine.cache.Caffeine' (OnClassCondition)

   CassandraAutoConfiguration:
      Did not match:
         - @ConditionalOnClass did not find required class 'com.datastax.oss.driver.api.core.CqlSession' (OnClassCondition)

   CassandraDataAutoConfiguration:
      Did not match:
         - @ConditionalOnClass did not find required class 'com.datastax.oss.driver.api.core.CqlSession' (OnClassCondition)

   CassandraHealthContributorAutoConfiguration:
      Did not match:
         - @ConditionalOnClass did not find required class 'com.datastax.oss.driver.api.core.CqlSession' (OnClassCondition)

   CassandraReactiveDataAutoConfiguration:
      Did not match:
         - @ConditionalOnClass did not find required class 'com.datastax.oss.driver.api.core.CqlSession' (OnClassCondition)

   CassandraReactiveHealthContributorAutoConfiguration:
      Did not match:
         - @ConditionalOnClass did not find required class 'com.datastax.oss.driver.api.core.CqlSession' (OnClassCondition)

   CassandraReactiveRepositoriesAutoConfiguration:
      Did not match:
         - @ConditionalOnClass did not find required class 'org.springframework.data.cassandra.ReactiveSession' (OnClassCondition)

   CassandraRepositoriesAutoConfiguration:
      Did not match:
         - @ConditionalOnClass did not find required class 'com.datastax.oss.driver.api.core.CqlSession' (OnClassCondition)

   ClientHttpConnectorAutoConfiguration:
      Did not match:
         - @ConditionalOnClass did not find required class 'org.springframework.web.reactive.function.client.WebClient' (OnClassCondition)

   CloudFoundryActuatorAutoConfiguration:
      Did not match:
         - @ConditionalOnCloudPlatform did not find CLOUD_FOUNDRY (OnCloudPlatformCondition)
      Matched:
         - @ConditionalOnClass found required class 'org.springframework.web.servlet.DispatcherServlet' (OnClassCondition)
         - found 'session' scope (OnWebApplicationCondition)
         - @ConditionalOnProperty (management.cloudfoundry.enabled) matched (OnPropertyCondition)

   CodecsAutoConfiguration:
      Did not match:
         - @ConditionalOnClass did not find required class 'org.springframework.web.reactive.function.client.WebClient' (OnClassCondition)

   CompositeMeterRegistryConfiguration:
      Did not match:
         - NoneNestedConditions 1 matched 1 did not; NestedCondition on CompositeMeterRegistryConfiguration.MultipleNonPrimaryMeterRegistriesCondition.SingleInjectableMeterRegistry @ConditionalOnSingleCandidate (types: io.micrometer.core.instrument.MeterRegistry; SearchStrategy: all) found a single bean 'simpleMeterRegistry'; NestedCondition on CompositeMeterRegistryConfiguration.MultipleNonPrimaryMeterRegistriesCondition.NoMeterRegistryCondition @ConditionalOnMissingBean (types: io.micrometer.core.instrument.MeterRegistry; SearchStrategy: all) found beans of type 'io.micrometer.core.instrument.MeterRegistry' simpleMeterRegistry (CompositeMeterRegistryConfiguration.MultipleNonPrimaryMeterRegistriesCondition)

   ConditionsReportEndpointAutoConfiguration:
      Did not match:
         - @ConditionalOnAvailableEndpoint no 'management.endpoints' property marked it as exposed (OnAvailableEndpointCondition)

   ConfigurationPropertiesReportEndpointAutoConfiguration:
      Did not match:
         - @ConditionalOnAvailableEndpoint no 'management.endpoints' property marked it as exposed (OnAvailableEndpointCondition)

   ConnectionFactoryHealthContributorAutoConfiguration:
      Did not match:
         - @ConditionalOnClass did not find required class 'io.r2dbc.spi.ConnectionFactory' (OnClassCondition)

   ConnectionPoolMetricsAutoConfiguration:
      Did not match:
         - @ConditionalOnClass did not find required class 'io.r2dbc.pool.ConnectionPool' (OnClassCondition)

   CouchbaseAutoConfiguration:
      Did not match:
         - @ConditionalOnClass did not find required class 'com.couchbase.client.java.Cluster' (OnClassCondition)

   CouchbaseCacheConfiguration:
      Did not match:
         - @ConditionalOnClass did not find required class 'com.couchbase.client.java.Cluster' (OnClassCondition)

   CouchbaseDataAutoConfiguration:
      Did not match:
         - @ConditionalOnClass did not find required class 'com.couchbase.client.java.Bucket' (OnClassCondition)

   CouchbaseHealthContributorAutoConfiguration:
      Did not match:
         - @ConditionalOnClass did not find required class 'com.couchbase.client.java.Cluster' (OnClassCondition)

   CouchbaseReactiveDataAutoConfiguration:
      Did not match:
         - @ConditionalOnClass did not find required class 'com.couchbase.client.java.Cluster' (OnClassCondition)

   CouchbaseReactiveHealthContributorAutoConfiguration:
      Did not match:
         - @ConditionalOnClass did not find required class 'com.couchbase.client.java.Cluster' (OnClassCondition)

   CouchbaseReactiveRepositoriesAutoConfiguration:
      Did not match:
         - @ConditionalOnClass did not find required class 'com.couchbase.client.java.Cluster' (OnClassCondition)

   CouchbaseRepositoriesAutoConfiguration:
      Did not match:
         - @ConditionalOnClass did not find required class 'com.couchbase.client.java.Bucket' (OnClassCondition)

   DataSourceAutoConfiguration.EmbeddedDatabaseConfiguration:
      Did not match:
         - EmbeddedDataSource spring.datasource.url is set (DataSourceAutoConfiguration.EmbeddedDatabaseCondition)

   DataSourceConfiguration.Dbcp2:
      Did not match:
         - @ConditionalOnClass did not find required class 'org.apache.commons.dbcp2.BasicDataSource' (OnClassCondition)

   DataSourceConfiguration.Generic:
      Did not match:
         - @ConditionalOnProperty (spring.datasource.type) did not find property 'spring.datasource.type' (OnPropertyCondition)

   DataSourceConfiguration.OracleUcp:
      Did not match:
         - @ConditionalOnClass did not find required classes 'oracle.ucp.jdbc.PoolDataSourceImpl', 'oracle.jdbc.OracleConnection' (OnClassCondition)

   DataSourceConfiguration.Tomcat:
      Did not match:
         - @ConditionalOnClass did not find required class 'org.apache.tomcat.jdbc.pool.DataSource' (OnClassCondition)

   DataSourceJmxConfiguration.TomcatDataSourceJmxConfiguration:
      Did not match:
         - @ConditionalOnClass did not find required class 'org.apache.tomcat.jdbc.pool.DataSourceProxy' (OnClassCondition)

   DataSourcePoolMetadataProvidersConfiguration.CommonsDbcp2PoolDataSourceMetadataProviderConfiguration:
      Did not match:
         - @ConditionalOnClass did not find required class 'org.apache.commons.dbcp2.BasicDataSource' (OnClassCondition)

   DataSourcePoolMetadataProvidersConfiguration.OracleUcpPoolDataSourceMetadataProviderConfiguration:
      Did not match:
         - @ConditionalOnClass did not find required classes 'oracle.ucp.jdbc.PoolDataSource', 'oracle.jdbc.OracleConnection' (OnClassCondition)

   DataSourcePoolMetadataProvidersConfiguration.TomcatDataSourcePoolMetadataProviderConfiguration:
      Did not match:
         - @ConditionalOnClass did not find required class 'org.apache.tomcat.jdbc.pool.DataSource' (OnClassCondition)

   DatadogMetricsExportAutoConfiguration:
      Did not match:
         - @ConditionalOnClass did not find required class 'io.micrometer.datadog.DatadogMeterRegistry' (OnClassCondition)

   DispatcherServletAutoConfiguration.DispatcherServletConfiguration#multipartResolver:
      Did not match:
         - @ConditionalOnBean (types: org.springframework.web.multipart.MultipartResolver; SearchStrategy: all) did not find any beans of type org.springframework.web.multipart.MultipartResolver (OnBeanCondition)

   DynatraceMetricsExportAutoConfiguration:
      Did not match:
         - @ConditionalOnClass did not find required class 'io.micrometer.dynatrace.DynatraceMeterRegistry' (OnClassCondition)

   EhCacheCacheConfiguration:
      Did not match:
         - @ConditionalOnClass did not find required class 'net.sf.ehcache.Cache' (OnClassCondition)

   ElasticMetricsExportAutoConfiguration:
      Did not match:
         - @ConditionalOnClass did not find required class 'io.micrometer.elastic.ElasticMeterRegistry' (OnClassCondition)

   ElasticSearchReactiveHealthContributorAutoConfiguration:
      Did not match:
         - @ConditionalOnClass did not find required class 'org.springframework.data.elasticsearch.client.reactive.ReactiveElasticsearchClient' (OnClassCondition)

   ElasticSearchRestHealthContributorAutoConfiguration:
      Did not match:
         - @ConditionalOnClass did not find required class 'org.elasticsearch.client.RestClient' (OnClassCondition)

   ElasticsearchDataAutoConfiguration:
      Did not match:
         - @ConditionalOnClass did not find required class 'org.springframework.data.elasticsearch.core.ElasticsearchRestTemplate' (OnClassCondition)

   ElasticsearchRepositoriesAutoConfiguration:
      Did not match:
         - @ConditionalOnClass did not find required class 'org.elasticsearch.client.Client' (OnClassCondition)

   ElasticsearchRestClientAutoConfiguration:
      Did not match:
         - @ConditionalOnClass did not find required class 'org.elasticsearch.client.RestClientBuilder' (OnClassCondition)

   EmbeddedLdapAutoConfiguration:
      Did not match:
         - @ConditionalOnClass did not find required class 'com.unboundid.ldap.listener.InMemoryDirectoryServer' (OnClassCondition)

   EmbeddedMongoAutoConfiguration:
      Did not match:
         - @ConditionalOnClass did not find required class 'com.mongodb.MongoClientSettings' (OnClassCondition)

   EmbeddedWebServerFactoryCustomizerAutoConfiguration.JettyWebServerFactoryCustomizerConfiguration:
      Did not match:
         - @ConditionalOnClass did not find required classes 'org.eclipse.jetty.server.Server', 'org.eclipse.jetty.util.Loader', 'org.eclipse.jetty.webapp.WebAppContext' (OnClassCondition)

   EmbeddedWebServerFactoryCustomizerAutoConfiguration.NettyWebServerFactoryCustomizerConfiguration:
      Did not match:
         - @ConditionalOnClass did not find required class 'reactor.netty.http.server.HttpServer' (OnClassCondition)

   EmbeddedWebServerFactoryCustomizerAutoConfiguration.UndertowWebServerFactoryCustomizerConfiguration:
      Did not match:
         - @ConditionalOnClass did not find required classes 'io.undertow.Undertow', 'org.xnio.SslClientAuthMode' (OnClassCondition)

   EnvironmentEndpointAutoConfiguration:
      Did not match:
         - @ConditionalOnAvailableEndpoint no 'management.endpoints' property marked it as exposed (OnAvailableEndpointCondition)

   ErrorMvcAutoConfiguration#basicErrorController:
      Did not match:
         - @ConditionalOnMissingBean (types: org.springframework.boot.web.servlet.error.ErrorController; SearchStrategy: current) found beans of type 'org.springframework.boot.web.servlet.error.ErrorController' customErrorController (OnBeanCondition)

   ErrorWebFluxAutoConfiguration:
      Did not match:
         - @ConditionalOnClass did not find required class 'org.springframework.web.reactive.config.WebFluxConfigurer' (OnClassCondition)

   FlywayAutoConfiguration:
      Did not match:
         - @ConditionalOnClass did not find required class 'org.flywaydb.core.Flyway' (OnClassCondition)

   FlywayEndpointAutoConfiguration:
      Did not match:
         - @ConditionalOnClass did not find required class 'org.flywaydb.core.Flyway' (OnClassCondition)

   FreeMarkerAutoConfiguration:
      Did not match:
         - @ConditionalOnClass did not find required class 'freemarker.template.Configuration' (OnClassCondition)

   GangliaMetricsExportAutoConfiguration:
      Did not match:
         - @ConditionalOnClass did not find required class 'io.micrometer.ganglia.GangliaMeterRegistry' (OnClassCondition)

   GraphQlAutoConfiguration:
      Did not match:
         - @ConditionalOnClass did not find required class 'graphql.GraphQL' (OnClassCondition)

   GraphQlMetricsAutoConfiguration:
      Did not match:
         - @ConditionalOnClass did not find required class 'graphql.GraphQL' (OnClassCondition)

   GraphQlQueryByExampleAutoConfiguration:
      Did not match:
         - @ConditionalOnClass did not find required class 'graphql.GraphQL' (OnClassCondition)

   GraphQlQuerydslAutoConfiguration:
      Did not match:
         - @ConditionalOnClass did not find required class 'graphql.GraphQL' (OnClassCondition)

   GraphQlRSocketAutoConfiguration:
      Did not match:
         - @ConditionalOnClass did not find required class 'graphql.GraphQL' (OnClassCondition)

   GraphQlReactiveQueryByExampleAutoConfiguration:
      Did not match:
         - @ConditionalOnClass did not find required class 'graphql.GraphQL' (OnClassCondition)

   GraphQlReactiveQuerydslAutoConfiguration:
      Did not match:
         - @ConditionalOnClass did not find required class 'graphql.GraphQL' (OnClassCondition)

   GraphQlWebFluxAutoConfiguration:
      Did not match:
         - @ConditionalOnClass did not find required class 'graphql.GraphQL' (OnClassCondition)

   GraphQlWebFluxSecurityAutoConfiguration:
      Did not match:
         - @ConditionalOnClass did not find required class 'graphql.GraphQL' (OnClassCondition)

   GraphQlWebMvcAutoConfiguration:
      Did not match:
         - @ConditionalOnClass did not find required class 'graphql.GraphQL' (OnClassCondition)

   GraphQlWebMvcSecurityAutoConfiguration:
      Did not match:
         - @ConditionalOnClass did not find required class 'graphql.GraphQL' (OnClassCondition)

   GraphiteMetricsExportAutoConfiguration:
      Did not match:
         - @ConditionalOnClass did not find required class 'io.micrometer.graphite.GraphiteMeterRegistry' (OnClassCondition)

   GroovyTemplateAutoConfiguration:
      Did not match:
         - @ConditionalOnClass did not find required class 'groovy.text.markup.MarkupTemplateEngine' (OnClassCondition)

   GsonAutoConfiguration:
      Did not match:
         - @ConditionalOnClass did not find required class 'com.google.gson.Gson' (OnClassCondition)

   GsonHttpMessageConvertersConfiguration:
      Did not match:
         - @ConditionalOnClass did not find required class 'com.google.gson.Gson' (OnClassCondition)

   H2ConsoleAutoConfiguration:
      Did not match:
         - @ConditionalOnClass did not find required class 'org.h2.server.web.WebServlet' (OnClassCondition)

   HazelcastAutoConfiguration:
      Did not match:
         - @ConditionalOnClass did not find required class 'com.hazelcast.core.HazelcastInstance' (OnClassCondition)

   HazelcastCacheConfiguration:
      Did not match:
         - @ConditionalOnClass did not find required class 'com.hazelcast.core.HazelcastInstance' (OnClassCondition)

   HazelcastHealthContributorAutoConfiguration:
      Did not match:
         - @ConditionalOnClass did not find required class 'com.hazelcast.core.HazelcastInstance' (OnClassCondition)

   HazelcastJCacheCustomizationConfiguration:
      Did not match:
         - @ConditionalOnClass did not find required class 'com.hazelcast.core.HazelcastInstance' (OnClassCondition)

   HazelcastJpaDependencyAutoConfiguration:
      Did not match:
         - @ConditionalOnClass did not find required class 'com.hazelcast.core.HazelcastInstance' (OnClassCondition)

   HealthEndpointReactiveWebExtensionConfiguration:
      Did not match:
         - did not find reactive web application classes (OnWebApplicationCondition)

   HealthEndpointWebExtensionConfiguration.JerseyAdditionalHealthEndpointPathsConfiguration:
      Did not match:
         - @ConditionalOnClass did not find required class 'org.glassfish.jersey.server.ResourceConfig' (OnClassCondition)

   HeapDumpWebEndpointAutoConfiguration:
      Did not match:
         - @ConditionalOnAvailableEndpoint no 'management.endpoints' property marked it as exposed (OnAvailableEndpointCondition)

   HibernateJpaAutoConfiguration:
      Did not match:
         - @ConditionalOnClass did not find required class 'javax.persistence.EntityManager' (OnClassCondition)

   HibernateMetricsAutoConfiguration:
      Did not match:
         - @ConditionalOnClass did not find required class 'javax.persistence.EntityManagerFactory' (OnClassCondition)

   HttpHandlerAutoConfiguration:
      Did not match:
         - @ConditionalOnClass did not find required class 'org.springframework.web.reactive.DispatcherHandler' (OnClassCondition)

   HttpTraceAutoConfiguration:
      Did not match:
         - @ConditionalOnBean (types: org.springframework.boot.actuate.trace.http.HttpTraceRepository; SearchStrategy: all) did not find any beans of type org.springframework.boot.actuate.trace.http.HttpTraceRepository (OnBeanCondition)
      Matched:
         - @ConditionalOnWebApplication (required) found 'session' scope (OnWebApplicationCondition)
         - @ConditionalOnProperty (management.trace.http.enabled) matched (OnPropertyCondition)

   HttpTraceAutoConfiguration.ReactiveTraceFilterConfiguration:
      Did not match:
         - did not find reactive web application classes (OnWebApplicationCondition)
         - Ancestor org.springframework.boot.actuate.autoconfigure.trace.http.HttpTraceAutoConfiguration did not match (ConditionEvaluationReport.AncestorsMatchedCondition)

   HttpTraceAutoConfiguration.ServletTraceFilterConfiguration:
      Did not match:
         - Ancestor org.springframework.boot.actuate.autoconfigure.trace.http.HttpTraceAutoConfiguration did not match (ConditionEvaluationReport.AncestorsMatchedCondition)
      Matched:
         - found 'session' scope (OnWebApplicationCondition)

   HttpTraceEndpointAutoConfiguration:
      Did not match:
         - @ConditionalOnAvailableEndpoint no 'management.endpoints' property marked it as exposed (OnAvailableEndpointCondition)

   HumioMetricsExportAutoConfiguration:
      Did not match:
         - @ConditionalOnClass did not find required class 'io.micrometer.humio.HumioMeterRegistry' (OnClassCondition)

   HypermediaAutoConfiguration:
      Did not match:
         - @ConditionalOnClass did not find required class 'org.springframework.hateoas.EntityModel' (OnClassCondition)

   IdentifierGeneratorAutoConfiguration:
      Did not match:
         - @ConditionalOnClass did not find required class 'org.springframework.cloud.commons.util.InetUtils' (OnClassCondition)

   InfinispanCacheConfiguration:
      Did not match:
         - @ConditionalOnClass did not find required class 'org.infinispan.spring.embedded.provider.SpringEmbeddedCacheManager' (OnClassCondition)

   InfluxDbAutoConfiguration:
      Did not match:
         - @ConditionalOnClass did not find required class 'org.influxdb.InfluxDB' (OnClassCondition)

   InfluxDbHealthContributorAutoConfiguration:
      Did not match:
         - @ConditionalOnClass did not find required class 'org.influxdb.InfluxDB' (OnClassCondition)

   InfluxMetricsExportAutoConfiguration:
      Did not match:
         - @ConditionalOnClass did not find required class 'io.micrometer.influx.InfluxMeterRegistry' (OnClassCondition)

   InfoContributorAutoConfiguration#buildInfoContributor:
      Did not match:
         - @ConditionalOnSingleCandidate (types: org.springframework.boot.info.BuildProperties; SearchStrategy: all) did not find any beans (OnBeanCondition)
      Matched:
         - @ConditionalOnEnabledInfoContributor management.info.defaults.enabled is considered true (OnEnabledInfoContributorCondition)

   InfoContributorAutoConfiguration#envInfoContributor:
      Did not match:
         - @ConditionalOnEnabledInfoContributor management.info.env.enabled is not true (OnEnabledInfoContributorCondition)

   InfoContributorAutoConfiguration#gitInfoContributor:
      Did not match:
         - @ConditionalOnSingleCandidate (types: org.springframework.boot.info.GitProperties; SearchStrategy: all) did not find any beans (OnBeanCondition)
      Matched:
         - @ConditionalOnEnabledInfoContributor management.info.defaults.enabled is considered true (OnEnabledInfoContributorCondition)

   InfoContributorAutoConfiguration#javaInfoContributor:
      Did not match:
         - @ConditionalOnEnabledInfoContributor management.info.java.enabled is not true (OnEnabledInfoContributorCondition)

   InfoContributorAutoConfiguration#osInfoContributor:
      Did not match:
         - @ConditionalOnEnabledInfoContributor management.info.os.enabled is not true (OnEnabledInfoContributorCondition)

   InfoEndpointAutoConfiguration:
      Did not match:
         - @ConditionalOnAvailableEndpoint no 'management.endpoints' property marked it as exposed (OnAvailableEndpointCondition)

   IntegrationAutoConfiguration:
      Did not match:
         - @ConditionalOnClass did not find required class 'org.springframework.integration.config.EnableIntegration' (OnClassCondition)

   IntegrationGraphEndpointAutoConfiguration:
      Did not match:
         - @ConditionalOnClass did not find required class 'org.springframework.integration.graph.IntegrationGraphServer' (OnClassCondition)

   JacksonHttpMessageConvertersConfiguration.MappingJackson2XmlHttpMessageConverterConfiguration:
      Did not match:
         - @ConditionalOnClass did not find required class 'com.fasterxml.jackson.dataformat.xml.XmlMapper' (OnClassCondition)

   JdbcRepositoriesAutoConfiguration:
      Did not match:
         - @ConditionalOnClass did not find required class 'org.springframework.data.jdbc.repository.config.AbstractJdbcConfiguration' (OnClassCondition)

   JedisConnectionConfiguration:
      Did not match:
         - @ConditionalOnClass did not find required classes 'org.apache.commons.pool2.impl.GenericObjectPool', 'redis.clients.jedis.Jedis' (OnClassCondition)

   JerseyAutoConfiguration:
      Did not match:
         - @ConditionalOnClass did not find required class 'org.glassfish.jersey.server.spring.SpringComponentProvider' (OnClassCondition)

   JerseySameManagementContextConfiguration:
      Did not match:
         - @ConditionalOnClass did not find required class 'org.glassfish.jersey.server.ResourceConfig' (OnClassCondition)

   JerseyServerMetricsAutoConfiguration:
      Did not match:
         - @ConditionalOnClass did not find required class 'io.micrometer.core.instrument.binder.jersey.server.MetricsApplicationEventListener' (OnClassCondition)

   JerseyWebEndpointManagementContextConfiguration:
      Did not match:
         - @ConditionalOnClass did not find required class 'org.glassfish.jersey.server.ResourceConfig' (OnClassCondition)

   JettyMetricsAutoConfiguration:
      Did not match:
         - @ConditionalOnClass did not find required class 'org.eclipse.jetty.server.Server' (OnClassCondition)

   JmsAutoConfiguration:
      Did not match:
         - @ConditionalOnClass did not find required class 'javax.jms.Message' (OnClassCondition)

   JmsHealthContributorAutoConfiguration:
      Did not match:
         - @ConditionalOnClass did not find required class 'javax.jms.ConnectionFactory' (OnClassCondition)

   JmxAutoConfiguration:
      Did not match:
         - @ConditionalOnProperty (spring.jmx.enabled=true) did not find property 'enabled' (OnPropertyCondition)
      Matched:
         - @ConditionalOnClass found required class 'org.springframework.jmx.export.MBeanExporter' (OnClassCondition)

   JmxEndpointAutoConfiguration:
      Did not match:
         - @ConditionalOnProperty (spring.jmx.enabled=true) did not find property 'enabled' (OnPropertyCondition)

   JmxMetricsExportAutoConfiguration:
      Did not match:
         - @ConditionalOnClass did not find required class 'io.micrometer.jmx.JmxMeterRegistry' (OnClassCondition)

   JndiConnectionFactoryAutoConfiguration:
      Did not match:
         - @ConditionalOnClass did not find required class 'org.springframework.jms.core.JmsTemplate' (OnClassCondition)

   JndiDataSourceAutoConfiguration:
      Did not match:
         - @ConditionalOnProperty (spring.datasource.jndi-name) did not find property 'jndi-name' (OnPropertyCondition)
      Matched:
         - @ConditionalOnClass found required classes 'javax.sql.DataSource', 'org.springframework.jdbc.datasource.embedded.EmbeddedDatabaseType' (OnClassCondition)

   JolokiaEndpointAutoConfiguration:
      Did not match:
         - @ConditionalOnClass did not find required class 'org.jolokia.http.AgentServlet' (OnClassCondition)

   JooqAutoConfiguration:
      Did not match:
         - @ConditionalOnClass did not find required class 'org.jooq.DSLContext' (OnClassCondition)

   JpaRepositoriesAutoConfiguration:
      Did not match:
         - @ConditionalOnClass did not find required class 'org.springframework.data.jpa.repository.JpaRepository' (OnClassCondition)

   JsonbAutoConfiguration:
      Did not match:
         - @ConditionalOnClass did not find required class 'javax.json.bind.Jsonb' (OnClassCondition)

   JsonbHttpMessageConvertersConfiguration:
      Did not match:
         - @ConditionalOnClass did not find required class 'javax.json.bind.Jsonb' (OnClassCondition)

   JtaAutoConfiguration:
      Did not match:
         - @ConditionalOnClass did not find required class 'javax.transaction.Transaction' (OnClassCondition)

   KafkaAutoConfiguration:
      Did not match:
         - @ConditionalOnClass did not find required class 'org.springframework.kafka.core.KafkaTemplate' (OnClassCondition)

   KafkaMetricsAutoConfiguration:
      Did not match:
         - @ConditionalOnClass did not find required class 'org.springframework.kafka.core.ProducerFactory' (OnClassCondition)

   KairosMetricsExportAutoConfiguration:
      Did not match:
         - @ConditionalOnClass did not find required class 'io.micrometer.kairos.KairosMeterRegistry' (OnClassCondition)

   LdapAutoConfiguration:
      Did not match:
         - @ConditionalOnClass did not find required class 'org.springframework.ldap.core.ContextSource' (OnClassCondition)

   LdapHealthContributorAutoConfiguration:
      Did not match:
         - @ConditionalOnClass did not find required class 'org.springframework.ldap.core.LdapOperations' (OnClassCondition)

   LdapRepositoriesAutoConfiguration:
      Did not match:
         - @ConditionalOnClass did not find required class 'org.springframework.data.ldap.repository.LdapRepository' (OnClassCondition)

   LettuceConnectionConfiguration#redisConnectionFactory:
      Did not match:
         - @ConditionalOnMissingBean (types: org.springframework.data.redis.connection.RedisConnectionFactory; SearchStrategy: all) found beans of type 'org.springframework.data.redis.connection.RedisConnectionFactory' redissonConnectionFactory (OnBeanCondition)

   LiquibaseAutoConfiguration:
      Did not match:
         - @ConditionalOnClass did not find required class 'liquibase.change.DatabaseChange' (OnClassCondition)

   LiquibaseEndpointAutoConfiguration:
      Did not match:
         - @ConditionalOnClass did not find required class 'liquibase.integration.spring.SpringLiquibase' (OnClassCondition)

   Log4J2MetricsAutoConfiguration:
      Did not match:
         - @ConditionalOnClass did not find required class 'org.apache.logging.log4j.core.LoggerContext' (OnClassCondition)

   LogFileWebEndpointAutoConfiguration:
      Did not match:
         - @ConditionalOnAvailableEndpoint no 'management.endpoints' property marked it as exposed (OnAvailableEndpointCondition)

   LoggersEndpointAutoConfiguration:
      Did not match:
         - @ConditionalOnAvailableEndpoint no 'management.endpoints' property marked it as exposed (OnAvailableEndpointCondition)

   MailHealthContributorAutoConfiguration:
      Did not match:
         - @ConditionalOnBean (types: org.springframework.mail.javamail.JavaMailSenderImpl; SearchStrategy: all) did not find any beans of type org.springframework.mail.javamail.JavaMailSenderImpl (OnBeanCondition)
      Matched:
         - @ConditionalOnClass found required class 'org.springframework.mail.javamail.JavaMailSenderImpl' (OnClassCondition)
         - @ConditionalOnEnabledHealthIndicator management.health.defaults.enabled is considered true (OnEnabledHealthIndicatorCondition)

   MailSenderAutoConfiguration:
      Did not match:
         - @ConditionalOnClass did not find required class 'javax.mail.internet.MimeMessage' (OnClassCondition)

   MailSenderValidatorAutoConfiguration:
      Did not match:
         - @ConditionalOnProperty (spring.mail.test-connection) did not find property 'test-connection' (OnPropertyCondition)

   ManagementContextAutoConfiguration.DifferentManagementContextConfiguration:
      Did not match:
         - Management Port actual port type (SAME) did not match required type (DIFFERENT) (OnManagementPortCondition)

   ManagementWebSecurityAutoConfiguration:
      Did not match:
         - AllNestedConditions 1 matched 1 did not; NestedCondition on DefaultWebSecurityCondition.Beans @ConditionalOnMissingBean (types: org.springframework.security.config.annotation.web.configuration.WebSecurityConfigurerAdapter,org.springframework.security.web.SecurityFilterChain; SearchStrategy: all) did not find any beans; NestedCondition on DefaultWebSecurityCondition.Classes @ConditionalOnClass did not find required classes 'org.springframework.security.web.SecurityFilterChain', 'org.springframework.security.config.annotation.web.builders.HttpSecurity' (DefaultWebSecurityCondition)
      Matched:
         - found 'session' scope (OnWebApplicationCondition)

   MappingsEndpointAutoConfiguration:
      Did not match:
         - @ConditionalOnAvailableEndpoint no 'management.endpoints' property marked it as exposed (OnAvailableEndpointCondition)

   MessageSourceAutoConfiguration:
      Did not match:
         - ResourceBundle did not find bundle with basename messages (MessageSourceAutoConfiguration.ResourceBundleCondition)

   MetricsEndpointAutoConfiguration:
      Did not match:
         - @ConditionalOnAvailableEndpoint no 'management.endpoints' property marked it as exposed (OnAvailableEndpointCondition)
      Matched:
         - @ConditionalOnClass found required class 'io.micrometer.core.annotation.Timed' (OnClassCondition)

   MongoAutoConfiguration:
      Did not match:
         - @ConditionalOnClass did not find required class 'com.mongodb.client.MongoClient' (OnClassCondition)

   MongoDataAutoConfiguration:
      Did not match:
         - @ConditionalOnClass did not find required class 'com.mongodb.client.MongoClient' (OnClassCondition)

   MongoHealthContributorAutoConfiguration:
      Did not match:
         - @ConditionalOnClass did not find required class 'org.springframework.data.mongodb.core.MongoTemplate' (OnClassCondition)

   MongoMetricsAutoConfiguration:
      Did not match:
         - @ConditionalOnClass did not find required class 'com.mongodb.MongoClientSettings' (OnClassCondition)

   MongoReactiveAutoConfiguration:
      Did not match:
         - @ConditionalOnClass did not find required class 'com.mongodb.reactivestreams.client.MongoClient' (OnClassCondition)

   MongoReactiveDataAutoConfiguration:
      Did not match:
         - @ConditionalOnClass did not find required class 'com.mongodb.reactivestreams.client.MongoClient' (OnClassCondition)

   MongoReactiveHealthContributorAutoConfiguration:
      Did not match:
         - @ConditionalOnClass did not find required class 'org.springframework.data.mongodb.core.ReactiveMongoTemplate' (OnClassCondition)

   MongoReactiveRepositoriesAutoConfiguration:
      Did not match:
         - @ConditionalOnClass did not find required class 'com.mongodb.reactivestreams.client.MongoClient' (OnClassCondition)

   MongoRepositoriesAutoConfiguration:
      Did not match:
         - @ConditionalOnClass did not find required class 'com.mongodb.client.MongoClient' (OnClassCondition)

   MultipleOpenApiSupportConfiguration.SpringDocWebMvcActuatorDifferentConfiguration:
      Did not match:
         - Management Port actual port type (SAME) did not match required type (DIFFERENT) (OnManagementPortCondition)
      Matched:
         - @ConditionalOnClass found required class 'org.springframework.boot.actuate.endpoint.web.servlet.WebMvcEndpointHandlerMapping' (OnClassCondition)

   MustacheAutoConfiguration:
      Did not match:
         - @ConditionalOnClass did not find required class 'com.samskivert.mustache.Mustache' (OnClassCondition)

   MybatisPlusAutoConfiguration.MapperScannerRegistrarNotFoundConfiguration:
      Did not match:
         - @ConditionalOnMissingBean (types: org.mybatis.spring.mapper.MapperFactoryBean,org.mybatis.spring.mapper.MapperScannerConfigurer; SearchStrategy: all) found beans of type 'org.mybatis.spring.mapper.MapperScannerConfigurer' com.example.fishing.FishingReservationApplication#MapperScannerRegistrar#0 (OnBeanCondition)

   MybatisPlusInnerInterceptorAutoConfiguration:
      Did not match:
         - @ConditionalOnBean (types: com.baomidou.mybatisplus.extension.plugins.inner.InnerInterceptor; SearchStrategy: all) did not find any beans of type com.baomidou.mybatisplus.extension.plugins.inner.InnerInterceptor (OnBeanCondition)

   MybatisPlusLanguageDriverAutoConfiguration.FreeMarkerConfiguration:
      Did not match:
         - @ConditionalOnClass did not find required classes 'org.mybatis.scripting.freemarker.FreeMarkerLanguageDriver', 'org.mybatis.scripting.freemarker.FreeMarkerLanguageDriverConfig' (OnClassCondition)

   MybatisPlusLanguageDriverAutoConfiguration.LegacyFreeMarkerConfiguration:
      Did not match:
         - @ConditionalOnClass did not find required class 'org.mybatis.scripting.freemarker.FreeMarkerLanguageDriver' (OnClassCondition)

   MybatisPlusLanguageDriverAutoConfiguration.LegacyVelocityConfiguration:
      Did not match:
         - @ConditionalOnClass did not find required class 'org.mybatis.scripting.velocity.Driver' (OnClassCondition)

   MybatisPlusLanguageDriverAutoConfiguration.ThymeleafConfiguration:
      Did not match:
         - @ConditionalOnClass did not find required class 'org.mybatis.scripting.thymeleaf.ThymeleafLanguageDriver' (OnClassCondition)

   MybatisPlusLanguageDriverAutoConfiguration.VelocityConfiguration:
      Did not match:
         - @ConditionalOnClass did not find required classes 'org.mybatis.scripting.velocity.VelocityLanguageDriver', 'org.mybatis.scripting.velocity.VelocityLanguageDriverConfig' (OnClassCondition)

   Neo4jAutoConfiguration:
      Did not match:
         - @ConditionalOnClass did not find required class 'org.neo4j.driver.Driver' (OnClassCondition)

   Neo4jDataAutoConfiguration:
      Did not match:
         - @ConditionalOnClass did not find required class 'org.neo4j.driver.Driver' (OnClassCondition)

   Neo4jHealthContributorAutoConfiguration:
      Did not match:
         - @ConditionalOnClass did not find required class 'org.neo4j.driver.Driver' (OnClassCondition)

   Neo4jReactiveDataAutoConfiguration:
      Did not match:
         - @ConditionalOnClass did not find required class 'org.neo4j.driver.Driver' (OnClassCondition)

   Neo4jReactiveRepositoriesAutoConfiguration:
      Did not match:
         - @ConditionalOnClass did not find required class 'org.neo4j.driver.Driver' (OnClassCondition)

   Neo4jRepositoriesAutoConfiguration:
      Did not match:
         - @ConditionalOnClass did not find required class 'org.neo4j.driver.Driver' (OnClassCondition)

   NewRelicMetricsExportAutoConfiguration:
      Did not match:
         - @ConditionalOnClass did not find required class 'io.micrometer.newrelic.NewRelicMeterRegistry' (OnClassCondition)

   NoOpMeterRegistryConfiguration:
      Did not match:
         - @ConditionalOnMissingBean (types: io.micrometer.core.instrument.MeterRegistry; SearchStrategy: all) found beans of type 'io.micrometer.core.instrument.MeterRegistry' simpleMeterRegistry (OnBeanCondition)

   OAuth2ClientAutoConfiguration:
      Did not match:
         - @ConditionalOnClass did not find required class 'org.springframework.security.config.annotation.web.configuration.EnableWebSecurity' (OnClassCondition)

   OAuth2ResourceServerAutoConfiguration:
      Did not match:
         - @ConditionalOnClass did not find required class 'org.springframework.security.oauth2.server.resource.BearerTokenAuthenticationToken' (OnClassCondition)

   ProjectInfoAutoConfiguration#buildProperties:
      Did not match:
         - @ConditionalOnResource did not find resource '${spring.info.build.location:classpath:META-INF/build-info.properties}' (OnResourceCondition)

   ProjectInfoAutoConfiguration#gitProperties:
      Did not match:
         - GitResource did not find git info at classpath:git.properties (ProjectInfoAutoConfiguration.GitResourceAvailableCondition)

   PrometheusMetricsExportAutoConfiguration:
      Did not match:
         - @ConditionalOnClass did not find required class 'io.micrometer.prometheus.PrometheusMeterRegistry' (OnClassCondition)

   QuartzAutoConfiguration:
      Did not match:
         - @ConditionalOnClass did not find required class 'org.quartz.Scheduler' (OnClassCondition)

   QuartzEndpointAutoConfiguration:
      Did not match:
         - @ConditionalOnClass did not find required class 'org.quartz.Scheduler' (OnClassCondition)

   R2dbcAutoConfiguration:
      Did not match:
         - @ConditionalOnClass did not find required class 'io.r2dbc.spi.ConnectionFactory' (OnClassCondition)

   R2dbcDataAutoConfiguration:
      Did not match:
         - @ConditionalOnClass did not find required class 'org.springframework.data.r2dbc.core.R2dbcEntityTemplate' (OnClassCondition)

   R2dbcInitializationConfiguration:
      Did not match:
         - @ConditionalOnClass did not find required classes 'io.r2dbc.spi.ConnectionFactory', 'org.springframework.r2dbc.connection.init.DatabasePopulator' (OnClassCondition)

   R2dbcRepositoriesAutoConfiguration:
      Did not match:
         - @ConditionalOnClass did not find required class 'io.r2dbc.spi.ConnectionFactory' (OnClassCondition)

   R2dbcTransactionManagerAutoConfiguration:
      Did not match:
         - @ConditionalOnClass did not find required class 'org.springframework.r2dbc.connection.R2dbcTransactionManager' (OnClassCondition)

   RSocketGraphQlClientAutoConfiguration:
      Did not match:
         - @ConditionalOnClass did not find required class 'graphql.GraphQL' (OnClassCondition)

   RSocketMessagingAutoConfiguration:
      Did not match:
         - @ConditionalOnClass did not find required class 'io.rsocket.RSocket' (OnClassCondition)

   RSocketRequesterAutoConfiguration:
      Did not match:
         - @ConditionalOnClass did not find required class 'io.rsocket.RSocket' (OnClassCondition)

   RSocketSecurityAutoConfiguration:
      Did not match:
         - @ConditionalOnClass did not find required class 'org.springframework.security.rsocket.core.SecuritySocketAcceptorInterceptor' (OnClassCondition)

   RSocketServerAutoConfiguration:
      Did not match:
         - @ConditionalOnClass did not find required class 'io.rsocket.core.RSocketServer' (OnClassCondition)

   RSocketStrategiesAutoConfiguration:
      Did not match:
         - @ConditionalOnClass did not find required class 'io.rsocket.RSocket' (OnClassCondition)

   RabbitAutoConfiguration:
      Did not match:
         - @ConditionalOnClass did not find required class 'com.rabbitmq.client.Channel' (OnClassCondition)

   RabbitHealthContributorAutoConfiguration:
      Did not match:
         - @ConditionalOnClass did not find required class 'org.springframework.amqp.rabbit.core.RabbitTemplate' (OnClassCondition)

   RabbitMetricsAutoConfiguration:
      Did not match:
         - @ConditionalOnClass did not find required class 'com.rabbitmq.client.ConnectionFactory' (OnClassCondition)

   ReactiveCloudFoundryActuatorAutoConfiguration:
      Did not match:
         - @ConditionalOnWebApplication did not find reactive web application classes (OnWebApplicationCondition)

   ReactiveElasticsearchRepositoriesAutoConfiguration:
      Did not match:
         - @ConditionalOnClass did not find required class 'org.springframework.data.elasticsearch.client.reactive.ReactiveElasticsearchClient' (OnClassCondition)

   ReactiveElasticsearchRestClientAutoConfiguration:
      Did not match:
         - @ConditionalOnClass did not find required class 'reactor.netty.http.client.HttpClient' (OnClassCondition)

   ReactiveManagementContextAutoConfiguration:
      Did not match:
         - @ConditionalOnWebApplication did not find reactive web application classes (OnWebApplicationCondition)

   ReactiveManagementWebSecurityAutoConfiguration:
      Did not match:
         - @ConditionalOnClass did not find required class 'org.springframework.security.config.annotation.web.reactive.EnableWebFluxSecurity' (OnClassCondition)

   ReactiveMultipartAutoConfiguration:
      Did not match:
         - @ConditionalOnClass did not find required class 'org.springframework.web.reactive.config.WebFluxConfigurer' (OnClassCondition)

   ReactiveOAuth2ClientAutoConfiguration:
      Did not match:
         - @ConditionalOnClass did not find required class 'org.springframework.security.config.annotation.web.reactive.EnableWebFluxSecurity' (OnClassCondition)

   ReactiveOAuth2ResourceServerAutoConfiguration:
      Did not match:
         - @ConditionalOnClass did not find required class 'org.springframework.security.config.annotation.web.reactive.EnableWebFluxSecurity' (OnClassCondition)

   ReactiveSecurityAutoConfiguration:
      Did not match:
         - @ConditionalOnClass did not find required class 'org.springframework.security.config.annotation.web.reactive.EnableWebFluxSecurity' (OnClassCondition)

   ReactiveUserDetailsServiceAutoConfiguration:
      Did not match:
         - @ConditionalOnClass did not find required class 'org.springframework.security.authentication.ReactiveAuthenticationManager' (OnClassCondition)

   ReactiveWebServerFactoryAutoConfiguration:
      Did not match:
         - @ConditionalOnWebApplication did not find reactive web application classes (OnWebApplicationCondition)

   RedisAutoConfiguration#redisTemplate:
      Did not match:
         - @ConditionalOnMissingBean (names: redisTemplate; SearchStrategy: all) found beans named redisTemplate (OnBeanCondition)

   RedisAutoConfiguration#stringRedisTemplate:
      Did not match:
         - @ConditionalOnMissingBean (types: org.springframework.data.redis.core.StringRedisTemplate; SearchStrategy: all) found beans of type 'org.springframework.data.redis.core.StringRedisTemplate' stringRedisTemplate (OnBeanCondition)

   RedisHealthContributorAutoConfiguration#redisHealthContributor:
      Did not match:
         - @ConditionalOnMissingBean (names: redisHealthIndicator,redisHealthContributor; SearchStrategy: all) found beans named redisHealthContributor (OnBeanCondition)

   RedissonAutoConfiguration#redisson:
      Did not match:
         - @ConditionalOnMissingBean (types: org.redisson.api.RedissonClient; SearchStrategy: all) found beans of type 'org.redisson.api.RedissonClient' redissonClient (OnBeanCondition)

   RedissonAutoConfiguration#stringRedisTemplate:
      Did not match:
         - @ConditionalOnMissingBean (types: org.springframework.data.redis.core.StringRedisTemplate; SearchStrategy: all) found beans of type 'org.springframework.data.redis.core.StringRedisTemplate' stringRedisTemplate (OnBeanCondition)

   RedissonCacheStatisticsAutoConfiguration:
      Did not match:
         - @ConditionalOnBean (types: org.springframework.cache.CacheManager; SearchStrategy: all) did not find any beans of type org.springframework.cache.CacheManager (OnBeanCondition)
      Matched:
         - @ConditionalOnClass found required classes 'org.springframework.boot.actuate.metrics.cache.CacheMeterBinderProvider', 'org.redisson.spring.cache.RedissonCache' (OnClassCondition)

   RepositoryRestMvcAutoConfiguration:
      Did not match:
         - @ConditionalOnClass did not find required class 'org.springframework.data.rest.webmvc.config.RepositoryRestMvcConfiguration' (OnClassCondition)

   Saml2RelyingPartyAutoConfiguration:
      Did not match:
         - @ConditionalOnClass did not find required class 'org.springframework.security.saml2.provider.service.registration.RelyingPartyRegistrationRepository' (OnClassCondition)

   ScheduledTasksEndpointAutoConfiguration:
      Did not match:
         - @ConditionalOnAvailableEndpoint no 'management.endpoints' property marked it as exposed (OnAvailableEndpointCondition)

   SecurityAutoConfiguration:
      Did not match:
         - @ConditionalOnClass did not find required class 'org.springframework.security.authentication.DefaultAuthenticationEventPublisher' (OnClassCondition)

   SecurityFilterAutoConfiguration:
      Did not match:
         - @ConditionalOnClass did not find required class 'org.springframework.security.config.http.SessionCreationPolicy' (OnClassCondition)

   SecurityRequestMatchersManagementContextConfiguration:
      Did not match:
         - @ConditionalOnClass did not find required class 'org.springframework.security.web.util.matcher.RequestMatcher' (OnClassCondition)

   SendGridAutoConfiguration:
      Did not match:
         - @ConditionalOnClass did not find required class 'com.sendgrid.SendGrid' (OnClassCondition)

   ServletEndpointManagementContextConfiguration.JerseyServletEndpointManagementContextConfiguration:
      Did not match:
         - @ConditionalOnClass did not find required class 'org.glassfish.jersey.server.ResourceConfig' (OnClassCondition)

   ServletManagementContextAutoConfiguration.ApplicationContextFilterConfiguration:
      Did not match:
         - @ConditionalOnProperty (management.server.add-application-context-header=true) did not find property 'add-application-context-header' (OnPropertyCondition)

   ServletWebServerFactoryAutoConfiguration.ForwardedHeaderFilterConfiguration:
      Did not match:
         - @ConditionalOnProperty (server.forward-headers-strategy=framework) did not find property 'server.forward-headers-strategy' (OnPropertyCondition)

   ServletWebServerFactoryConfiguration.EmbeddedJetty:
      Did not match:
         - @ConditionalOnClass did not find required classes 'org.eclipse.jetty.server.Server', 'org.eclipse.jetty.util.Loader', 'org.eclipse.jetty.webapp.WebAppContext' (OnClassCondition)

   ServletWebServerFactoryConfiguration.EmbeddedUndertow:
      Did not match:
         - @ConditionalOnClass did not find required classes 'io.undertow.Undertow', 'org.xnio.SslClientAuthMode' (OnClassCondition)

   SessionAutoConfiguration:
      Did not match:
         - @ConditionalOnClass did not find required class 'org.springframework.session.Session' (OnClassCondition)

   SessionsEndpointAutoConfiguration:
      Did not match:
         - @ConditionalOnClass did not find required class 'org.springframework.session.FindByIndexNameSessionRepository' (OnClassCondition)

   ShutdownEndpointAutoConfiguration:
      Did not match:
         - @ConditionalOnAvailableEndpoint no property management.endpoint.shutdown.enabled found so using endpoint default of false (OnAvailableEndpointCondition)

   SignalFxMetricsExportAutoConfiguration:
      Did not match:
         - @ConditionalOnClass did not find required class 'io.micrometer.signalfx.SignalFxMeterRegistry' (OnClassCondition)

   SolrAutoConfiguration:
      Did not match:
         - @ConditionalOnClass did not find required class 'org.apache.solr.client.solrj.impl.CloudSolrClient' (OnClassCondition)

   SolrHealthContributorAutoConfiguration:
      Did not match:
         - @ConditionalOnClass did not find required class 'org.apache.solr.client.solrj.SolrClient' (OnClassCondition)

   SpringApplicationAdminJmxAutoConfiguration:
      Did not match:
         - @ConditionalOnProperty (spring.application.admin.enabled=true) did not find property 'enabled' (OnPropertyCondition)

   SpringDocConfiguration#propertiesResolverForSchema:
      Did not match:
         - @ConditionalOnProperty (springdoc.api-docs.resolve-schema-properties) did not find property 'springdoc.api-docs.resolve-schema-properties' (OnPropertyCondition)

   SpringDocConfiguration#propertyCustomizingConverter:
      Did not match:
         - @ConditionalOnBean (types: org.springdoc.core.customizers.PropertyCustomizer; SearchStrategy: all) did not find any beans of type org.springdoc.core.customizers.PropertyCustomizer (OnBeanCondition)

   SpringDocConfiguration#springdocBeanFactoryPostProcessor2:
      Did not match:
         - @ConditionalOnMissingClass found unwanted class 'org.springframework.boot.context.properties.bind.BindResult' (OnClassCondition)

   SpringDocConfiguration.SpringDocActuatorConfiguration:
      Did not match:
         - @ConditionalOnProperty (springdoc.show-actuator) did not find property 'springdoc.show-actuator' (OnPropertyCondition)
      Matched:
         - @ConditionalOnClass found required class 'org.springframework.boot.actuate.autoconfigure.endpoint.web.WebEndpointProperties' (OnClassCondition)

   SpringDocConfiguration.SpringDocFunctionCatalogConfiguration:
      Did not match:
         - @ConditionalOnClass did not find required class 'org.springframework.cloud.function.web.function.FunctionEndpointInitializer' (OnClassCondition)

   SpringDocConfiguration.SpringDocPageableConfiguration#delegatingMethodParameterCustomizer:
      Did not match:
         - @ConditionalOnMissingBean (types: org.springdoc.core.customizers.DelegatingMethodParameterCustomizer; SearchStrategy: all) found beans of type 'org.springdoc.core.customizers.DelegatingMethodParameterCustomizer' delegatingMethodParameterCustomizer (OnBeanCondition)

   SpringDocConfiguration.SpringDocRepositoryRestConfiguration:
      Did not match:
         - @ConditionalOnClass did not find required class 'org.springframework.data.rest.core.config.RepositoryRestConfiguration' (OnClassCondition)

   SpringDocWebMvcConfiguration.SpringDocWebMvcActuatorConfiguration#actuatorProvider:
      Did not match:
         - @ConditionalOnExpression (#{${springdoc.show-actuator:false} or ${springdoc.use-management-port:false}}) resulted in false (OnExpressionCondition)

   SpringDocWebMvcConfiguration.SpringDocWebMvcActuatorConfiguration#openApiActuatorResource:
      Did not match:
         - @ConditionalOnProperty (springdoc.use-management-port) did not find property 'springdoc.use-management-port' (OnPropertyCondition)

   StackdriverMetricsExportAutoConfiguration:
      Did not match:
         - @ConditionalOnClass did not find required class 'io.micrometer.stackdriver.StackdriverMeterRegistry' (OnClassCondition)

   StartupEndpointAutoConfiguration:
      Did not match:
         - ApplicationStartup configured applicationStartup is of type class org.springframework.core.metrics.DefaultApplicationStartup, expected BufferingApplicationStartup. (StartupEndpointAutoConfiguration.ApplicationStartupCondition)

   StatsdMetricsExportAutoConfiguration:
      Did not match:
         - @ConditionalOnClass did not find required class 'io.micrometer.statsd.StatsdMeterRegistry' (OnClassCondition)

   SwaggerConfig#springWebProvider:
      Did not match:
         - @ConditionalOnMissingBean (types: org.springdoc.core.providers.SpringWebProvider; SearchStrategy: all) found beans of type 'org.springdoc.core.providers.SpringWebProvider' springWebProvider (OnBeanCondition)

   SwaggerConfig#swaggerUiConfigParameters:
      Did not match:
         - @ConditionalOnMissingBean (types: org.springdoc.core.SwaggerUiConfigParameters; SearchStrategy: all) found beans of type 'org.springdoc.core.SwaggerUiConfigParameters' org.springdoc.core.SwaggerUiConfigParameters (OnBeanCondition)

   SwaggerConfig#swaggerUiHome:
      Did not match:
         - @ConditionalOnProperty (springdoc.swagger-ui.use-root-path=true) did not find property 'springdoc.swagger-ui.use-root-path' (OnPropertyCondition)

   SwaggerConfig.SwaggerActuatorWelcomeConfiguration:
      Did not match:
         - @ConditionalOnProperty (springdoc.use-management-port) did not find property 'springdoc.use-management-port' (OnPropertyCondition)
      Matched:
         - @ConditionalOnClass found required class 'org.springframework.boot.actuate.endpoint.web.servlet.WebMvcEndpointHandlerMapping' (OnClassCondition)

   ThreadDumpEndpointAutoConfiguration:
      Did not match:
         - @ConditionalOnAvailableEndpoint no 'management.endpoints' property marked it as exposed (OnAvailableEndpointCondition)

   ThymeleafAutoConfiguration:
      Did not match:
         - @ConditionalOnClass did not find required class 'org.thymeleaf.spring5.SpringTemplateEngine' (OnClassCondition)

   TransactionAutoConfiguration#transactionalOperator:
      Did not match:
         - @ConditionalOnSingleCandidate (types: org.springframework.transaction.ReactiveTransactionManager; SearchStrategy: all) did not find any beans (OnBeanCondition)

   TransactionAutoConfiguration.AspectJTransactionManagementConfiguration:
      Did not match:
         - @ConditionalOnBean did not find required type 'org.springframework.transaction.aspectj.AbstractTransactionAspect' (OnBeanCondition)
         - @ConditionalOnBean (types: org.springframework.transaction.aspectj.AbstractTransactionAspect; SearchStrategy: all) did not find any beans of type org.springframework.transaction.aspectj.AbstractTransactionAspect (OnBeanCondition)

   TransactionAutoConfiguration.EnableTransactionManagementConfiguration:
      Did not match:
         - @ConditionalOnMissingBean (types: org.springframework.transaction.annotation.AbstractTransactionManagementConfiguration; SearchStrategy: all) found beans of type 'org.springframework.transaction.annotation.AbstractTransactionManagementConfiguration' org.springframework.transaction.annotation.ProxyTransactionManagementConfiguration (OnBeanCondition)

   TransactionAutoConfiguration.EnableTransactionManagementConfiguration.CglibAutoProxyConfiguration:
      Did not match:
         - Ancestor org.springframework.boot.autoconfigure.transaction.TransactionAutoConfiguration$EnableTransactionManagementConfiguration did not match (ConditionEvaluationReport.AncestorsMatchedCondition)
      Matched:
         - @ConditionalOnProperty (spring.aop.proxy-target-class=true) matched (OnPropertyCondition)

   TransactionAutoConfiguration.EnableTransactionManagementConfiguration.JdkDynamicAutoProxyConfiguration:
      Did not match:
         - @ConditionalOnProperty (spring.aop.proxy-target-class=false) did not find property 'proxy-target-class' (OnPropertyCondition)
         - Ancestor org.springframework.boot.autoconfigure.transaction.TransactionAutoConfiguration$EnableTransactionManagementConfiguration did not match (ConditionEvaluationReport.AncestorsMatchedCondition)

   UserDetailsServiceAutoConfiguration:
      Did not match:
         - @ConditionalOnClass did not find required class 'org.springframework.security.authentication.AuthenticationManager' (OnClassCondition)

   WavefrontMetricsExportAutoConfiguration:
      Did not match:
         - @ConditionalOnClass did not find required class 'com.wavefront.sdk.common.WavefrontSender' (OnClassCondition)

   WebClientAutoConfiguration:
      Did not match:
         - @ConditionalOnClass did not find required class 'org.springframework.web.reactive.function.client.WebClient' (OnClassCondition)

   WebClientMetricsConfiguration:
      Did not match:
         - @ConditionalOnClass did not find required class 'org.springframework.web.reactive.function.client.WebClient' (OnClassCondition)

   WebFluxAutoConfiguration:
      Did not match:
         - @ConditionalOnClass did not find required class 'org.springframework.web.reactive.config.WebFluxConfigurer' (OnClassCondition)

   WebFluxEndpointManagementContextConfiguration:
      Did not match:
         - @ConditionalOnClass did not find required class 'org.springframework.web.reactive.DispatcherHandler' (OnClassCondition)

   WebFluxMetricsAutoConfiguration:
      Did not match:
         - @ConditionalOnWebApplication did not find reactive web application classes (OnWebApplicationCondition)

   WebMvcAutoConfiguration#hiddenHttpMethodFilter:
      Did not match:
         - @ConditionalOnProperty (spring.mvc.hiddenmethod.filter.enabled) did not find property 'enabled' (OnPropertyCondition)

   WebMvcAutoConfiguration.WebMvcAutoConfigurationAdapter#beanNameViewResolver:
      Did not match:
         - @ConditionalOnMissingBean (types: org.springframework.web.servlet.view.BeanNameViewResolver; SearchStrategy: all) found beans of type 'org.springframework.web.servlet.view.BeanNameViewResolver' beanNameViewResolver (OnBeanCondition)

   WebMvcEndpointManagementContextConfiguration#managementHealthEndpointWebMvcHandlerMapping:
      Did not match:
         - Management Port actual port type (SAME) did not match required type (DIFFERENT) (OnManagementPortCondition)

   WebServiceTemplateAutoConfiguration:
      Did not match:
         - @ConditionalOnClass did not find required class 'org.springframework.ws.client.core.WebServiceTemplate' (OnClassCondition)

   WebServicesAutoConfiguration:
      Did not match:
         - @ConditionalOnClass did not find required class 'org.springframework.ws.transport.http.MessageDispatcherServlet' (OnClassCondition)

   WebSessionIdResolverAutoConfiguration:
      Did not match:
         - @ConditionalOnWebApplication did not find reactive web application classes (OnWebApplicationCondition)

   WebSocketMessagingAutoConfiguration:
      Did not match:
         - @ConditionalOnClass did not find required class 'org.springframework.web.socket.config.annotation.WebSocketMessageBrokerConfigurer' (OnClassCondition)

   WebSocketReactiveAutoConfiguration:
      Did not match:
         - @ConditionalOnWebApplication did not find reactive web application classes (OnWebApplicationCondition)

   WebSocketServletAutoConfiguration.Jetty10WebSocketConfiguration:
      Did not match:
         - @ConditionalOnClass did not find required classes 'org.eclipse.jetty.websocket.javax.server.internal.JavaxWebSocketServerContainer', 'org.eclipse.jetty.websocket.server.JettyWebSocketServerContainer' (OnClassCondition)

   WebSocketServletAutoConfiguration.JettyWebSocketConfiguration:
      Did not match:
         - @ConditionalOnClass did not find required class 'org.eclipse.jetty.websocket.jsr356.server.deploy.WebSocketServerContainerInitializer' (OnClassCondition)

   WebSocketServletAutoConfiguration.UndertowWebSocketConfiguration:
      Did not match:
         - @ConditionalOnClass did not find required class 'io.undertow.websockets.jsr.Bootstrap' (OnClassCondition)

   XADataSourceAutoConfiguration:
      Did not match:
         - @ConditionalOnClass did not find required class 'javax.transaction.TransactionManager' (OnClassCondition)


Exclusions:
-----------

    None


Unconditional classes:
----------------------

    org.springframework.boot.autoconfigure.context.ConfigurationPropertiesAutoConfiguration

    org.springframework.boot.actuate.autoconfigure.availability.AvailabilityHealthContributorAutoConfiguration

    org.springframework.boot.actuate.autoconfigure.info.InfoContributorAutoConfiguration

    org.springframework.boot.autoconfigure.context.PropertyPlaceholderAutoConfiguration

    org.springframework.boot.autoconfigure.context.LifecycleAutoConfiguration

    org.springframework.boot.actuate.autoconfigure.metrics.integration.IntegrationMetricsAutoConfiguration

    org.springframework.boot.actuate.autoconfigure.endpoint.EndpointAutoConfiguration

    org.springframework.boot.actuate.autoconfigure.web.server.ManagementContextAutoConfiguration

    org.springframework.boot.actuate.autoconfigure.health.HealthContributorAutoConfiguration

    cn.hutool.extra.spring.SpringUtil

    org.springframework.boot.autoconfigure.availability.ApplicationAvailabilityAutoConfiguration

    org.springframework.boot.autoconfigure.info.ProjectInfoAutoConfiguration



2026-07-21 15:27:22.329  INFO 112356 --- [           main] c.e.f.FishingReservationApplication      : Started FishingReservationApplication in 28.337 seconds (JVM running for 28.816)
2026-07-21 15:27:22.643 DEBUG 112356 --- [           main] o.s.b.a.ApplicationAvailabilityBean      : Application availability state LivenessState changed to CORRECT
2026-07-21 15:27:22.651 DEBUG 112356 --- [           main] o.s.jdbc.core.JdbcTemplate               : Executing SQL statement [ALTER TABLE shop_order_items MODIFY product_id BIGINT DEFAULT NULL]
2026-07-21 15:27:22.687  INFO 112356 --- [           main] com.zaxxer.hikari.HikariDataSource       : HikariPool-1 - Starting...
2026-07-21 15:27:23.278  INFO 112356 --- [           main] com.zaxxer.hikari.HikariDataSource       : HikariPool-1 - Start completed.
2026-07-21 15:27:23.339 DEBUG 112356 --- [           main] o.s.jdbc.core.JdbcTemplate               : Executing SQL statement [ALTER TABLE shop_order_items MODIFY unit_price INT DEFAULT NULL]
2026-07-21 15:27:23.349 DEBUG 112356 --- [           main] o.s.jdbc.core.JdbcTemplate               : Executing SQL statement [ALTER TABLE shop_order_items MODIFY subtotal INT DEFAULT NULL]
2026-07-21 15:27:23.361 DEBUG 112356 --- [           main] o.s.jdbc.core.JdbcTemplate               : Executing prepared SQL query
2026-07-21 15:27:23.362 DEBUG 112356 --- [           main] o.s.jdbc.core.JdbcTemplate               : Executing prepared SQL statement [SELECT id FROM sys_user WHERE phone = ? LIMIT 1]
2026-07-21 15:27:23.462 DEBUG 112356 --- [           main] o.s.jdbc.core.JdbcTemplate               : Executing prepared SQL update
2026-07-21 15:27:23.463 DEBUG 112356 --- [           main] o.s.jdbc.core.JdbcTemplate               : Executing prepared SQL statement [UPDATE sys_user SET nickname = ?, role = ?, status = 1 WHERE id = ?]
2026-07-21 15:27:23.469 DEBUG 112356 --- [           main] o.s.jdbc.core.JdbcTemplate               : Executing prepared SQL query
2026-07-21 15:27:23.470 DEBUG 112356 --- [           main] o.s.jdbc.core.JdbcTemplate               : Executing prepared SQL statement [SELECT id FROM sys_user WHERE phone = ? LIMIT 1]
2026-07-21 15:27:23.473 DEBUG 112356 --- [           main] o.s.jdbc.core.JdbcTemplate               : Executing prepared SQL update
2026-07-21 15:27:23.473 DEBUG 112356 --- [           main] o.s.jdbc.core.JdbcTemplate               : Executing prepared SQL statement [UPDATE sys_user SET nickname = ?, role = ?, status = 1 WHERE id = ?]
2026-07-21 15:27:23.475 DEBUG 112356 --- [           main] o.s.jdbc.core.JdbcTemplate               : Executing prepared SQL query
2026-07-21 15:27:23.476 DEBUG 112356 --- [           main] o.s.jdbc.core.JdbcTemplate               : Executing prepared SQL statement [SELECT id FROM pond WHERE name = ? LIMIT 1]
2026-07-21 15:27:23.479 DEBUG 112356 --- [           main] o.s.jdbc.core.JdbcTemplate               : Executing prepared SQL update
2026-07-21 15:27:23.479 DEBUG 112356 --- [           main] o.s.jdbc.core.JdbcTemplate               : Executing prepared SQL statement [UPDATE pond SET merchant_id = ?, status = 1, category = ?, address = ?, phone = ?, cover_image = ?, floor_plan_url = ?, update_time = ? WHERE id = ?]
2026-07-21 15:27:23.488 DEBUG 112356 --- [           main] o.s.jdbc.core.JdbcTemplate               : Executing prepared SQL query
2026-07-21 15:27:23.491 DEBUG 112356 --- [           main] o.s.jdbc.core.JdbcTemplate               : Executing prepared SQL statement [SELECT id FROM pond WHERE name = ? LIMIT 1]
2026-07-21 15:27:23.493 DEBUG 112356 --- [           main] o.s.jdbc.core.JdbcTemplate               : Executing prepared SQL update
2026-07-21 15:27:23.493 DEBUG 112356 --- [           main] o.s.jdbc.core.JdbcTemplate               : Executing prepared SQL statement [UPDATE pond SET merchant_id = ?, status = 1, category = ?, address = ?, phone = ?, cover_image = ?, floor_plan_url = ?, update_time = ? WHERE id = ?]
2026-07-21 15:27:23.496 DEBUG 112356 --- [           main] o.s.jdbc.core.JdbcTemplate               : Executing prepared SQL query
2026-07-21 15:27:23.498 DEBUG 112356 --- [           main] o.s.jdbc.core.JdbcTemplate               : Executing prepared SQL statement [SELECT id FROM pond WHERE name = ? LIMIT 1]
2026-07-21 15:27:23.501 DEBUG 112356 --- [           main] o.s.jdbc.core.JdbcTemplate               : Executing prepared SQL update
2026-07-21 15:27:23.501 DEBUG 112356 --- [           main] o.s.jdbc.core.JdbcTemplate               : Executing prepared SQL statement [UPDATE pond SET merchant_id = ?, status = 1, category = ?, address = ?, phone = ?, cover_image = ?, floor_plan_url = ?, update_time = ? WHERE id = ?]
2026-07-21 15:27:23.507 DEBUG 112356 --- [           main] o.s.jdbc.core.JdbcTemplate               : Executing prepared SQL query
2026-07-21 15:27:23.507 DEBUG 112356 --- [           main] o.s.jdbc.core.JdbcTemplate               : Executing prepared SQL statement [SELECT id FROM fishing_spot WHERE pond_id = ? AND spot_code = ? LIMIT 1]
2026-07-21 15:27:23.510 DEBUG 112356 --- [           main] o.s.jdbc.core.JdbcTemplate               : Executing prepared SQL update
2026-07-21 15:27:23.511 DEBUG 112356 --- [           main] o.s.jdbc.core.JdbcTemplate               : Executing prepared SQL statement [INSERT INTO fishing_spot (spot_code, status, pond_id, coordinate_x, coordinate_y) VALUES (?, ?, ?, ?, ?)]
2026-07-21 15:27:23.515 DEBUG 112356 --- [           main] o.s.jdbc.core.JdbcTemplate               : Executing prepared SQL query
2026-07-21 15:27:23.517 DEBUG 112356 --- [           main] o.s.jdbc.core.JdbcTemplate               : Executing prepared SQL statement [SELECT id FROM fishing_spot WHERE pond_id = ? AND spot_code = ? LIMIT 1]
2026-07-21 15:27:23.519 DEBUG 112356 --- [           main] o.s.jdbc.core.JdbcTemplate               : Executing prepared SQL update
2026-07-21 15:27:23.519 DEBUG 112356 --- [           main] o.s.jdbc.core.JdbcTemplate               : Executing prepared SQL statement [INSERT INTO fishing_spot (spot_code, status, pond_id, coordinate_x, coordinate_y) VALUES (?, ?, ?, ?, ?)]
2026-07-21 15:27:23.523 DEBUG 112356 --- [           main] o.s.jdbc.core.JdbcTemplate               : Executing prepared SQL query
2026-07-21 15:27:23.525 DEBUG 112356 --- [           main] o.s.jdbc.core.JdbcTemplate               : Executing prepared SQL statement [SELECT id FROM fishing_spot WHERE pond_id = ? AND spot_code = ? LIMIT 1]
2026-07-21 15:27:23.527 DEBUG 112356 --- [           main] o.s.jdbc.core.JdbcTemplate               : Executing prepared SQL update
2026-07-21 15:27:23.528 DEBUG 112356 --- [           main] o.s.jdbc.core.JdbcTemplate               : Executing prepared SQL statement [INSERT INTO fishing_spot (spot_code, status, pond_id, coordinate_x, coordinate_y) VALUES (?, ?, ?, ?, ?)]
2026-07-21 15:27:23.531 DEBUG 112356 --- [           main] o.s.jdbc.core.JdbcTemplate               : Executing prepared SQL query
2026-07-21 15:27:23.532 DEBUG 112356 --- [           main] o.s.jdbc.core.JdbcTemplate               : Executing prepared SQL statement [SELECT id FROM fishing_spot WHERE pond_id = ? AND spot_code = ? LIMIT 1]
2026-07-21 15:27:23.535 DEBUG 112356 --- [           main] o.s.jdbc.core.JdbcTemplate               : Executing prepared SQL update
2026-07-21 15:27:23.536 DEBUG 112356 --- [           main] o.s.jdbc.core.JdbcTemplate               : Executing prepared SQL statement [INSERT INTO fishing_spot (spot_code, status, pond_id, coordinate_x, coordinate_y) VALUES (?, ?, ?, ?, ?)]
2026-07-21 15:27:23.540 DEBUG 112356 --- [           main] o.s.jdbc.core.JdbcTemplate               : Executing prepared SQL query
2026-07-21 15:27:23.541 DEBUG 112356 --- [           main] o.s.jdbc.core.JdbcTemplate               : Executing prepared SQL statement [SELECT id FROM fishing_spot WHERE pond_id = ? AND spot_code = ? LIMIT 1]
2026-07-21 15:27:23.541 DEBUG 112356 --- [           main] o.s.jdbc.core.JdbcTemplate               : Executing prepared SQL update
2026-07-21 15:27:23.543 DEBUG 112356 --- [           main] o.s.jdbc.core.JdbcTemplate               : Executing prepared SQL statement [INSERT INTO fishing_spot (spot_code, status, pond_id, coordinate_x, coordinate_y) VALUES (?, ?, ?, ?, ?)]
2026-07-21 15:27:23.547 DEBUG 112356 --- [           main] o.s.jdbc.core.JdbcTemplate               : Executing prepared SQL query
2026-07-21 15:27:23.548 DEBUG 112356 --- [           main] o.s.jdbc.core.JdbcTemplate               : Executing prepared SQL statement [SELECT id FROM fishing_spot WHERE pond_id = ? AND spot_code = ? LIMIT 1]
2026-07-21 15:27:23.550 DEBUG 112356 --- [           main] o.s.jdbc.core.JdbcTemplate               : Executing prepared SQL update
2026-07-21 15:27:23.550 DEBUG 112356 --- [           main] o.s.jdbc.core.JdbcTemplate               : Executing prepared SQL statement [INSERT INTO fishing_spot (spot_code, status, pond_id, coordinate_x, coordinate_y) VALUES (?, ?, ?, ?, ?)]
2026-07-21 15:27:23.555 DEBUG 112356 --- [           main] o.s.jdbc.core.JdbcTemplate               : Executing prepared SQL query
2026-07-21 15:27:23.555 DEBUG 112356 --- [           main] o.s.jdbc.core.JdbcTemplate               : Executing prepared SQL statement [SELECT id FROM fishing_spot WHERE pond_id = ? AND spot_code = ? LIMIT 1]
2026-07-21 15:27:23.558 DEBUG 112356 --- [           main] o.s.jdbc.core.JdbcTemplate               : Executing prepared SQL update
2026-07-21 15:27:23.558 DEBUG 112356 --- [           main] o.s.jdbc.core.JdbcTemplate               : Executing prepared SQL statement [INSERT INTO fishing_spot (spot_code, status, pond_id, coordinate_x, coordinate_y) VALUES (?, ?, ?, ?, ?)]
2026-07-21 15:27:23.562 DEBUG 112356 --- [           main] o.s.jdbc.core.JdbcTemplate               : Executing prepared SQL query
2026-07-21 15:27:23.562 DEBUG 112356 --- [           main] o.s.jdbc.core.JdbcTemplate               : Executing prepared SQL statement [SELECT id FROM fishing_spot WHERE pond_id = ? AND spot_code = ? LIMIT 1]
2026-07-21 15:27:23.563 DEBUG 112356 --- [           main] o.s.jdbc.core.JdbcTemplate               : Executing prepared SQL update
2026-07-21 15:27:23.565 DEBUG 112356 --- [           main] o.s.jdbc.core.JdbcTemplate               : Executing prepared SQL statement [INSERT INTO fishing_spot (spot_code, status, pond_id, coordinate_x, coordinate_y) VALUES (?, ?, ?, ?, ?)]
2026-07-21 15:27:23.569 DEBUG 112356 --- [           main] o.s.jdbc.core.JdbcTemplate               : Executing prepared SQL query
2026-07-21 15:27:23.569 DEBUG 112356 --- [           main] o.s.jdbc.core.JdbcTemplate               : Executing prepared SQL statement [SELECT id FROM fishing_spot WHERE pond_id = ? AND spot_code = ? LIMIT 1]
2026-07-21 15:27:23.572 DEBUG 112356 --- [           main] o.s.jdbc.core.JdbcTemplate               : Executing prepared SQL update
2026-07-21 15:27:23.573 DEBUG 112356 --- [           main] o.s.jdbc.core.JdbcTemplate               : Executing prepared SQL statement [INSERT INTO fishing_spot (spot_code, status, pond_id, coordinate_x, coordinate_y) VALUES (?, ?, ?, ?, ?)]
2026-07-21 15:27:23.577 DEBUG 112356 --- [           main] o.s.jdbc.core.JdbcTemplate               : Executing prepared SQL query
2026-07-21 15:27:23.579 DEBUG 112356 --- [           main] o.s.jdbc.core.JdbcTemplate               : Executing prepared SQL statement [SELECT id FROM fishing_spot WHERE pond_id = ? AND spot_code = ? LIMIT 1]
2026-07-21 15:27:23.581 DEBUG 112356 --- [           main] o.s.jdbc.core.JdbcTemplate               : Executing prepared SQL update
2026-07-21 15:27:23.582 DEBUG 112356 --- [           main] o.s.jdbc.core.JdbcTemplate               : Executing prepared SQL statement [INSERT INTO fishing_spot (spot_code, status, pond_id, coordinate_x, coordinate_y) VALUES (?, ?, ?, ?, ?)]
2026-07-21 15:27:23.585 DEBUG 112356 --- [           main] o.s.jdbc.core.JdbcTemplate               : Executing prepared SQL query
2026-07-21 15:27:23.586 DEBUG 112356 --- [           main] o.s.jdbc.core.JdbcTemplate               : Executing prepared SQL statement [SELECT id FROM fishing_spot WHERE pond_id = ? AND spot_code = ? LIMIT 1]
2026-07-21 15:27:23.588 DEBUG 112356 --- [           main] o.s.jdbc.core.JdbcTemplate               : Executing prepared SQL update
2026-07-21 15:27:23.589 DEBUG 112356 --- [           main] o.s.jdbc.core.JdbcTemplate               : Executing prepared SQL statement [INSERT INTO fishing_spot (spot_code, status, pond_id, coordinate_x, coordinate_y) VALUES (?, ?, ?, ?, ?)]
2026-07-21 15:27:23.593 DEBUG 112356 --- [           main] o.s.jdbc.core.JdbcTemplate               : Executing prepared SQL query
2026-07-21 15:27:23.593 DEBUG 112356 --- [           main] o.s.jdbc.core.JdbcTemplate               : Executing prepared SQL statement [SELECT id FROM fishing_spot WHERE pond_id = ? AND spot_code = ? LIMIT 1]
2026-07-21 15:27:23.596 DEBUG 112356 --- [           main] o.s.jdbc.core.JdbcTemplate               : Executing prepared SQL update
2026-07-21 15:27:23.596 DEBUG 112356 --- [           main] o.s.jdbc.core.JdbcTemplate               : Executing prepared SQL statement [INSERT INTO fishing_spot (spot_code, status, pond_id, coordinate_x, coordinate_y) VALUES (?, ?, ?, ?, ?)]
2026-07-21 15:27:23.599 DEBUG 112356 --- [           main] o.s.jdbc.core.JdbcTemplate               : Executing prepared SQL query
2026-07-21 15:27:23.600 DEBUG 112356 --- [           main] o.s.jdbc.core.JdbcTemplate               : Executing prepared SQL statement [SELECT id FROM fishing_spot WHERE pond_id = ? AND spot_code = ? LIMIT 1]
2026-07-21 15:27:23.604 DEBUG 112356 --- [           main] o.s.jdbc.core.JdbcTemplate               : Executing prepared SQL update
2026-07-21 15:27:23.604 DEBUG 112356 --- [           main] o.s.jdbc.core.JdbcTemplate               : Executing prepared SQL statement [INSERT INTO fishing_spot (spot_code, status, pond_id, coordinate_x, coordinate_y) VALUES (?, ?, ?, ?, ?)]
2026-07-21 15:27:23.607 DEBUG 112356 --- [           main] o.s.jdbc.core.JdbcTemplate               : Executing prepared SQL query
2026-07-21 15:27:23.608 DEBUG 112356 --- [           main] o.s.jdbc.core.JdbcTemplate               : Executing prepared SQL statement [SELECT id FROM fishing_spot WHERE pond_id = ? AND spot_code = ? LIMIT 1]
2026-07-21 15:27:23.609 DEBUG 112356 --- [           main] o.s.jdbc.core.JdbcTemplate               : Executing prepared SQL update
2026-07-21 15:27:23.611 DEBUG 112356 --- [           main] o.s.jdbc.core.JdbcTemplate               : Executing prepared SQL statement [INSERT INTO fishing_spot (spot_code, status, pond_id, coordinate_x, coordinate_y) VALUES (?, ?, ?, ?, ?)]
2026-07-21 15:27:23.614 DEBUG 112356 --- [           main] o.s.jdbc.core.JdbcTemplate               : Executing prepared SQL query
2026-07-21 15:27:23.615 DEBUG 112356 --- [           main] o.s.jdbc.core.JdbcTemplate               : Executing prepared SQL statement [SELECT id FROM fishing_spot WHERE pond_id = ? AND spot_code = ? LIMIT 1]
2026-07-21 15:27:23.617 DEBUG 112356 --- [           main] o.s.jdbc.core.JdbcTemplate               : Executing prepared SQL update
2026-07-21 15:27:23.617 DEBUG 112356 --- [           main] o.s.jdbc.core.JdbcTemplate               : Executing prepared SQL statement [INSERT INTO fishing_spot (spot_code, status, pond_id, coordinate_x, coordinate_y) VALUES (?, ?, ?, ?, ?)]
2026-07-21 15:27:23.620 DEBUG 112356 --- [           main] o.s.jdbc.core.JdbcTemplate               : Executing prepared SQL query
2026-07-21 15:27:23.622 DEBUG 112356 --- [           main] o.s.jdbc.core.JdbcTemplate               : Executing prepared SQL statement [SELECT id FROM fishing_spot WHERE pond_id = ? AND spot_code = ? LIMIT 1]
2026-07-21 15:27:23.625 DEBUG 112356 --- [           main] o.s.jdbc.core.JdbcTemplate               : Executing prepared SQL update
2026-07-21 15:27:23.625 DEBUG 112356 --- [           main] o.s.jdbc.core.JdbcTemplate               : Executing prepared SQL statement [INSERT INTO fishing_spot (spot_code, status, pond_id, coordinate_x, coordinate_y) VALUES (?, ?, ?, ?, ?)]
2026-07-21 15:27:23.628 DEBUG 112356 --- [           main] o.s.jdbc.core.JdbcTemplate               : Executing prepared SQL query
2026-07-21 15:27:23.628 DEBUG 112356 --- [           main] o.s.jdbc.core.JdbcTemplate               : Executing prepared SQL statement [SELECT id FROM fishing_spot WHERE pond_id = ? AND spot_code = ? LIMIT 1]
2026-07-21 15:27:23.630 DEBUG 112356 --- [           main] o.s.jdbc.core.JdbcTemplate               : Executing prepared SQL update
2026-07-21 15:27:23.632 DEBUG 112356 --- [           main] o.s.jdbc.core.JdbcTemplate               : Executing prepared SQL statement [INSERT INTO fishing_spot (spot_code, status, pond_id, coordinate_x, coordinate_y) VALUES (?, ?, ?, ?, ?)]
2026-07-21 15:27:23.637 DEBUG 112356 --- [           main] o.s.jdbc.core.JdbcTemplate               : Executing prepared SQL query
2026-07-21 15:27:23.637 DEBUG 112356 --- [           main] o.s.jdbc.core.JdbcTemplate               : Executing prepared SQL statement [SELECT id FROM fishing_spot WHERE pond_id = ? AND spot_code = ? LIMIT 1]
2026-07-21 15:27:23.638 DEBUG 112356 --- [           main] o.s.jdbc.core.JdbcTemplate               : Executing prepared SQL update
2026-07-21 15:27:23.640 DEBUG 112356 --- [           main] o.s.jdbc.core.JdbcTemplate               : Executing prepared SQL statement [INSERT INTO fishing_spot (spot_code, status, pond_id, coordinate_x, coordinate_y) VALUES (?, ?, ?, ?, ?)]
2026-07-21 15:27:23.642 DEBUG 112356 --- [           main] o.s.jdbc.core.JdbcTemplate               : Executing prepared SQL query
2026-07-21 15:27:23.642 DEBUG 112356 --- [           main] o.s.jdbc.core.JdbcTemplate               : Executing prepared SQL statement [SELECT id FROM fishing_spot WHERE pond_id = ? AND spot_code = ? LIMIT 1]
2026-07-21 15:27:23.646 DEBUG 112356 --- [           main] o.s.jdbc.core.JdbcTemplate               : Executing prepared SQL update
2026-07-21 15:27:23.646 DEBUG 112356 --- [           main] o.s.jdbc.core.JdbcTemplate               : Executing prepared SQL statement [INSERT INTO fishing_spot (spot_code, status, pond_id, coordinate_x, coordinate_y) VALUES (?, ?, ?, ?, ?)]
2026-07-21 15:27:23.649 DEBUG 112356 --- [           main] o.s.jdbc.core.JdbcTemplate               : Executing prepared SQL query
2026-07-21 15:27:23.649 DEBUG 112356 --- [           main] o.s.jdbc.core.JdbcTemplate               : Executing prepared SQL statement [SELECT id FROM fishing_spot WHERE pond_id = ? AND spot_code = ? LIMIT 1]
2026-07-21 15:27:23.651 DEBUG 112356 --- [           main] o.s.jdbc.core.JdbcTemplate               : Executing prepared SQL update
2026-07-21 15:27:23.652 DEBUG 112356 --- [           main] o.s.jdbc.core.JdbcTemplate               : Executing prepared SQL statement [INSERT INTO fishing_spot (spot_code, status, pond_id, coordinate_x, coordinate_y) VALUES (?, ?, ?, ?, ?)]
2026-07-21 15:27:23.655 DEBUG 112356 --- [           main] o.s.jdbc.core.JdbcTemplate               : Executing prepared SQL query
2026-07-21 15:27:23.655 DEBUG 112356 --- [           main] o.s.jdbc.core.JdbcTemplate               : Executing prepared SQL statement [SELECT id FROM fishing_spot WHERE pond_id = ? AND spot_code = ? LIMIT 1]
2026-07-21 15:27:23.657 DEBUG 112356 --- [           main] o.s.jdbc.core.JdbcTemplate               : Executing prepared SQL update
2026-07-21 15:27:23.658 DEBUG 112356 --- [           main] o.s.jdbc.core.JdbcTemplate               : Executing prepared SQL statement [INSERT INTO fishing_spot (spot_code, status, pond_id, coordinate_x, coordinate_y) VALUES (?, ?, ?, ?, ?)]
2026-07-21 15:27:23.662 DEBUG 112356 --- [           main] o.s.jdbc.core.JdbcTemplate               : Executing prepared SQL query
2026-07-21 15:27:23.662 DEBUG 112356 --- [           main] o.s.jdbc.core.JdbcTemplate               : Executing prepared SQL statement [SELECT id FROM fishing_spot WHERE pond_id = ? AND spot_code = ? LIMIT 1]
2026-07-21 15:27:23.664 DEBUG 112356 --- [           main] o.s.jdbc.core.JdbcTemplate               : Executing prepared SQL update
2026-07-21 15:27:23.666 DEBUG 112356 --- [           main] o.s.jdbc.core.JdbcTemplate               : Executing prepared SQL statement [INSERT INTO fishing_spot (spot_code, status, pond_id, coordinate_x, coordinate_y) VALUES (?, ?, ?, ?, ?)]
2026-07-21 15:27:23.669 DEBUG 112356 --- [           main] o.s.jdbc.core.JdbcTemplate               : Executing prepared SQL query
2026-07-21 15:27:23.669 DEBUG 112356 --- [           main] o.s.jdbc.core.JdbcTemplate               : Executing prepared SQL statement [SELECT id FROM fishing_spot WHERE pond_id = ? AND spot_code = ? LIMIT 1]
2026-07-21 15:27:23.671 DEBUG 112356 --- [           main] o.s.jdbc.core.JdbcTemplate               : Executing prepared SQL update
2026-07-21 15:27:23.672 DEBUG 112356 --- [           main] o.s.jdbc.core.JdbcTemplate               : Executing prepared SQL statement [INSERT INTO fishing_spot (spot_code, status, pond_id, coordinate_x, coordinate_y) VALUES (?, ?, ?, ?, ?)]
2026-07-21 15:27:23.676 DEBUG 112356 --- [           main] o.s.jdbc.core.JdbcTemplate               : Executing prepared SQL query
2026-07-21 15:27:23.678 DEBUG 112356 --- [           main] o.s.jdbc.core.JdbcTemplate               : Executing prepared SQL statement [SELECT id FROM fishing_spot WHERE pond_id = ? AND spot_code = ? LIMIT 1]
2026-07-21 15:27:23.679 DEBUG 112356 --- [           main] o.s.jdbc.core.JdbcTemplate               : Executing prepared SQL update
2026-07-21 15:27:23.680 DEBUG 112356 --- [           main] o.s.jdbc.core.JdbcTemplate               : Executing prepared SQL statement [INSERT INTO fishing_spot (spot_code, status, pond_id, coordinate_x, coordinate_y) VALUES (?, ?, ?, ?, ?)]
2026-07-21 15:27:23.683 DEBUG 112356 --- [           main] o.s.jdbc.core.JdbcTemplate               : Executing prepared SQL query
2026-07-21 15:27:23.683 DEBUG 112356 --- [           main] o.s.jdbc.core.JdbcTemplate               : Executing prepared SQL statement [SELECT id FROM fishing_spot WHERE pond_id = ? AND spot_code = ? LIMIT 1]
2026-07-21 15:27:23.684 DEBUG 112356 --- [           main] o.s.jdbc.core.JdbcTemplate               : Executing prepared SQL update
2026-07-21 15:27:23.686 DEBUG 112356 --- [           main] o.s.jdbc.core.JdbcTemplate               : Executing prepared SQL statement [INSERT INTO fishing_spot (spot_code, status, pond_id, coordinate_x, coordinate_y) VALUES (?, ?, ?, ?, ?)]
2026-07-21 15:27:23.689 DEBUG 112356 --- [           main] o.s.jdbc.core.JdbcTemplate               : Executing prepared SQL query
2026-07-21 15:27:23.691 DEBUG 112356 --- [           main] o.s.jdbc.core.JdbcTemplate               : Executing prepared SQL statement [SELECT id FROM fishing_spot WHERE pond_id = ? AND spot_code = ? LIMIT 1]
2026-07-21 15:27:23.692 DEBUG 112356 --- [           main] o.s.jdbc.core.JdbcTemplate               : Executing prepared SQL update
2026-07-21 15:27:23.696 DEBUG 112356 --- [           main] o.s.jdbc.core.JdbcTemplate               : Executing prepared SQL statement [INSERT INTO fishing_spot (spot_code, status, pond_id, coordinate_x, coordinate_y) VALUES (?, ?, ?, ?, ?)]
2026-07-21 15:27:23.701 DEBUG 112356 --- [           main] o.s.jdbc.core.JdbcTemplate               : Executing prepared SQL query
2026-07-21 15:27:23.701 DEBUG 112356 --- [           main] o.s.jdbc.core.JdbcTemplate               : Executing prepared SQL statement [SELECT id FROM fishing_spot WHERE pond_id = ? AND spot_code = ? LIMIT 1]
2026-07-21 15:27:23.702 DEBUG 112356 --- [           main] o.s.jdbc.core.JdbcTemplate               : Executing prepared SQL update
2026-07-21 15:27:23.704 DEBUG 112356 --- [           main] o.s.jdbc.core.JdbcTemplate               : Executing prepared SQL statement [INSERT INTO fishing_spot (spot_code, status, pond_id, coordinate_x, coordinate_y) VALUES (?, ?, ?, ?, ?)]
2026-07-21 15:27:23.707 DEBUG 112356 --- [           main] o.s.jdbc.core.JdbcTemplate               : Executing prepared SQL query
2026-07-21 15:27:23.708 DEBUG 112356 --- [           main] o.s.jdbc.core.JdbcTemplate               : Executing prepared SQL statement [SELECT id FROM fishing_spot WHERE pond_id = ? AND spot_code = ? LIMIT 1]
2026-07-21 15:27:23.710 DEBUG 112356 --- [           main] o.s.jdbc.core.JdbcTemplate               : Executing prepared SQL update
2026-07-21 15:27:23.712 DEBUG 112356 --- [           main] o.s.jdbc.core.JdbcTemplate               : Executing prepared SQL statement [INSERT INTO fishing_spot (spot_code, status, pond_id, coordinate_x, coordinate_y) VALUES (?, ?, ?, ?, ?)]
2026-07-21 15:27:23.715 DEBUG 112356 --- [           main] o.s.jdbc.core.JdbcTemplate               : Executing prepared SQL query
2026-07-21 15:27:23.716 DEBUG 112356 --- [           main] o.s.jdbc.core.JdbcTemplate               : Executing prepared SQL statement [SELECT id FROM fishing_spot WHERE pond_id = ? AND spot_code = ? LIMIT 1]
2026-07-21 15:27:23.717 DEBUG 112356 --- [           main] o.s.jdbc.core.JdbcTemplate               : Executing prepared SQL update
2026-07-21 15:27:23.718 DEBUG 112356 --- [           main] o.s.jdbc.core.JdbcTemplate               : Executing prepared SQL statement [INSERT INTO fishing_spot (spot_code, status, pond_id, coordinate_x, coordinate_y) VALUES (?, ?, ?, ?, ?)]
2026-07-21 15:27:23.722 DEBUG 112356 --- [           main] o.s.jdbc.core.JdbcTemplate               : Executing prepared SQL query
2026-07-21 15:27:23.723 DEBUG 112356 --- [           main] o.s.jdbc.core.JdbcTemplate               : Executing prepared SQL statement [SELECT id FROM fishing_spot WHERE pond_id = ? AND spot_code = ? LIMIT 1]
2026-07-21 15:27:23.726 DEBUG 112356 --- [           main] o.s.jdbc.core.JdbcTemplate               : Executing prepared SQL update
2026-07-21 15:27:23.727 DEBUG 112356 --- [           main] o.s.jdbc.core.JdbcTemplate               : Executing prepared SQL statement [INSERT INTO fishing_spot (spot_code, status, pond_id, coordinate_x, coordinate_y) VALUES (?, ?, ?, ?, ?)]
2026-07-21 15:27:23.730 DEBUG 112356 --- [           main] o.s.jdbc.core.JdbcTemplate               : Executing prepared SQL query
2026-07-21 15:27:23.731 DEBUG 112356 --- [           main] o.s.jdbc.core.JdbcTemplate               : Executing prepared SQL statement [SELECT id FROM time_slot WHERE pond_id = ? AND slot_date = ? AND slot_name = ? LIMIT 1]
2026-07-21 15:27:23.736 DEBUG 112356 --- [           main] o.s.jdbc.core.JdbcTemplate               : Executing SQL update and returning generated keys
2026-07-21 15:27:23.738 DEBUG 112356 --- [           main] o.s.jdbc.core.JdbcTemplate               : Executing prepared SQL statement
2026-07-21 15:27:23.756 DEBUG 112356 --- [           main] o.s.jdbc.core.JdbcTemplate               : Executing prepared SQL query
2026-07-21 15:27:23.758 DEBUG 112356 --- [           main] o.s.jdbc.core.JdbcTemplate               : Executing prepared SQL statement [SELECT id FROM time_slot WHERE pond_id = ? AND slot_date = ? AND slot_name = ? LIMIT 1]
2026-07-21 15:27:23.761 DEBUG 112356 --- [           main] o.s.jdbc.core.JdbcTemplate               : Executing SQL update and returning generated keys
2026-07-21 15:27:23.762 DEBUG 112356 --- [           main] o.s.jdbc.core.JdbcTemplate               : Executing prepared SQL statement
2026-07-21 15:27:23.769 DEBUG 112356 --- [           main] o.s.jdbc.core.JdbcTemplate               : Executing prepared SQL query
2026-07-21 15:27:23.769 DEBUG 112356 --- [           main] o.s.jdbc.core.JdbcTemplate               : Executing prepared SQL statement [SELECT id FROM time_slot WHERE pond_id = ? AND slot_date = ? AND slot_name = ? LIMIT 1]
2026-07-21 15:27:23.772 DEBUG 112356 --- [           main] o.s.jdbc.core.JdbcTemplate               : Executing SQL update and returning generated keys
2026-07-21 15:27:23.773 DEBUG 112356 --- [           main] o.s.jdbc.core.JdbcTemplate               : Executing prepared SQL statement
2026-07-21 15:27:23.777 DEBUG 112356 --- [           main] o.s.jdbc.core.JdbcTemplate               : Executing prepared SQL query
2026-07-21 15:27:23.777 DEBUG 112356 --- [           main] o.s.jdbc.core.JdbcTemplate               : Executing prepared SQL statement [SELECT id FROM time_slot WHERE pond_id = ? AND slot_date = ? AND slot_name = ? LIMIT 1]
2026-07-21 15:27:23.780 DEBUG 112356 --- [           main] o.s.jdbc.core.JdbcTemplate               : Executing SQL update and returning generated keys
2026-07-21 15:27:23.781 DEBUG 112356 --- [           main] o.s.jdbc.core.JdbcTemplate               : Executing prepared SQL statement
2026-07-21 15:27:23.786 DEBUG 112356 --- [           main] o.s.jdbc.core.JdbcTemplate               : Executing prepared SQL query
2026-07-21 15:27:23.788 DEBUG 112356 --- [           main] o.s.jdbc.core.JdbcTemplate               : Executing prepared SQL statement [SELECT id FROM time_slot WHERE pond_id = ? AND slot_date = ? AND slot_name = ? LIMIT 1]
2026-07-21 15:27:23.792 DEBUG 112356 --- [           main] o.s.jdbc.core.JdbcTemplate               : Executing SQL update and returning generated keys
2026-07-21 15:27:23.792 DEBUG 112356 --- [           main] o.s.jdbc.core.JdbcTemplate               : Executing prepared SQL statement
2026-07-21 15:27:23.799 DEBUG 112356 --- [           main] o.s.jdbc.core.JdbcTemplate               : Executing prepared SQL query
2026-07-21 15:27:23.800 DEBUG 112356 --- [           main] o.s.jdbc.core.JdbcTemplate               : Executing prepared SQL statement [SELECT id FROM time_slot WHERE pond_id = ? AND slot_date = ? AND slot_name = ? LIMIT 1]
2026-07-21 15:27:23.802 DEBUG 112356 --- [           main] o.s.jdbc.core.JdbcTemplate               : Executing SQL update and returning generated keys
2026-07-21 15:27:23.803 DEBUG 112356 --- [           main] o.s.jdbc.core.JdbcTemplate               : Executing prepared SQL statement
2026-07-21 15:27:23.809 DEBUG 112356 --- [           main] o.s.jdbc.core.JdbcTemplate               : Executing prepared SQL query
2026-07-21 15:27:23.810 DEBUG 112356 --- [           main] o.s.jdbc.core.JdbcTemplate               : Executing prepared SQL statement [SELECT id FROM time_slot WHERE pond_id = ? AND slot_date = ? AND slot_name = ? LIMIT 1]
2026-07-21 15:27:23.812 DEBUG 112356 --- [           main] o.s.jdbc.core.JdbcTemplate               : Executing SQL update and returning generated keys
2026-07-21 15:27:23.814 DEBUG 112356 --- [           main] o.s.jdbc.core.JdbcTemplate               : Executing prepared SQL statement
2026-07-21 15:27:23.818 DEBUG 112356 --- [           main] o.s.jdbc.core.JdbcTemplate               : Executing prepared SQL query
2026-07-21 15:27:23.819 DEBUG 112356 --- [           main] o.s.jdbc.core.JdbcTemplate               : Executing prepared SQL statement [SELECT id FROM time_slot WHERE pond_id = ? AND slot_date = ? AND slot_name = ? LIMIT 1]
2026-07-21 15:27:23.820 DEBUG 112356 --- [           main] o.s.jdbc.core.JdbcTemplate               : Executing SQL update and returning generated keys
2026-07-21 15:27:23.821 DEBUG 112356 --- [           main] o.s.jdbc.core.JdbcTemplate               : Executing prepared SQL statement
2026-07-21 15:27:23.826 DEBUG 112356 --- [           main] o.s.jdbc.core.JdbcTemplate               : Executing prepared SQL query
2026-07-21 15:27:23.827 DEBUG 112356 --- [           main] o.s.jdbc.core.JdbcTemplate               : Executing prepared SQL statement [SELECT id FROM time_slot WHERE pond_id = ? AND slot_date = ? AND slot_name = ? LIMIT 1]
2026-07-21 15:27:23.829 DEBUG 112356 --- [           main] o.s.jdbc.core.JdbcTemplate               : Executing SQL update and returning generated keys
2026-07-21 15:27:23.829 DEBUG 112356 --- [           main] o.s.jdbc.core.JdbcTemplate               : Executing prepared SQL statement
2026-07-21 15:27:23.833 DEBUG 112356 --- [           main] o.s.jdbc.core.JdbcTemplate               : Executing prepared SQL query
2026-07-21 15:27:23.834 DEBUG 112356 --- [           main] o.s.jdbc.core.JdbcTemplate               : Executing prepared SQL statement [SELECT id FROM time_slot WHERE pond_id = ? AND slot_date = ? AND slot_name = ? LIMIT 1]
2026-07-21 15:27:23.837 DEBUG 112356 --- [           main] o.s.jdbc.core.JdbcTemplate               : Executing SQL update and returning generated keys
2026-07-21 15:27:23.838 DEBUG 112356 --- [           main] o.s.jdbc.core.JdbcTemplate               : Executing prepared SQL statement
2026-07-21 15:27:23.843 DEBUG 112356 --- [           main] o.s.jdbc.core.JdbcTemplate               : Executing prepared SQL query
2026-07-21 15:27:23.844 DEBUG 112356 --- [           main] o.s.jdbc.core.JdbcTemplate               : Executing prepared SQL statement [SELECT id FROM time_slot WHERE pond_id = ? AND slot_date = ? AND slot_name = ? LIMIT 1]
2026-07-21 15:27:23.846 DEBUG 112356 --- [           main] o.s.jdbc.core.JdbcTemplate               : Executing SQL update and returning generated keys
2026-07-21 15:27:23.847 DEBUG 112356 --- [           main] o.s.jdbc.core.JdbcTemplate               : Executing prepared SQL statement
2026-07-21 15:27:23.852 DEBUG 112356 --- [           main] o.s.jdbc.core.JdbcTemplate               : Executing prepared SQL query
2026-07-21 15:27:23.852 DEBUG 112356 --- [           main] o.s.jdbc.core.JdbcTemplate               : Executing prepared SQL statement [SELECT id FROM time_slot WHERE pond_id = ? AND slot_date = ? AND slot_name = ? LIMIT 1]
2026-07-21 15:27:23.854 DEBUG 112356 --- [           main] o.s.jdbc.core.JdbcTemplate               : Executing SQL update and returning generated keys
2026-07-21 15:27:23.856 DEBUG 112356 --- [           main] o.s.jdbc.core.JdbcTemplate               : Executing prepared SQL statement
2026-07-21 15:27:23.859 DEBUG 112356 --- [           main] o.s.jdbc.core.JdbcTemplate               : Executing prepared SQL query
2026-07-21 15:27:23.860 DEBUG 112356 --- [           main] o.s.jdbc.core.JdbcTemplate               : Executing prepared SQL statement [SELECT id FROM restaurant_menus WHERE pond_id = ? AND name = ? LIMIT 1]
2026-07-21 15:27:23.862 DEBUG 112356 --- [           main] o.s.jdbc.core.JdbcTemplate               : Executing prepared SQL update
2026-07-21 15:27:23.862 DEBUG 112356 --- [           main] o.s.jdbc.core.JdbcTemplate               : Executing prepared SQL statement [INSERT INTO restaurant_menus (pond_id, merchant_id, name, category, price, stock, image_url, description, is_special, status, deleted, create_time, update_time) VALUES (?, ?, ?, ?, ?, ?, ?, ?, ?, 'on', 0, ?, ?)]
2026-07-21 15:27:23.867 DEBUG 112356 --- [           main] o.s.jdbc.core.JdbcTemplate               : Executing prepared SQL query
2026-07-21 15:27:23.867 DEBUG 112356 --- [           main] o.s.jdbc.core.JdbcTemplate               : Executing prepared SQL statement [SELECT id FROM restaurant_menus WHERE pond_id = ? AND name = ? LIMIT 1]
2026-07-21 15:27:23.869 DEBUG 112356 --- [           main] o.s.jdbc.core.JdbcTemplate               : Executing prepared SQL update
2026-07-21 15:27:23.870 DEBUG 112356 --- [           main] o.s.jdbc.core.JdbcTemplate               : Executing prepared SQL statement [INSERT INTO restaurant_menus (pond_id, merchant_id, name, category, price, stock, image_url, description, is_special, status, deleted, create_time, update_time) VALUES (?, ?, ?, ?, ?, ?, ?, ?, ?, 'on', 0, ?, ?)]
2026-07-21 15:27:23.874 DEBUG 112356 --- [           main] o.s.jdbc.core.JdbcTemplate               : Executing prepared SQL query
2026-07-21 15:27:23.874 DEBUG 112356 --- [           main] o.s.jdbc.core.JdbcTemplate               : Executing prepared SQL statement [SELECT id FROM restaurant_menus WHERE pond_id = ? AND name = ? LIMIT 1]
2026-07-21 15:27:23.877 DEBUG 112356 --- [           main] o.s.jdbc.core.JdbcTemplate               : Executing prepared SQL update
2026-07-21 15:27:23.877 DEBUG 112356 --- [           main] o.s.jdbc.core.JdbcTemplate               : Executing prepared SQL statement [INSERT INTO restaurant_menus (pond_id, merchant_id, name, category, price, stock, image_url, description, is_special, status, deleted, create_time, update_time) VALUES (?, ?, ?, ?, ?, ?, ?, ?, ?, 'on', 0, ?, ?)]
2026-07-21 15:27:23.882 DEBUG 112356 --- [           main] o.s.jdbc.core.JdbcTemplate               : Executing prepared SQL query
2026-07-21 15:27:23.884 DEBUG 112356 --- [           main] o.s.jdbc.core.JdbcTemplate               : Executing prepared SQL statement [SELECT id FROM restaurant_menus WHERE pond_id = ? AND name = ? LIMIT 1]
2026-07-21 15:27:23.886 DEBUG 112356 --- [           main] o.s.jdbc.core.JdbcTemplate               : Executing prepared SQL update
2026-07-21 15:27:23.887 DEBUG 112356 --- [           main] o.s.jdbc.core.JdbcTemplate               : Executing prepared SQL statement [INSERT INTO restaurant_menus (pond_id, merchant_id, name, category, price, stock, image_url, description, is_special, status, deleted, create_time, update_time) VALUES (?, ?, ?, ?, ?, ?, ?, ?, ?, 'on', 0, ?, ?)]
2026-07-21 15:27:23.893 DEBUG 112356 --- [           main] o.s.jdbc.core.JdbcTemplate               : Executing prepared SQL query
2026-07-21 15:27:23.893 DEBUG 112356 --- [           main] o.s.jdbc.core.JdbcTemplate               : Executing prepared SQL statement [SELECT id FROM restaurant_menus WHERE pond_id = ? AND name = ? LIMIT 1]
2026-07-21 15:27:23.896 DEBUG 112356 --- [           main] o.s.jdbc.core.JdbcTemplate               : Executing prepared SQL update
2026-07-21 15:27:23.897 DEBUG 112356 --- [           main] o.s.jdbc.core.JdbcTemplate               : Executing prepared SQL statement [INSERT INTO restaurant_menus (pond_id, merchant_id, name, category, price, stock, image_url, description, is_special, status, deleted, create_time, update_time) VALUES (?, ?, ?, ?, ?, ?, ?, ?, ?, 'on', 0, ?, ?)]
2026-07-21 15:27:23.902 DEBUG 112356 --- [           main] o.s.jdbc.core.JdbcTemplate               : Executing prepared SQL query
2026-07-21 15:27:23.903 DEBUG 112356 --- [           main] o.s.jdbc.core.JdbcTemplate               : Executing prepared SQL statement [SELECT id FROM restaurant_menus WHERE pond_id = ? AND name = ? LIMIT 1]
2026-07-21 15:27:23.907 DEBUG 112356 --- [           main] o.s.jdbc.core.JdbcTemplate               : Executing prepared SQL update
2026-07-21 15:27:23.907 DEBUG 112356 --- [           main] o.s.jdbc.core.JdbcTemplate               : Executing prepared SQL statement [INSERT INTO restaurant_menus (pond_id, merchant_id, name, category, price, stock, image_url, description, is_special, status, deleted, create_time, update_time) VALUES (?, ?, ?, ?, ?, ?, ?, ?, ?, 'on', 0, ?, ?)]
2026-07-21 15:27:23.914 DEBUG 112356 --- [           main] o.s.jdbc.core.JdbcTemplate               : Executing prepared SQL query
2026-07-21 15:27:23.915 DEBUG 112356 --- [           main] o.s.jdbc.core.JdbcTemplate               : Executing prepared SQL statement [SELECT id FROM restaurant_menus WHERE pond_id = ? AND name = ? LIMIT 1]
2026-07-21 15:27:23.918 DEBUG 112356 --- [           main] o.s.jdbc.core.JdbcTemplate               : Executing prepared SQL update
2026-07-21 15:27:23.920 DEBUG 112356 --- [           main] o.s.jdbc.core.JdbcTemplate               : Executing prepared SQL statement [INSERT INTO restaurant_menus (pond_id, merchant_id, name, category, price, stock, image_url, description, is_special, status, deleted, create_time, update_time) VALUES (?, ?, ?, ?, ?, ?, ?, ?, ?, 'on', 0, ?, ?)]
2026-07-21 15:27:23.923 DEBUG 112356 --- [           main] o.s.jdbc.core.JdbcTemplate               : Executing prepared SQL query
2026-07-21 15:27:23.924 DEBUG 112356 --- [           main] o.s.jdbc.core.JdbcTemplate               : Executing prepared SQL statement [SELECT id FROM restaurant_menus WHERE pond_id = ? AND name = ? LIMIT 1]
2026-07-21 15:27:23.927 DEBUG 112356 --- [           main] o.s.jdbc.core.JdbcTemplate               : Executing prepared SQL update
2026-07-21 15:27:23.928 DEBUG 112356 --- [           main] o.s.jdbc.core.JdbcTemplate               : Executing prepared SQL statement [INSERT INTO restaurant_menus (pond_id, merchant_id, name, category, price, stock, image_url, description, is_special, status, deleted, create_time, update_time) VALUES (?, ?, ?, ?, ?, ?, ?, ?, ?, 'on', 0, ?, ?)]
2026-07-21 15:27:23.932 DEBUG 112356 --- [           main] o.s.jdbc.core.JdbcTemplate               : Executing prepared SQL query
2026-07-21 15:27:23.934 DEBUG 112356 --- [           main] o.s.jdbc.core.JdbcTemplate               : Executing prepared SQL statement [SELECT id FROM restaurant_menus WHERE pond_id = ? AND name = ? LIMIT 1]
2026-07-21 15:27:23.935 DEBUG 112356 --- [           main] o.s.jdbc.core.JdbcTemplate               : Executing prepared SQL update
2026-07-21 15:27:23.937 DEBUG 112356 --- [           main] o.s.jdbc.core.JdbcTemplate               : Executing prepared SQL statement [INSERT INTO restaurant_menus (pond_id, merchant_id, name, category, price, stock, image_url, description, is_special, status, deleted, create_time, update_time) VALUES (?, ?, ?, ?, ?, ?, ?, ?, ?, 'on', 0, ?, ?)]
2026-07-21 15:27:23.941 DEBUG 112356 --- [           main] o.s.jdbc.core.JdbcTemplate               : Executing prepared SQL query
2026-07-21 15:27:23.942 DEBUG 112356 --- [           main] o.s.jdbc.core.JdbcTemplate               : Executing prepared SQL statement [SELECT id FROM restaurant_menus WHERE pond_id = ? AND name = ? LIMIT 1]
2026-07-21 15:27:23.944 DEBUG 112356 --- [           main] o.s.jdbc.core.JdbcTemplate               : Executing prepared SQL update
2026-07-21 15:27:23.944 DEBUG 112356 --- [           main] o.s.jdbc.core.JdbcTemplate               : Executing prepared SQL statement [INSERT INTO restaurant_menus (pond_id, merchant_id, name, category, price, stock, image_url, description, is_special, status, deleted, create_time, update_time) VALUES (?, ?, ?, ?, ?, ?, ?, ?, ?, 'on', 0, ?, ?)]
2026-07-21 15:27:23.949 DEBUG 112356 --- [           main] o.s.jdbc.core.JdbcTemplate               : Executing prepared SQL query
2026-07-21 15:27:23.950 DEBUG 112356 --- [           main] o.s.jdbc.core.JdbcTemplate               : Executing prepared SQL statement [SELECT id FROM shop_products WHERE name = ? LIMIT 1]
2026-07-21 15:27:23.952 DEBUG 112356 --- [           main] o.s.jdbc.core.JdbcTemplate               : Executing prepared SQL update
2026-07-21 15:27:23.953 DEBUG 112356 --- [           main] o.s.jdbc.core.JdbcTemplate               : Executing prepared SQL statement [INSERT INTO shop_products (pond_id, merchant_id, category, name, price, stock, image_url, description, status, create_time, update_time) VALUES (?, ?, ?, ?, ?, ?, ?, ?, 'on', ?, ?)]
2026-07-21 15:27:23.957 DEBUG 112356 --- [           main] o.s.jdbc.core.JdbcTemplate               : Executing prepared SQL query
2026-07-21 15:27:23.958 DEBUG 112356 --- [           main] o.s.jdbc.core.JdbcTemplate               : Executing prepared SQL statement [SELECT id FROM shop_products WHERE name = ? LIMIT 1]
2026-07-21 15:27:23.961 DEBUG 112356 --- [           main] o.s.jdbc.core.JdbcTemplate               : Executing prepared SQL update
2026-07-21 15:27:23.961 DEBUG 112356 --- [           main] o.s.jdbc.core.JdbcTemplate               : Executing prepared SQL statement [INSERT INTO shop_products (pond_id, merchant_id, category, name, price, stock, image_url, description, status, create_time, update_time) VALUES (?, ?, ?, ?, ?, ?, ?, ?, 'on', ?, ?)]
2026-07-21 15:27:23.965 DEBUG 112356 --- [           main] o.s.jdbc.core.JdbcTemplate               : Executing prepared SQL query
2026-07-21 15:27:23.966 DEBUG 112356 --- [           main] o.s.jdbc.core.JdbcTemplate               : Executing prepared SQL statement [SELECT id FROM shop_products WHERE name = ? LIMIT 1]
2026-07-21 15:27:23.968 DEBUG 112356 --- [           main] o.s.jdbc.core.JdbcTemplate               : Executing prepared SQL update
2026-07-21 15:27:23.970 DEBUG 112356 --- [           main] o.s.jdbc.core.JdbcTemplate               : Executing prepared SQL statement [INSERT INTO shop_products (pond_id, merchant_id, category, name, price, stock, image_url, description, status, create_time, update_time) VALUES (?, ?, ?, ?, ?, ?, ?, ?, 'on', ?, ?)]
2026-07-21 15:27:23.975 DEBUG 112356 --- [           main] o.s.jdbc.core.JdbcTemplate               : Executing prepared SQL query
2026-07-21 15:27:23.976 DEBUG 112356 --- [           main] o.s.jdbc.core.JdbcTemplate               : Executing prepared SQL statement [SELECT id FROM shop_products WHERE name = ? LIMIT 1]
2026-07-21 15:27:23.979 DEBUG 112356 --- [           main] o.s.jdbc.core.JdbcTemplate               : Executing prepared SQL update
2026-07-21 15:27:23.979 DEBUG 112356 --- [           main] o.s.jdbc.core.JdbcTemplate               : Executing prepared SQL statement [INSERT INTO shop_products (pond_id, merchant_id, category, name, price, stock, image_url, description, status, create_time, update_time) VALUES (?, ?, ?, ?, ?, ?, ?, ?, 'on', ?, ?)]
2026-07-21 15:27:23.983 DEBUG 112356 --- [           main] o.s.jdbc.core.JdbcTemplate               : Executing prepared SQL query
2026-07-21 15:27:23.984 DEBUG 112356 --- [           main] o.s.jdbc.core.JdbcTemplate               : Executing prepared SQL statement [SELECT id FROM shop_products WHERE name = ? LIMIT 1]
2026-07-21 15:27:23.986 DEBUG 112356 --- [           main] o.s.jdbc.core.JdbcTemplate               : Executing prepared SQL update
2026-07-21 15:27:23.987 DEBUG 112356 --- [           main] o.s.jdbc.core.JdbcTemplate               : Executing prepared SQL statement [INSERT INTO shop_products (pond_id, merchant_id, category, name, price, stock, image_url, description, status, create_time, update_time) VALUES (?, ?, ?, ?, ?, ?, ?, ?, 'on', ?, ?)]
2026-07-21 15:27:23.996 DEBUG 112356 --- [           main] o.s.jdbc.core.JdbcTemplate               : Executing prepared SQL query
2026-07-21 15:27:23.997 DEBUG 112356 --- [           main] o.s.jdbc.core.JdbcTemplate               : Executing prepared SQL statement [SELECT id FROM shop_products WHERE name = ? LIMIT 1]
2026-07-21 15:27:23.999 DEBUG 112356 --- [           main] o.s.jdbc.core.JdbcTemplate               : Executing prepared SQL update
2026-07-21 15:27:23.999 DEBUG 112356 --- [           main] o.s.jdbc.core.JdbcTemplate               : Executing prepared SQL statement [INSERT INTO shop_products (pond_id, merchant_id, category, name, price, stock, image_url, description, status, create_time, update_time) VALUES (?, ?, ?, ?, ?, ?, ?, ?, 'on', ?, ?)]
2026-07-21 15:27:24.003 DEBUG 112356 --- [           main] o.s.jdbc.core.JdbcTemplate               : Executing prepared SQL query
2026-07-21 15:27:24.003 DEBUG 112356 --- [           main] o.s.jdbc.core.JdbcTemplate               : Executing prepared SQL statement [SELECT id FROM shop_products WHERE name = ? LIMIT 1]
2026-07-21 15:27:24.004 DEBUG 112356 --- [           main] o.s.jdbc.core.JdbcTemplate               : Executing prepared SQL update
2026-07-21 15:27:24.006 DEBUG 112356 --- [           main] o.s.jdbc.core.JdbcTemplate               : Executing prepared SQL statement [INSERT INTO shop_products (pond_id, merchant_id, category, name, price, stock, image_url, description, status, create_time, update_time) VALUES (?, ?, ?, ?, ?, ?, ?, ?, 'on', ?, ?)]
2026-07-21 15:27:24.010 DEBUG 112356 --- [           main] o.s.jdbc.core.JdbcTemplate               : Executing prepared SQL query
2026-07-21 15:27:24.010 DEBUG 112356 --- [           main] o.s.jdbc.core.JdbcTemplate               : Executing prepared SQL statement [SELECT id FROM shop_products WHERE name = ? LIMIT 1]
2026-07-21 15:27:24.013 DEBUG 112356 --- [           main] o.s.jdbc.core.JdbcTemplate               : Executing prepared SQL update
2026-07-21 15:27:24.014 DEBUG 112356 --- [           main] o.s.jdbc.core.JdbcTemplate               : Executing prepared SQL statement [INSERT INTO shop_products (pond_id, merchant_id, category, name, price, stock, image_url, description, status, create_time, update_time) VALUES (?, ?, ?, ?, ?, ?, ?, ?, 'on', ?, ?)]
2026-07-21 15:27:24.017 DEBUG 112356 --- [           main] o.s.jdbc.core.JdbcTemplate               : Executing prepared SQL query
2026-07-21 15:27:24.018 DEBUG 112356 --- [           main] o.s.jdbc.core.JdbcTemplate               : Executing prepared SQL statement [SELECT id FROM shop_products WHERE name = ? LIMIT 1]
2026-07-21 15:27:24.021 DEBUG 112356 --- [           main] o.s.jdbc.core.JdbcTemplate               : Executing prepared SQL update
2026-07-21 15:27:24.023 DEBUG 112356 --- [           main] o.s.jdbc.core.JdbcTemplate               : Executing prepared SQL statement [INSERT INTO shop_products (pond_id, merchant_id, category, name, price, stock, image_url, description, status, create_time, update_time) VALUES (?, ?, ?, ?, ?, ?, ?, ?, 'on', ?, ?)]
2026-07-21 15:27:24.027 DEBUG 112356 --- [           main] o.s.jdbc.core.JdbcTemplate               : Executing prepared SQL query
2026-07-21 15:27:24.027 DEBUG 112356 --- [           main] o.s.jdbc.core.JdbcTemplate               : Executing prepared SQL statement [SELECT id FROM shop_products WHERE name = ? LIMIT 1]
2026-07-21 15:27:24.029 DEBUG 112356 --- [           main] o.s.jdbc.core.JdbcTemplate               : Executing prepared SQL update
2026-07-21 15:27:24.030 DEBUG 112356 --- [           main] o.s.jdbc.core.JdbcTemplate               : Executing prepared SQL statement [INSERT INTO shop_products (pond_id, merchant_id, category, name, price, stock, image_url, description, status, create_time, update_time) VALUES (?, ?, ?, ?, ?, ?, ?, ?, 'on', ?, ?)]
2026-07-21 15:27:24.048 DEBUG 112356 --- [           main] o.s.jdbc.core.JdbcTemplate               : Executing prepared SQL query
2026-07-21 15:27:24.050 DEBUG 112356 --- [           main] o.s.jdbc.core.JdbcTemplate               : Executing prepared SQL statement [SELECT COUNT(*) FROM reservation WHERE user_id = ? AND status = ?]
2026-07-21 15:27:24.053 DEBUG 112356 --- [           main] o.s.jdbc.core.JdbcTemplate               : Executing prepared SQL query
2026-07-21 15:27:24.054 DEBUG 112356 --- [           main] o.s.jdbc.core.JdbcTemplate               : Executing prepared SQL statement [SELECT pond_id FROM time_slot WHERE id = ?]
2026-07-21 15:27:24.056 DEBUG 112356 --- [           main] o.s.jdbc.core.JdbcTemplate               : Executing prepared SQL query
2026-07-21 15:27:24.056 DEBUG 112356 --- [           main] o.s.jdbc.core.JdbcTemplate               : Executing prepared SQL statement [SELECT id FROM fishing_spot WHERE pond_id = ? AND status = 1 ORDER BY id LIMIT 1 OFFSET 0]
2026-07-21 15:27:24.060 DEBUG 112356 --- [           main] o.s.jdbc.core.JdbcTemplate               : Executing SQL update and returning generated keys
2026-07-21 15:27:24.061 DEBUG 112356 --- [           main] o.s.jdbc.core.JdbcTemplate               : Executing prepared SQL statement
2026-07-21 15:27:24.067 DEBUG 112356 --- [           main] o.s.jdbc.core.JdbcTemplate               : Executing prepared SQL update
2026-07-21 15:27:24.068 DEBUG 112356 --- [           main] o.s.jdbc.core.JdbcTemplate               : Executing prepared SQL statement [INSERT INTO draw_result (reservation_id, user_id, slot_id, spot_id, pond_id, draw_time) VALUES (?, ?, ?, ?, ?, ?)]
2026-07-21 15:27:24.071 DEBUG 112356 --- [           main] o.s.jdbc.core.JdbcTemplate               : Executing prepared SQL query
2026-07-21 15:27:24.074 DEBUG 112356 --- [           main] o.s.jdbc.core.JdbcTemplate               : Executing prepared SQL statement [SELECT pond_id FROM time_slot WHERE id = ?]
2026-07-21 15:27:24.076 DEBUG 112356 --- [           main] o.s.jdbc.core.JdbcTemplate               : Executing prepared SQL query
2026-07-21 15:27:24.076 DEBUG 112356 --- [           main] o.s.jdbc.core.JdbcTemplate               : Executing prepared SQL statement [SELECT id FROM fishing_spot WHERE pond_id = ? AND status = 1 ORDER BY id LIMIT 1 OFFSET 1]
2026-07-21 15:27:24.077 DEBUG 112356 --- [           main] o.s.jdbc.core.JdbcTemplate               : Executing SQL update and returning generated keys
2026-07-21 15:27:24.079 DEBUG 112356 --- [           main] o.s.jdbc.core.JdbcTemplate               : Executing prepared SQL statement
2026-07-21 15:27:24.082 DEBUG 112356 --- [           main] o.s.jdbc.core.JdbcTemplate               : Executing prepared SQL update
2026-07-21 15:27:24.084 DEBUG 112356 --- [           main] o.s.jdbc.core.JdbcTemplate               : Executing prepared SQL statement [INSERT INTO draw_result (reservation_id, user_id, slot_id, spot_id, pond_id, draw_time) VALUES (?, ?, ?, ?, ?, ?)]
2026-07-21 15:27:24.086 DEBUG 112356 --- [           main] o.s.jdbc.core.JdbcTemplate               : Executing prepared SQL query
2026-07-21 15:27:24.087 DEBUG 112356 --- [           main] o.s.jdbc.core.JdbcTemplate               : Executing prepared SQL statement [SELECT pond_id FROM time_slot WHERE id = ?]
2026-07-21 15:27:24.088 DEBUG 112356 --- [           main] o.s.jdbc.core.JdbcTemplate               : Executing prepared SQL query
2026-07-21 15:27:24.089 DEBUG 112356 --- [           main] o.s.jdbc.core.JdbcTemplate               : Executing prepared SQL statement [SELECT id FROM fishing_spot WHERE pond_id = ? AND status = 1 ORDER BY id LIMIT 1 OFFSET 2]
2026-07-21 15:27:24.092 DEBUG 112356 --- [           main] o.s.jdbc.core.JdbcTemplate               : Executing SQL update and returning generated keys
2026-07-21 15:27:24.092 DEBUG 112356 --- [           main] o.s.jdbc.core.JdbcTemplate               : Executing prepared SQL statement
2026-07-21 15:27:24.096 DEBUG 112356 --- [           main] o.s.jdbc.core.JdbcTemplate               : Executing prepared SQL update
2026-07-21 15:27:24.097 DEBUG 112356 --- [           main] o.s.jdbc.core.JdbcTemplate               : Executing prepared SQL statement [INSERT INTO draw_result (reservation_id, user_id, slot_id, spot_id, pond_id, draw_time) VALUES (?, ?, ?, ?, ?, ?)]
2026-07-21 15:27:24.100 DEBUG 112356 --- [           main] o.s.jdbc.core.JdbcTemplate               : Executing prepared SQL query
2026-07-21 15:27:24.101 DEBUG 112356 --- [           main] o.s.jdbc.core.JdbcTemplate               : Executing prepared SQL statement [SELECT pond_id FROM time_slot WHERE id = ?]
2026-07-21 15:27:24.103 DEBUG 112356 --- [           main] o.s.jdbc.core.JdbcTemplate               : Executing prepared SQL query
2026-07-21 15:27:24.103 DEBUG 112356 --- [           main] o.s.jdbc.core.JdbcTemplate               : Executing prepared SQL statement [SELECT id FROM fishing_spot WHERE pond_id = ? AND status = 1 ORDER BY id LIMIT 1 OFFSET 3]
2026-07-21 15:27:24.105 DEBUG 112356 --- [           main] o.s.jdbc.core.JdbcTemplate               : Executing SQL update and returning generated keys
2026-07-21 15:27:24.106 DEBUG 112356 --- [           main] o.s.jdbc.core.JdbcTemplate               : Executing prepared SQL statement
2026-07-21 15:27:24.111 DEBUG 112356 --- [           main] o.s.jdbc.core.JdbcTemplate               : Executing prepared SQL update
2026-07-21 15:27:24.111 DEBUG 112356 --- [           main] o.s.jdbc.core.JdbcTemplate               : Executing prepared SQL statement [INSERT INTO draw_result (reservation_id, user_id, slot_id, spot_id, pond_id, draw_time) VALUES (?, ?, ?, ?, ?, ?)]
2026-07-21 15:27:24.116 DEBUG 112356 --- [           main] o.s.jdbc.core.JdbcTemplate               : Executing prepared SQL query
2026-07-21 15:27:24.116 DEBUG 112356 --- [           main] o.s.jdbc.core.JdbcTemplate               : Executing prepared SQL statement [SELECT pond_id FROM time_slot WHERE id = ?]
2026-07-21 15:27:24.119 DEBUG 112356 --- [           main] o.s.jdbc.core.JdbcTemplate               : Executing prepared SQL query
2026-07-21 15:27:24.119 DEBUG 112356 --- [           main] o.s.jdbc.core.JdbcTemplate               : Executing prepared SQL statement [SELECT id FROM fishing_spot WHERE pond_id = ? AND status = 1 ORDER BY id LIMIT 1 OFFSET 4]
2026-07-21 15:27:24.121 DEBUG 112356 --- [           main] o.s.jdbc.core.JdbcTemplate               : Executing SQL update and returning generated keys
2026-07-21 15:27:24.122 DEBUG 112356 --- [           main] o.s.jdbc.core.JdbcTemplate               : Executing prepared SQL statement
2026-07-21 15:27:24.127 DEBUG 112356 --- [           main] o.s.jdbc.core.JdbcTemplate               : Executing prepared SQL update
2026-07-21 15:27:24.127 DEBUG 112356 --- [           main] o.s.jdbc.core.JdbcTemplate               : Executing prepared SQL statement [INSERT INTO draw_result (reservation_id, user_id, slot_id, spot_id, pond_id, draw_time) VALUES (?, ?, ?, ?, ?, ?)]
2026-07-21 15:27:24.131 DEBUG 112356 --- [           main] o.s.jdbc.core.JdbcTemplate               : Executing prepared SQL query
2026-07-21 15:27:24.131 DEBUG 112356 --- [           main] o.s.jdbc.core.JdbcTemplate               : Executing prepared SQL statement [SELECT pond_id FROM time_slot WHERE id = ?]
2026-07-21 15:27:24.133 DEBUG 112356 --- [           main] o.s.jdbc.core.JdbcTemplate               : Executing prepared SQL query
2026-07-21 15:27:24.134 DEBUG 112356 --- [           main] o.s.jdbc.core.JdbcTemplate               : Executing prepared SQL statement [SELECT id FROM fishing_spot WHERE pond_id = ? AND status = 1 ORDER BY id LIMIT 1 OFFSET 5]
2026-07-21 15:27:24.137 DEBUG 112356 --- [           main] o.s.jdbc.core.JdbcTemplate               : Executing SQL update and returning generated keys
2026-07-21 15:27:24.138 DEBUG 112356 --- [           main] o.s.jdbc.core.JdbcTemplate               : Executing prepared SQL statement
2026-07-21 15:27:24.141 DEBUG 112356 --- [           main] o.s.jdbc.core.JdbcTemplate               : Executing prepared SQL update
2026-07-21 15:27:24.142 DEBUG 112356 --- [           main] o.s.jdbc.core.JdbcTemplate               : Executing prepared SQL statement [INSERT INTO draw_result (reservation_id, user_id, slot_id, spot_id, pond_id, draw_time) VALUES (?, ?, ?, ?, ?, ?)]
2026-07-21 15:27:24.146 DEBUG 112356 --- [           main] o.s.jdbc.core.JdbcTemplate               : Executing prepared SQL query
2026-07-21 15:27:24.146 DEBUG 112356 --- [           main] o.s.jdbc.core.JdbcTemplate               : Executing prepared SQL statement [SELECT COUNT(*) FROM catch_records WHERE user_id = ?]
2026-07-21 15:27:24.149 DEBUG 112356 --- [           main] o.s.jdbc.core.JdbcTemplate               : Executing prepared SQL query
2026-07-21 15:27:24.149 DEBUG 112356 --- [           main] o.s.jdbc.core.JdbcTemplate               : Executing prepared SQL statement [SELECT id FROM fishing_spot WHERE pond_id = ? ORDER BY id LIMIT 1 OFFSET 0]
2026-07-21 15:27:24.151 DEBUG 112356 --- [           main] o.s.jdbc.core.JdbcTemplate               : Executing prepared SQL update
2026-07-21 15:27:24.152 DEBUG 112356 --- [           main] o.s.jdbc.core.JdbcTemplate               : Executing prepared SQL statement [INSERT INTO catch_records (user_id, pond_id, reservation_id, spot_id, fish_type, weight, quantity, image_url, status, recycle_price, create_time, update_time) VALUES (?, ?, NULL, ?, ?, ?, ?, ?, ?, ?, ?, ?)]
2026-07-21 15:27:24.156 DEBUG 112356 --- [           main] o.s.jdbc.core.JdbcTemplate               : Executing prepared SQL query
2026-07-21 15:27:24.158 DEBUG 112356 --- [           main] o.s.jdbc.core.JdbcTemplate               : Executing prepared SQL statement [SELECT id FROM fishing_spot WHERE pond_id = ? ORDER BY id LIMIT 1 OFFSET 1]
2026-07-21 15:27:24.159 DEBUG 112356 --- [           main] o.s.jdbc.core.JdbcTemplate               : Executing prepared SQL update
2026-07-21 15:27:24.161 DEBUG 112356 --- [           main] o.s.jdbc.core.JdbcTemplate               : Executing prepared SQL statement [INSERT INTO catch_records (user_id, pond_id, reservation_id, spot_id, fish_type, weight, quantity, image_url, status, recycle_price, create_time, update_time) VALUES (?, ?, NULL, ?, ?, ?, ?, ?, ?, ?, ?, ?)]
2026-07-21 15:27:24.169 DEBUG 112356 --- [           main] o.s.jdbc.core.StatementCreatorUtils      : JDBC getParameterType call failed - using fallback method instead: java.sql.SQLException: Parameter metadata not available for the given statement
2026-07-21 15:27:24.206 DEBUG 112356 --- [           main] o.s.jdbc.core.JdbcTemplate               : SQLWarning ignored: SQL state '01000', error code '1265', message [Data truncated for column 'weight' at row 1]
2026-07-21 15:27:24.208 DEBUG 112356 --- [           main] o.s.jdbc.core.JdbcTemplate               : Executing prepared SQL query
2026-07-21 15:27:24.209 DEBUG 112356 --- [           main] o.s.jdbc.core.JdbcTemplate               : Executing prepared SQL statement [SELECT id FROM fishing_spot WHERE pond_id = ? ORDER BY id LIMIT 1 OFFSET 2]
2026-07-21 15:27:24.210 DEBUG 112356 --- [           main] o.s.jdbc.core.JdbcTemplate               : Executing prepared SQL update
2026-07-21 15:27:24.211 DEBUG 112356 --- [           main] o.s.jdbc.core.JdbcTemplate               : Executing prepared SQL statement [INSERT INTO catch_records (user_id, pond_id, reservation_id, spot_id, fish_type, weight, quantity, image_url, status, recycle_price, create_time, update_time) VALUES (?, ?, NULL, ?, ?, ?, ?, ?, ?, ?, ?, ?)]
2026-07-21 15:27:24.213 DEBUG 112356 --- [           main] o.s.jdbc.core.StatementCreatorUtils      : JDBC getParameterType call failed - using fallback method instead: java.sql.SQLException: Parameter metadata not available for the given statement
2026-07-21 15:27:24.216 DEBUG 112356 --- [           main] o.s.jdbc.core.JdbcTemplate               : Executing prepared SQL query
2026-07-21 15:27:24.216 DEBUG 112356 --- [           main] o.s.jdbc.core.JdbcTemplate               : Executing prepared SQL statement [SELECT id FROM fishing_spot WHERE pond_id = ? ORDER BY id LIMIT 1 OFFSET 3]
2026-07-21 15:27:24.219 DEBUG 112356 --- [           main] o.s.jdbc.core.JdbcTemplate               : Executing prepared SQL update
2026-07-21 15:27:24.220 DEBUG 112356 --- [           main] o.s.jdbc.core.JdbcTemplate               : Executing prepared SQL statement [INSERT INTO catch_records (user_id, pond_id, reservation_id, spot_id, fish_type, weight, quantity, image_url, status, recycle_price, create_time, update_time) VALUES (?, ?, NULL, ?, ?, ?, ?, ?, ?, ?, ?, ?)]
2026-07-21 15:27:24.224 DEBUG 112356 --- [           main] o.s.jdbc.core.JdbcTemplate               : Executing prepared SQL query
2026-07-21 15:27:24.225 DEBUG 112356 --- [           main] o.s.jdbc.core.JdbcTemplate               : Executing prepared SQL statement [SELECT id FROM fishing_spot WHERE pond_id = ? ORDER BY id LIMIT 1 OFFSET 4]
2026-07-21 15:27:24.225 DEBUG 112356 --- [           main] o.s.jdbc.core.JdbcTemplate               : Executing prepared SQL update
2026-07-21 15:27:24.226 DEBUG 112356 --- [           main] o.s.jdbc.core.JdbcTemplate               : Executing prepared SQL statement [INSERT INTO catch_records (user_id, pond_id, reservation_id, spot_id, fish_type, weight, quantity, image_url, status, recycle_price, create_time, update_time) VALUES (?, ?, NULL, ?, ?, ?, ?, ?, ?, ?, ?, ?)]
2026-07-21 15:27:24.228 DEBUG 112356 --- [           main] o.s.jdbc.core.StatementCreatorUtils      : JDBC getParameterType call failed - using fallback method instead: java.sql.SQLException: Parameter metadata not available for the given statement
2026-07-21 15:27:24.235 DEBUG 112356 --- [           main] o.s.jdbc.core.JdbcTemplate               : SQLWarning ignored: SQL state '01000', error code '1265', message [Data truncated for column 'weight' at row 1]
2026-07-21 15:27:24.237 DEBUG 112356 --- [           main] o.s.jdbc.core.JdbcTemplate               : Executing prepared SQL query
2026-07-21 15:27:24.239 DEBUG 112356 --- [           main] o.s.jdbc.core.JdbcTemplate               : Executing prepared SQL statement [SELECT id FROM fishing_spot WHERE pond_id = ? ORDER BY id LIMIT 1 OFFSET 0]
2026-07-21 15:27:24.242 DEBUG 112356 --- [           main] o.s.jdbc.core.JdbcTemplate               : Executing prepared SQL update
2026-07-21 15:27:24.242 DEBUG 112356 --- [           main] o.s.jdbc.core.JdbcTemplate               : Executing prepared SQL statement [INSERT INTO catch_records (user_id, pond_id, reservation_id, spot_id, fish_type, weight, quantity, image_url, status, recycle_price, create_time, update_time) VALUES (?, ?, NULL, ?, ?, ?, ?, ?, ?, ?, ?, ?)]
2026-07-21 15:27:24.242 DEBUG 112356 --- [           main] o.s.jdbc.core.StatementCreatorUtils      : JDBC getParameterType call failed - using fallback method instead: java.sql.SQLException: Parameter metadata not available for the given statement
2026-07-21 15:27:24.245 DEBUG 112356 --- [           main] o.s.jdbc.core.JdbcTemplate               : Executing prepared SQL query
2026-07-21 15:27:24.245 DEBUG 112356 --- [           main] o.s.jdbc.core.JdbcTemplate               : Executing prepared SQL statement [SELECT COUNT(*) FROM shop_orders WHERE user_id = ? AND order_type = 'restaurant']
2026-07-21 15:27:24.247 DEBUG 112356 --- [           main] o.s.jdbc.core.JdbcTemplate               : Executing prepared SQL query
2026-07-21 15:27:24.252 DEBUG 112356 --- [           main] o.s.jdbc.core.JdbcTemplate               : Executing prepared SQL statement [SELECT id FROM restaurant_menus WHERE pond_id = ? ORDER BY id LIMIT 1]
2026-07-21 15:27:24.254 DEBUG 112356 --- [           main] o.s.jdbc.core.JdbcTemplate               : Executing prepared SQL query
2026-07-21 15:27:24.256 DEBUG 112356 --- [           main] o.s.jdbc.core.JdbcTemplate               : Executing prepared SQL statement [SELECT price FROM restaurant_menus WHERE id = ?]
2026-07-21 15:27:24.257 DEBUG 112356 --- [           main] o.s.jdbc.core.JdbcTemplate               : Executing prepared SQL query
2026-07-21 15:27:24.258 DEBUG 112356 --- [           main] o.s.jdbc.core.JdbcTemplate               : Executing prepared SQL statement [SELECT id FROM fishing_spot WHERE pond_id = ? ORDER BY id LIMIT 1]
2026-07-21 15:27:24.260 DEBUG 112356 --- [           main] o.s.jdbc.core.JdbcTemplate               : Executing SQL update and returning generated keys
2026-07-21 15:27:24.260 DEBUG 112356 --- [           main] o.s.jdbc.core.JdbcTemplate               : Executing prepared SQL statement
2026-07-21 15:27:24.266 DEBUG 112356 --- [           main] o.s.jdbc.core.JdbcTemplate               : Executing prepared SQL update
2026-07-21 15:27:24.267 DEBUG 112356 --- [           main] o.s.jdbc.core.JdbcTemplate               : Executing prepared SQL statement [INSERT INTO shop_order_items (order_id, menu_id, menu_name, price, quantity, create_time) SELECT ?, id, name, price, 1, ? FROM restaurant_menus WHERE id = ?]
2026-07-21 15:27:24.272 DEBUG 112356 --- [           main] o.s.jdbc.core.JdbcTemplate               : Executing prepared SQL query
2026-07-21 15:27:24.273 DEBUG 112356 --- [           main] o.s.jdbc.core.JdbcTemplate               : Executing prepared SQL statement [SELECT id FROM restaurant_menus WHERE pond_id = ? ORDER BY id LIMIT 1]
2026-07-21 15:27:24.275 DEBUG 112356 --- [           main] o.s.jdbc.core.JdbcTemplate               : Executing prepared SQL query
2026-07-21 15:27:24.277 DEBUG 112356 --- [           main] o.s.jdbc.core.JdbcTemplate               : Executing prepared SQL statement [SELECT price FROM restaurant_menus WHERE id = ?]
2026-07-21 15:27:24.280 DEBUG 112356 --- [           main] o.s.jdbc.core.JdbcTemplate               : Executing prepared SQL query
2026-07-21 15:27:24.281 DEBUG 112356 --- [           main] o.s.jdbc.core.JdbcTemplate               : Executing prepared SQL statement [SELECT id FROM fishing_spot WHERE pond_id = ? ORDER BY id LIMIT 1]
2026-07-21 15:27:24.282 DEBUG 112356 --- [           main] o.s.jdbc.core.JdbcTemplate               : Executing SQL update and returning generated keys
2026-07-21 15:27:24.283 DEBUG 112356 --- [           main] o.s.jdbc.core.JdbcTemplate               : Executing prepared SQL statement
2026-07-21 15:27:24.287 DEBUG 112356 --- [           main] o.s.jdbc.core.JdbcTemplate               : Executing prepared SQL update
2026-07-21 15:27:24.287 DEBUG 112356 --- [           main] o.s.jdbc.core.JdbcTemplate               : Executing prepared SQL statement [INSERT INTO shop_order_items (order_id, menu_id, menu_name, price, quantity, create_time) SELECT ?, id, name, price, 1, ? FROM restaurant_menus WHERE id = ?]
2026-07-21 15:27:24.293 DEBUG 112356 --- [           main] o.s.jdbc.core.JdbcTemplate               : Executing prepared SQL query
2026-07-21 15:27:24.295 DEBUG 112356 --- [           main] o.s.jdbc.core.JdbcTemplate               : Executing prepared SQL statement [SELECT id FROM restaurant_menus WHERE pond_id = ? ORDER BY id LIMIT 1]
2026-07-21 15:27:24.297 DEBUG 112356 --- [           main] o.s.jdbc.core.JdbcTemplate               : Executing prepared SQL query
2026-07-21 15:27:24.297 DEBUG 112356 --- [           main] o.s.jdbc.core.JdbcTemplate               : Executing prepared SQL statement [SELECT price FROM restaurant_menus WHERE id = ?]
2026-07-21 15:27:24.299 DEBUG 112356 --- [           main] o.s.jdbc.core.JdbcTemplate               : Executing prepared SQL query
2026-07-21 15:27:24.299 DEBUG 112356 --- [           main] o.s.jdbc.core.JdbcTemplate               : Executing prepared SQL statement [SELECT id FROM fishing_spot WHERE pond_id = ? ORDER BY id LIMIT 1]
2026-07-21 15:27:24.301 DEBUG 112356 --- [           main] o.s.jdbc.core.JdbcTemplate               : Executing SQL update and returning generated keys
2026-07-21 15:27:24.302 DEBUG 112356 --- [           main] o.s.jdbc.core.JdbcTemplate               : Executing prepared SQL statement
2026-07-21 15:27:24.305 DEBUG 112356 --- [           main] o.s.jdbc.core.JdbcTemplate               : Executing prepared SQL update
2026-07-21 15:27:24.307 DEBUG 112356 --- [           main] o.s.jdbc.core.JdbcTemplate               : Executing prepared SQL statement [INSERT INTO shop_order_items (order_id, menu_id, menu_name, price, quantity, create_time) SELECT ?, id, name, price, 1, ? FROM restaurant_menus WHERE id = ?]
2026-07-21 15:27:24.310 DEBUG 112356 --- [           main] o.s.jdbc.core.JdbcTemplate               : Executing prepared SQL query
2026-07-21 15:27:24.311 DEBUG 112356 --- [           main] o.s.jdbc.core.JdbcTemplate               : Executing prepared SQL statement [SELECT id FROM restaurant_menus WHERE pond_id = ? ORDER BY id LIMIT 1]
2026-07-21 15:27:24.312 DEBUG 112356 --- [           main] o.s.jdbc.core.JdbcTemplate               : Executing prepared SQL query
2026-07-21 15:27:24.313 DEBUG 112356 --- [           main] o.s.jdbc.core.JdbcTemplate               : Executing prepared SQL statement [SELECT price FROM restaurant_menus WHERE id = ?]
2026-07-21 15:27:24.315 DEBUG 112356 --- [           main] o.s.jdbc.core.JdbcTemplate               : Executing prepared SQL query
2026-07-21 15:27:24.315 DEBUG 112356 --- [           main] o.s.jdbc.core.JdbcTemplate               : Executing prepared SQL statement [SELECT id FROM fishing_spot WHERE pond_id = ? ORDER BY id LIMIT 1]
2026-07-21 15:27:24.317 DEBUG 112356 --- [           main] o.s.jdbc.core.JdbcTemplate               : Executing SQL update and returning generated keys
2026-07-21 15:27:24.318 DEBUG 112356 --- [           main] o.s.jdbc.core.JdbcTemplate               : Executing prepared SQL statement
2026-07-21 15:27:24.323 DEBUG 112356 --- [           main] o.s.jdbc.core.JdbcTemplate               : Executing prepared SQL update
2026-07-21 15:27:24.323 DEBUG 112356 --- [           main] o.s.jdbc.core.JdbcTemplate               : Executing prepared SQL statement [INSERT INTO shop_order_items (order_id, menu_id, menu_name, price, quantity, create_time) SELECT ?, id, name, price, 1, ? FROM restaurant_menus WHERE id = ?]
2026-07-21 15:27:24.330  INFO 112356 --- [           main] c.e.fishing.config.DemoDataInitializer   : Demo data ready. boss=18800000001/123456, user=18800000002/123456
2026-07-21 15:27:24.334  INFO 112356 --- [           main] c.e.f.config.SchemaMigrationRunner       : pond 表检查/创建完成
2026-07-21 15:27:24.358  INFO 112356 --- [           main] c.e.f.config.SchemaMigrationRunner       : invite_code 表检查/创建完成
2026-07-21 15:27:24.361  INFO 112356 --- [           main] c.e.f.config.SchemaMigrationRunner       : share_token 表检查/创建完成
2026-07-21 15:27:24.365  INFO 112356 --- [           main] c.e.f.config.SchemaMigrationRunner       : merchant_staff 表检查/创建完成
2026-07-21 15:27:24.368  INFO 112356 --- [           main] c.e.f.config.SchemaMigrationRunner       : 旧管理员角色已迁移为平台管理员(role=2)
2026-07-21 15:27:24.372  INFO 112356 --- [           main] c.e.f.config.SchemaMigrationRunner       : 默认商家账号角色已修正为 merchant
2026-07-21 15:27:24.379  INFO 112356 --- [           main] c.e.f.config.SchemaMigrationRunner       : 现有数据已归属到默认鱼塘
2026-07-21 15:27:24.391  INFO 112356 --- [           main] c.e.f.config.SchemaMigrationRunner       : 商城表检查/创建完成
2026-07-21 15:27:24.394  INFO 112356 --- [           main] c.e.f.config.SchemaMigrationRunner       : catch_records 表检查/创建完成
2026-07-21 15:27:24.396  INFO 112356 --- [           main] c.e.f.config.SchemaMigrationRunner       : restaurant_menus 表检查/创建完成
2026-07-21 15:27:24.397  INFO 112356 --- [           main] c.e.f.config.SchemaMigrationRunner       : 数据库结构自动迁移完成
2026-07-21 15:27:24.401 DEBUG 112356 --- [           main] o.s.b.a.ApplicationAvailabilityBean      : Application availability state ReadinessState changed to ACCEPTING_TRAFFIC
2026-07-21 15:27:32.516  INFO 112356 --- [nio-8080-exec-4] o.a.c.c.C.[Tomcat].[localhost].[/]       : Initializing Spring DispatcherServlet 'dispatcherServlet'
2026-07-21 15:27:32.517  INFO 112356 --- [nio-8080-exec-4] o.s.web.servlet.DispatcherServlet        : Initializing Servlet 'dispatcherServlet'
2026-07-21 15:27:32.518 DEBUG 112356 --- [nio-8080-exec-4] o.s.web.servlet.DispatcherServlet        : Detected StandardServletMultipartResolver
2026-07-21 15:27:32.519 DEBUG 112356 --- [nio-8080-exec-4] o.s.web.servlet.DispatcherServlet        : Detected AcceptHeaderLocaleResolver
2026-07-21 15:27:32.519 DEBUG 112356 --- [nio-8080-exec-4] o.s.web.servlet.DispatcherServlet        : Detected FixedThemeResolver
2026-07-21 15:27:32.523 DEBUG 112356 --- [nio-8080-exec-4] o.s.web.servlet.DispatcherServlet        : Detected org.springframework.web.servlet.view.DefaultRequestToViewNameTranslator@53b8afea
2026-07-21 15:27:32.524 DEBUG 112356 --- [nio-8080-exec-4] o.s.web.servlet.DispatcherServlet        : Detected org.springframework.web.servlet.support.SessionFlashMapManager@31edeac
2026-07-21 15:27:32.526 DEBUG 112356 --- [nio-8080-exec-4] o.s.web.servlet.DispatcherServlet        : enableLoggingRequestDetails='false': request parameters and headers will be masked to prevent unsafe logging of potentially sensitive data
2026-07-21 15:27:32.528  INFO 112356 --- [nio-8080-exec-4] o.s.web.servlet.DispatcherServlet        : Completed initialization in 10 ms
2026-07-21 15:27:32.573 DEBUG 112356 --- [nio-8080-exec-4] o.s.web.servlet.DispatcherServlet        : GET "/api/draw/my", parameters={}
2026-07-21 15:27:32.574 DEBUG 112356 --- [nio-8080-exec-3] o.s.web.servlet.DispatcherServlet        : GET "/api/time-slots", parameters={}
2026-07-21 15:27:32.577 DEBUG 112356 --- [nio-8080-exec-2] o.s.web.servlet.DispatcherServlet        : GET "/api/reservation/my", parameters={}
2026-07-21 15:27:32.607 DEBUG 112356 --- [nio-8080-exec-3] s.w.s.m.m.a.RequestMappingHandlerMapping : Mapped to com.example.fishing.controller.TimeSlotController#list(String, Long)
2026-07-21 15:27:32.608 DEBUG 112356 --- [nio-8080-exec-4] s.w.s.m.m.a.RequestMappingHandlerMapping : Mapped to com.example.fishing.controller.DrawController#my()
2026-07-21 15:27:32.608 DEBUG 112356 --- [nio-8080-exec-2] s.w.s.m.m.a.RequestMappingHandlerMapping : Mapped to com.example.fishing.controller.ReservationController#myReservations()
Creating a new SqlSession
SqlSession [org.apache.ibatis.session.defaults.DefaultSqlSession@3746dd87] was not registered for synchronization because synchronization is not active
Creating a new SqlSession
Creating a new SqlSession
SqlSession [org.apache.ibatis.session.defaults.DefaultSqlSession@24981a82] was not registered for synchronization because synchronization is not active
SqlSession [org.apache.ibatis.session.defaults.DefaultSqlSession@62d22c26] was not registered for synchronization because synchronization is not active
JDBC Connection [HikariProxyConnection@1794583230 wrapping com.mysql.cj.jdbc.ConnectionImpl@7a76475f] will not be managed by Spring
JDBC Connection [HikariProxyConnection@966536948 wrapping com.mysql.cj.jdbc.ConnectionImpl@4a5c86fd] will not be managed by Spring
==>  Preparing: SELECT id,phone,nickname,password,role,admin_type,pond_id,staff_id,status,email,create_time,last_login_time FROM sys_user WHERE id=?
==>  Preparing: SELECT id,phone,nickname,password,role,admin_type,pond_id,staff_id,status,email,create_time,last_login_time FROM sys_user WHERE id=?
==> Parameters: 9(Long)
==> Parameters: 9(Long)
JDBC Connection [HikariProxyConnection@1863173661 wrapping com.mysql.cj.jdbc.ConnectionImpl@77dd8086] will not be managed by Spring
==>  Preparing: SELECT id,slot_date,slot_name,start_time,end_time,max_bookings,advance_days,draw_start_time,draw_end_time,status,pond_id,default_price FROM time_slot WHERE (status = ? AND slot_date >= ?) ORDER BY slot_date ASC,start_time ASC
==> Parameters: 1(Integer), 2026-07-21(LocalDate)
<==    Columns: id, slot_date, slot_name, start_time, end_time, max_bookings, advance_days, draw_start_time, draw_end_time, status, pond_id, default_price
<==    Columns: id, phone, nickname, password, role, admin_type, pond_id, staff_id, status, email, create_time, last_login_time
<==    Columns: id, phone, nickname, password, role, admin_type, pond_id, staff_id, status, email, create_time, last_login_time
<==        Row: 9, merchant, 默认商家, $2a$10$hu/I6wSqctHQsXv4pU5aJOmTNHUVyF.I6FrL88mo2o4kdtAGdzhmS, 1, 0, null, null, 1, null, 2026-07-15 15:30:25, 2026-07-21 11:44:44
<==        Row: 27, 2026-07-22, 早场, 07:00:00, 11:30:00, 18, 30, 2026-07-21 14:27:24, 2026-07-22 06:00:00, 1, 4, 9800.00
<==        Row: 9, merchant, 默认商家, $2a$10$hu/I6wSqctHQsXv4pU5aJOmTNHUVyF.I6FrL88mo2o4kdtAGdzhmS, 1, 0, null, null, 1, null, 2026-07-15 15:30:25, 2026-07-21 11:44:44
<==      Total: 1
<==      Total: 1
Closing non transactional SqlSession [org.apache.ibatis.session.defaults.DefaultSqlSession@62d22c26]
Closing non transactional SqlSession [org.apache.ibatis.session.defaults.DefaultSqlSession@24981a82]
<==        Row: 21, 2026-07-22, 早场, 08:00:00, 12:00:00, 30, 7, 2026-07-22 07:15:00, 2026-07-22 07:45:00, 1, 2, 100.00
<==        Row: 25, 2026-07-22, 全天场, 08:00:00, 22:00:00, 30, 7, 2026-07-22 07:15:00, 2026-07-22 07:45:00, 1, 2, 100.00
<==        Row: 26, 2026-07-22, 全天场, 08:00:00, 22:00:00, 30, 7, 2026-07-22 07:15:00, 2026-07-22 07:45:00, 1, 1, 100.00
<==        Row: 23, 2026-07-22, 午场, 12:00:00, 18:00:00, 30, 7, 2026-07-22 11:15:00, 2026-07-22 11:45:00, 1, 2, 100.00
<==        Row: 28, 2026-07-22, 午场, 12:30:00, 17:00:00, 18, 30, 2026-07-21 14:27:24, 2026-07-22 11:30:00, 1, 5, 11800.00
<==        Row: 24, 2026-07-22, 晚场, 18:00:00, 22:00:00, 30, 7, 2026-07-22 17:15:00, 2026-07-22 17:45:00, 1, 2, 100.00
<==        Row: 29, 2026-07-22, 晚场, 18:00:00, 22:00:00, 18, 30, 2026-07-21 14:27:24, 2026-07-22 17:00:00, 1, 6, 13800.00
<==        Row: 31, 2026-07-23, 早场, 07:00:00, 11:30:00, 18, 30, 2026-07-21 14:27:24, 2026-07-23 06:00:00, 1, 5, 9800.00
<==        Row: 22, 2026-07-23, 早场, 08:00:00, 12:00:00, 30, 7, 2026-07-23 07:15:00, 2026-07-23 07:45:00, 1, 2, 100.00
<==        Row: 30, 2026-07-23, 全天场, 08:00:00, 18:00:00, 18, 30, 2026-07-21 14:27:24, 2026-07-23 07:00:00, 1, 4, 15800.00
<==        Row: 32, 2026-07-23, 午场, 12:30:00, 17:00:00, 18, 30, 2026-07-21 14:27:24, 2026-07-23 11:30:00, 1, 6, 11800.00
<==        Row: 35, 2026-07-24, 早场, 07:00:00, 11:30:00, 18, 30, 2026-07-21 14:27:24, 2026-07-24 06:00:00, 1, 6, 9800.00
<==        Row: 34, 2026-07-24, 全天场, 08:00:00, 18:00:00, 18, 30, 2026-07-21 14:27:24, 2026-07-24 07:00:00, 1, 5, 15800.00
<==        Row: 33, 2026-07-24, 晚场, 18:00:00, 22:00:00, 18, 30, 2026-07-21 14:27:24, 2026-07-24 17:00:00, 1, 4, 13800.00
<==        Row: 38, 2026-07-25, 全天场, 08:00:00, 18:00:00, 18, 30, 2026-07-21 14:27:24, 2026-07-25 07:00:00, 1, 6, 15800.00
Creating a new SqlSession
SqlSession [org.apache.ibatis.session.defaults.DefaultSqlSession@739a86e4] was not registered for synchronization because synchronization is not active
JDBC Connection [HikariProxyConnection@207032462 wrapping com.mysql.cj.jdbc.ConnectionImpl@7a76475f] will not be managed by Spring
==>  Preparing: SELECT id,user_id,slot_id,status,create_time,cancel_time,cancel_reason,pond_id,checkin_code,actual_fee,check_in_time FROM reservation WHERE (user_id = ?) ORDER BY create_time DESC
==> Parameters: 9(Long)
<==    Columns: id, user_id, slot_id, status, create_time, cancel_time, cancel_reason, pond_id, checkin_code, actual_fee, check_in_time
<==        Row: 29, 9, 26, 待抽号, 2026-07-21 13:56:19, null, null, 1, 593962, null, null
Creating a new SqlSession
SqlSession [org.apache.ibatis.session.defaults.DefaultSqlSession@6cbb34ed] was not registered for synchronization because synchronization is not active
<==        Row: 28, 9, 24, 待抽号, 2026-07-21 11:13:20, null, null, 2, 607183, null, null
<==        Row: 27, 9, 23, 待抽号, 2026-07-21 11:13:18, null, null, 2, 134067, null, null
<==        Row: 26, 9, 25, 待抽号, 2026-07-21 11:13:16, null, null, 2, 386860, null, null
JDBC Connection [HikariProxyConnection@140347445 wrapping com.mysql.cj.jdbc.ConnectionImpl@4a5c86fd] will not be managed by Spring
<==        Row: 25, 9, 22, 待抽号, 2026-07-21 11:11:15, null, null, 2, 603614, null, null
==>  Preparing: SELECT id,reservation_id,user_id,slot_id,spot_id,draw_time,pond_id FROM draw_result WHERE (user_id = ?) ORDER BY draw_time DESC
<==        Row: 24, 9, 21, 待抽号, 2026-07-21 11:11:10, null, null, 2, 681545, null, null
==> Parameters: 9(Long)
<==      Total: 6
Closing non transactional SqlSession [org.apache.ibatis.session.defaults.DefaultSqlSession@739a86e4]
<==      Total: 0
Closing non transactional SqlSession [org.apache.ibatis.session.defaults.DefaultSqlSession@6cbb34ed]
<==        Row: 36, 2026-07-25, 午场, 12:30:00, 17:00:00, 18, 30, 2026-07-21 14:27:24, 2026-07-25 11:30:00, 1, 4, 11800.00
<==        Row: 37, 2026-07-25, 晚场, 18:00:00, 22:00:00, 18, 30, 2026-07-21 14:27:24, 2026-07-25 17:00:00, 1, 5, 13800.00
<==      Total: 18
Closing non transactional SqlSession [org.apache.ibatis.session.defaults.DefaultSqlSession@3746dd87]
Creating a new SqlSession
SqlSession [org.apache.ibatis.session.defaults.DefaultSqlSession@400e1a20] was not registered for synchronization because synchronization is not active
JDBC Connection [HikariProxyConnection@1787213081 wrapping com.mysql.cj.jdbc.ConnectionImpl@7a76475f] will not be managed by Spring
==>  Preparing: SELECT id,phone,nickname,password,role,admin_type,pond_id,staff_id,status,email,create_time,last_login_time FROM sys_user WHERE id IN ( ? )
==> Parameters: 9(Long)
<==    Columns: id, phone, nickname, password, role, admin_type, pond_id, staff_id, status, email, create_time, last_login_time
<==        Row: 9, merchant, 默认商家, $2a$10$hu/I6wSqctHQsXv4pU5aJOmTNHUVyF.I6FrL88mo2o4kdtAGdzhmS, 1, 0, null, null, 1, null, 2026-07-15 15:30:25, 2026-07-21 11:44:44
<==      Total: 1
Closing non transactional SqlSession [org.apache.ibatis.session.defaults.DefaultSqlSession@400e1a20]
Creating a new SqlSession
SqlSession [org.apache.ibatis.session.defaults.DefaultSqlSession@33d9e755] was not registered for synchronization because synchronization is not active
JDBC Connection [HikariProxyConnection@435249839 wrapping com.mysql.cj.jdbc.ConnectionImpl@7a76475f] will not be managed by Spring
==>  Preparing: SELECT id,slot_date,slot_name,start_time,end_time,max_bookings,advance_days,draw_start_time,draw_end_time,status,pond_id,default_price FROM time_slot WHERE id IN ( ? , ? , ? , ? , ? , ? )
==> Parameters: 21(Long), 22(Long), 23(Long), 24(Long), 25(Long), 26(Long)
<==    Columns: id, slot_date, slot_name, start_time, end_time, max_bookings, advance_days, draw_start_time, draw_end_time, status, pond_id, default_price
<==        Row: 21, 2026-07-22, 早场, 08:00:00, 12:00:00, 30, 7, 2026-07-22 07:15:00, 2026-07-22 07:45:00, 1, 2, 100.00
<==        Row: 22, 2026-07-23, 早场, 08:00:00, 12:00:00, 30, 7, 2026-07-23 07:15:00, 2026-07-23 07:45:00, 1, 2, 100.00
<==        Row: 23, 2026-07-22, 午场, 12:00:00, 18:00:00, 30, 7, 2026-07-22 11:15:00, 2026-07-22 11:45:00, 1, 2, 100.00
<==        Row: 24, 2026-07-22, 晚场, 18:00:00, 22:00:00, 30, 7, 2026-07-22 17:15:00, 2026-07-22 17:45:00, 1, 2, 100.00
<==        Row: 25, 2026-07-22, 全天场, 08:00:00, 22:00:00, 30, 7, 2026-07-22 07:15:00, 2026-07-22 07:45:00, 1, 2, 100.00
<==        Row: 26, 2026-07-22, 全天场, 08:00:00, 22:00:00, 30, 7, 2026-07-22 07:15:00, 2026-07-22 07:45:00, 1, 1, 100.00
<==      Total: 6
Closing non transactional SqlSession [org.apache.ibatis.session.defaults.DefaultSqlSession@33d9e755]
Creating a new SqlSession
SqlSession [org.apache.ibatis.session.defaults.DefaultSqlSession@692e6889] was not registered for synchronization because synchronization is not active
JDBC Connection [HikariProxyConnection@1744422112 wrapping com.mysql.cj.jdbc.ConnectionImpl@7a76475f] will not be managed by Spring
==>  Preparing: SELECT id,name,address,phone,merchant_id,status,create_time,update_time FROM pond WHERE id IN ( ? , ? )
==> Parameters: 1(Long), 2(Long)
<==    Columns: id, name, address, phone, merchant_id, status, create_time, update_time
<==        Row: 1, 默认鱼塘, 系统默认鱼塘, , 9, 1, 2026-07-15 15:30:25, 2026-07-15 15:30:25
<==        Row: 2, 1, 1, 1, 9, 1, 2026-07-15 16:16:28, 2026-07-15 16:37:52
<==      Total: 2
Closing non transactional SqlSession [org.apache.ibatis.session.defaults.DefaultSqlSession@692e6889]
Creating a new SqlSession
SqlSession [org.apache.ibatis.session.defaults.DefaultSqlSession@54c1ea55] was not registered for synchronization because synchronization is not active
JDBC Connection [HikariProxyConnection@1566298658 wrapping com.mysql.cj.jdbc.ConnectionImpl@7a76475f] will not be managed by Spring
==>  Preparing: SELECT id,reservation_id,user_id,slot_id,spot_id,draw_time,pond_id FROM draw_result WHERE (reservation_id IN (?,?,?,?,?,?))
==> Parameters: 24(Long), 25(Long), 26(Long), 27(Long), 28(Long), 29(Long)
<==      Total: 0
Closing non transactional SqlSession [org.apache.ibatis.session.defaults.DefaultSqlSession@54c1ea55]
2026-07-21 15:27:34.091 DEBUG 112356 --- [nio-8080-exec-2] m.m.a.RequestResponseBodyMethodProcessor : Using 'application/json', given [application/json, text/plain, */*] and supported [application/json, application/*+json, application/json, application/*+json]
2026-07-21 15:27:34.094 DEBUG 112356 --- [nio-8080-exec-4] m.m.a.RequestResponseBodyMethodProcessor : Using 'application/json', given [application/json, text/plain, */*] and supported [application/json, application/*+json, application/json, application/*+json]
2026-07-21 15:27:34.099 DEBUG 112356 --- [nio-8080-exec-4] m.m.a.RequestResponseBodyMethodProcessor : Writing [Result(code=200, message=success, data=[])]
2026-07-21 15:27:34.099 DEBUG 112356 --- [nio-8080-exec-2] m.m.a.RequestResponseBodyMethodProcessor : Writing [Result(code=200, message=success, data=com.baomidou.mybatisplus.extension.plugins.pagination.Page@54 (truncated)...]
Creating a new SqlSession
SqlSession [org.apache.ibatis.session.defaults.DefaultSqlSession@8f78f3b] was not registered for synchronization because synchronization is not active
JDBC Connection [HikariProxyConnection@1789029254 wrapping com.mysql.cj.jdbc.ConnectionImpl@77dd8086] will not be managed by Spring
==>  Preparing: SELECT COUNT( * ) AS total FROM reservation WHERE (slot_id = ? AND status IN (?,?,?))
==> Parameters: 27(Long), 待抽号(String), 已抽号(String), 已核销(String)
<==    Columns: total
<==        Row: 1
<==      Total: 1
Closing non transactional SqlSession [org.apache.ibatis.session.defaults.DefaultSqlSession@8f78f3b]
Creating a new SqlSession
SqlSession [org.apache.ibatis.session.defaults.DefaultSqlSession@72fd0161] was not registered for synchronization because synchronization is not active
JDBC Connection [HikariProxyConnection@1191468768 wrapping com.mysql.cj.jdbc.ConnectionImpl@77dd8086] will not be managed by Spring
==>  Preparing: SELECT COUNT( * ) AS total FROM reservation WHERE (slot_id = ? AND status IN (?,?,?))
==> Parameters: 21(Long), 待抽号(String), 已抽号(String), 已核销(String)
<==    Columns: total
<==        Row: 1
<==      Total: 1
Closing non transactional SqlSession [org.apache.ibatis.session.defaults.DefaultSqlSession@72fd0161]
Creating a new SqlSession
SqlSession [org.apache.ibatis.session.defaults.DefaultSqlSession@3b6edb52] was not registered for synchronization because synchronization is not active
JDBC Connection [HikariProxyConnection@1471000524 wrapping com.mysql.cj.jdbc.ConnectionImpl@77dd8086] will not be managed by Spring
==>  Preparing: SELECT COUNT( * ) AS total FROM reservation WHERE (slot_id = ? AND status IN (?,?,?))
2026-07-21 15:27:34.323 DEBUG 112356 --- [nio-8080-exec-4] o.s.web.servlet.DispatcherServlet        : Completed 200 OK
==> Parameters: 25(Long), 待抽号(String), 已抽号(String), 已核销(String)
<==    Columns: total
<==        Row: 1
<==      Total: 1
Closing non transactional SqlSession [org.apache.ibatis.session.defaults.DefaultSqlSession@3b6edb52]
Creating a new SqlSession
SqlSession [org.apache.ibatis.session.defaults.DefaultSqlSession@2a804441] was not registered for synchronization because synchronization is not active
JDBC Connection [HikariProxyConnection@1736031752 wrapping com.mysql.cj.jdbc.ConnectionImpl@77dd8086] will not be managed by Spring
==>  Preparing: SELECT COUNT( * ) AS total FROM reservation WHERE (slot_id = ? AND status IN (?,?,?))
==> Parameters: 26(Long), 待抽号(String), 已抽号(String), 已核销(String)
<==    Columns: total
<==        Row: 1
<==      Total: 1
Closing non transactional SqlSession [org.apache.ibatis.session.defaults.DefaultSqlSession@2a804441]
Creating a new SqlSession
SqlSession [org.apache.ibatis.session.defaults.DefaultSqlSession@3705eae1] was not registered for synchronization because synchronization is not active
JDBC Connection [HikariProxyConnection@529469964 wrapping com.mysql.cj.jdbc.ConnectionImpl@77dd8086] will not be managed by Spring
==>  Preparing: SELECT COUNT( * ) AS total FROM reservation WHERE (slot_id = ? AND status IN (?,?,?))
==> Parameters: 23(Long), 待抽号(String), 已抽号(String), 已核销(String)
<==    Columns: total
<==        Row: 1
<==      Total: 1
Closing non transactional SqlSession [org.apache.ibatis.session.defaults.DefaultSqlSession@3705eae1]
Creating a new SqlSession
2026-07-21 15:27:34.372 DEBUG 112356 --- [nio-8080-exec-2] o.s.web.servlet.DispatcherServlet        : Completed 200 OK
SqlSession [org.apache.ibatis.session.defaults.DefaultSqlSession@6d9319d4] was not registered for synchronization because synchronization is not active
JDBC Connection [HikariProxyConnection@1968813157 wrapping com.mysql.cj.jdbc.ConnectionImpl@77dd8086] will not be managed by Spring
==>  Preparing: SELECT COUNT( * ) AS total FROM reservation WHERE (slot_id = ? AND status IN (?,?,?))
==> Parameters: 28(Long), 待抽号(String), 已抽号(String), 已核销(String)
<==    Columns: total
<==        Row: 1
<==      Total: 1
Closing non transactional SqlSession [org.apache.ibatis.session.defaults.DefaultSqlSession@6d9319d4]
Creating a new SqlSession
SqlSession [org.apache.ibatis.session.defaults.DefaultSqlSession@25a02026] was not registered for synchronization because synchronization is not active
JDBC Connection [HikariProxyConnection@141888457 wrapping com.mysql.cj.jdbc.ConnectionImpl@77dd8086] will not be managed by Spring
==>  Preparing: SELECT COUNT( * ) AS total FROM reservation WHERE (slot_id = ? AND status IN (?,?,?))
==> Parameters: 24(Long), 待抽号(String), 已抽号(String), 已核销(String)
<==    Columns: total
<==        Row: 1
<==      Total: 1
Closing non transactional SqlSession [org.apache.ibatis.session.defaults.DefaultSqlSession@25a02026]
Creating a new SqlSession
SqlSession [org.apache.ibatis.session.defaults.DefaultSqlSession@215482a8] was not registered for synchronization because synchronization is not active
JDBC Connection [HikariProxyConnection@1381991090 wrapping com.mysql.cj.jdbc.ConnectionImpl@77dd8086] will not be managed by Spring
==>  Preparing: SELECT COUNT( * ) AS total FROM reservation WHERE (slot_id = ? AND status IN (?,?,?))
==> Parameters: 29(Long), 待抽号(String), 已抽号(String), 已核销(String)
<==    Columns: total
<==        Row: 1
<==      Total: 1
Closing non transactional SqlSession [org.apache.ibatis.session.defaults.DefaultSqlSession@215482a8]
Creating a new SqlSession
SqlSession [org.apache.ibatis.session.defaults.DefaultSqlSession@69ff4168] was not registered for synchronization because synchronization is not active
JDBC Connection [HikariProxyConnection@274614268 wrapping com.mysql.cj.jdbc.ConnectionImpl@77dd8086] will not be managed by Spring
==>  Preparing: SELECT COUNT( * ) AS total FROM reservation WHERE (slot_id = ? AND status IN (?,?,?))
==> Parameters: 31(Long), 待抽号(String), 已抽号(String), 已核销(String)
<==    Columns: total
<==        Row: 1
<==      Total: 1
Closing non transactional SqlSession [org.apache.ibatis.session.defaults.DefaultSqlSession@69ff4168]
Creating a new SqlSession
SqlSession [org.apache.ibatis.session.defaults.DefaultSqlSession@75254870] was not registered for synchronization because synchronization is not active
JDBC Connection [HikariProxyConnection@1715643325 wrapping com.mysql.cj.jdbc.ConnectionImpl@77dd8086] will not be managed by Spring
==>  Preparing: SELECT COUNT( * ) AS total FROM reservation WHERE (slot_id = ? AND status IN (?,?,?))
==> Parameters: 22(Long), 待抽号(String), 已抽号(String), 已核销(String)
<==    Columns: total
<==        Row: 1
<==      Total: 1
Closing non transactional SqlSession [org.apache.ibatis.session.defaults.DefaultSqlSession@75254870]
Creating a new SqlSession
SqlSession [org.apache.ibatis.session.defaults.DefaultSqlSession@7ddd06ec] was not registered for synchronization because synchronization is not active
JDBC Connection [HikariProxyConnection@577021935 wrapping com.mysql.cj.jdbc.ConnectionImpl@77dd8086] will not be managed by Spring
==>  Preparing: SELECT COUNT( * ) AS total FROM reservation WHERE (slot_id = ? AND status IN (?,?,?))
==> Parameters: 30(Long), 待抽号(String), 已抽号(String), 已核销(String)
<==    Columns: total
<==        Row: 1
<==      Total: 1
Closing non transactional SqlSession [org.apache.ibatis.session.defaults.DefaultSqlSession@7ddd06ec]
Creating a new SqlSession
SqlSession [org.apache.ibatis.session.defaults.DefaultSqlSession@5e4f2c4b] was not registered for synchronization because synchronization is not active
JDBC Connection [HikariProxyConnection@1123756465 wrapping com.mysql.cj.jdbc.ConnectionImpl@77dd8086] will not be managed by Spring
==>  Preparing: SELECT COUNT( * ) AS total FROM reservation WHERE (slot_id = ? AND status IN (?,?,?))
==> Parameters: 32(Long), 待抽号(String), 已抽号(String), 已核销(String)
<==    Columns: total
<==        Row: 1
<==      Total: 1
Closing non transactional SqlSession [org.apache.ibatis.session.defaults.DefaultSqlSession@5e4f2c4b]
Creating a new SqlSession
SqlSession [org.apache.ibatis.session.defaults.DefaultSqlSession@741ae29f] was not registered for synchronization because synchronization is not active
JDBC Connection [HikariProxyConnection@828867091 wrapping com.mysql.cj.jdbc.ConnectionImpl@77dd8086] will not be managed by Spring
==>  Preparing: SELECT COUNT( * ) AS total FROM reservation WHERE (slot_id = ? AND status IN (?,?,?))
==> Parameters: 35(Long), 待抽号(String), 已抽号(String), 已核销(String)
<==    Columns: total
<==        Row: 0
<==      Total: 1
Closing non transactional SqlSession [org.apache.ibatis.session.defaults.DefaultSqlSession@741ae29f]
Creating a new SqlSession
SqlSession [org.apache.ibatis.session.defaults.DefaultSqlSession@36ef5426] was not registered for synchronization because synchronization is not active
JDBC Connection [HikariProxyConnection@706059923 wrapping com.mysql.cj.jdbc.ConnectionImpl@77dd8086] will not be managed by Spring
==>  Preparing: SELECT COUNT( * ) AS total FROM reservation WHERE (slot_id = ? AND status IN (?,?,?))
==> Parameters: 34(Long), 待抽号(String), 已抽号(String), 已核销(String)
<==    Columns: total
<==        Row: 0
<==      Total: 1
Closing non transactional SqlSession [org.apache.ibatis.session.defaults.DefaultSqlSession@36ef5426]
Creating a new SqlSession
SqlSession [org.apache.ibatis.session.defaults.DefaultSqlSession@34cdb09b] was not registered for synchronization because synchronization is not active
JDBC Connection [HikariProxyConnection@943362340 wrapping com.mysql.cj.jdbc.ConnectionImpl@77dd8086] will not be managed by Spring
==>  Preparing: SELECT COUNT( * ) AS total FROM reservation WHERE (slot_id = ? AND status IN (?,?,?))
==> Parameters: 33(Long), 待抽号(String), 已抽号(String), 已核销(String)
<==    Columns: total
<==        Row: 0
<==      Total: 1
Closing non transactional SqlSession [org.apache.ibatis.session.defaults.DefaultSqlSession@34cdb09b]
Creating a new SqlSession
SqlSession [org.apache.ibatis.session.defaults.DefaultSqlSession@659d54c7] was not registered for synchronization because synchronization is not active
JDBC Connection [HikariProxyConnection@1015904647 wrapping com.mysql.cj.jdbc.ConnectionImpl@77dd8086] will not be managed by Spring
==>  Preparing: SELECT COUNT( * ) AS total FROM reservation WHERE (slot_id = ? AND status IN (?,?,?))
==> Parameters: 38(Long), 待抽号(String), 已抽号(String), 已核销(String)
<==    Columns: total
<==        Row: 0
<==      Total: 1
Closing non transactional SqlSession [org.apache.ibatis.session.defaults.DefaultSqlSession@659d54c7]
Creating a new SqlSession
SqlSession [org.apache.ibatis.session.defaults.DefaultSqlSession@557f7ee] was not registered for synchronization because synchronization is not active
JDBC Connection [HikariProxyConnection@182690031 wrapping com.mysql.cj.jdbc.ConnectionImpl@77dd8086] will not be managed by Spring
==>  Preparing: SELECT COUNT( * ) AS total FROM reservation WHERE (slot_id = ? AND status IN (?,?,?))
==> Parameters: 36(Long), 待抽号(String), 已抽号(String), 已核销(String)
<==    Columns: total
<==        Row: 0
<==      Total: 1
Closing non transactional SqlSession [org.apache.ibatis.session.defaults.DefaultSqlSession@557f7ee]
Creating a new SqlSession
SqlSession [org.apache.ibatis.session.defaults.DefaultSqlSession@1e80f82c] was not registered for synchronization because synchronization is not active
JDBC Connection [HikariProxyConnection@617776277 wrapping com.mysql.cj.jdbc.ConnectionImpl@77dd8086] will not be managed by Spring
==>  Preparing: SELECT COUNT( * ) AS total FROM reservation WHERE (slot_id = ? AND status IN (?,?,?))
==> Parameters: 37(Long), 待抽号(String), 已抽号(String), 已核销(String)
<==    Columns: total
<==        Row: 0
<==      Total: 1
Closing non transactional SqlSession [org.apache.ibatis.session.defaults.DefaultSqlSession@1e80f82c]
2026-07-21 15:27:34.637 DEBUG 112356 --- [nio-8080-exec-3] m.m.a.RequestResponseBodyMethodProcessor : Using 'application/json', given [application/json, text/plain, */*] and supported [application/json, application/*+json, application/json, application/*+json]
2026-07-21 15:27:34.640 DEBUG 112356 --- [nio-8080-exec-3] m.m.a.RequestResponseBodyMethodProcessor : Writing [Result(code=200, message=success, data=[TimeSlot(id=27, slotDate=2026-07-22, slotName=早场, startTime= (truncated)...]
2026-07-21 15:27:34.734 DEBUG 112356 --- [nio-8080-exec-3] o.s.web.servlet.DispatcherServlet        : Completed 200 OK
2026-07-21 15:27:38.655 DEBUG 112356 --- [nio-8080-exec-1] o.s.web.servlet.DispatcherServlet        : GET "/actuator/health", parameters={}
2026-07-21 15:27:38.658 DEBUG 112356 --- [nio-8080-exec-1] s.b.a.e.w.s.WebMvcEndpointHandlerMapping : Mapped to Actuator web endpoint 'health'
2026-07-21 15:27:38.875 DEBUG 112356 --- [nio-8080-exec-1] o.s.w.s.m.m.a.HttpEntityMethodProcessor  : Using 'application/vnd.spring-boot.actuator.v3+json', given [*/*] and supported [application/vnd.spring-boot.actuator.v3+json, application/vnd.spring-boot.actuator.v2+json, application/json]
2026-07-21 15:27:38.901 DEBUG 112356 --- [nio-8080-exec-1] o.s.w.s.m.m.a.HttpEntityMethodProcessor  : Writing [org.springframework.boot.actuate.health.SystemHealth@76a97503]
2026-07-21 15:27:38.906 DEBUG 112356 --- [nio-8080-exec-1] o.s.web.servlet.DispatcherServlet        : Completed 200 OK
