
  .   ____          _            __ _ _
 /\\ / ___'_ __ _ _(_)_ __  __ _ \ \ \ \
( ( )\___ | '_ | '_| | '_ \/ _` | \ \ \ \
 \\/  ___)| |_)| | | | | || (_| |  ) ) ) )
  '  |____| .__|_| |_|_| |_\__, | / / / /
 =========|_|==============|___/=/_/_/_/
 :: Spring Boot ::               (v2.7.18)

2026-07-20 15:32:25.349  INFO 72008 --- [           main] c.e.f.FishingReservationApplication      : Starting FishingReservationApplication v1.0.0 using Java 17.0.16 on LAPTOP-AD7QJJL4 with PID 72008 (C:\Users\ASUS\Desktop\工作项目\钓鱼\target\fishing-reservation-1.0.0.jar started by ASUS in C:\Users\ASUS\Desktop\工作项目\钓鱼)
2026-07-20 15:32:25.352  INFO 72008 --- [           main] c.e.f.FishingReservationApplication      : No active profile set, falling back to 1 default profile: "default"
2026-07-20 15:32:26.699  INFO 72008 --- [           main] .s.d.r.c.RepositoryConfigurationDelegate : Multiple Spring Data modules found, entering strict repository configuration mode
2026-07-20 15:32:26.708  INFO 72008 --- [           main] .s.d.r.c.RepositoryConfigurationDelegate : Bootstrapping Spring Data Redis repositories in DEFAULT mode.
2026-07-20 15:32:26.731  INFO 72008 --- [           main] .s.d.r.c.RepositoryConfigurationDelegate : Finished Spring Data repository scanning in 10 ms. Found 0 Redis repository interfaces.
2026-07-20 15:32:27.936  INFO 72008 --- [           main] o.s.b.w.embedded.tomcat.TomcatWebServer  : Tomcat initialized with port(s): 8080 (http)
2026-07-20 15:32:27.949  INFO 72008 --- [           main] o.apache.catalina.core.StandardService   : Starting service [Tomcat]
2026-07-20 15:32:27.949  INFO 72008 --- [           main] org.apache.catalina.core.StandardEngine  : Starting Servlet engine: [Apache Tomcat/9.0.83]
2026-07-20 15:32:28.050  INFO 72008 --- [           main] o.a.c.c.C.[Tomcat].[localhost].[/]       : Initializing Spring embedded WebApplicationContext
2026-07-20 15:32:28.051  INFO 72008 --- [           main] w.s.c.ServletWebServerApplicationContext : Root WebApplicationContext: initialization completed in 2594 ms
Logging initialized using 'class org.apache.ibatis.logging.stdout.StdOutImpl' adapter.
Initialization Sequence datacenterId:21 workerId:30
 _ _   |_  _ _|_. ___ _ |    _ 
| | |\/|_)(_| | |_\  |_)||_|_\ 
     /               |         
                        3.5.5 
2026-07-20 15:32:29.389  INFO 72008 --- [           main] org.redisson.Version                     : Redisson 3.23.5
2026-07-20 15:32:29.723  INFO 72008 --- [isson-netty-2-4] o.r.c.pool.MasterPubSubConnectionPool    : 1 connections initialized for 127.0.0.1/127.0.0.1:6379
2026-07-20 15:32:29.727  INFO 72008 --- [isson-netty-2-7] o.r.c.pool.MasterConnectionPool          : 2 connections initialized for 127.0.0.1/127.0.0.1:6379
2026-07-20 15:32:32.727  INFO 72008 --- [           main] o.s.b.a.e.web.EndpointLinksResolver      : Exposing 1 endpoint(s) beneath base path '/actuator'
2026-07-20 15:32:32.809  INFO 72008 --- [           main] o.s.b.w.embedded.tomcat.TomcatWebServer  : Tomcat started on port(s): 8080 (http) with context path ''
2026-07-20 15:32:32.836  INFO 72008 --- [           main] c.e.f.FishingReservationApplication      : Started FishingReservationApplication in 7.908 seconds (JVM running for 8.36)
2026-07-20 15:32:32.889  INFO 72008 --- [           main] com.zaxxer.hikari.HikariDataSource       : HikariPool-1 - Starting...
2026-07-20 15:32:32.993  INFO 72008 --- [           main] com.zaxxer.hikari.HikariDataSource       : HikariPool-1 - Start completed.
2026-07-20 15:32:33.009  INFO 72008 --- [           main] c.e.f.config.SchemaMigrationRunner       : pond 表检查/创建完成
2026-07-20 15:32:33.026  INFO 72008 --- [           main] c.e.f.config.SchemaMigrationRunner       : invite_code 表检查/创建完成
2026-07-20 15:32:33.028  INFO 72008 --- [           main] c.e.f.config.SchemaMigrationRunner       : share_token 表检查/创建完成
2026-07-20 15:32:33.028  INFO 72008 --- [           main] c.e.f.config.SchemaMigrationRunner       : merchant_staff 表检查/创建完成
2026-07-20 15:32:33.034  INFO 72008 --- [           main] c.e.f.config.SchemaMigrationRunner       : 旧管理员角色已迁移为平台管理员(role=2)
2026-07-20 15:32:33.037  INFO 72008 --- [           main] c.e.f.config.SchemaMigrationRunner       : 默认商家账号角色已修正为 merchant
2026-07-20 15:32:33.039  INFO 72008 --- [           main] c.e.f.config.SchemaMigrationRunner       : 现有数据已归属到默认鱼塘
2026-07-20 15:32:33.045  INFO 72008 --- [           main] c.e.f.config.SchemaMigrationRunner       : 商城表检查/创建完成
2026-07-20 15:32:33.047  INFO 72008 --- [           main] c.e.f.config.SchemaMigrationRunner       : catch_records 表检查/创建完成
2026-07-20 15:32:33.047  INFO 72008 --- [           main] c.e.f.config.SchemaMigrationRunner       : restaurant_menus 表检查/创建完成
2026-07-20 15:32:33.049  INFO 72008 --- [           main] c.e.f.config.SchemaMigrationRunner       : 数据库结构自动迁移完成
2026-07-20 15:33:30.729  INFO 72008 --- [nio-8080-exec-2] o.a.c.c.C.[Tomcat].[localhost].[/]       : Initializing Spring DispatcherServlet 'dispatcherServlet'
2026-07-20 15:33:30.738  INFO 72008 --- [nio-8080-exec-2] o.s.web.servlet.DispatcherServlet        : Initializing Servlet 'dispatcherServlet'
2026-07-20 15:33:30.739  INFO 72008 --- [nio-8080-exec-2] o.s.web.servlet.DispatcherServlet        : Completed initialization in 1 ms
Creating a new SqlSession
Creating a new SqlSession
Creating a new SqlSession
Creating a new SqlSession
SqlSession [org.apache.ibatis.session.defaults.DefaultSqlSession@25d5aec7] was not registered for synchronization because synchronization is not active
SqlSession [org.apache.ibatis.session.defaults.DefaultSqlSession@d5d70ad] was not registered for synchronization because synchronization is not active
SqlSession [org.apache.ibatis.session.defaults.DefaultSqlSession@650a8f01] was not registered for synchronization because synchronization is not active
SqlSession [org.apache.ibatis.session.defaults.DefaultSqlSession@3f3264ec] was not registered for synchronization because synchronization is not active
JDBC Connection [HikariProxyConnection@939497606 wrapping com.mysql.cj.jdbc.ConnectionImpl@37cbfa74] will not be managed by Spring
JDBC Connection [HikariProxyConnection@1257292535 wrapping com.mysql.cj.jdbc.ConnectionImpl@425bfef8] will not be managed by Spring
JDBC Connection [HikariProxyConnection@703751257 wrapping com.mysql.cj.jdbc.ConnectionImpl@cb54944] will not be managed by Spring
JDBC Connection [HikariProxyConnection@1436063912 wrapping com.mysql.cj.jdbc.ConnectionImpl@64db679d] will not be managed by Spring
==>  Preparing: SELECT id,phone,nickname,password,role,admin_type,pond_id,staff_id,status,email,create_time,last_login_time FROM sys_user WHERE id=?
==>  Preparing: SELECT id,phone,nickname,password,role,admin_type,pond_id,staff_id,status,email,create_time,last_login_time FROM sys_user WHERE id=?
==>  Preparing: SELECT id,phone,nickname,password,role,admin_type,pond_id,staff_id,status,email,create_time,last_login_time FROM sys_user WHERE id=?
==>  Preparing: SELECT id,phone,nickname,password,role,admin_type,pond_id,staff_id,status,email,create_time,last_login_time FROM sys_user WHERE id=?
==> Parameters: 11(Long)
==> Parameters: 11(Long)
==> Parameters: 11(Long)
==> Parameters: 10(Long)
<==    Columns: id, phone, nickname, password, role, admin_type, pond_id, staff_id, status, email, create_time, last_login_time
<==    Columns: id, phone, nickname, password, role, admin_type, pond_id, staff_id, status, email, create_time, last_login_time
<==    Columns: id, phone, nickname, password, role, admin_type, pond_id, staff_id, status, email, create_time, last_login_time
<==    Columns: id, phone, nickname, password, role, admin_type, pond_id, staff_id, status, email, create_time, last_login_time
<==        Row: 11, 12345678910, 111, $2a$10$w56xGopTQWy22VrpbnfA4uPVNjO5Lq9FLWUKAHWtBSsy3./6uf4DK, 0, null, null, null, 1, null, 2026-07-20 14:36:48, 2026-07-20 14:39:03
<==        Row: 11, 12345678910, 111, $2a$10$w56xGopTQWy22VrpbnfA4uPVNjO5Lq9FLWUKAHWtBSsy3./6uf4DK, 0, null, null, null, 1, null, 2026-07-20 14:36:48, 2026-07-20 14:39:03
<==        Row: 10, 17767113837, 21, $2a$10$xTJlJQJEEWnL.gFQ5zXVu.9LZv9YzlOLYfCeQNEYtyq5D3fYt780., 0, null, null, null, 1, null, 2026-07-20 10:26:53, 2026-07-20 10:27:09
<==        Row: 11, 12345678910, 111, $2a$10$w56xGopTQWy22VrpbnfA4uPVNjO5Lq9FLWUKAHWtBSsy3./6uf4DK, 0, null, null, null, 1, null, 2026-07-20 14:36:48, 2026-07-20 14:39:03
<==      Total: 1
<==      Total: 1
<==      Total: 1
<==      Total: 1
Closing non transactional SqlSession [org.apache.ibatis.session.defaults.DefaultSqlSession@3f3264ec]
Closing non transactional SqlSession [org.apache.ibatis.session.defaults.DefaultSqlSession@d5d70ad]
Closing non transactional SqlSession [org.apache.ibatis.session.defaults.DefaultSqlSession@650a8f01]
Closing non transactional SqlSession [org.apache.ibatis.session.defaults.DefaultSqlSession@25d5aec7]
Creating a new SqlSession
Creating a new SqlSession
SqlSession [org.apache.ibatis.session.defaults.DefaultSqlSession@159e7cb6] was not registered for synchronization because synchronization is not active
Creating a new SqlSession
Creating a new SqlSession
SqlSession [org.apache.ibatis.session.defaults.DefaultSqlSession@4899721a] was not registered for synchronization because synchronization is not active
SqlSession [org.apache.ibatis.session.defaults.DefaultSqlSession@791e4c4b] was not registered for synchronization because synchronization is not active
SqlSession [org.apache.ibatis.session.defaults.DefaultSqlSession@120b01e4] was not registered for synchronization because synchronization is not active
JDBC Connection [HikariProxyConnection@1601937548 wrapping com.mysql.cj.jdbc.ConnectionImpl@cb54944] will not be managed by Spring
JDBC Connection [HikariProxyConnection@1759538803 wrapping com.mysql.cj.jdbc.ConnectionImpl@64db679d] will not be managed by Spring
JDBC Connection [HikariProxyConnection@17543640 wrapping com.mysql.cj.jdbc.ConnectionImpl@37cbfa74] will not be managed by Spring
==>  Preparing: SELECT id,user_id,slot_id,status,create_time,cancel_time,cancel_reason,pond_id,checkin_code,actual_fee,check_in_time FROM reservation WHERE (user_id = ?) ORDER BY create_time DESC
JDBC Connection [HikariProxyConnection@1561045323 wrapping com.mysql.cj.jdbc.ConnectionImpl@425bfef8] will not be managed by Spring
==>  Preparing: SELECT id,slot_date,slot_name,start_time,end_time,max_bookings,advance_days,draw_start_time,draw_end_time,status,pond_id,default_price FROM time_slot WHERE (status = ?)
==>  Preparing: SELECT id,slot_date,slot_name,start_time,end_time,max_bookings,advance_days,draw_start_time,draw_end_time,status,pond_id,default_price FROM time_slot WHERE (status = ?)
==> Parameters: 11(Long)
==>  Preparing: SELECT id,reservation_id,user_id,slot_id,spot_id,draw_time,pond_id FROM draw_result WHERE (user_id = ?) ORDER BY draw_time DESC
==> Parameters: 1(Integer)
==> Parameters: 1(Integer)
Creating a new SqlSession
Creating a new SqlSession
==> Parameters: 11(Long)
<==    Columns: id, slot_date, slot_name, start_time, end_time, max_bookings, advance_days, draw_start_time, draw_end_time, status, pond_id, default_price
<==    Columns: id, slot_date, slot_name, start_time, end_time, max_bookings, advance_days, draw_start_time, draw_end_time, status, pond_id, default_price
SqlSession [org.apache.ibatis.session.defaults.DefaultSqlSession@7752532] was not registered for synchronization because synchronization is not active
<==      Total: 0
SqlSession [org.apache.ibatis.session.defaults.DefaultSqlSession@3f86c022] was not registered for synchronization because synchronization is not active
<==        Row: 15, 2026-07-16, 早场, 06:00:00, 12:00:00, 10, 7, 2026-07-15 00:00:00, 2026-07-16 00:00:00, 1, 1, null
<==        Row: 15, 2026-07-16, 早场, 06:00:00, 12:00:00, 10, 7, 2026-07-15 00:00:00, 2026-07-16 00:00:00, 1, 1, null
JDBC Connection [HikariProxyConnection@162712492 wrapping com.mysql.cj.jdbc.ConnectionImpl@d8d4e42] will not be managed by Spring
Closing non transactional SqlSession [org.apache.ibatis.session.defaults.DefaultSqlSession@159e7cb6]
<==      Total: 0
==>  Preparing: SELECT id,phone,nickname,password,role,admin_type,pond_id,staff_id,status,email,create_time,last_login_time FROM sys_user WHERE id=?
JDBC Connection [HikariProxyConnection@826358178 wrapping com.mysql.cj.jdbc.ConnectionImpl@357eab52] will not be managed by Spring
==> Parameters: 10(Long)
<==        Row: 16, 2026-07-18, 晚场, 06:00:00, 12:00:00, 10, 7, 2026-07-15 00:00:00, 2026-07-16 00:00:00, 1, 1, null
Closing non transactional SqlSession [org.apache.ibatis.session.defaults.DefaultSqlSession@4899721a]
==>  Preparing: SELECT id,phone,nickname,password,role,admin_type,pond_id,staff_id,status,email,create_time,last_login_time FROM sys_user WHERE id=?
<==    Columns: id, phone, nickname, password, role, admin_type, pond_id, staff_id, status, email, create_time, last_login_time
<==        Row: 16, 2026-07-18, 晚场, 06:00:00, 12:00:00, 10, 7, 2026-07-15 00:00:00, 2026-07-16 00:00:00, 1, 1, null
<==        Row: 10, 17767113837, 21, $2a$10$xTJlJQJEEWnL.gFQ5zXVu.9LZv9YzlOLYfCeQNEYtyq5D3fYt780., 0, null, null, null, 1, null, 2026-07-20 10:26:53, 2026-07-20 10:27:09
==> Parameters: 10(Long)
<==        Row: 17, 2026-07-17, 午场, 06:00:00, 12:00:00, 10, 7, 2026-07-15 00:00:00, 2026-07-16 00:00:00, 1, 1, null
<==    Columns: id, phone, nickname, password, role, admin_type, pond_id, staff_id, status, email, create_time, last_login_time
<==      Total: 1
<==        Row: 10, 17767113837, 21, $2a$10$xTJlJQJEEWnL.gFQ5zXVu.9LZv9YzlOLYfCeQNEYtyq5D3fYt780., 0, null, null, null, 1, null, 2026-07-20 10:26:53, 2026-07-20 10:27:09
<==        Row: 17, 2026-07-17, 午场, 06:00:00, 12:00:00, 10, 7, 2026-07-15 00:00:00, 2026-07-16 00:00:00, 1, 1, null
Closing non transactional SqlSession [org.apache.ibatis.session.defaults.DefaultSqlSession@7752532]
<==      Total: 3
<==      Total: 3
<==      Total: 1
Closing non transactional SqlSession [org.apache.ibatis.session.defaults.DefaultSqlSession@791e4c4b]
Creating a new SqlSession
Closing non transactional SqlSession [org.apache.ibatis.session.defaults.DefaultSqlSession@120b01e4]
SqlSession [org.apache.ibatis.session.defaults.DefaultSqlSession@1e15d7f4] was not registered for synchronization because synchronization is not active
Closing non transactional SqlSession [org.apache.ibatis.session.defaults.DefaultSqlSession@3f86c022]
Creating a new SqlSession
JDBC Connection [HikariProxyConnection@681590488 wrapping com.mysql.cj.jdbc.ConnectionImpl@d8d4e42] will not be managed by Spring
SqlSession [org.apache.ibatis.session.defaults.DefaultSqlSession@79f27a64] was not registered for synchronization because synchronization is not active
==>  Preparing: SELECT id,user_id,slot_id,status,create_time,cancel_time,cancel_reason,pond_id,checkin_code,actual_fee,check_in_time FROM reservation WHERE (user_id = ?) ORDER BY create_time DESC
==> Parameters: 10(Long)
JDBC Connection [HikariProxyConnection@273927382 wrapping com.mysql.cj.jdbc.ConnectionImpl@357eab52] will not be managed by Spring
<==    Columns: id, user_id, slot_id, status, create_time, cancel_time, cancel_reason, pond_id, checkin_code, actual_fee, check_in_time
==>  Preparing: SELECT id,reservation_id,user_id,slot_id,spot_id,draw_time,pond_id FROM draw_result WHERE (user_id = ?) ORDER BY draw_time DESC
<==        Row: 22, 10, 16, 过期失效, 2026-07-20 10:27:37, null, null, 1, 130151, null, null
==> Parameters: 10(Long)
<==        Row: 21, 10, 15, 过期失效, 2026-07-20 10:27:14, null, null, 1, 424796, null, null
<==      Total: 2
Closing non transactional SqlSession [org.apache.ibatis.session.defaults.DefaultSqlSession@1e15d7f4]
<==      Total: 0
Closing non transactional SqlSession [org.apache.ibatis.session.defaults.DefaultSqlSession@79f27a64]
Creating a new SqlSession
SqlSession [org.apache.ibatis.session.defaults.DefaultSqlSession@3592e73e] was not registered for synchronization because synchronization is not active
JDBC Connection [HikariProxyConnection@154258429 wrapping com.mysql.cj.jdbc.ConnectionImpl@d8d4e42] will not be managed by Spring
==>  Preparing: SELECT id,phone,nickname,password,role,admin_type,pond_id,staff_id,status,email,create_time,last_login_time FROM sys_user WHERE id IN ( ? )
==> Parameters: 10(Long)
<==    Columns: id, phone, nickname, password, role, admin_type, pond_id, staff_id, status, email, create_time, last_login_time
<==        Row: 10, 17767113837, 21, $2a$10$xTJlJQJEEWnL.gFQ5zXVu.9LZv9YzlOLYfCeQNEYtyq5D3fYt780., 0, null, null, null, 1, null, 2026-07-20 10:26:53, 2026-07-20 10:27:09
<==      Total: 1
Closing non transactional SqlSession [org.apache.ibatis.session.defaults.DefaultSqlSession@3592e73e]
Creating a new SqlSession
SqlSession [org.apache.ibatis.session.defaults.DefaultSqlSession@6ae09c28] was not registered for synchronization because synchronization is not active
JDBC Connection [HikariProxyConnection@610508933 wrapping com.mysql.cj.jdbc.ConnectionImpl@d8d4e42] will not be managed by Spring
==>  Preparing: SELECT id,slot_date,slot_name,start_time,end_time,max_bookings,advance_days,draw_start_time,draw_end_time,status,pond_id,default_price FROM time_slot WHERE id IN ( ? , ? )
==> Parameters: 16(Long), 15(Long)
<==    Columns: id, slot_date, slot_name, start_time, end_time, max_bookings, advance_days, draw_start_time, draw_end_time, status, pond_id, default_price
<==        Row: 15, 2026-07-16, 早场, 06:00:00, 12:00:00, 10, 7, 2026-07-15 00:00:00, 2026-07-16 00:00:00, 1, 1, null
<==        Row: 16, 2026-07-18, 晚场, 06:00:00, 12:00:00, 10, 7, 2026-07-15 00:00:00, 2026-07-16 00:00:00, 1, 1, null
<==      Total: 2
Closing non transactional SqlSession [org.apache.ibatis.session.defaults.DefaultSqlSession@6ae09c28]
Creating a new SqlSession
SqlSession [org.apache.ibatis.session.defaults.DefaultSqlSession@448e71] was not registered for synchronization because synchronization is not active
JDBC Connection [HikariProxyConnection@501451952 wrapping com.mysql.cj.jdbc.ConnectionImpl@d8d4e42] will not be managed by Spring
==>  Preparing: SELECT id,name,address,phone,merchant_id,status,create_time,update_time FROM pond WHERE id IN ( ? )
==> Parameters: 1(Long)
<==    Columns: id, name, address, phone, merchant_id, status, create_time, update_time
<==        Row: 1, 默认鱼塘, 系统默认鱼塘, , 9, 1, 2026-07-15 15:30:25, 2026-07-15 15:30:25
<==      Total: 1
Closing non transactional SqlSession [org.apache.ibatis.session.defaults.DefaultSqlSession@448e71]
Creating a new SqlSession
Creating a new SqlSession
Creating a new SqlSession
SqlSession [org.apache.ibatis.session.defaults.DefaultSqlSession@7b8f8368] was not registered for synchronization because synchronization is not active
SqlSession [org.apache.ibatis.session.defaults.DefaultSqlSession@7f708c75] was not registered for synchronization because synchronization is not active
SqlSession [org.apache.ibatis.session.defaults.DefaultSqlSession@771fe4d4] was not registered for synchronization because synchronization is not active
JDBC Connection [HikariProxyConnection@980553215 wrapping com.mysql.cj.jdbc.ConnectionImpl@37cbfa74] will not be managed by Spring
JDBC Connection [HikariProxyConnection@2044200007 wrapping com.mysql.cj.jdbc.ConnectionImpl@64db679d] will not be managed by Spring
JDBC Connection [HikariProxyConnection@259608316 wrapping com.mysql.cj.jdbc.ConnectionImpl@cb54944] will not be managed by Spring
==>  Preparing: SELECT id,phone,nickname,password,role,admin_type,pond_id,staff_id,status,email,create_time,last_login_time FROM sys_user WHERE id=?
==>  Preparing: SELECT id,phone,nickname,password,role,admin_type,pond_id,staff_id,status,email,create_time,last_login_time FROM sys_user WHERE id=?
==>  Preparing: SELECT id,phone,nickname,password,role,admin_type,pond_id,staff_id,status,email,create_time,last_login_time FROM sys_user WHERE id=?
==> Parameters: 11(Long)
==> Parameters: 11(Long)
==> Parameters: 11(Long)
<==    Columns: id, phone, nickname, password, role, admin_type, pond_id, staff_id, status, email, create_time, last_login_time
<==    Columns: id, phone, nickname, password, role, admin_type, pond_id, staff_id, status, email, create_time, last_login_time
<==    Columns: id, phone, nickname, password, role, admin_type, pond_id, staff_id, status, email, create_time, last_login_time
<==        Row: 11, 12345678910, 111, $2a$10$w56xGopTQWy22VrpbnfA4uPVNjO5Lq9FLWUKAHWtBSsy3./6uf4DK, 0, null, null, null, 1, null, 2026-07-20 14:36:48, 2026-07-20 14:39:03
<==        Row: 11, 12345678910, 111, $2a$10$w56xGopTQWy22VrpbnfA4uPVNjO5Lq9FLWUKAHWtBSsy3./6uf4DK, 0, null, null, null, 1, null, 2026-07-20 14:36:48, 2026-07-20 14:39:03
<==        Row: 11, 12345678910, 111, $2a$10$w56xGopTQWy22VrpbnfA4uPVNjO5Lq9FLWUKAHWtBSsy3./6uf4DK, 0, null, null, null, 1, null, 2026-07-20 14:36:48, 2026-07-20 14:39:03
<==      Total: 1
<==      Total: 1
<==      Total: 1
Closing non transactional SqlSession [org.apache.ibatis.session.defaults.DefaultSqlSession@771fe4d4]
Closing non transactional SqlSession [org.apache.ibatis.session.defaults.DefaultSqlSession@7f708c75]
Closing non transactional SqlSession [org.apache.ibatis.session.defaults.DefaultSqlSession@7b8f8368]
Creating a new SqlSession
Creating a new SqlSession
Creating a new SqlSession
SqlSession [org.apache.ibatis.session.defaults.DefaultSqlSession@c0f6d77] was not registered for synchronization because synchronization is not active
SqlSession [org.apache.ibatis.session.defaults.DefaultSqlSession@7f2d6be6] was not registered for synchronization because synchronization is not active
SqlSession [org.apache.ibatis.session.defaults.DefaultSqlSession@4d56b54c] was not registered for synchronization because synchronization is not active
JDBC Connection [HikariProxyConnection@52419722 wrapping com.mysql.cj.jdbc.ConnectionImpl@cb54944] will not be managed by Spring
JDBC Connection [HikariProxyConnection@1068160244 wrapping com.mysql.cj.jdbc.ConnectionImpl@37cbfa74] will not be managed by Spring
JDBC Connection [HikariProxyConnection@1397259643 wrapping com.mysql.cj.jdbc.ConnectionImpl@64db679d] will not be managed by Spring
==>  Preparing: SELECT id,slot_date,slot_name,start_time,end_time,max_bookings,advance_days,draw_start_time,draw_end_time,status,pond_id,default_price FROM time_slot WHERE (status = ?)
==>  Preparing: SELECT id,reservation_id,user_id,slot_id,spot_id,draw_time,pond_id FROM draw_result WHERE (user_id = ?) ORDER BY draw_time DESC
==>  Preparing: SELECT id,user_id,slot_id,status,create_time,cancel_time,cancel_reason,pond_id,checkin_code,actual_fee,check_in_time FROM reservation WHERE (user_id = ?) ORDER BY create_time DESC
==> Parameters: 1(Integer)
==> Parameters: 11(Long)
==> Parameters: 11(Long)
<==      Total: 0
<==    Columns: id, slot_date, slot_name, start_time, end_time, max_bookings, advance_days, draw_start_time, draw_end_time, status, pond_id, default_price
<==      Total: 0
Closing non transactional SqlSession [org.apache.ibatis.session.defaults.DefaultSqlSession@c0f6d77]
<==        Row: 15, 2026-07-16, 早场, 06:00:00, 12:00:00, 10, 7, 2026-07-15 00:00:00, 2026-07-16 00:00:00, 1, 1, null
Closing non transactional SqlSession [org.apache.ibatis.session.defaults.DefaultSqlSession@7f2d6be6]
<==        Row: 16, 2026-07-18, 晚场, 06:00:00, 12:00:00, 10, 7, 2026-07-15 00:00:00, 2026-07-16 00:00:00, 1, 1, null
<==        Row: 17, 2026-07-17, 午场, 06:00:00, 12:00:00, 10, 7, 2026-07-15 00:00:00, 2026-07-16 00:00:00, 1, 1, null
<==      Total: 3
Closing non transactional SqlSession [org.apache.ibatis.session.defaults.DefaultSqlSession@4d56b54c]
Creating a new SqlSession
Creating a new SqlSession
SqlSession [org.apache.ibatis.session.defaults.DefaultSqlSession@3b53a894] was not registered for synchronization because synchronization is not active
Creating a new SqlSession
SqlSession [org.apache.ibatis.session.defaults.DefaultSqlSession@6b97e7b9] was not registered for synchronization because synchronization is not active
SqlSession [org.apache.ibatis.session.defaults.DefaultSqlSession@6e9cfb76] was not registered for synchronization because synchronization is not active
JDBC Connection [HikariProxyConnection@1699742907 wrapping com.mysql.cj.jdbc.ConnectionImpl@37cbfa74] will not be managed by Spring
JDBC Connection [HikariProxyConnection@1770908572 wrapping com.mysql.cj.jdbc.ConnectionImpl@64db679d] will not be managed by Spring
==>  Preparing: SELECT id,phone,nickname,password,role,admin_type,pond_id,staff_id,status,email,create_time,last_login_time FROM sys_user WHERE id=?
JDBC Connection [HikariProxyConnection@1336469093 wrapping com.mysql.cj.jdbc.ConnectionImpl@425bfef8] will not be managed by Spring
==>  Preparing: SELECT id,phone,nickname,password,role,admin_type,pond_id,staff_id,status,email,create_time,last_login_time FROM sys_user WHERE id=?
==>  Preparing: SELECT id,phone,nickname,password,role,admin_type,pond_id,staff_id,status,email,create_time,last_login_time FROM sys_user WHERE id=?
==> Parameters: 10(Long)
==> Parameters: 10(Long)
==> Parameters: 10(Long)
<==    Columns: id, phone, nickname, password, role, admin_type, pond_id, staff_id, status, email, create_time, last_login_time
<==    Columns: id, phone, nickname, password, role, admin_type, pond_id, staff_id, status, email, create_time, last_login_time
<==        Row: 10, 17767113837, 21, $2a$10$xTJlJQJEEWnL.gFQ5zXVu.9LZv9YzlOLYfCeQNEYtyq5D3fYt780., 0, null, null, null, 1, null, 2026-07-20 10:26:53, 2026-07-20 10:27:09
<==    Columns: id, phone, nickname, password, role, admin_type, pond_id, staff_id, status, email, create_time, last_login_time
<==        Row: 10, 17767113837, 21, $2a$10$xTJlJQJEEWnL.gFQ5zXVu.9LZv9YzlOLYfCeQNEYtyq5D3fYt780., 0, null, null, null, 1, null, 2026-07-20 10:26:53, 2026-07-20 10:27:09
<==        Row: 10, 17767113837, 21, $2a$10$xTJlJQJEEWnL.gFQ5zXVu.9LZv9YzlOLYfCeQNEYtyq5D3fYt780., 0, null, null, null, 1, null, 2026-07-20 10:26:53, 2026-07-20 10:27:09
<==      Total: 1
<==      Total: 1
Closing non transactional SqlSession [org.apache.ibatis.session.defaults.DefaultSqlSession@6b97e7b9]
<==      Total: 1
Creating a new SqlSession
SqlSession [org.apache.ibatis.session.defaults.DefaultSqlSession@246d0e80] was not registered for synchronization because synchronization is not active
Closing non transactional SqlSession [org.apache.ibatis.session.defaults.DefaultSqlSession@3b53a894]
Closing non transactional SqlSession [org.apache.ibatis.session.defaults.DefaultSqlSession@6e9cfb76]
JDBC Connection [HikariProxyConnection@1888718747 wrapping com.mysql.cj.jdbc.ConnectionImpl@37cbfa74] will not be managed by Spring
Creating a new SqlSession
==>  Preparing: SELECT id,slot_date,slot_name,start_time,end_time,max_bookings,advance_days,draw_start_time,draw_end_time,status,pond_id,default_price FROM time_slot WHERE (status = ?)
Creating a new SqlSession
==> Parameters: 1(Integer)
SqlSession [org.apache.ibatis.session.defaults.DefaultSqlSession@5fefd957] was not registered for synchronization because synchronization is not active
SqlSession [org.apache.ibatis.session.defaults.DefaultSqlSession@2c9b3990] was not registered for synchronization because synchronization is not active
<==    Columns: id, slot_date, slot_name, start_time, end_time, max_bookings, advance_days, draw_start_time, draw_end_time, status, pond_id, default_price
JDBC Connection [HikariProxyConnection@2044648758 wrapping com.mysql.cj.jdbc.ConnectionImpl@64db679d] will not be managed by Spring
==>  Preparing: SELECT id,reservation_id,user_id,slot_id,spot_id,draw_time,pond_id FROM draw_result WHERE (user_id = ?) ORDER BY draw_time DESC
<==        Row: 15, 2026-07-16, 早场, 06:00:00, 12:00:00, 10, 7, 2026-07-15 00:00:00, 2026-07-16 00:00:00, 1, 1, null
JDBC Connection [HikariProxyConnection@634728510 wrapping com.mysql.cj.jdbc.ConnectionImpl@425bfef8] will not be managed by Spring
==> Parameters: 10(Long)
<==        Row: 16, 2026-07-18, 晚场, 06:00:00, 12:00:00, 10, 7, 2026-07-15 00:00:00, 2026-07-16 00:00:00, 1, 1, null
==>  Preparing: SELECT id,user_id,slot_id,status,create_time,cancel_time,cancel_reason,pond_id,checkin_code,actual_fee,check_in_time FROM reservation WHERE (user_id = ?) ORDER BY create_time DESC
<==      Total: 0
<==        Row: 17, 2026-07-17, 午场, 06:00:00, 12:00:00, 10, 7, 2026-07-15 00:00:00, 2026-07-16 00:00:00, 1, 1, null
Closing non transactional SqlSession [org.apache.ibatis.session.defaults.DefaultSqlSession@5fefd957]
==> Parameters: 10(Long)
<==      Total: 3
Closing non transactional SqlSession [org.apache.ibatis.session.defaults.DefaultSqlSession@246d0e80]
<==    Columns: id, user_id, slot_id, status, create_time, cancel_time, cancel_reason, pond_id, checkin_code, actual_fee, check_in_time
<==        Row: 22, 10, 16, 过期失效, 2026-07-20 10:27:37, null, null, 1, 130151, null, null
<==        Row: 21, 10, 15, 过期失效, 2026-07-20 10:27:14, null, null, 1, 424796, null, null
<==      Total: 2
Closing non transactional SqlSession [org.apache.ibatis.session.defaults.DefaultSqlSession@2c9b3990]
Creating a new SqlSession
SqlSession [org.apache.ibatis.session.defaults.DefaultSqlSession@45a51b81] was not registered for synchronization because synchronization is not active
JDBC Connection [HikariProxyConnection@579780175 wrapping com.mysql.cj.jdbc.ConnectionImpl@425bfef8] will not be managed by Spring
==>  Preparing: SELECT id,phone,nickname,password,role,admin_type,pond_id,staff_id,status,email,create_time,last_login_time FROM sys_user WHERE id IN ( ? )
==> Parameters: 10(Long)
<==    Columns: id, phone, nickname, password, role, admin_type, pond_id, staff_id, status, email, create_time, last_login_time
<==        Row: 10, 17767113837, 21, $2a$10$xTJlJQJEEWnL.gFQ5zXVu.9LZv9YzlOLYfCeQNEYtyq5D3fYt780., 0, null, null, null, 1, null, 2026-07-20 10:26:53, 2026-07-20 10:27:09
<==      Total: 1
Closing non transactional SqlSession [org.apache.ibatis.session.defaults.DefaultSqlSession@45a51b81]
Creating a new SqlSession
SqlSession [org.apache.ibatis.session.defaults.DefaultSqlSession@407aab7e] was not registered for synchronization because synchronization is not active
JDBC Connection [HikariProxyConnection@119405820 wrapping com.mysql.cj.jdbc.ConnectionImpl@425bfef8] will not be managed by Spring
==>  Preparing: SELECT id,slot_date,slot_name,start_time,end_time,max_bookings,advance_days,draw_start_time,draw_end_time,status,pond_id,default_price FROM time_slot WHERE id IN ( ? , ? )
==> Parameters: 16(Long), 15(Long)
<==    Columns: id, slot_date, slot_name, start_time, end_time, max_bookings, advance_days, draw_start_time, draw_end_time, status, pond_id, default_price
<==        Row: 15, 2026-07-16, 早场, 06:00:00, 12:00:00, 10, 7, 2026-07-15 00:00:00, 2026-07-16 00:00:00, 1, 1, null
<==        Row: 16, 2026-07-18, 晚场, 06:00:00, 12:00:00, 10, 7, 2026-07-15 00:00:00, 2026-07-16 00:00:00, 1, 1, null
<==      Total: 2
Closing non transactional SqlSession [org.apache.ibatis.session.defaults.DefaultSqlSession@407aab7e]
Creating a new SqlSession
SqlSession [org.apache.ibatis.session.defaults.DefaultSqlSession@4652e163] was not registered for synchronization because synchronization is not active
JDBC Connection [HikariProxyConnection@893356173 wrapping com.mysql.cj.jdbc.ConnectionImpl@425bfef8] will not be managed by Spring
==>  Preparing: SELECT id,name,address,phone,merchant_id,status,create_time,update_time FROM pond WHERE id IN ( ? )
==> Parameters: 1(Long)
<==    Columns: id, name, address, phone, merchant_id, status, create_time, update_time
<==        Row: 1, 默认鱼塘, 系统默认鱼塘, , 9, 1, 2026-07-15 15:30:25, 2026-07-15 15:30:25
<==      Total: 1
Closing non transactional SqlSession [org.apache.ibatis.session.defaults.DefaultSqlSession@4652e163]
2026-07-20 15:35:00.007  INFO 72008 --- [   scheduling-1] c.e.fishing.job.ExpireReservationJob     : 开始执行预约过期失效定时任务
Creating a new SqlSession
Registering transaction synchronization for SqlSession [org.apache.ibatis.session.defaults.DefaultSqlSession@9b288dd]
JDBC Connection [HikariProxyConnection@1022440231 wrapping com.mysql.cj.jdbc.ConnectionImpl@37cbfa74] will be managed by Spring
==>  Preparing: SELECT id,slot_date,slot_name,start_time,end_time,max_bookings,advance_days,draw_start_time,draw_end_time,status,pond_id,default_price FROM time_slot WHERE (status = ? AND draw_end_time < ?)
==> Parameters: 1(Integer), 2026-07-20T15:35:00.023318500(LocalDateTime)
<==    Columns: id, slot_date, slot_name, start_time, end_time, max_bookings, advance_days, draw_start_time, draw_end_time, status, pond_id, default_price
<==        Row: 15, 2026-07-16, 早场, 06:00:00, 12:00:00, 10, 7, 2026-07-15 00:00:00, 2026-07-16 00:00:00, 1, 1, null
<==        Row: 16, 2026-07-18, 晚场, 06:00:00, 12:00:00, 10, 7, 2026-07-15 00:00:00, 2026-07-16 00:00:00, 1, 1, null
<==        Row: 17, 2026-07-17, 午场, 06:00:00, 12:00:00, 10, 7, 2026-07-15 00:00:00, 2026-07-16 00:00:00, 1, 1, null
<==      Total: 3
Releasing transactional SqlSession [org.apache.ibatis.session.defaults.DefaultSqlSession@9b288dd]
Fetched SqlSession [org.apache.ibatis.session.defaults.DefaultSqlSession@9b288dd] from current transaction
==>  Preparing: SELECT id,user_id,slot_id,status,create_time,cancel_time,cancel_reason,pond_id,checkin_code,actual_fee,check_in_time FROM reservation WHERE (slot_id = ? AND status = ?)
==> Parameters: 15(Long), 待抽号(String)
<==      Total: 0
Releasing transactional SqlSession [org.apache.ibatis.session.defaults.DefaultSqlSession@9b288dd]
Fetched SqlSession [org.apache.ibatis.session.defaults.DefaultSqlSession@9b288dd] from current transaction
==>  Preparing: SELECT id,user_id,slot_id,status,create_time,cancel_time,cancel_reason,pond_id,checkin_code,actual_fee,check_in_time FROM reservation WHERE (slot_id = ? AND status = ?)
==> Parameters: 16(Long), 待抽号(String)
<==      Total: 0
Releasing transactional SqlSession [org.apache.ibatis.session.defaults.DefaultSqlSession@9b288dd]
Fetched SqlSession [org.apache.ibatis.session.defaults.DefaultSqlSession@9b288dd] from current transaction
==>  Preparing: SELECT id,user_id,slot_id,status,create_time,cancel_time,cancel_reason,pond_id,checkin_code,actual_fee,check_in_time FROM reservation WHERE (slot_id = ? AND status = ?)
==> Parameters: 17(Long), 待抽号(String)
<==      Total: 0
Releasing transactional SqlSession [org.apache.ibatis.session.defaults.DefaultSqlSession@9b288dd]
Transaction synchronization committing SqlSession [org.apache.ibatis.session.defaults.DefaultSqlSession@9b288dd]
Transaction synchronization deregistering SqlSession [org.apache.ibatis.session.defaults.DefaultSqlSession@9b288dd]
Transaction synchronization closing SqlSession [org.apache.ibatis.session.defaults.DefaultSqlSession@9b288dd]
2026-07-20 15:35:00.036  INFO 72008 --- [   scheduling-1] c.e.fishing.job.ExpireReservationJob     : 预约过期失效定时任务执行完成
Creating a new SqlSession
Creating a new SqlSession
Creating a new SqlSession
Creating a new SqlSession
SqlSession [org.apache.ibatis.session.defaults.DefaultSqlSession@392620ee] was not registered for synchronization because synchronization is not active
SqlSession [org.apache.ibatis.session.defaults.DefaultSqlSession@2b2df7ed] was not registered for synchronization because synchronization is not active
SqlSession [org.apache.ibatis.session.defaults.DefaultSqlSession@22111680] was not registered for synchronization because synchronization is not active
JDBC Connection [HikariProxyConnection@956671916 wrapping com.mysql.cj.jdbc.ConnectionImpl@cb54944] will not be managed by Spring
SqlSession [org.apache.ibatis.session.defaults.DefaultSqlSession@4a36a8cb] was not registered for synchronization because synchronization is not active
JDBC Connection [HikariProxyConnection@47389016 wrapping com.mysql.cj.jdbc.ConnectionImpl@357eab52] will not be managed by Spring
==>  Preparing: SELECT id,phone,nickname,password,role,admin_type,pond_id,staff_id,status,email,create_time,last_login_time FROM sys_user WHERE id=?
JDBC Connection [HikariProxyConnection@1368643047 wrapping com.mysql.cj.jdbc.ConnectionImpl@37cbfa74] will not be managed by Spring
JDBC Connection [HikariProxyConnection@1651453771 wrapping com.mysql.cj.jdbc.ConnectionImpl@d8d4e42] will not be managed by Spring
==> Parameters: 11(Long)
==>  Preparing: SELECT id,phone,nickname,password,role,admin_type,pond_id,staff_id,status,email,create_time,last_login_time FROM sys_user WHERE id=?
==>  Preparing: SELECT id,phone,nickname,password,role,admin_type,pond_id,staff_id,status,email,create_time,last_login_time FROM sys_user WHERE id=?
==> Parameters: 11(Long)
==>  Preparing: SELECT id,phone,nickname,password,role,admin_type,pond_id,staff_id,status,email,create_time,last_login_time FROM sys_user WHERE id=?
<==    Columns: id, phone, nickname, password, role, admin_type, pond_id, staff_id, status, email, create_time, last_login_time
==> Parameters: 10(Long)
<==    Columns: id, phone, nickname, password, role, admin_type, pond_id, staff_id, status, email, create_time, last_login_time
<==        Row: 11, 12345678910, 111, $2a$10$w56xGopTQWy22VrpbnfA4uPVNjO5Lq9FLWUKAHWtBSsy3./6uf4DK, 0, null, null, null, 1, null, 2026-07-20 14:36:48, 2026-07-20 14:39:03
==> Parameters: 11(Long)
<==    Columns: id, phone, nickname, password, role, admin_type, pond_id, staff_id, status, email, create_time, last_login_time
<==        Row: 10, 17767113837, 21, $2a$10$xTJlJQJEEWnL.gFQ5zXVu.9LZv9YzlOLYfCeQNEYtyq5D3fYt780., 0, null, null, null, 1, null, 2026-07-20 10:26:53, 2026-07-20 10:27:09
<==        Row: 11, 12345678910, 111, $2a$10$w56xGopTQWy22VrpbnfA4uPVNjO5Lq9FLWUKAHWtBSsy3./6uf4DK, 0, null, null, null, 1, null, 2026-07-20 14:36:48, 2026-07-20 14:39:03
<==      Total: 1
Closing non transactional SqlSession [org.apache.ibatis.session.defaults.DefaultSqlSession@22111680]
<==    Columns: id, phone, nickname, password, role, admin_type, pond_id, staff_id, status, email, create_time, last_login_time
Creating a new SqlSession
SqlSession [org.apache.ibatis.session.defaults.DefaultSqlSession@4725b08c] was not registered for synchronization because synchronization is not active
<==      Total: 1
<==        Row: 11, 12345678910, 111, $2a$10$w56xGopTQWy22VrpbnfA4uPVNjO5Lq9FLWUKAHWtBSsy3./6uf4DK, 0, null, null, null, 1, null, 2026-07-20 14:36:48, 2026-07-20 14:39:03
JDBC Connection [HikariProxyConnection@1866749781 wrapping com.mysql.cj.jdbc.ConnectionImpl@357eab52] will not be managed by Spring
==>  Preparing: SELECT id,slot_date,slot_name,start_time,end_time,max_bookings,advance_days,draw_start_time,draw_end_time,status,pond_id,default_price FROM time_slot WHERE (status = ?)
Closing non transactional SqlSession [org.apache.ibatis.session.defaults.DefaultSqlSession@392620ee]
==> Parameters: 1(Integer)
<==      Total: 1
<==      Total: 1
Closing non transactional SqlSession [org.apache.ibatis.session.defaults.DefaultSqlSession@2b2df7ed]
Creating a new SqlSession
<==    Columns: id, slot_date, slot_name, start_time, end_time, max_bookings, advance_days, draw_start_time, draw_end_time, status, pond_id, default_price
Closing non transactional SqlSession [org.apache.ibatis.session.defaults.DefaultSqlSession@4a36a8cb]
<==        Row: 15, 2026-07-16, 早场, 06:00:00, 12:00:00, 10, 7, 2026-07-15 00:00:00, 2026-07-16 00:00:00, 1, 1, null
SqlSession [org.apache.ibatis.session.defaults.DefaultSqlSession@313bceaf] was not registered for synchronization because synchronization is not active
Creating a new SqlSession
SqlSession [org.apache.ibatis.session.defaults.DefaultSqlSession@7e1c992e] was not registered for synchronization because synchronization is not active
JDBC Connection [HikariProxyConnection@957528374 wrapping com.mysql.cj.jdbc.ConnectionImpl@cb54944] will not be managed by Spring
==>  Preparing: SELECT id,user_id,slot_id,status,create_time,cancel_time,cancel_reason,pond_id,checkin_code,actual_fee,check_in_time FROM reservation WHERE (user_id = ?) ORDER BY create_time DESC
<==        Row: 16, 2026-07-18, 晚场, 06:00:00, 12:00:00, 10, 7, 2026-07-15 00:00:00, 2026-07-16 00:00:00, 1, 1, null
Creating a new SqlSession
<==        Row: 17, 2026-07-17, 午场, 06:00:00, 12:00:00, 10, 7, 2026-07-15 00:00:00, 2026-07-16 00:00:00, 1, 1, null
==> Parameters: 11(Long)
JDBC Connection [HikariProxyConnection@1302585554 wrapping com.mysql.cj.jdbc.ConnectionImpl@d8d4e42] will not be managed by Spring
==>  Preparing: SELECT id,reservation_id,user_id,slot_id,spot_id,draw_time,pond_id FROM draw_result WHERE (user_id = ?) ORDER BY draw_time DESC
<==      Total: 3
SqlSession [org.apache.ibatis.session.defaults.DefaultSqlSession@779daf7c] was not registered for synchronization because synchronization is not active
Closing non transactional SqlSession [org.apache.ibatis.session.defaults.DefaultSqlSession@4725b08c]
<==      Total: 0
JDBC Connection [HikariProxyConnection@1279181591 wrapping com.mysql.cj.jdbc.ConnectionImpl@37cbfa74] will not be managed by Spring
==> Parameters: 11(Long)
==>  Preparing: SELECT id,slot_date,slot_name,start_time,end_time,max_bookings,advance_days,draw_start_time,draw_end_time,status,pond_id,default_price FROM time_slot WHERE (status = ?)
==> Parameters: 1(Integer)
Closing non transactional SqlSession [org.apache.ibatis.session.defaults.DefaultSqlSession@313bceaf]
<==      Total: 0
<==    Columns: id, slot_date, slot_name, start_time, end_time, max_bookings, advance_days, draw_start_time, draw_end_time, status, pond_id, default_price
Closing non transactional SqlSession [org.apache.ibatis.session.defaults.DefaultSqlSession@7e1c992e]
<==        Row: 15, 2026-07-16, 早场, 06:00:00, 12:00:00, 10, 7, 2026-07-15 00:00:00, 2026-07-16 00:00:00, 1, 1, null
<==        Row: 16, 2026-07-18, 晚场, 06:00:00, 12:00:00, 10, 7, 2026-07-15 00:00:00, 2026-07-16 00:00:00, 1, 1, null
<==        Row: 17, 2026-07-17, 午场, 06:00:00, 12:00:00, 10, 7, 2026-07-15 00:00:00, 2026-07-16 00:00:00, 1, 1, null
<==      Total: 3
Closing non transactional SqlSession [org.apache.ibatis.session.defaults.DefaultSqlSession@779daf7c]
Creating a new SqlSession
Creating a new SqlSession
SqlSession [org.apache.ibatis.session.defaults.DefaultSqlSession@408e46cb] was not registered for synchronization because synchronization is not active
SqlSession [org.apache.ibatis.session.defaults.DefaultSqlSession@408a3504] was not registered for synchronization because synchronization is not active
JDBC Connection [HikariProxyConnection@398827710 wrapping com.mysql.cj.jdbc.ConnectionImpl@cb54944] will not be managed by Spring
==>  Preparing: SELECT id,phone,nickname,password,role,admin_type,pond_id,staff_id,status,email,create_time,last_login_time FROM sys_user WHERE id=?
JDBC Connection [HikariProxyConnection@1041944144 wrapping com.mysql.cj.jdbc.ConnectionImpl@64db679d] will not be managed by Spring
==> Parameters: 10(Long)
==>  Preparing: SELECT id,phone,nickname,password,role,admin_type,pond_id,staff_id,status,email,create_time,last_login_time FROM sys_user WHERE id=?
==> Parameters: 10(Long)
<==    Columns: id, phone, nickname, password, role, admin_type, pond_id, staff_id, status, email, create_time, last_login_time
<==    Columns: id, phone, nickname, password, role, admin_type, pond_id, staff_id, status, email, create_time, last_login_time
<==        Row: 10, 17767113837, 21, $2a$10$xTJlJQJEEWnL.gFQ5zXVu.9LZv9YzlOLYfCeQNEYtyq5D3fYt780., 0, null, null, null, 1, null, 2026-07-20 10:26:53, 2026-07-20 10:27:09
<==        Row: 10, 17767113837, 21, $2a$10$xTJlJQJEEWnL.gFQ5zXVu.9LZv9YzlOLYfCeQNEYtyq5D3fYt780., 0, null, null, null, 1, null, 2026-07-20 10:26:53, 2026-07-20 10:27:09
<==      Total: 1
<==      Total: 1
Closing non transactional SqlSession [org.apache.ibatis.session.defaults.DefaultSqlSession@408a3504]
Closing non transactional SqlSession [org.apache.ibatis.session.defaults.DefaultSqlSession@408e46cb]
Creating a new SqlSession
Creating a new SqlSession
SqlSession [org.apache.ibatis.session.defaults.DefaultSqlSession@1b50a7f3] was not registered for synchronization because synchronization is not active
SqlSession [org.apache.ibatis.session.defaults.DefaultSqlSession@6e29af3d] was not registered for synchronization because synchronization is not active
JDBC Connection [HikariProxyConnection@182682504 wrapping com.mysql.cj.jdbc.ConnectionImpl@64db679d] will not be managed by Spring
==>  Preparing: SELECT id,user_id,slot_id,status,create_time,cancel_time,cancel_reason,pond_id,checkin_code,actual_fee,check_in_time FROM reservation WHERE (user_id = ?) ORDER BY create_time DESC
JDBC Connection [HikariProxyConnection@718423349 wrapping com.mysql.cj.jdbc.ConnectionImpl@cb54944] will not be managed by Spring
==> Parameters: 10(Long)
==>  Preparing: SELECT id,reservation_id,user_id,slot_id,spot_id,draw_time,pond_id FROM draw_result WHERE (user_id = ?) ORDER BY draw_time DESC
==> Parameters: 10(Long)
<==    Columns: id, user_id, slot_id, status, create_time, cancel_time, cancel_reason, pond_id, checkin_code, actual_fee, check_in_time
<==        Row: 22, 10, 16, 过期失效, 2026-07-20 10:27:37, null, null, 1, 130151, null, null
<==      Total: 0
Closing non transactional SqlSession [org.apache.ibatis.session.defaults.DefaultSqlSession@6e29af3d]
<==        Row: 21, 10, 15, 过期失效, 2026-07-20 10:27:14, null, null, 1, 424796, null, null
<==      Total: 2
Closing non transactional SqlSession [org.apache.ibatis.session.defaults.DefaultSqlSession@1b50a7f3]
Creating a new SqlSession
SqlSession [org.apache.ibatis.session.defaults.DefaultSqlSession@14a25eef] was not registered for synchronization because synchronization is not active
JDBC Connection [HikariProxyConnection@181607607 wrapping com.mysql.cj.jdbc.ConnectionImpl@64db679d] will not be managed by Spring
==>  Preparing: SELECT id,phone,nickname,password,role,admin_type,pond_id,staff_id,status,email,create_time,last_login_time FROM sys_user WHERE id IN ( ? )
==> Parameters: 10(Long)
<==    Columns: id, phone, nickname, password, role, admin_type, pond_id, staff_id, status, email, create_time, last_login_time
<==        Row: 10, 17767113837, 21, $2a$10$xTJlJQJEEWnL.gFQ5zXVu.9LZv9YzlOLYfCeQNEYtyq5D3fYt780., 0, null, null, null, 1, null, 2026-07-20 10:26:53, 2026-07-20 10:27:09
<==      Total: 1
Closing non transactional SqlSession [org.apache.ibatis.session.defaults.DefaultSqlSession@14a25eef]
Creating a new SqlSession
SqlSession [org.apache.ibatis.session.defaults.DefaultSqlSession@6380131f] was not registered for synchronization because synchronization is not active
JDBC Connection [HikariProxyConnection@1699970214 wrapping com.mysql.cj.jdbc.ConnectionImpl@64db679d] will not be managed by Spring
==>  Preparing: SELECT id,slot_date,slot_name,start_time,end_time,max_bookings,advance_days,draw_start_time,draw_end_time,status,pond_id,default_price FROM time_slot WHERE id IN ( ? , ? )
==> Parameters: 16(Long), 15(Long)
<==    Columns: id, slot_date, slot_name, start_time, end_time, max_bookings, advance_days, draw_start_time, draw_end_time, status, pond_id, default_price
<==        Row: 15, 2026-07-16, 早场, 06:00:00, 12:00:00, 10, 7, 2026-07-15 00:00:00, 2026-07-16 00:00:00, 1, 1, null
<==        Row: 16, 2026-07-18, 晚场, 06:00:00, 12:00:00, 10, 7, 2026-07-15 00:00:00, 2026-07-16 00:00:00, 1, 1, null
<==      Total: 2
Closing non transactional SqlSession [org.apache.ibatis.session.defaults.DefaultSqlSession@6380131f]
Creating a new SqlSession
SqlSession [org.apache.ibatis.session.defaults.DefaultSqlSession@3a8d5a56] was not registered for synchronization because synchronization is not active
JDBC Connection [HikariProxyConnection@1500950259 wrapping com.mysql.cj.jdbc.ConnectionImpl@64db679d] will not be managed by Spring
==>  Preparing: SELECT id,name,address,phone,merchant_id,status,create_time,update_time FROM pond WHERE id IN ( ? )
==> Parameters: 1(Long)
<==    Columns: id, name, address, phone, merchant_id, status, create_time, update_time
<==        Row: 1, 默认鱼塘, 系统默认鱼塘, , 9, 1, 2026-07-15 15:30:25, 2026-07-15 15:30:25
<==      Total: 1
Closing non transactional SqlSession [org.apache.ibatis.session.defaults.DefaultSqlSession@3a8d5a56]
Creating a new SqlSession
Creating a new SqlSession
Creating a new SqlSession
Creating a new SqlSession
Creating a new SqlSession
Creating a new SqlSession
SqlSession [org.apache.ibatis.session.defaults.DefaultSqlSession@21d053c6] was not registered for synchronization because synchronization is not active
SqlSession [org.apache.ibatis.session.defaults.DefaultSqlSession@58302685] was not registered for synchronization because synchronization is not active
SqlSession [org.apache.ibatis.session.defaults.DefaultSqlSession@340a39c4] was not registered for synchronization because synchronization is not active
SqlSession [org.apache.ibatis.session.defaults.DefaultSqlSession@15a8d7fd] was not registered for synchronization because synchronization is not active
SqlSession [org.apache.ibatis.session.defaults.DefaultSqlSession@2841518b] was not registered for synchronization because synchronization is not active
JDBC Connection [HikariProxyConnection@2137236500 wrapping com.mysql.cj.jdbc.ConnectionImpl@357eab52] will not be managed by Spring
JDBC Connection [HikariProxyConnection@1694670815 wrapping com.mysql.cj.jdbc.ConnectionImpl@425bfef8] will not be managed by Spring
JDBC Connection [HikariProxyConnection@1316073445 wrapping com.mysql.cj.jdbc.ConnectionImpl@cb54944] will not be managed by Spring
JDBC Connection [HikariProxyConnection@2041866677 wrapping com.mysql.cj.jdbc.ConnectionImpl@64db679d] will not be managed by Spring
SqlSession [org.apache.ibatis.session.defaults.DefaultSqlSession@299cbe31] was not registered for synchronization because synchronization is not active
==>  Preparing: SELECT id,phone,nickname,password,role,admin_type,pond_id,staff_id,status,email,create_time,last_login_time FROM sys_user WHERE id=?
==>  Preparing: SELECT id,phone,nickname,password,role,admin_type,pond_id,staff_id,status,email,create_time,last_login_time FROM sys_user WHERE id=?
==>  Preparing: SELECT id,phone,nickname,password,role,admin_type,pond_id,staff_id,status,email,create_time,last_login_time FROM sys_user WHERE id=?
==>  Preparing: SELECT id,phone,nickname,password,role,admin_type,pond_id,staff_id,status,email,create_time,last_login_time FROM sys_user WHERE id=?
JDBC Connection [HikariProxyConnection@612976693 wrapping com.mysql.cj.jdbc.ConnectionImpl@37cbfa74] will not be managed by Spring
==> Parameters: 10(Long)
==> Parameters: 11(Long)
==> Parameters: 11(Long)
==> Parameters: 10(Long)
JDBC Connection [HikariProxyConnection@861116357 wrapping com.mysql.cj.jdbc.ConnectionImpl@d8d4e42] will not be managed by Spring
==>  Preparing: SELECT id,phone,nickname,password,role,admin_type,pond_id,staff_id,status,email,create_time,last_login_time FROM sys_user WHERE id=?
<==    Columns: id, phone, nickname, password, role, admin_type, pond_id, staff_id, status, email, create_time, last_login_time
<==    Columns: id, phone, nickname, password, role, admin_type, pond_id, staff_id, status, email, create_time, last_login_time
==>  Preparing: SELECT id,phone,nickname,password,role,admin_type,pond_id,staff_id,status,email,create_time,last_login_time FROM sys_user WHERE id=?
<==        Row: 10, 17767113837, 21, $2a$10$xTJlJQJEEWnL.gFQ5zXVu.9LZv9YzlOLYfCeQNEYtyq5D3fYt780., 0, null, null, null, 1, null, 2026-07-20 10:26:53, 2026-07-20 10:27:09
<==        Row: 11, 12345678910, 111, $2a$10$w56xGopTQWy22VrpbnfA4uPVNjO5Lq9FLWUKAHWtBSsy3./6uf4DK, 0, null, null, null, 1, null, 2026-07-20 14:36:48, 2026-07-20 14:39:03
==> Parameters: 10(Long)
<==      Total: 1
<==    Columns: id, phone, nickname, password, role, admin_type, pond_id, staff_id, status, email, create_time, last_login_time
<==    Columns: id, phone, nickname, password, role, admin_type, pond_id, staff_id, status, email, create_time, last_login_time
<==    Columns: id, phone, nickname, password, role, admin_type, pond_id, staff_id, status, email, create_time, last_login_time
<==        Row: 10, 17767113837, 21, $2a$10$xTJlJQJEEWnL.gFQ5zXVu.9LZv9YzlOLYfCeQNEYtyq5D3fYt780., 0, null, null, null, 1, null, 2026-07-20 10:26:53, 2026-07-20 10:27:09
Closing non transactional SqlSession [org.apache.ibatis.session.defaults.DefaultSqlSession@340a39c4]
<==      Total: 1
==> Parameters: 11(Long)
Closing non transactional SqlSession [org.apache.ibatis.session.defaults.DefaultSqlSession@15a8d7fd]
<==      Total: 1
<==        Row: 10, 17767113837, 21, $2a$10$xTJlJQJEEWnL.gFQ5zXVu.9LZv9YzlOLYfCeQNEYtyq5D3fYt780., 0, null, null, null, 1, null, 2026-07-20 10:26:53, 2026-07-20 10:27:09
<==        Row: 11, 12345678910, 111, $2a$10$w56xGopTQWy22VrpbnfA4uPVNjO5Lq9FLWUKAHWtBSsy3./6uf4DK, 0, null, null, null, 1, null, 2026-07-20 14:36:48, 2026-07-20 14:39:03
<==      Total: 1
<==    Columns: id, phone, nickname, password, role, admin_type, pond_id, staff_id, status, email, create_time, last_login_time
Creating a new SqlSession
SqlSession [org.apache.ibatis.session.defaults.DefaultSqlSession@2ef45849] was not registered for synchronization because synchronization is not active
Closing non transactional SqlSession [org.apache.ibatis.session.defaults.DefaultSqlSession@58302685]
Creating a new SqlSession
JDBC Connection [HikariProxyConnection@2108716373 wrapping com.mysql.cj.jdbc.ConnectionImpl@357eab52] will not be managed by Spring
<==        Row: 11, 12345678910, 111, $2a$10$w56xGopTQWy22VrpbnfA4uPVNjO5Lq9FLWUKAHWtBSsy3./6uf4DK, 0, null, null, null, 1, null, 2026-07-20 14:36:48, 2026-07-20 14:39:03
Closing non transactional SqlSession [org.apache.ibatis.session.defaults.DefaultSqlSession@299cbe31]
<==      Total: 1
<==      Total: 1
==>  Preparing: SELECT id,reservation_id,user_id,slot_id,spot_id,draw_time,pond_id FROM draw_result WHERE (user_id = ?) ORDER BY draw_time DESC
Creating a new SqlSession
SqlSession [org.apache.ibatis.session.defaults.DefaultSqlSession@34ac27ee] was not registered for synchronization because synchronization is not active
SqlSession [org.apache.ibatis.session.defaults.DefaultSqlSession@41f6b75b] was not registered for synchronization because synchronization is not active
==> Parameters: 10(Long)
Closing non transactional SqlSession [org.apache.ibatis.session.defaults.DefaultSqlSession@2841518b]
Closing non transactional SqlSession [org.apache.ibatis.session.defaults.DefaultSqlSession@21d053c6]
Creating a new SqlSession
Creating a new SqlSession
<==      Total: 0
JDBC Connection [HikariProxyConnection@405513710 wrapping com.mysql.cj.jdbc.ConnectionImpl@64db679d] will not be managed by Spring
JDBC Connection [HikariProxyConnection@1359867046 wrapping com.mysql.cj.jdbc.ConnectionImpl@425bfef8] will not be managed by Spring
==>  Preparing: SELECT id,slot_date,slot_name,start_time,end_time,max_bookings,advance_days,draw_start_time,draw_end_time,status,pond_id,default_price FROM time_slot WHERE (status = ?)
Closing non transactional SqlSession [org.apache.ibatis.session.defaults.DefaultSqlSession@2ef45849]
SqlSession [org.apache.ibatis.session.defaults.DefaultSqlSession@400c492c] was not registered for synchronization because synchronization is not active
SqlSession [org.apache.ibatis.session.defaults.DefaultSqlSession@424398a6] was not registered for synchronization because synchronization is not active
Creating a new SqlSession
==> Parameters: 1(Integer)
==>  Preparing: SELECT id,user_id,slot_id,status,create_time,cancel_time,cancel_reason,pond_id,checkin_code,actual_fee,check_in_time FROM reservation WHERE (user_id = ?) ORDER BY create_time DESC
JDBC Connection [HikariProxyConnection@241355753 wrapping com.mysql.cj.jdbc.ConnectionImpl@d8d4e42] will not be managed by Spring
JDBC Connection [HikariProxyConnection@1659078063 wrapping com.mysql.cj.jdbc.ConnectionImpl@37cbfa74] will not be managed by Spring
SqlSession [org.apache.ibatis.session.defaults.DefaultSqlSession@3dece492] was not registered for synchronization because synchronization is not active
==>  Preparing: SELECT id,slot_date,slot_name,start_time,end_time,max_bookings,advance_days,draw_start_time,draw_end_time,status,pond_id,default_price FROM time_slot WHERE (status = ?)
<==    Columns: id, slot_date, slot_name, start_time, end_time, max_bookings, advance_days, draw_start_time, draw_end_time, status, pond_id, default_price
==>  Preparing: SELECT id,user_id,slot_id,status,create_time,cancel_time,cancel_reason,pond_id,checkin_code,actual_fee,check_in_time FROM reservation WHERE (user_id = ?) ORDER BY create_time DESC
==> Parameters: 11(Long)
==> Parameters: 10(Long)
<==        Row: 15, 2026-07-16, 早场, 06:00:00, 12:00:00, 10, 7, 2026-07-15 00:00:00, 2026-07-16 00:00:00, 1, 1, null
==> Parameters: 1(Integer)
JDBC Connection [HikariProxyConnection@503438986 wrapping com.mysql.cj.jdbc.ConnectionImpl@cb54944] will not be managed by Spring
<==    Columns: id, user_id, slot_id, status, create_time, cancel_time, cancel_reason, pond_id, checkin_code, actual_fee, check_in_time
<==      Total: 0
<==        Row: 22, 10, 16, 过期失效, 2026-07-20 10:27:37, null, null, 1, 130151, null, null
<==    Columns: id, slot_date, slot_name, start_time, end_time, max_bookings, advance_days, draw_start_time, draw_end_time, status, pond_id, default_price
<==        Row: 16, 2026-07-18, 晚场, 06:00:00, 12:00:00, 10, 7, 2026-07-15 00:00:00, 2026-07-16 00:00:00, 1, 1, null
==>  Preparing: SELECT id,reservation_id,user_id,slot_id,spot_id,draw_time,pond_id FROM draw_result WHERE (user_id = ?) ORDER BY draw_time DESC
<==        Row: 15, 2026-07-16, 早场, 06:00:00, 12:00:00, 10, 7, 2026-07-15 00:00:00, 2026-07-16 00:00:00, 1, 1, null
==> Parameters: 11(Long)
<==        Row: 21, 10, 15, 过期失效, 2026-07-20 10:27:14, null, null, 1, 424796, null, null
Closing non transactional SqlSession [org.apache.ibatis.session.defaults.DefaultSqlSession@34ac27ee]
<==      Total: 2
<==        Row: 16, 2026-07-18, 晚场, 06:00:00, 12:00:00, 10, 7, 2026-07-15 00:00:00, 2026-07-16 00:00:00, 1, 1, null
<==        Row: 17, 2026-07-17, 午场, 06:00:00, 12:00:00, 10, 7, 2026-07-15 00:00:00, 2026-07-16 00:00:00, 1, 1, null
Closing non transactional SqlSession [org.apache.ibatis.session.defaults.DefaultSqlSession@424398a6]
<==      Total: 0
Creating a new SqlSession
<==      Total: 3
<==        Row: 17, 2026-07-17, 午场, 06:00:00, 12:00:00, 10, 7, 2026-07-15 00:00:00, 2026-07-16 00:00:00, 1, 1, null
Closing non transactional SqlSession [org.apache.ibatis.session.defaults.DefaultSqlSession@41f6b75b]
SqlSession [org.apache.ibatis.session.defaults.DefaultSqlSession@6267245a] was not registered for synchronization because synchronization is not active
Closing non transactional SqlSession [org.apache.ibatis.session.defaults.DefaultSqlSession@3dece492]
<==      Total: 3
JDBC Connection [HikariProxyConnection@1019151896 wrapping com.mysql.cj.jdbc.ConnectionImpl@d8d4e42] will not be managed by Spring
Closing non transactional SqlSession [org.apache.ibatis.session.defaults.DefaultSqlSession@400c492c]
==>  Preparing: SELECT id,phone,nickname,password,role,admin_type,pond_id,staff_id,status,email,create_time,last_login_time FROM sys_user WHERE id IN ( ? )
==> Parameters: 10(Long)
<==    Columns: id, phone, nickname, password, role, admin_type, pond_id, staff_id, status, email, create_time, last_login_time
<==        Row: 10, 17767113837, 21, $2a$10$xTJlJQJEEWnL.gFQ5zXVu.9LZv9YzlOLYfCeQNEYtyq5D3fYt780., 0, null, null, null, 1, null, 2026-07-20 10:26:53, 2026-07-20 10:27:09
<==      Total: 1
Closing non transactional SqlSession [org.apache.ibatis.session.defaults.DefaultSqlSession@6267245a]
Creating a new SqlSession
SqlSession [org.apache.ibatis.session.defaults.DefaultSqlSession@1ddb949] was not registered for synchronization because synchronization is not active
JDBC Connection [HikariProxyConnection@1522731228 wrapping com.mysql.cj.jdbc.ConnectionImpl@d8d4e42] will not be managed by Spring
==>  Preparing: SELECT id,slot_date,slot_name,start_time,end_time,max_bookings,advance_days,draw_start_time,draw_end_time,status,pond_id,default_price FROM time_slot WHERE id IN ( ? , ? )
==> Parameters: 16(Long), 15(Long)
<==    Columns: id, slot_date, slot_name, start_time, end_time, max_bookings, advance_days, draw_start_time, draw_end_time, status, pond_id, default_price
<==        Row: 15, 2026-07-16, 早场, 06:00:00, 12:00:00, 10, 7, 2026-07-15 00:00:00, 2026-07-16 00:00:00, 1, 1, null
<==        Row: 16, 2026-07-18, 晚场, 06:00:00, 12:00:00, 10, 7, 2026-07-15 00:00:00, 2026-07-16 00:00:00, 1, 1, null
<==      Total: 2
Closing non transactional SqlSession [org.apache.ibatis.session.defaults.DefaultSqlSession@1ddb949]
Creating a new SqlSession
SqlSession [org.apache.ibatis.session.defaults.DefaultSqlSession@6f1cabf9] was not registered for synchronization because synchronization is not active
JDBC Connection [HikariProxyConnection@65487010 wrapping com.mysql.cj.jdbc.ConnectionImpl@d8d4e42] will not be managed by Spring
==>  Preparing: SELECT id,name,address,phone,merchant_id,status,create_time,update_time FROM pond WHERE id IN ( ? )
==> Parameters: 1(Long)
<==    Columns: id, name, address, phone, merchant_id, status, create_time, update_time
<==        Row: 1, 默认鱼塘, 系统默认鱼塘, , 9, 1, 2026-07-15 15:30:25, 2026-07-15 15:30:25
<==      Total: 1
Closing non transactional SqlSession [org.apache.ibatis.session.defaults.DefaultSqlSession@6f1cabf9]
Creating a new SqlSession
SqlSession [org.apache.ibatis.session.defaults.DefaultSqlSession@58a785f] was not registered for synchronization because synchronization is not active
JDBC Connection [HikariProxyConnection@1408415404 wrapping com.mysql.cj.jdbc.ConnectionImpl@37cbfa74] will not be managed by Spring
==>  Preparing: SELECT id,phone,nickname,password,role,admin_type,pond_id,staff_id,status,email,create_time,last_login_time FROM sys_user WHERE (phone = ?)
==> Parameters: 17767113837(String)
<==    Columns: id, phone, nickname, password, role, admin_type, pond_id, staff_id, status, email, create_time, last_login_time
<==        Row: 10, 17767113837, 21, $2a$10$xTJlJQJEEWnL.gFQ5zXVu.9LZv9YzlOLYfCeQNEYtyq5D3fYt780., 0, null, null, null, 1, null, 2026-07-20 10:26:53, 2026-07-20 10:27:09
<==      Total: 1
Closing non transactional SqlSession [org.apache.ibatis.session.defaults.DefaultSqlSession@58a785f]
Creating a new SqlSession
SqlSession [org.apache.ibatis.session.defaults.DefaultSqlSession@28a40669] was not registered for synchronization because synchronization is not active
JDBC Connection [HikariProxyConnection@605955364 wrapping com.mysql.cj.jdbc.ConnectionImpl@357eab52] will not be managed by Spring
==>  Preparing: SELECT id,phone,nickname,password,role,admin_type,pond_id,staff_id,status,email,create_time,last_login_time FROM sys_user WHERE (phone = ?)
==> Parameters: test(String)
<==      Total: 0
Closing non transactional SqlSession [org.apache.ibatis.session.defaults.DefaultSqlSession@28a40669]
Creating a new SqlSession
Creating a new SqlSession
Creating a new SqlSession
Creating a new SqlSession
Creating a new SqlSession
SqlSession [org.apache.ibatis.session.defaults.DefaultSqlSession@1d26650e] was not registered for synchronization because synchronization is not active
SqlSession [org.apache.ibatis.session.defaults.DefaultSqlSession@27800b47] was not registered for synchronization because synchronization is not active
SqlSession [org.apache.ibatis.session.defaults.DefaultSqlSession@87a9814] was not registered for synchronization because synchronization is not active
SqlSession [org.apache.ibatis.session.defaults.DefaultSqlSession@5e702f51] was not registered for synchronization because synchronization is not active
SqlSession [org.apache.ibatis.session.defaults.DefaultSqlSession@72d0de8] was not registered for synchronization because synchronization is not active
Creating a new SqlSession
JDBC Connection [HikariProxyConnection@282044406 wrapping com.mysql.cj.jdbc.ConnectionImpl@64db679d] will not be managed by Spring
JDBC Connection [HikariProxyConnection@992421755 wrapping com.mysql.cj.jdbc.ConnectionImpl@cb54944] will not be managed by Spring
JDBC Connection [HikariProxyConnection@743193769 wrapping com.mysql.cj.jdbc.ConnectionImpl@37cbfa74] will not be managed by Spring
JDBC Connection [HikariProxyConnection@401557040 wrapping com.mysql.cj.jdbc.ConnectionImpl@d8d4e42] will not be managed by Spring
==>  Preparing: SELECT id,phone,nickname,password,role,admin_type,pond_id,staff_id,status,email,create_time,last_login_time FROM sys_user WHERE id=?
==>  Preparing: SELECT id,phone,nickname,password,role,admin_type,pond_id,staff_id,status,email,create_time,last_login_time FROM sys_user WHERE id=?
==>  Preparing: SELECT id,phone,nickname,password,role,admin_type,pond_id,staff_id,status,email,create_time,last_login_time FROM sys_user WHERE id=?
JDBC Connection [HikariProxyConnection@625635592 wrapping com.mysql.cj.jdbc.ConnectionImpl@425bfef8] will not be managed by Spring
SqlSession [org.apache.ibatis.session.defaults.DefaultSqlSession@6f9136d5] was not registered for synchronization because synchronization is not active
==>  Preparing: SELECT id,phone,nickname,password,role,admin_type,pond_id,staff_id,status,email,create_time,last_login_time FROM sys_user WHERE id=?
==> Parameters: 11(Long)
==> Parameters: 10(Long)
==> Parameters: 10(Long)
==>  Preparing: SELECT id,phone,nickname,password,role,admin_type,pond_id,staff_id,status,email,create_time,last_login_time FROM sys_user WHERE id=?
==> Parameters: 10(Long)
JDBC Connection [HikariProxyConnection@1067359899 wrapping com.mysql.cj.jdbc.ConnectionImpl@357eab52] will not be managed by Spring
==> Parameters: 11(Long)
==>  Preparing: SELECT id,phone,nickname,password,role,admin_type,pond_id,staff_id,status,email,create_time,last_login_time FROM sys_user WHERE id=?
<==    Columns: id, phone, nickname, password, role, admin_type, pond_id, staff_id, status, email, create_time, last_login_time
<==    Columns: id, phone, nickname, password, role, admin_type, pond_id, staff_id, status, email, create_time, last_login_time
<==    Columns: id, phone, nickname, password, role, admin_type, pond_id, staff_id, status, email, create_time, last_login_time
<==        Row: 10, 17767113837, 21, $2a$10$xTJlJQJEEWnL.gFQ5zXVu.9LZv9YzlOLYfCeQNEYtyq5D3fYt780., 0, null, null, null, 1, null, 2026-07-20 10:26:53, 2026-07-20 10:27:09
<==        Row: 10, 17767113837, 21, $2a$10$xTJlJQJEEWnL.gFQ5zXVu.9LZv9YzlOLYfCeQNEYtyq5D3fYt780., 0, null, null, null, 1, null, 2026-07-20 10:26:53, 2026-07-20 10:27:09
<==    Columns: id, phone, nickname, password, role, admin_type, pond_id, staff_id, status, email, create_time, last_login_time
<==      Total: 1
==> Parameters: 11(Long)
<==    Columns: id, phone, nickname, password, role, admin_type, pond_id, staff_id, status, email, create_time, last_login_time
Closing non transactional SqlSession [org.apache.ibatis.session.defaults.DefaultSqlSession@87a9814]
<==        Row: 11, 12345678910, 111, $2a$10$w56xGopTQWy22VrpbnfA4uPVNjO5Lq9FLWUKAHWtBSsy3./6uf4DK, 0, null, null, null, 1, null, 2026-07-20 14:36:48, 2026-07-20 14:39:03
<==      Total: 1
<==        Row: 11, 12345678910, 111, $2a$10$w56xGopTQWy22VrpbnfA4uPVNjO5Lq9FLWUKAHWtBSsy3./6uf4DK, 0, null, null, null, 1, null, 2026-07-20 14:36:48, 2026-07-20 14:39:03
Closing non transactional SqlSession [org.apache.ibatis.session.defaults.DefaultSqlSession@27800b47]
<==      Total: 1
Creating a new SqlSession
Creating a new SqlSession
<==    Columns: id, phone, nickname, password, role, admin_type, pond_id, staff_id, status, email, create_time, last_login_time
<==        Row: 10, 17767113837, 21, $2a$10$xTJlJQJEEWnL.gFQ5zXVu.9LZv9YzlOLYfCeQNEYtyq5D3fYt780., 0, null, null, null, 1, null, 2026-07-20 10:26:53, 2026-07-20 10:27:09
<==        Row: 11, 12345678910, 111, $2a$10$w56xGopTQWy22VrpbnfA4uPVNjO5Lq9FLWUKAHWtBSsy3./6uf4DK, 0, null, null, null, 1, null, 2026-07-20 14:36:48, 2026-07-20 14:39:03
SqlSession [org.apache.ibatis.session.defaults.DefaultSqlSession@5957ee5f] was not registered for synchronization because synchronization is not active
SqlSession [org.apache.ibatis.session.defaults.DefaultSqlSession@1b9c6eaf] was not registered for synchronization because synchronization is not active
Closing non transactional SqlSession [org.apache.ibatis.session.defaults.DefaultSqlSession@72d0de8]
<==      Total: 1
JDBC Connection [HikariProxyConnection@1207631856 wrapping com.mysql.cj.jdbc.ConnectionImpl@cb54944] will not be managed by Spring
JDBC Connection [HikariProxyConnection@2116684801 wrapping com.mysql.cj.jdbc.ConnectionImpl@37cbfa74] will not be managed by Spring
<==      Total: 1
<==      Total: 1
Closing non transactional SqlSession [org.apache.ibatis.session.defaults.DefaultSqlSession@6f9136d5]
==>  Preparing: SELECT id,user_id,slot_id,status,create_time,cancel_time,cancel_reason,pond_id,checkin_code,actual_fee,check_in_time FROM reservation WHERE (user_id = ?) ORDER BY create_time DESC
==>  Preparing: SELECT id,reservation_id,user_id,slot_id,spot_id,draw_time,pond_id FROM draw_result WHERE (user_id = ?) ORDER BY draw_time DESC
==> Parameters: 10(Long)
==> Parameters: 10(Long)
Creating a new SqlSession
Closing non transactional SqlSession [org.apache.ibatis.session.defaults.DefaultSqlSession@5e702f51]
<==      Total: 0
Creating a new SqlSession
SqlSession [org.apache.ibatis.session.defaults.DefaultSqlSession@7a97103b] was not registered for synchronization because synchronization is not active
JDBC Connection [HikariProxyConnection@356126924 wrapping com.mysql.cj.jdbc.ConnectionImpl@425bfef8] will not be managed by Spring
==>  Preparing: SELECT id,slot_date,slot_name,start_time,end_time,max_bookings,advance_days,draw_start_time,draw_end_time,status,pond_id,default_price FROM time_slot WHERE (status = ?)
Creating a new SqlSession
SqlSession [org.apache.ibatis.session.defaults.DefaultSqlSession@6611413] was not registered for synchronization because synchronization is not active
Closing non transactional SqlSession [org.apache.ibatis.session.defaults.DefaultSqlSession@1d26650e]
JDBC Connection [HikariProxyConnection@1612754324 wrapping com.mysql.cj.jdbc.ConnectionImpl@357eab52] will not be managed by Spring
==> Parameters: 1(Integer)
Creating a new SqlSession
SqlSession [org.apache.ibatis.session.defaults.DefaultSqlSession@6ebb416e] was not registered for synchronization because synchronization is not active
<==    Columns: id, user_id, slot_id, status, create_time, cancel_time, cancel_reason, pond_id, checkin_code, actual_fee, check_in_time
<==        Row: 22, 10, 16, 过期失效, 2026-07-20 10:27:37, null, null, 1, 130151, null, null
SqlSession [org.apache.ibatis.session.defaults.DefaultSqlSession@1f5f8026] was not registered for synchronization because synchronization is not active
Closing non transactional SqlSession [org.apache.ibatis.session.defaults.DefaultSqlSession@1b9c6eaf]
<==        Row: 21, 10, 15, 过期失效, 2026-07-20 10:27:14, null, null, 1, 424796, null, null
<==      Total: 2
Closing non transactional SqlSession [org.apache.ibatis.session.defaults.DefaultSqlSession@5957ee5f]
<==    Columns: id, slot_date, slot_name, start_time, end_time, max_bookings, advance_days, draw_start_time, draw_end_time, status, pond_id, default_price
<==        Row: 15, 2026-07-16, 早场, 06:00:00, 12:00:00, 10, 7, 2026-07-15 00:00:00, 2026-07-16 00:00:00, 1, 1, null
<==        Row: 16, 2026-07-18, 晚场, 06:00:00, 12:00:00, 10, 7, 2026-07-15 00:00:00, 2026-07-16 00:00:00, 1, 1, null
JDBC Connection [HikariProxyConnection@1083918242 wrapping com.mysql.cj.jdbc.ConnectionImpl@d8d4e42] will not be managed by Spring
==>  Preparing: SELECT id,user_id,slot_id,status,create_time,cancel_time,cancel_reason,pond_id,checkin_code,actual_fee,check_in_time FROM reservation WHERE (user_id = ?) ORDER BY create_time DESC
==>  Preparing: SELECT id,slot_date,slot_name,start_time,end_time,max_bookings,advance_days,draw_start_time,draw_end_time,status,pond_id,default_price FROM time_slot WHERE (status = ?)
==> Parameters: 11(Long)
<==        Row: 17, 2026-07-17, 午场, 06:00:00, 12:00:00, 10, 7, 2026-07-15 00:00:00, 2026-07-16 00:00:00, 1, 1, null
Creating a new SqlSession
JDBC Connection [HikariProxyConnection@1074413115 wrapping com.mysql.cj.jdbc.ConnectionImpl@64db679d] will not be managed by Spring
==>  Preparing: SELECT id,reservation_id,user_id,slot_id,spot_id,draw_time,pond_id FROM draw_result WHERE (user_id = ?) ORDER BY draw_time DESC
SqlSession [org.apache.ibatis.session.defaults.DefaultSqlSession@4c12bfcb] was not registered for synchronization because synchronization is not active
<==      Total: 0
<==      Total: 3
==> Parameters: 1(Integer)
Closing non transactional SqlSession [org.apache.ibatis.session.defaults.DefaultSqlSession@7a97103b]
Closing non transactional SqlSession [org.apache.ibatis.session.defaults.DefaultSqlSession@6611413]
JDBC Connection [HikariProxyConnection@718378240 wrapping com.mysql.cj.jdbc.ConnectionImpl@37cbfa74] will not be managed by Spring
==> Parameters: 11(Long)
==>  Preparing: SELECT id,phone,nickname,password,role,admin_type,pond_id,staff_id,status,email,create_time,last_login_time FROM sys_user WHERE id IN ( ? )
<==    Columns: id, slot_date, slot_name, start_time, end_time, max_bookings, advance_days, draw_start_time, draw_end_time, status, pond_id, default_price
<==      Total: 0
Closing non transactional SqlSession [org.apache.ibatis.session.defaults.DefaultSqlSession@1f5f8026]
==> Parameters: 10(Long)
<==        Row: 15, 2026-07-16, 早场, 06:00:00, 12:00:00, 10, 7, 2026-07-15 00:00:00, 2026-07-16 00:00:00, 1, 1, null
<==        Row: 16, 2026-07-18, 晚场, 06:00:00, 12:00:00, 10, 7, 2026-07-15 00:00:00, 2026-07-16 00:00:00, 1, 1, null
<==    Columns: id, phone, nickname, password, role, admin_type, pond_id, staff_id, status, email, create_time, last_login_time
<==        Row: 10, 17767113837, 21, $2a$10$xTJlJQJEEWnL.gFQ5zXVu.9LZv9YzlOLYfCeQNEYtyq5D3fYt780., 0, null, null, null, 1, null, 2026-07-20 10:26:53, 2026-07-20 10:27:09
<==        Row: 17, 2026-07-17, 午场, 06:00:00, 12:00:00, 10, 7, 2026-07-15 00:00:00, 2026-07-16 00:00:00, 1, 1, null
<==      Total: 1
Closing non transactional SqlSession [org.apache.ibatis.session.defaults.DefaultSqlSession@4c12bfcb]
<==      Total: 3
Creating a new SqlSession
SqlSession [org.apache.ibatis.session.defaults.DefaultSqlSession@414ef6c6] was not registered for synchronization because synchronization is not active
Closing non transactional SqlSession [org.apache.ibatis.session.defaults.DefaultSqlSession@6ebb416e]
JDBC Connection [HikariProxyConnection@419161539 wrapping com.mysql.cj.jdbc.ConnectionImpl@37cbfa74] will not be managed by Spring
==>  Preparing: SELECT id,slot_date,slot_name,start_time,end_time,max_bookings,advance_days,draw_start_time,draw_end_time,status,pond_id,default_price FROM time_slot WHERE id IN ( ? , ? )
==> Parameters: 16(Long), 15(Long)
<==    Columns: id, slot_date, slot_name, start_time, end_time, max_bookings, advance_days, draw_start_time, draw_end_time, status, pond_id, default_price
<==        Row: 15, 2026-07-16, 早场, 06:00:00, 12:00:00, 10, 7, 2026-07-15 00:00:00, 2026-07-16 00:00:00, 1, 1, null
<==        Row: 16, 2026-07-18, 晚场, 06:00:00, 12:00:00, 10, 7, 2026-07-15 00:00:00, 2026-07-16 00:00:00, 1, 1, null
<==      Total: 2
Closing non transactional SqlSession [org.apache.ibatis.session.defaults.DefaultSqlSession@414ef6c6]
Creating a new SqlSession
SqlSession [org.apache.ibatis.session.defaults.DefaultSqlSession@14c9fcf4] was not registered for synchronization because synchronization is not active
JDBC Connection [HikariProxyConnection@579321965 wrapping com.mysql.cj.jdbc.ConnectionImpl@37cbfa74] will not be managed by Spring
==>  Preparing: SELECT id,name,address,phone,merchant_id,status,create_time,update_time FROM pond WHERE id IN ( ? )
==> Parameters: 1(Long)
<==    Columns: id, name, address, phone, merchant_id, status, create_time, update_time
<==        Row: 1, 默认鱼塘, 系统默认鱼塘, , 9, 1, 2026-07-15 15:30:25, 2026-07-15 15:30:25
<==      Total: 1
Closing non transactional SqlSession [org.apache.ibatis.session.defaults.DefaultSqlSession@14c9fcf4]
Creating a new SqlSession
SqlSession [org.apache.ibatis.session.defaults.DefaultSqlSession@48fa057f] was not registered for synchronization because synchronization is not active
JDBC Connection [HikariProxyConnection@949910024 wrapping com.mysql.cj.jdbc.ConnectionImpl@357eab52] will not be managed by Spring
==>  Preparing: SELECT id,phone,nickname,password,role,admin_type,pond_id,staff_id,status,email,create_time,last_login_time FROM sys_user WHERE (phone = ?)
==> Parameters: 12345678999(String)
<==      Total: 0
Closing non transactional SqlSession [org.apache.ibatis.session.defaults.DefaultSqlSession@48fa057f]
Creating a new SqlSession
SqlSession [org.apache.ibatis.session.defaults.DefaultSqlSession@4b388993] was not registered for synchronization because synchronization is not active
JDBC Connection [HikariProxyConnection@370337820 wrapping com.mysql.cj.jdbc.ConnectionImpl@357eab52] will not be managed by Spring
==>  Preparing: INSERT INTO sys_user ( phone, nickname, password, role, status, create_time ) VALUES ( ?, ?, ?, ?, ?, ? )
==> Parameters: 12345678999(String), 123(String), $2a$10$CIDjxES8ihia9UxJfXDu4uknJQkgJR./hLgHmo03736eXZ5lTSrtm(String), 0(Integer), 1(Integer), 2026-07-20T15:37:42.309770800(LocalDateTime)
<==    Updates: 1
Closing non transactional SqlSession [org.apache.ibatis.session.defaults.DefaultSqlSession@4b388993]
2026-07-20 15:37:42.316  INFO 72008 --- [nio-8080-exec-6] c.e.fishing.controller.LoginController   : 用户注册成功: phone=12345678999, role=user
Creating a new SqlSession
SqlSession [org.apache.ibatis.session.defaults.DefaultSqlSession@791e8014] was not registered for synchronization because synchronization is not active
JDBC Connection [HikariProxyConnection@673086291 wrapping com.mysql.cj.jdbc.ConnectionImpl@cb54944] will not be managed by Spring
==>  Preparing: SELECT id,phone,nickname,password,role,admin_type,pond_id,staff_id,status,email,create_time,last_login_time FROM sys_user WHERE (phone = ?)
==> Parameters: 12345678999(String)
<==    Columns: id, phone, nickname, password, role, admin_type, pond_id, staff_id, status, email, create_time, last_login_time
<==        Row: 12, 12345678999, 123, $2a$10$CIDjxES8ihia9UxJfXDu4uknJQkgJR./hLgHmo03736eXZ5lTSrtm, 0, null, null, null, 1, null, 2026-07-20 15:37:42, null
<==      Total: 1
Closing non transactional SqlSession [org.apache.ibatis.session.defaults.DefaultSqlSession@791e8014]
Creating a new SqlSession
SqlSession [org.apache.ibatis.session.defaults.DefaultSqlSession@57daedf4] was not registered for synchronization because synchronization is not active
JDBC Connection [HikariProxyConnection@793450678 wrapping com.mysql.cj.jdbc.ConnectionImpl@cb54944] will not be managed by Spring
==>  Preparing: SELECT id,phone,nickname,password,role,admin_type,pond_id,staff_id,status,email,create_time,last_login_time FROM sys_user WHERE (phone = ?)
==> Parameters: 12345678999(String)
<==    Columns: id, phone, nickname, password, role, admin_type, pond_id, staff_id, status, email, create_time, last_login_time
<==        Row: 12, 12345678999, 123, $2a$10$CIDjxES8ihia9UxJfXDu4uknJQkgJR./hLgHmo03736eXZ5lTSrtm, 0, null, null, null, 1, null, 2026-07-20 15:37:42, null
<==      Total: 1
Closing non transactional SqlSession [org.apache.ibatis.session.defaults.DefaultSqlSession@57daedf4]
Creating a new SqlSession
SqlSession [org.apache.ibatis.session.defaults.DefaultSqlSession@24a4d9d3] was not registered for synchronization because synchronization is not active
JDBC Connection [HikariProxyConnection@270552088 wrapping com.mysql.cj.jdbc.ConnectionImpl@d8d4e42] will not be managed by Spring
==>  Preparing: SELECT id,phone,nickname,password,role,admin_type,pond_id,staff_id,status,email,create_time,last_login_time FROM sys_user WHERE (phone = ?)
==> Parameters: 12345678999(String)
<==    Columns: id, phone, nickname, password, role, admin_type, pond_id, staff_id, status, email, create_time, last_login_time
<==        Row: 12, 12345678999, 123, $2a$10$CIDjxES8ihia9UxJfXDu4uknJQkgJR./hLgHmo03736eXZ5lTSrtm, 0, null, null, null, 1, null, 2026-07-20 15:37:42, null
<==      Total: 1
Closing non transactional SqlSession [org.apache.ibatis.session.defaults.DefaultSqlSession@24a4d9d3]
Creating a new SqlSession
SqlSession [org.apache.ibatis.session.defaults.DefaultSqlSession@65615382] was not registered for synchronization because synchronization is not active
JDBC Connection [HikariProxyConnection@450346620 wrapping com.mysql.cj.jdbc.ConnectionImpl@d8d4e42] will not be managed by Spring
==>  Preparing: UPDATE sys_user SET phone=?, nickname=?, password=?, role=?, status=?, create_time=?, last_login_time=? WHERE id=?
==> Parameters: 12345678999(String), 123(String), $2a$10$CIDjxES8ihia9UxJfXDu4uknJQkgJR./hLgHmo03736eXZ5lTSrtm(String), 0(Integer), 1(Integer), 2026-07-20T15:37:42(LocalDateTime), 2026-07-20T15:38:22.463179700(LocalDateTime), 12(Long)
<==    Updates: 1
Closing non transactional SqlSession [org.apache.ibatis.session.defaults.DefaultSqlSession@65615382]
2026-07-20 15:38:22.478  INFO 72008 --- [nio-8080-exec-5] c.e.fishing.controller.LoginController   : 用户登录成功: phone=12345678999, role=0
Creating a new SqlSession
SqlSession [org.apache.ibatis.session.defaults.DefaultSqlSession@7bfd44ba] was not registered for synchronization because synchronization is not active
JDBC Connection [HikariProxyConnection@545794413 wrapping com.mysql.cj.jdbc.ConnectionImpl@37cbfa74] will not be managed by Spring
==>  Preparing: SELECT id,phone,nickname,password,role,admin_type,pond_id,staff_id,status,email,create_time,last_login_time FROM sys_user WHERE id=?
==> Parameters: 12(Long)
<==    Columns: id, phone, nickname, password, role, admin_type, pond_id, staff_id, status, email, create_time, last_login_time
<==        Row: 12, 12345678999, 123, $2a$10$CIDjxES8ihia9UxJfXDu4uknJQkgJR./hLgHmo03736eXZ5lTSrtm, 0, null, null, null, 1, null, 2026-07-20 15:37:42, 2026-07-20 15:38:22
<==      Total: 1
Closing non transactional SqlSession [org.apache.ibatis.session.defaults.DefaultSqlSession@7bfd44ba]
Creating a new SqlSession
SqlSession [org.apache.ibatis.session.defaults.DefaultSqlSession@13e484f8] was not registered for synchronization because synchronization is not active
JDBC Connection [HikariProxyConnection@1452998830 wrapping com.mysql.cj.jdbc.ConnectionImpl@37cbfa74] will not be managed by Spring
==>  Preparing: SELECT COUNT(*) AS total FROM shop_products WHERE (status = ? AND stock > ?)
==> Parameters: on(String), 0(Integer)
<==    Columns: total
<==        Row: 0
<==      Total: 1
Closing non transactional SqlSession [org.apache.ibatis.session.defaults.DefaultSqlSession@13e484f8]
Creating a new SqlSession
SqlSession [org.apache.ibatis.session.defaults.DefaultSqlSession@648ff95] was not registered for synchronization because synchronization is not active
JDBC Connection [HikariProxyConnection@559987688 wrapping com.mysql.cj.jdbc.ConnectionImpl@357eab52] will not be managed by Spring
==>  Preparing: SELECT id,phone,nickname,password,role,admin_type,pond_id,staff_id,status,email,create_time,last_login_time FROM sys_user WHERE id=?
==> Parameters: 12(Long)
<==    Columns: id, phone, nickname, password, role, admin_type, pond_id, staff_id, status, email, create_time, last_login_time
<==        Row: 12, 12345678999, 123, $2a$10$CIDjxES8ihia9UxJfXDu4uknJQkgJR./hLgHmo03736eXZ5lTSrtm, 0, null, null, null, 1, null, 2026-07-20 15:37:42, 2026-07-20 15:38:22
<==      Total: 1
Closing non transactional SqlSession [org.apache.ibatis.session.defaults.DefaultSqlSession@648ff95]
Creating a new SqlSession
SqlSession [org.apache.ibatis.session.defaults.DefaultSqlSession@607f524b] was not registered for synchronization because synchronization is not active
JDBC Connection [HikariProxyConnection@753449048 wrapping com.mysql.cj.jdbc.ConnectionImpl@357eab52] will not be managed by Spring
==>  Preparing: SELECT COUNT(*) AS total FROM shop_orders WHERE deleted = 0 AND (user_id = ? AND order_type = ?)
==> Parameters: 12(Long), shop(String)
<==    Columns: total
<==        Row: 0
<==      Total: 1
Closing non transactional SqlSession [org.apache.ibatis.session.defaults.DefaultSqlSession@607f524b]
Creating a new SqlSession
Creating a new SqlSession
Creating a new SqlSession
SqlSession [org.apache.ibatis.session.defaults.DefaultSqlSession@231cb149] was not registered for synchronization because synchronization is not active
SqlSession [org.apache.ibatis.session.defaults.DefaultSqlSession@13ceea2d] was not registered for synchronization because synchronization is not active
SqlSession [org.apache.ibatis.session.defaults.DefaultSqlSession@128e71b] was not registered for synchronization because synchronization is not active
JDBC Connection [HikariProxyConnection@517854816 wrapping com.mysql.cj.jdbc.ConnectionImpl@cb54944] will not be managed by Spring
JDBC Connection [HikariProxyConnection@1462901828 wrapping com.mysql.cj.jdbc.ConnectionImpl@425bfef8] will not be managed by Spring
==>  Preparing: SELECT id,phone,nickname,password,role,admin_type,pond_id,staff_id,status,email,create_time,last_login_time FROM sys_user WHERE id=?
==>  Preparing: SELECT id,phone,nickname,password,role,admin_type,pond_id,staff_id,status,email,create_time,last_login_time FROM sys_user WHERE id=?
JDBC Connection [HikariProxyConnection@1887672692 wrapping com.mysql.cj.jdbc.ConnectionImpl@64db679d] will not be managed by Spring
==> Parameters: 12(Long)
==>  Preparing: SELECT id,phone,nickname,password,role,admin_type,pond_id,staff_id,status,email,create_time,last_login_time FROM sys_user WHERE id=?
==> Parameters: 12(Long)
==> Parameters: 12(Long)
<==    Columns: id, phone, nickname, password, role, admin_type, pond_id, staff_id, status, email, create_time, last_login_time
<==    Columns: id, phone, nickname, password, role, admin_type, pond_id, staff_id, status, email, create_time, last_login_time
<==    Columns: id, phone, nickname, password, role, admin_type, pond_id, staff_id, status, email, create_time, last_login_time
<==        Row: 12, 12345678999, 123, $2a$10$CIDjxES8ihia9UxJfXDu4uknJQkgJR./hLgHmo03736eXZ5lTSrtm, 0, null, null, null, 1, null, 2026-07-20 15:37:42, 2026-07-20 15:38:22
<==        Row: 12, 12345678999, 123, $2a$10$CIDjxES8ihia9UxJfXDu4uknJQkgJR./hLgHmo03736eXZ5lTSrtm, 0, null, null, null, 1, null, 2026-07-20 15:37:42, 2026-07-20 15:38:22
<==        Row: 12, 12345678999, 123, $2a$10$CIDjxES8ihia9UxJfXDu4uknJQkgJR./hLgHmo03736eXZ5lTSrtm, 0, null, null, null, 1, null, 2026-07-20 15:37:42, 2026-07-20 15:38:22
<==      Total: 1
<==      Total: 1
<==      Total: 1
Closing non transactional SqlSession [org.apache.ibatis.session.defaults.DefaultSqlSession@128e71b]
Closing non transactional SqlSession [org.apache.ibatis.session.defaults.DefaultSqlSession@231cb149]
Closing non transactional SqlSession [org.apache.ibatis.session.defaults.DefaultSqlSession@13ceea2d]
Creating a new SqlSession
Creating a new SqlSession
Creating a new SqlSession
SqlSession [org.apache.ibatis.session.defaults.DefaultSqlSession@352d2385] was not registered for synchronization because synchronization is not active
SqlSession [org.apache.ibatis.session.defaults.DefaultSqlSession@37e7fec6] was not registered for synchronization because synchronization is not active
SqlSession [org.apache.ibatis.session.defaults.DefaultSqlSession@52b9ab6d] was not registered for synchronization because synchronization is not active
JDBC Connection [HikariProxyConnection@1372993679 wrapping com.mysql.cj.jdbc.ConnectionImpl@cb54944] will not be managed by Spring
JDBC Connection [HikariProxyConnection@350867082 wrapping com.mysql.cj.jdbc.ConnectionImpl@425bfef8] will not be managed by Spring
JDBC Connection [HikariProxyConnection@1899091742 wrapping com.mysql.cj.jdbc.ConnectionImpl@64db679d] will not be managed by Spring
==>  Preparing: SELECT id,slot_date,slot_name,start_time,end_time,max_bookings,advance_days,draw_start_time,draw_end_time,status,pond_id,default_price FROM time_slot WHERE (status = ?)
==>  Preparing: SELECT id,user_id,slot_id,status,create_time,cancel_time,cancel_reason,pond_id,checkin_code,actual_fee,check_in_time FROM reservation WHERE (user_id = ?) ORDER BY create_time DESC
==>  Preparing: SELECT id,reservation_id,user_id,slot_id,spot_id,draw_time,pond_id FROM draw_result WHERE (user_id = ?) ORDER BY draw_time DESC
==> Parameters: 12(Long)
==> Parameters: 1(Integer)
==> Parameters: 12(Long)
<==      Total: 0
<==    Columns: id, slot_date, slot_name, start_time, end_time, max_bookings, advance_days, draw_start_time, draw_end_time, status, pond_id, default_price
<==      Total: 0
<==        Row: 15, 2026-07-16, 早场, 06:00:00, 12:00:00, 10, 7, 2026-07-15 00:00:00, 2026-07-16 00:00:00, 1, 1, null
Closing non transactional SqlSession [org.apache.ibatis.session.defaults.DefaultSqlSession@352d2385]
Closing non transactional SqlSession [org.apache.ibatis.session.defaults.DefaultSqlSession@37e7fec6]
<==        Row: 16, 2026-07-18, 晚场, 06:00:00, 12:00:00, 10, 7, 2026-07-15 00:00:00, 2026-07-16 00:00:00, 1, 1, null
<==        Row: 17, 2026-07-17, 午场, 06:00:00, 12:00:00, 10, 7, 2026-07-15 00:00:00, 2026-07-16 00:00:00, 1, 1, null
<==      Total: 3
Closing non transactional SqlSession [org.apache.ibatis.session.defaults.DefaultSqlSession@52b9ab6d]
Creating a new SqlSession
SqlSession [org.apache.ibatis.session.defaults.DefaultSqlSession@5afbfcec] was not registered for synchronization because synchronization is not active
JDBC Connection [HikariProxyConnection@1523453706 wrapping com.mysql.cj.jdbc.ConnectionImpl@cb54944] will not be managed by Spring
==>  Preparing: SELECT id,phone,nickname,password,role,admin_type,pond_id,staff_id,status,email,create_time,last_login_time FROM sys_user WHERE id=?
==> Parameters: 12(Long)
<==    Columns: id, phone, nickname, password, role, admin_type, pond_id, staff_id, status, email, create_time, last_login_time
<==        Row: 12, 12345678999, 123, $2a$10$CIDjxES8ihia9UxJfXDu4uknJQkgJR./hLgHmo03736eXZ5lTSrtm, 0, null, null, null, 1, null, 2026-07-20 15:37:42, 2026-07-20 15:38:22
<==      Total: 1
Closing non transactional SqlSession [org.apache.ibatis.session.defaults.DefaultSqlSession@5afbfcec]
Creating a new SqlSession
SqlSession [org.apache.ibatis.session.defaults.DefaultSqlSession@619b20dc] was not registered for synchronization because synchronization is not active
JDBC Connection [HikariProxyConnection@1677900959 wrapping com.mysql.cj.jdbc.ConnectionImpl@cb54944] will not be managed by Spring
==>  Preparing: SELECT id,slot_date,slot_name,start_time,end_time,max_bookings,advance_days,draw_start_time,draw_end_time,status,pond_id,default_price FROM time_slot WHERE (status = ?)
==> Parameters: 1(Integer)
<==    Columns: id, slot_date, slot_name, start_time, end_time, max_bookings, advance_days, draw_start_time, draw_end_time, status, pond_id, default_price
<==        Row: 15, 2026-07-16, 早场, 06:00:00, 12:00:00, 10, 7, 2026-07-15 00:00:00, 2026-07-16 00:00:00, 1, 1, null
<==        Row: 16, 2026-07-18, 晚场, 06:00:00, 12:00:00, 10, 7, 2026-07-15 00:00:00, 2026-07-16 00:00:00, 1, 1, null
<==        Row: 17, 2026-07-17, 午场, 06:00:00, 12:00:00, 10, 7, 2026-07-15 00:00:00, 2026-07-16 00:00:00, 1, 1, null
<==      Total: 3
Closing non transactional SqlSession [org.apache.ibatis.session.defaults.DefaultSqlSession@619b20dc]
Creating a new SqlSession
SqlSession [org.apache.ibatis.session.defaults.DefaultSqlSession@29e3daf4] was not registered for synchronization because synchronization is not active
JDBC Connection [HikariProxyConnection@105364598 wrapping com.mysql.cj.jdbc.ConnectionImpl@357eab52] will not be managed by Spring
Creating a new SqlSession
==>  Preparing: SELECT id,phone,nickname,password,role,admin_type,pond_id,staff_id,status,email,create_time,last_login_time FROM sys_user WHERE id=?
SqlSession [org.apache.ibatis.session.defaults.DefaultSqlSession@79f78c84] was not registered for synchronization because synchronization is not active
==> Parameters: 12(Long)
JDBC Connection [HikariProxyConnection@1081354170 wrapping com.mysql.cj.jdbc.ConnectionImpl@425bfef8] will not be managed by Spring
==>  Preparing: SELECT id,phone,nickname,password,role,admin_type,pond_id,staff_id,status,email,create_time,last_login_time FROM sys_user WHERE id=?
<==    Columns: id, phone, nickname, password, role, admin_type, pond_id, staff_id, status, email, create_time, last_login_time
==> Parameters: 12(Long)
<==        Row: 12, 12345678999, 123, $2a$10$CIDjxES8ihia9UxJfXDu4uknJQkgJR./hLgHmo03736eXZ5lTSrtm, 0, null, null, null, 1, null, 2026-07-20 15:37:42, 2026-07-20 15:38:22
<==      Total: 1
<==    Columns: id, phone, nickname, password, role, admin_type, pond_id, staff_id, status, email, create_time, last_login_time
Closing non transactional SqlSession [org.apache.ibatis.session.defaults.DefaultSqlSession@29e3daf4]
<==        Row: 12, 12345678999, 123, $2a$10$CIDjxES8ihia9UxJfXDu4uknJQkgJR./hLgHmo03736eXZ5lTSrtm, 0, null, null, null, 1, null, 2026-07-20 15:37:42, 2026-07-20 15:38:22
<==      Total: 1
Closing non transactional SqlSession [org.apache.ibatis.session.defaults.DefaultSqlSession@79f78c84]
Creating a new SqlSession
SqlSession [org.apache.ibatis.session.defaults.DefaultSqlSession@4bcbb901] was not registered for synchronization because synchronization is not active
JDBC Connection [HikariProxyConnection@236818256 wrapping com.mysql.cj.jdbc.ConnectionImpl@425bfef8] will not be managed by Spring
==>  Preparing: SELECT id,user_id,slot_id,status,create_time,cancel_time,cancel_reason,pond_id,checkin_code,actual_fee,check_in_time FROM reservation WHERE (user_id = ?) ORDER BY create_time DESC
==> Parameters: 12(Long)
<==      Total: 0
Closing non transactional SqlSession [org.apache.ibatis.session.defaults.DefaultSqlSession@4bcbb901]
Creating a new SqlSession
SqlSession [org.apache.ibatis.session.defaults.DefaultSqlSession@62968665] was not registered for synchronization because synchronization is not active
JDBC Connection [HikariProxyConnection@1118093054 wrapping com.mysql.cj.jdbc.ConnectionImpl@357eab52] will not be managed by Spring
==>  Preparing: SELECT id,slot_date,slot_name,start_time,end_time,max_bookings,advance_days,draw_start_time,draw_end_time,status,pond_id,default_price FROM time_slot WHERE (slot_date = ? AND status = ?)
==> Parameters: 2026-07-20(LocalDate), 1(Integer)
<==      Total: 0
Closing non transactional SqlSession [org.apache.ibatis.session.defaults.DefaultSqlSession@62968665]
Creating a new SqlSession
SqlSession [org.apache.ibatis.session.defaults.DefaultSqlSession@b1c30b7] was not registered for synchronization because synchronization is not active
JDBC Connection [HikariProxyConnection@1801422475 wrapping com.mysql.cj.jdbc.ConnectionImpl@64db679d] will not be managed by Spring
==>  Preparing: SELECT id,phone,nickname,password,role,admin_type,pond_id,staff_id,status,email,create_time,last_login_time FROM sys_user WHERE id=?
==> Parameters: 12(Long)
<==    Columns: id, phone, nickname, password, role, admin_type, pond_id, staff_id, status, email, create_time, last_login_time
<==        Row: 12, 12345678999, 123, $2a$10$CIDjxES8ihia9UxJfXDu4uknJQkgJR./hLgHmo03736eXZ5lTSrtm, 0, null, null, null, 1, null, 2026-07-20 15:37:42, 2026-07-20 15:38:22
<==      Total: 1
Closing non transactional SqlSession [org.apache.ibatis.session.defaults.DefaultSqlSession@b1c30b7]
Creating a new SqlSession
SqlSession [org.apache.ibatis.session.defaults.DefaultSqlSession@2a939af8] was not registered for synchronization because synchronization is not active
JDBC Connection [HikariProxyConnection@1469850588 wrapping com.mysql.cj.jdbc.ConnectionImpl@64db679d] will not be managed by Spring
==>  Preparing: SELECT COUNT(*) AS total FROM shop_orders WHERE deleted = 0 AND (user_id = ? AND order_type = ?)
==> Parameters: 12(Long), shop(String)
<==    Columns: total
<==        Row: 0
<==      Total: 1
Closing non transactional SqlSession [org.apache.ibatis.session.defaults.DefaultSqlSession@2a939af8]
Creating a new SqlSession
Creating a new SqlSession
SqlSession [org.apache.ibatis.session.defaults.DefaultSqlSession@159c0364] was not registered for synchronization because synchronization is not active
Creating a new SqlSession
SqlSession [org.apache.ibatis.session.defaults.DefaultSqlSession@53353bad] was not registered for synchronization because synchronization is not active
Creating a new SqlSession
SqlSession [org.apache.ibatis.session.defaults.DefaultSqlSession@1dc66636] was not registered for synchronization because synchronization is not active
SqlSession [org.apache.ibatis.session.defaults.DefaultSqlSession@26e9a827] was not registered for synchronization because synchronization is not active
JDBC Connection [HikariProxyConnection@1529675459 wrapping com.mysql.cj.jdbc.ConnectionImpl@64db679d] will not be managed by Spring
JDBC Connection [HikariProxyConnection@1168550782 wrapping com.mysql.cj.jdbc.ConnectionImpl@37cbfa74] will not be managed by Spring
Creating a new SqlSession
SqlSession [org.apache.ibatis.session.defaults.DefaultSqlSession@73c8668b] was not registered for synchronization because synchronization is not active
==>  Preparing: SELECT id,phone,nickname,password,role,admin_type,pond_id,staff_id,status,email,create_time,last_login_time FROM sys_user WHERE id=?
JDBC Connection [HikariProxyConnection@799363708 wrapping com.mysql.cj.jdbc.ConnectionImpl@cb54944] will not be managed by Spring
JDBC Connection [HikariProxyConnection@1741858084 wrapping com.mysql.cj.jdbc.ConnectionImpl@d8d4e42] will not be managed by Spring
==>  Preparing: SELECT id,phone,nickname,password,role,admin_type,pond_id,staff_id,status,email,create_time,last_login_time FROM sys_user WHERE id=?
JDBC Connection [HikariProxyConnection@409413575 wrapping com.mysql.cj.jdbc.ConnectionImpl@357eab52] will not be managed by Spring
==>  Preparing: SELECT id,phone,nickname,password,role,admin_type,pond_id,staff_id,status,email,create_time,last_login_time FROM sys_user WHERE id=?
==>  Preparing: SELECT id,phone,nickname,password,role,admin_type,pond_id,staff_id,status,email,create_time,last_login_time FROM sys_user WHERE id=?
Creating a new SqlSession
==> Parameters: 10(Long)
SqlSession [org.apache.ibatis.session.defaults.DefaultSqlSession@677a88d2] was not registered for synchronization because synchronization is not active
==> Parameters: 11(Long)
==> Parameters: 10(Long)
==>  Preparing: SELECT id,phone,nickname,password,role,admin_type,pond_id,staff_id,status,email,create_time,last_login_time FROM sys_user WHERE id=?
==> Parameters: 11(Long)
<==    Columns: id, phone, nickname, password, role, admin_type, pond_id, staff_id, status, email, create_time, last_login_time
==> Parameters: 10(Long)
<==    Columns: id, phone, nickname, password, role, admin_type, pond_id, staff_id, status, email, create_time, last_login_time
JDBC Connection [HikariProxyConnection@2013771155 wrapping com.mysql.cj.jdbc.ConnectionImpl@425bfef8] will not be managed by Spring
<==        Row: 10, 17767113837, 21, $2a$10$xTJlJQJEEWnL.gFQ5zXVu.9LZv9YzlOLYfCeQNEYtyq5D3fYt780., 0, null, null, null, 1, null, 2026-07-20 10:26:53, 2026-07-20 10:27:09
<==    Columns: id, phone, nickname, password, role, admin_type, pond_id, staff_id, status, email, create_time, last_login_time
<==        Row: 11, 12345678910, 111, $2a$10$w56xGopTQWy22VrpbnfA4uPVNjO5Lq9FLWUKAHWtBSsy3./6uf4DK, 0, null, null, null, 1, null, 2026-07-20 14:36:48, 2026-07-20 14:39:03
<==    Columns: id, phone, nickname, password, role, admin_type, pond_id, staff_id, status, email, create_time, last_login_time
<==      Total: 1
<==        Row: 11, 12345678910, 111, $2a$10$w56xGopTQWy22VrpbnfA4uPVNjO5Lq9FLWUKAHWtBSsy3./6uf4DK, 0, null, null, null, 1, null, 2026-07-20 14:36:48, 2026-07-20 14:39:03
<==      Total: 1
<==      Total: 1
<==    Columns: id, phone, nickname, password, role, admin_type, pond_id, staff_id, status, email, create_time, last_login_time
==>  Preparing: SELECT id,phone,nickname,password,role,admin_type,pond_id,staff_id,status,email,create_time,last_login_time FROM sys_user WHERE id=?
<==        Row: 10, 17767113837, 21, $2a$10$xTJlJQJEEWnL.gFQ5zXVu.9LZv9YzlOLYfCeQNEYtyq5D3fYt780., 0, null, null, null, 1, null, 2026-07-20 10:26:53, 2026-07-20 10:27:09
Closing non transactional SqlSession [org.apache.ibatis.session.defaults.DefaultSqlSession@53353bad]
Closing non transactional SqlSession [org.apache.ibatis.session.defaults.DefaultSqlSession@159c0364]
Closing non transactional SqlSession [org.apache.ibatis.session.defaults.DefaultSqlSession@73c8668b]
Creating a new SqlSession
<==        Row: 10, 17767113837, 21, $2a$10$xTJlJQJEEWnL.gFQ5zXVu.9LZv9YzlOLYfCeQNEYtyq5D3fYt780., 0, null, null, null, 1, null, 2026-07-20 10:26:53, 2026-07-20 10:27:09
Creating a new SqlSession
SqlSession [org.apache.ibatis.session.defaults.DefaultSqlSession@143c1961] was not registered for synchronization because synchronization is not active
Creating a new SqlSession
<==      Total: 1
==> Parameters: 11(Long)
JDBC Connection [HikariProxyConnection@1856938008 wrapping com.mysql.cj.jdbc.ConnectionImpl@64db679d] will not be managed by Spring
Closing non transactional SqlSession [org.apache.ibatis.session.defaults.DefaultSqlSession@1dc66636]
SqlSession [org.apache.ibatis.session.defaults.DefaultSqlSession@735ef3f0] was not registered for synchronization because synchronization is not active
Creating a new SqlSession
SqlSession [org.apache.ibatis.session.defaults.DefaultSqlSession@2aaa963c] was not registered for synchronization because synchronization is not active
<==      Total: 1
JDBC Connection [HikariProxyConnection@111958492 wrapping com.mysql.cj.jdbc.ConnectionImpl@37cbfa74] will not be managed by Spring
SqlSession [org.apache.ibatis.session.defaults.DefaultSqlSession@65afc44f] was not registered for synchronization because synchronization is not active
<==    Columns: id, phone, nickname, password, role, admin_type, pond_id, staff_id, status, email, create_time, last_login_time
==>  Preparing: SELECT id,slot_date,slot_name,start_time,end_time,max_bookings,advance_days,draw_start_time,draw_end_time,status,pond_id,default_price FROM time_slot WHERE (status = ?)
JDBC Connection [HikariProxyConnection@1274476826 wrapping com.mysql.cj.jdbc.ConnectionImpl@357eab52] will not be managed by Spring
<==        Row: 11, 12345678910, 111, $2a$10$w56xGopTQWy22VrpbnfA4uPVNjO5Lq9FLWUKAHWtBSsy3./6uf4DK, 0, null, null, null, 1, null, 2026-07-20 14:36:48, 2026-07-20 14:39:03
==>  Preparing: SELECT id,user_id,slot_id,status,create_time,cancel_time,cancel_reason,pond_id,checkin_code,actual_fee,check_in_time FROM reservation WHERE (user_id = ?) ORDER BY create_time DESC
<==      Total: 1
JDBC Connection [HikariProxyConnection@442913244 wrapping com.mysql.cj.jdbc.ConnectionImpl@cb54944] will not be managed by Spring
Closing non transactional SqlSession [org.apache.ibatis.session.defaults.DefaultSqlSession@26e9a827]
==>  Preparing: SELECT id,user_id,slot_id,status,create_time,cancel_time,cancel_reason,pond_id,checkin_code,actual_fee,check_in_time FROM reservation WHERE (user_id = ?) ORDER BY create_time DESC
Closing non transactional SqlSession [org.apache.ibatis.session.defaults.DefaultSqlSession@677a88d2]
==> Parameters: 10(Long)
==>  Preparing: SELECT id,reservation_id,user_id,slot_id,spot_id,draw_time,pond_id FROM draw_result WHERE (user_id = ?) ORDER BY draw_time DESC
==> Parameters: 1(Integer)
==> Parameters: 10(Long)
Creating a new SqlSession
Creating a new SqlSession
==> Parameters: 11(Long)
<==      Total: 0
<==      Total: 0
SqlSession [org.apache.ibatis.session.defaults.DefaultSqlSession@3b4e6b5c] was not registered for synchronization because synchronization is not active
<==    Columns: id, slot_date, slot_name, start_time, end_time, max_bookings, advance_days, draw_start_time, draw_end_time, status, pond_id, default_price
SqlSession [org.apache.ibatis.session.defaults.DefaultSqlSession@9f98e8] was not registered for synchronization because synchronization is not active
<==    Columns: id, user_id, slot_id, status, create_time, cancel_time, cancel_reason, pond_id, checkin_code, actual_fee, check_in_time
JDBC Connection [HikariProxyConnection@865123377 wrapping com.mysql.cj.jdbc.ConnectionImpl@425bfef8] will not be managed by Spring
<==        Row: 22, 10, 16, 过期失效, 2026-07-20 10:27:37, null, null, 1, 130151, null, null
<==        Row: 15, 2026-07-16, 早场, 06:00:00, 12:00:00, 10, 7, 2026-07-15 00:00:00, 2026-07-16 00:00:00, 1, 1, null
JDBC Connection [HikariProxyConnection@1343050882 wrapping com.mysql.cj.jdbc.ConnectionImpl@d8d4e42] will not be managed by Spring
Closing non transactional SqlSession [org.apache.ibatis.session.defaults.DefaultSqlSession@2aaa963c]
Closing non transactional SqlSession [org.apache.ibatis.session.defaults.DefaultSqlSession@65afc44f]
<==        Row: 16, 2026-07-18, 晚场, 06:00:00, 12:00:00, 10, 7, 2026-07-15 00:00:00, 2026-07-16 00:00:00, 1, 1, null
==>  Preparing: SELECT id,slot_date,slot_name,start_time,end_time,max_bookings,advance_days,draw_start_time,draw_end_time,status,pond_id,default_price FROM time_slot WHERE (status = ?)
<==        Row: 21, 10, 15, 过期失效, 2026-07-20 10:27:14, null, null, 1, 424796, null, null
==>  Preparing: SELECT id,reservation_id,user_id,slot_id,spot_id,draw_time,pond_id FROM draw_result WHERE (user_id = ?) ORDER BY draw_time DESC
<==      Total: 2
==> Parameters: 11(Long)
<==        Row: 17, 2026-07-17, 午场, 06:00:00, 12:00:00, 10, 7, 2026-07-15 00:00:00, 2026-07-16 00:00:00, 1, 1, null
==> Parameters: 1(Integer)
<==      Total: 0
<==      Total: 3
Closing non transactional SqlSession [org.apache.ibatis.session.defaults.DefaultSqlSession@735ef3f0]
Closing non transactional SqlSession [org.apache.ibatis.session.defaults.DefaultSqlSession@143c1961]
<==    Columns: id, slot_date, slot_name, start_time, end_time, max_bookings, advance_days, draw_start_time, draw_end_time, status, pond_id, default_price
Closing non transactional SqlSession [org.apache.ibatis.session.defaults.DefaultSqlSession@9f98e8]
<==        Row: 15, 2026-07-16, 早场, 06:00:00, 12:00:00, 10, 7, 2026-07-15 00:00:00, 2026-07-16 00:00:00, 1, 1, null
Creating a new SqlSession
SqlSession [org.apache.ibatis.session.defaults.DefaultSqlSession@294eb3d] was not registered for synchronization because synchronization is not active
<==        Row: 16, 2026-07-18, 晚场, 06:00:00, 12:00:00, 10, 7, 2026-07-15 00:00:00, 2026-07-16 00:00:00, 1, 1, null
JDBC Connection [HikariProxyConnection@114379244 wrapping com.mysql.cj.jdbc.ConnectionImpl@37cbfa74] will not be managed by Spring
<==        Row: 17, 2026-07-17, 午场, 06:00:00, 12:00:00, 10, 7, 2026-07-15 00:00:00, 2026-07-16 00:00:00, 1, 1, null
==>  Preparing: SELECT id,phone,nickname,password,role,admin_type,pond_id,staff_id,status,email,create_time,last_login_time FROM sys_user WHERE id IN ( ? )
<==      Total: 3
==> Parameters: 10(Long)
Closing non transactional SqlSession [org.apache.ibatis.session.defaults.DefaultSqlSession@3b4e6b5c]
<==    Columns: id, phone, nickname, password, role, admin_type, pond_id, staff_id, status, email, create_time, last_login_time
<==        Row: 10, 17767113837, 21, $2a$10$xTJlJQJEEWnL.gFQ5zXVu.9LZv9YzlOLYfCeQNEYtyq5D3fYt780., 0, null, null, null, 1, null, 2026-07-20 10:26:53, 2026-07-20 10:27:09
<==      Total: 1
Closing non transactional SqlSession [org.apache.ibatis.session.defaults.DefaultSqlSession@294eb3d]
Creating a new SqlSession
SqlSession [org.apache.ibatis.session.defaults.DefaultSqlSession@1b7659ba] was not registered for synchronization because synchronization is not active
JDBC Connection [HikariProxyConnection@1050576106 wrapping com.mysql.cj.jdbc.ConnectionImpl@37cbfa74] will not be managed by Spring
==>  Preparing: SELECT id,slot_date,slot_name,start_time,end_time,max_bookings,advance_days,draw_start_time,draw_end_time,status,pond_id,default_price FROM time_slot WHERE id IN ( ? , ? )
==> Parameters: 16(Long), 15(Long)
<==    Columns: id, slot_date, slot_name, start_time, end_time, max_bookings, advance_days, draw_start_time, draw_end_time, status, pond_id, default_price
<==        Row: 15, 2026-07-16, 早场, 06:00:00, 12:00:00, 10, 7, 2026-07-15 00:00:00, 2026-07-16 00:00:00, 1, 1, null
<==        Row: 16, 2026-07-18, 晚场, 06:00:00, 12:00:00, 10, 7, 2026-07-15 00:00:00, 2026-07-16 00:00:00, 1, 1, null
<==      Total: 2
Closing non transactional SqlSession [org.apache.ibatis.session.defaults.DefaultSqlSession@1b7659ba]
Creating a new SqlSession
SqlSession [org.apache.ibatis.session.defaults.DefaultSqlSession@6c176df4] was not registered for synchronization because synchronization is not active
JDBC Connection [HikariProxyConnection@1166361157 wrapping com.mysql.cj.jdbc.ConnectionImpl@37cbfa74] will not be managed by Spring
==>  Preparing: SELECT id,name,address,phone,merchant_id,status,create_time,update_time FROM pond WHERE id IN ( ? )
==> Parameters: 1(Long)
<==    Columns: id, name, address, phone, merchant_id, status, create_time, update_time
<==        Row: 1, 默认鱼塘, 系统默认鱼塘, , 9, 1, 2026-07-15 15:30:25, 2026-07-15 15:30:25
<==      Total: 1
Closing non transactional SqlSession [org.apache.ibatis.session.defaults.DefaultSqlSession@6c176df4]
Creating a new SqlSession
SqlSession [org.apache.ibatis.session.defaults.DefaultSqlSession@5aafbf9e] was not registered for synchronization because synchronization is not active
JDBC Connection [HikariProxyConnection@1644886487 wrapping com.mysql.cj.jdbc.ConnectionImpl@cb54944] will not be managed by Spring
==>  Preparing: SELECT id,phone,nickname,password,role,admin_type,pond_id,staff_id,status,email,create_time,last_login_time FROM sys_user WHERE id=?
==> Parameters: 12(Long)
<==    Columns: id, phone, nickname, password, role, admin_type, pond_id, staff_id, status, email, create_time, last_login_time
<==        Row: 12, 12345678999, 123, $2a$10$CIDjxES8ihia9UxJfXDu4uknJQkgJR./hLgHmo03736eXZ5lTSrtm, 0, null, null, null, 1, null, 2026-07-20 15:37:42, 2026-07-20 15:38:22
<==      Total: 1
Closing non transactional SqlSession [org.apache.ibatis.session.defaults.DefaultSqlSession@5aafbf9e]
Creating a new SqlSession
SqlSession [org.apache.ibatis.session.defaults.DefaultSqlSession@2f75887d] was not registered for synchronization because synchronization is not active
JDBC Connection [HikariProxyConnection@1039140292 wrapping com.mysql.cj.jdbc.ConnectionImpl@cb54944] will not be managed by Spring
==>  Preparing: SELECT COUNT(*) AS total FROM shop_orders WHERE deleted = 0 AND (user_id = ? AND order_type = ?)
==> Parameters: 12(Long), shop(String)
<==    Columns: total
<==        Row: 0
<==      Total: 1
Closing non transactional SqlSession [org.apache.ibatis.session.defaults.DefaultSqlSession@2f75887d]
Creating a new SqlSession
SqlSession [org.apache.ibatis.session.defaults.DefaultSqlSession@24ac469c] was not registered for synchronization because synchronization is not active
JDBC Connection [HikariProxyConnection@851046585 wrapping com.mysql.cj.jdbc.ConnectionImpl@425bfef8] will not be managed by Spring
==>  Preparing: SELECT id,phone,nickname,password,role,admin_type,pond_id,staff_id,status,email,create_time,last_login_time FROM sys_user WHERE id=?
==> Parameters: 12(Long)
<==    Columns: id, phone, nickname, password, role, admin_type, pond_id, staff_id, status, email, create_time, last_login_time
<==        Row: 12, 12345678999, 123, $2a$10$CIDjxES8ihia9UxJfXDu4uknJQkgJR./hLgHmo03736eXZ5lTSrtm, 0, null, null, null, 1, null, 2026-07-20 15:37:42, 2026-07-20 15:38:22
<==      Total: 1
Closing non transactional SqlSession [org.apache.ibatis.session.defaults.DefaultSqlSession@24ac469c]
Creating a new SqlSession
SqlSession [org.apache.ibatis.session.defaults.DefaultSqlSession@1649f7a8] was not registered for synchronization because synchronization is not active
JDBC Connection [HikariProxyConnection@760661448 wrapping com.mysql.cj.jdbc.ConnectionImpl@425bfef8] will not be managed by Spring
==>  Preparing: SELECT COUNT(*) AS total FROM shop_orders WHERE deleted = 0 AND (user_id = ? AND order_type = ?)
==> Parameters: 12(Long), shop(String)
<==    Columns: total
<==        Row: 0
<==      Total: 1
Closing non transactional SqlSession [org.apache.ibatis.session.defaults.DefaultSqlSession@1649f7a8]
Creating a new SqlSession
SqlSession [org.apache.ibatis.session.defaults.DefaultSqlSession@20d2a6e3] was not registered for synchronization because synchronization is not active
JDBC Connection [HikariProxyConnection@1197911881 wrapping com.mysql.cj.jdbc.ConnectionImpl@357eab52] will not be managed by Spring
==>  Preparing: SELECT id,phone,nickname,password,role,admin_type,pond_id,staff_id,status,email,create_time,last_login_time FROM sys_user WHERE id=?
==> Parameters: 12(Long)
<==    Columns: id, phone, nickname, password, role, admin_type, pond_id, staff_id, status, email, create_time, last_login_time
<==        Row: 12, 12345678999, 123, $2a$10$CIDjxES8ihia9UxJfXDu4uknJQkgJR./hLgHmo03736eXZ5lTSrtm, 0, null, null, null, 1, null, 2026-07-20 15:37:42, 2026-07-20 15:38:22
<==      Total: 1
Closing non transactional SqlSession [org.apache.ibatis.session.defaults.DefaultSqlSession@20d2a6e3]
Creating a new SqlSession
SqlSession [org.apache.ibatis.session.defaults.DefaultSqlSession@5509de8d] was not registered for synchronization because synchronization is not active
JDBC Connection [HikariProxyConnection@314013892 wrapping com.mysql.cj.jdbc.ConnectionImpl@357eab52] will not be managed by Spring
==>  Preparing: SELECT COUNT(*) AS total FROM shop_products WHERE (status = ? AND stock > ?)
==> Parameters: on(String), 0(Integer)
<==    Columns: total
<==        Row: 0
<==      Total: 1
Closing non transactional SqlSession [org.apache.ibatis.session.defaults.DefaultSqlSession@5509de8d]
Creating a new SqlSession
SqlSession [org.apache.ibatis.session.defaults.DefaultSqlSession@7e25f6f9] was not registered for synchronization because synchronization is not active
JDBC Connection [HikariProxyConnection@980765582 wrapping com.mysql.cj.jdbc.ConnectionImpl@64db679d] will not be managed by Spring
==>  Preparing: SELECT id,phone,nickname,password,role,admin_type,pond_id,staff_id,status,email,create_time,last_login_time FROM sys_user WHERE id=?
==> Parameters: 12(Long)
<==    Columns: id, phone, nickname, password, role, admin_type, pond_id, staff_id, status, email, create_time, last_login_time
<==        Row: 12, 12345678999, 123, $2a$10$CIDjxES8ihia9UxJfXDu4uknJQkgJR./hLgHmo03736eXZ5lTSrtm, 0, null, null, null, 1, null, 2026-07-20 15:37:42, 2026-07-20 15:38:22
<==      Total: 1
Closing non transactional SqlSession [org.apache.ibatis.session.defaults.DefaultSqlSession@7e25f6f9]
Creating a new SqlSession
SqlSession [org.apache.ibatis.session.defaults.DefaultSqlSession@7beba8ff] was not registered for synchronization because synchronization is not active
JDBC Connection [HikariProxyConnection@974199989 wrapping com.mysql.cj.jdbc.ConnectionImpl@64db679d] will not be managed by Spring
==>  Preparing: SELECT COUNT(*) AS total FROM shop_products WHERE (status = ? AND stock > ? AND category = ?)
==> Parameters: on(String), 0(Integer), fish(String)
<==    Columns: total
<==        Row: 0
<==      Total: 1
Closing non transactional SqlSession [org.apache.ibatis.session.defaults.DefaultSqlSession@7beba8ff]
Creating a new SqlSession
SqlSession [org.apache.ibatis.session.defaults.DefaultSqlSession@685f95ce] was not registered for synchronization because synchronization is not active
JDBC Connection [HikariProxyConnection@372962703 wrapping com.mysql.cj.jdbc.ConnectionImpl@cb54944] will not be managed by Spring
==>  Preparing: SELECT id,phone,nickname,password,role,admin_type,pond_id,staff_id,status,email,create_time,last_login_time FROM sys_user WHERE id=?
==> Parameters: 12(Long)
<==    Columns: id, phone, nickname, password, role, admin_type, pond_id, staff_id, status, email, create_time, last_login_time
<==        Row: 12, 12345678999, 123, $2a$10$CIDjxES8ihia9UxJfXDu4uknJQkgJR./hLgHmo03736eXZ5lTSrtm, 0, null, null, null, 1, null, 2026-07-20 15:37:42, 2026-07-20 15:38:22
<==      Total: 1
Closing non transactional SqlSession [org.apache.ibatis.session.defaults.DefaultSqlSession@685f95ce]
Creating a new SqlSession
SqlSession [org.apache.ibatis.session.defaults.DefaultSqlSession@fac6882] was not registered for synchronization because synchronization is not active
JDBC Connection [HikariProxyConnection@1520334119 wrapping com.mysql.cj.jdbc.ConnectionImpl@cb54944] will not be managed by Spring
==>  Preparing: SELECT COUNT(*) AS total FROM shop_products WHERE (status = ? AND stock > ? AND category = ?)
==> Parameters: on(String), 0(Integer), bait(String)
<==    Columns: total
<==        Row: 0
<==      Total: 1
Closing non transactional SqlSession [org.apache.ibatis.session.defaults.DefaultSqlSession@fac6882]
Creating a new SqlSession
SqlSession [org.apache.ibatis.session.defaults.DefaultSqlSession@51553f34] was not registered for synchronization because synchronization is not active
JDBC Connection [HikariProxyConnection@770811182 wrapping com.mysql.cj.jdbc.ConnectionImpl@425bfef8] will not be managed by Spring
==>  Preparing: SELECT id,phone,nickname,password,role,admin_type,pond_id,staff_id,status,email,create_time,last_login_time FROM sys_user WHERE (phone = ?)
==> Parameters: merchant(String)
<==    Columns: id, phone, nickname, password, role, admin_type, pond_id, staff_id, status, email, create_time, last_login_time
<==        Row: 9, merchant, 默认商家, $2a$10$hu/I6wSqctHQsXv4pU5aJOmTNHUVyF.I6FrL88mo2o4kdtAGdzhmS, 1, 0, null, null, 1, null, 2026-07-15 15:30:25, 2026-07-15 17:10:57
<==      Total: 1
Closing non transactional SqlSession [org.apache.ibatis.session.defaults.DefaultSqlSession@51553f34]
Creating a new SqlSession
SqlSession [org.apache.ibatis.session.defaults.DefaultSqlSession@42e52b8c] was not registered for synchronization because synchronization is not active
Creating a new SqlSession
Creating a new SqlSession
JDBC Connection [HikariProxyConnection@1860933286 wrapping com.mysql.cj.jdbc.ConnectionImpl@357eab52] will not be managed by Spring
SqlSession [org.apache.ibatis.session.defaults.DefaultSqlSession@363b27f1] was not registered for synchronization because synchronization is not active
Creating a new SqlSession
SqlSession [org.apache.ibatis.session.defaults.DefaultSqlSession@1c28bbda] was not registered for synchronization because synchronization is not active
Creating a new SqlSession
SqlSession [org.apache.ibatis.session.defaults.DefaultSqlSession@5d5f175d] was not registered for synchronization because synchronization is not active
Creating a new SqlSession
JDBC Connection [HikariProxyConnection@1022531133 wrapping com.mysql.cj.jdbc.ConnectionImpl@64db679d] will not be managed by Spring
==>  Preparing: SELECT id,phone,nickname,password,role,admin_type,pond_id,staff_id,status,email,create_time,last_login_time FROM sys_user WHERE id=?
JDBC Connection [HikariProxyConnection@1694272500 wrapping com.mysql.cj.jdbc.ConnectionImpl@425bfef8] will not be managed by Spring
JDBC Connection [HikariProxyConnection@657785990 wrapping com.mysql.cj.jdbc.ConnectionImpl@37cbfa74] will not be managed by Spring
==>  Preparing: SELECT id,phone,nickname,password,role,admin_type,pond_id,staff_id,status,email,create_time,last_login_time FROM sys_user WHERE id=?
SqlSession [org.apache.ibatis.session.defaults.DefaultSqlSession@18b03ab5] was not registered for synchronization because synchronization is not active
==> Parameters: 10(Long)
==>  Preparing: SELECT id,phone,nickname,password,role,admin_type,pond_id,staff_id,status,email,create_time,last_login_time FROM sys_user WHERE id=?
==>  Preparing: SELECT id,phone,nickname,password,role,admin_type,pond_id,staff_id,status,email,create_time,last_login_time FROM sys_user WHERE id=?
==> Parameters: 11(Long)
SqlSession [org.apache.ibatis.session.defaults.DefaultSqlSession@5dfaf512] was not registered for synchronization because synchronization is not active
<==    Columns: id, phone, nickname, password, role, admin_type, pond_id, staff_id, status, email, create_time, last_login_time
<==    Columns: id, phone, nickname, password, role, admin_type, pond_id, staff_id, status, email, create_time, last_login_time
==> Parameters: 10(Long)
==> Parameters: 11(Long)
JDBC Connection [HikariProxyConnection@1923672277 wrapping com.mysql.cj.jdbc.ConnectionImpl@cb54944] will not be managed by Spring
<==        Row: 10, 17767113837, 21, $2a$10$xTJlJQJEEWnL.gFQ5zXVu.9LZv9YzlOLYfCeQNEYtyq5D3fYt780., 0, null, null, null, 1, null, 2026-07-20 10:26:53, 2026-07-20 10:27:09
<==        Row: 11, 12345678910, 111, $2a$10$w56xGopTQWy22VrpbnfA4uPVNjO5Lq9FLWUKAHWtBSsy3./6uf4DK, 0, null, null, null, 1, null, 2026-07-20 14:36:48, 2026-07-20 14:39:03
JDBC Connection [HikariProxyConnection@218742908 wrapping com.mysql.cj.jdbc.ConnectionImpl@d8d4e42] will not be managed by Spring
<==      Total: 1
<==      Total: 1
<==    Columns: id, phone, nickname, password, role, admin_type, pond_id, staff_id, status, email, create_time, last_login_time
<==    Columns: id, phone, nickname, password, role, admin_type, pond_id, staff_id, status, email, create_time, last_login_time
==>  Preparing: SELECT id,phone,nickname,password,role,admin_type,pond_id,staff_id,status,email,create_time,last_login_time FROM sys_user WHERE id=?
<==        Row: 10, 17767113837, 21, $2a$10$xTJlJQJEEWnL.gFQ5zXVu.9LZv9YzlOLYfCeQNEYtyq5D3fYt780., 0, null, null, null, 1, null, 2026-07-20 10:26:53, 2026-07-20 10:27:09
<==        Row: 11, 12345678910, 111, $2a$10$w56xGopTQWy22VrpbnfA4uPVNjO5Lq9FLWUKAHWtBSsy3./6uf4DK, 0, null, null, null, 1, null, 2026-07-20 14:36:48, 2026-07-20 14:39:03
Closing non transactional SqlSession [org.apache.ibatis.session.defaults.DefaultSqlSession@42e52b8c]
<==      Total: 1
Closing non transactional SqlSession [org.apache.ibatis.session.defaults.DefaultSqlSession@5d5f175d]
==>  Preparing: SELECT id,phone,nickname,password,role,admin_type,pond_id,staff_id,status,email,create_time,last_login_time FROM sys_user WHERE id=?
Creating a new SqlSession
Closing non transactional SqlSession [org.apache.ibatis.session.defaults.DefaultSqlSession@363b27f1]
<==      Total: 1
Closing non transactional SqlSession [org.apache.ibatis.session.defaults.DefaultSqlSession@1c28bbda]
==> Parameters: 10(Long)
Creating a new SqlSession
Creating a new SqlSession
SqlSession [org.apache.ibatis.session.defaults.DefaultSqlSession@52eb655] was not registered for synchronization because synchronization is not active
==> Parameters: 11(Long)
Creating a new SqlSession
SqlSession [org.apache.ibatis.session.defaults.DefaultSqlSession@9d12d24] was not registered for synchronization because synchronization is not active
JDBC Connection [HikariProxyConnection@1853637687 wrapping com.mysql.cj.jdbc.ConnectionImpl@357eab52] will not be managed by Spring
<==    Columns: id, phone, nickname, password, role, admin_type, pond_id, staff_id, status, email, create_time, last_login_time
SqlSession [org.apache.ibatis.session.defaults.DefaultSqlSession@4b77e03d] was not registered for synchronization because synchronization is not active
SqlSession [org.apache.ibatis.session.defaults.DefaultSqlSession@68b2c5d8] was not registered for synchronization because synchronization is not active
JDBC Connection [HikariProxyConnection@605831693 wrapping com.mysql.cj.jdbc.ConnectionImpl@37cbfa74] will not be managed by Spring
JDBC Connection [HikariProxyConnection@824001919 wrapping com.mysql.cj.jdbc.ConnectionImpl@425bfef8] will not be managed by Spring
<==        Row: 10, 17767113837, 21, $2a$10$xTJlJQJEEWnL.gFQ5zXVu.9LZv9YzlOLYfCeQNEYtyq5D3fYt780., 0, null, null, null, 1, null, 2026-07-20 10:26:53, 2026-07-20 10:27:09
JDBC Connection [HikariProxyConnection@739325628 wrapping com.mysql.cj.jdbc.ConnectionImpl@64db679d] will not be managed by Spring
==>  Preparing: SELECT id,slot_date,slot_name,start_time,end_time,max_bookings,advance_days,draw_start_time,draw_end_time,status,pond_id,default_price FROM time_slot WHERE (status = ?)
<==    Columns: id, phone, nickname, password, role, admin_type, pond_id, staff_id, status, email, create_time, last_login_time
==> Parameters: 1(Integer)
==>  Preparing: SELECT id,reservation_id,user_id,slot_id,spot_id,draw_time,pond_id FROM draw_result WHERE (user_id = ?) ORDER BY draw_time DESC
==> Parameters: 11(Long)
<==    Columns: id, slot_date, slot_name, start_time, end_time, max_bookings, advance_days, draw_start_time, draw_end_time, status, pond_id, default_price
<==        Row: 15, 2026-07-16, 早场, 06:00:00, 12:00:00, 10, 7, 2026-07-15 00:00:00, 2026-07-16 00:00:00, 1, 1, null
<==      Total: 0
<==      Total: 1
==>  Preparing: SELECT id,reservation_id,user_id,slot_id,spot_id,draw_time,pond_id FROM draw_result WHERE (user_id = ?) ORDER BY draw_time DESC
==>  Preparing: SELECT id,user_id,slot_id,status,create_time,cancel_time,cancel_reason,pond_id,checkin_code,actual_fee,check_in_time FROM reservation WHERE (user_id = ?) ORDER BY create_time DESC
==> Parameters: 10(Long)
Closing non transactional SqlSession [org.apache.ibatis.session.defaults.DefaultSqlSession@9d12d24]
Closing non transactional SqlSession [org.apache.ibatis.session.defaults.DefaultSqlSession@18b03ab5]
<==        Row: 16, 2026-07-18, 晚场, 06:00:00, 12:00:00, 10, 7, 2026-07-15 00:00:00, 2026-07-16 00:00:00, 1, 1, null
<==        Row: 11, 12345678910, 111, $2a$10$w56xGopTQWy22VrpbnfA4uPVNjO5Lq9FLWUKAHWtBSsy3./6uf4DK, 0, null, null, null, 1, null, 2026-07-20 14:36:48, 2026-07-20 14:39:03
Creating a new SqlSession
<==      Total: 0
Closing non transactional SqlSession [org.apache.ibatis.session.defaults.DefaultSqlSession@68b2c5d8]
==> Parameters: 11(Long)
SqlSession [org.apache.ibatis.session.defaults.DefaultSqlSession@495e975] was not registered for synchronization because synchronization is not active
<==      Total: 1
<==        Row: 17, 2026-07-17, 午场, 06:00:00, 12:00:00, 10, 7, 2026-07-15 00:00:00, 2026-07-16 00:00:00, 1, 1, null
Closing non transactional SqlSession [org.apache.ibatis.session.defaults.DefaultSqlSession@5dfaf512]
<==      Total: 0
JDBC Connection [HikariProxyConnection@838471112 wrapping com.mysql.cj.jdbc.ConnectionImpl@cb54944] will not be managed by Spring
Closing non transactional SqlSession [org.apache.ibatis.session.defaults.DefaultSqlSession@4b77e03d]
<==      Total: 3
==>  Preparing: SELECT id,user_id,slot_id,status,create_time,cancel_time,cancel_reason,pond_id,checkin_code,actual_fee,check_in_time FROM reservation WHERE (user_id = ?) ORDER BY create_time DESC
Creating a new SqlSession
Closing non transactional SqlSession [org.apache.ibatis.session.defaults.DefaultSqlSession@52eb655]
SqlSession [org.apache.ibatis.session.defaults.DefaultSqlSession@2fa49859] was not registered for synchronization because synchronization is not active
==> Parameters: 10(Long)
JDBC Connection [HikariProxyConnection@922211337 wrapping com.mysql.cj.jdbc.ConnectionImpl@d8d4e42] will not be managed by Spring
==>  Preparing: SELECT id,slot_date,slot_name,start_time,end_time,max_bookings,advance_days,draw_start_time,draw_end_time,status,pond_id,default_price FROM time_slot WHERE (status = ?)
<==    Columns: id, user_id, slot_id, status, create_time, cancel_time, cancel_reason, pond_id, checkin_code, actual_fee, check_in_time
==> Parameters: 1(Integer)
<==        Row: 22, 10, 16, 过期失效, 2026-07-20 10:27:37, null, null, 1, 130151, null, null
<==        Row: 21, 10, 15, 过期失效, 2026-07-20 10:27:14, null, null, 1, 424796, null, null
<==    Columns: id, slot_date, slot_name, start_time, end_time, max_bookings, advance_days, draw_start_time, draw_end_time, status, pond_id, default_price
<==      Total: 2
<==        Row: 15, 2026-07-16, 早场, 06:00:00, 12:00:00, 10, 7, 2026-07-15 00:00:00, 2026-07-16 00:00:00, 1, 1, null
Closing non transactional SqlSession [org.apache.ibatis.session.defaults.DefaultSqlSession@495e975]
<==        Row: 16, 2026-07-18, 晚场, 06:00:00, 12:00:00, 10, 7, 2026-07-15 00:00:00, 2026-07-16 00:00:00, 1, 1, null
Creating a new SqlSession
<==        Row: 17, 2026-07-17, 午场, 06:00:00, 12:00:00, 10, 7, 2026-07-15 00:00:00, 2026-07-16 00:00:00, 1, 1, null
SqlSession [org.apache.ibatis.session.defaults.DefaultSqlSession@4f698db1] was not registered for synchronization because synchronization is not active
<==      Total: 3
JDBC Connection [HikariProxyConnection@1687952232 wrapping com.mysql.cj.jdbc.ConnectionImpl@cb54944] will not be managed by Spring
Closing non transactional SqlSession [org.apache.ibatis.session.defaults.DefaultSqlSession@2fa49859]
==>  Preparing: SELECT id,phone,nickname,password,role,admin_type,pond_id,staff_id,status,email,create_time,last_login_time FROM sys_user WHERE id IN ( ? )
==> Parameters: 10(Long)
<==    Columns: id, phone, nickname, password, role, admin_type, pond_id, staff_id, status, email, create_time, last_login_time
<==        Row: 10, 17767113837, 21, $2a$10$xTJlJQJEEWnL.gFQ5zXVu.9LZv9YzlOLYfCeQNEYtyq5D3fYt780., 0, null, null, null, 1, null, 2026-07-20 10:26:53, 2026-07-20 10:27:09
<==      Total: 1
Closing non transactional SqlSession [org.apache.ibatis.session.defaults.DefaultSqlSession@4f698db1]
Creating a new SqlSession
SqlSession [org.apache.ibatis.session.defaults.DefaultSqlSession@5bf2ae1a] was not registered for synchronization because synchronization is not active
JDBC Connection [HikariProxyConnection@1492497616 wrapping com.mysql.cj.jdbc.ConnectionImpl@cb54944] will not be managed by Spring
==>  Preparing: SELECT id,slot_date,slot_name,start_time,end_time,max_bookings,advance_days,draw_start_time,draw_end_time,status,pond_id,default_price FROM time_slot WHERE id IN ( ? , ? )
==> Parameters: 16(Long), 15(Long)
<==    Columns: id, slot_date, slot_name, start_time, end_time, max_bookings, advance_days, draw_start_time, draw_end_time, status, pond_id, default_price
<==        Row: 15, 2026-07-16, 早场, 06:00:00, 12:00:00, 10, 7, 2026-07-15 00:00:00, 2026-07-16 00:00:00, 1, 1, null
<==        Row: 16, 2026-07-18, 晚场, 06:00:00, 12:00:00, 10, 7, 2026-07-15 00:00:00, 2026-07-16 00:00:00, 1, 1, null
<==      Total: 2
Closing non transactional SqlSession [org.apache.ibatis.session.defaults.DefaultSqlSession@5bf2ae1a]
Creating a new SqlSession
SqlSession [org.apache.ibatis.session.defaults.DefaultSqlSession@17679c3b] was not registered for synchronization because synchronization is not active
JDBC Connection [HikariProxyConnection@1504404147 wrapping com.mysql.cj.jdbc.ConnectionImpl@cb54944] will not be managed by Spring
==>  Preparing: SELECT id,name,address,phone,merchant_id,status,create_time,update_time FROM pond WHERE id IN ( ? )
==> Parameters: 1(Long)
<==    Columns: id, name, address, phone, merchant_id, status, create_time, update_time
<==        Row: 1, 默认鱼塘, 系统默认鱼塘, , 9, 1, 2026-07-15 15:30:25, 2026-07-15 15:30:25
<==      Total: 1
Closing non transactional SqlSession [org.apache.ibatis.session.defaults.DefaultSqlSession@17679c3b]
Creating a new SqlSession
SqlSession [org.apache.ibatis.session.defaults.DefaultSqlSession@115efa0a] was not registered for synchronization because synchronization is not active
JDBC Connection [HikariProxyConnection@1285956502 wrapping com.mysql.cj.jdbc.ConnectionImpl@d8d4e42] will not be managed by Spring
==>  Preparing: SELECT id,phone,nickname,password,role,admin_type,pond_id,staff_id,status,email,create_time,last_login_time FROM sys_user WHERE (phone = ?)
==> Parameters: admin(String)
<==    Columns: id, phone, nickname, password, role, admin_type, pond_id, staff_id, status, email, create_time, last_login_time
<==        Row: 1, admin, 管理员, $2a$10$wG7zeOKayoMOmg/GjuDe0OAax0WZQ2mS3wwr0X5rCyG6poQnT0nzi, 2, null, null, null, 1, null, 2026-07-14 13:48:35, null
<==      Total: 1
Closing non transactional SqlSession [org.apache.ibatis.session.defaults.DefaultSqlSession@115efa0a]
2026-07-20 15:40:00.008  INFO 72008 --- [   scheduling-1] c.e.fishing.job.ExpireReservationJob     : 开始执行预约过期失效定时任务
Creating a new SqlSession
Registering transaction synchronization for SqlSession [org.apache.ibatis.session.defaults.DefaultSqlSession@6eafcf8f]
JDBC Connection [HikariProxyConnection@281040676 wrapping com.mysql.cj.jdbc.ConnectionImpl@37cbfa74] will be managed by Spring
==>  Preparing: SELECT id,slot_date,slot_name,start_time,end_time,max_bookings,advance_days,draw_start_time,draw_end_time,status,pond_id,default_price FROM time_slot WHERE (status = ? AND draw_end_time < ?)
==> Parameters: 1(Integer), 2026-07-20T15:40:00.017089500(LocalDateTime)
<==    Columns: id, slot_date, slot_name, start_time, end_time, max_bookings, advance_days, draw_start_time, draw_end_time, status, pond_id, default_price
<==        Row: 15, 2026-07-16, 早场, 06:00:00, 12:00:00, 10, 7, 2026-07-15 00:00:00, 2026-07-16 00:00:00, 1, 1, null
<==        Row: 16, 2026-07-18, 晚场, 06:00:00, 12:00:00, 10, 7, 2026-07-15 00:00:00, 2026-07-16 00:00:00, 1, 1, null
<==        Row: 17, 2026-07-17, 午场, 06:00:00, 12:00:00, 10, 7, 2026-07-15 00:00:00, 2026-07-16 00:00:00, 1, 1, null
<==      Total: 3
Releasing transactional SqlSession [org.apache.ibatis.session.defaults.DefaultSqlSession@6eafcf8f]
Fetched SqlSession [org.apache.ibatis.session.defaults.DefaultSqlSession@6eafcf8f] from current transaction
==>  Preparing: SELECT id,user_id,slot_id,status,create_time,cancel_time,cancel_reason,pond_id,checkin_code,actual_fee,check_in_time FROM reservation WHERE (slot_id = ? AND status = ?)
==> Parameters: 15(Long), 待抽号(String)
<==      Total: 0
Releasing transactional SqlSession [org.apache.ibatis.session.defaults.DefaultSqlSession@6eafcf8f]
Fetched SqlSession [org.apache.ibatis.session.defaults.DefaultSqlSession@6eafcf8f] from current transaction
==>  Preparing: SELECT id,user_id,slot_id,status,create_time,cancel_time,cancel_reason,pond_id,checkin_code,actual_fee,check_in_time FROM reservation WHERE (slot_id = ? AND status = ?)
==> Parameters: 16(Long), 待抽号(String)
<==      Total: 0
Releasing transactional SqlSession [org.apache.ibatis.session.defaults.DefaultSqlSession@6eafcf8f]
Fetched SqlSession [org.apache.ibatis.session.defaults.DefaultSqlSession@6eafcf8f] from current transaction
==>  Preparing: SELECT id,user_id,slot_id,status,create_time,cancel_time,cancel_reason,pond_id,checkin_code,actual_fee,check_in_time FROM reservation WHERE (slot_id = ? AND status = ?)
==> Parameters: 17(Long), 待抽号(String)
<==      Total: 0
Releasing transactional SqlSession [org.apache.ibatis.session.defaults.DefaultSqlSession@6eafcf8f]
Transaction synchronization committing SqlSession [org.apache.ibatis.session.defaults.DefaultSqlSession@6eafcf8f]
Transaction synchronization deregistering SqlSession [org.apache.ibatis.session.defaults.DefaultSqlSession@6eafcf8f]
Transaction synchronization closing SqlSession [org.apache.ibatis.session.defaults.DefaultSqlSession@6eafcf8f]
2026-07-20 15:40:00.025  INFO 72008 --- [   scheduling-1] c.e.fishing.job.ExpireReservationJob     : 预约过期失效定时任务执行完成
Creating a new SqlSession
SqlSession [org.apache.ibatis.session.defaults.DefaultSqlSession@652dee75] was not registered for synchronization because synchronization is not active
Creating a new SqlSession
Creating a new SqlSession
JDBC Connection [HikariProxyConnection@1718082496 wrapping com.mysql.cj.jdbc.ConnectionImpl@cb54944] will not be managed by Spring
==>  Preparing: SELECT id,phone,nickname,password,role,admin_type,pond_id,staff_id,status,email,create_time,last_login_time FROM sys_user WHERE id=?
SqlSession [org.apache.ibatis.session.defaults.DefaultSqlSession@34446d4a] was not registered for synchronization because synchronization is not active
==> Parameters: 10(Long)
SqlSession [org.apache.ibatis.session.defaults.DefaultSqlSession@4b31ceb] was not registered for synchronization because synchronization is not active
JDBC Connection [HikariProxyConnection@880598763 wrapping com.mysql.cj.jdbc.ConnectionImpl@64db679d] will not be managed by Spring
JDBC Connection [HikariProxyConnection@49955394 wrapping com.mysql.cj.jdbc.ConnectionImpl@425bfef8] will not be managed by Spring
<==    Columns: id, phone, nickname, password, role, admin_type, pond_id, staff_id, status, email, create_time, last_login_time
==>  Preparing: SELECT id,phone,nickname,password,role,admin_type,pond_id,staff_id,status,email,create_time,last_login_time FROM sys_user WHERE id=?
<==        Row: 10, 17767113837, 21, $2a$10$xTJlJQJEEWnL.gFQ5zXVu.9LZv9YzlOLYfCeQNEYtyq5D3fYt780., 0, null, null, null, 1, null, 2026-07-20 10:26:53, 2026-07-20 10:27:09
==> Parameters: 10(Long)
==>  Preparing: SELECT id,phone,nickname,password,role,admin_type,pond_id,staff_id,status,email,create_time,last_login_time FROM sys_user WHERE id=?
<==      Total: 1
==> Parameters: 10(Long)
Closing non transactional SqlSession [org.apache.ibatis.session.defaults.DefaultSqlSession@652dee75]
<==    Columns: id, phone, nickname, password, role, admin_type, pond_id, staff_id, status, email, create_time, last_login_time
<==    Columns: id, phone, nickname, password, role, admin_type, pond_id, staff_id, status, email, create_time, last_login_time
Creating a new SqlSession
<==        Row: 10, 17767113837, 21, $2a$10$xTJlJQJEEWnL.gFQ5zXVu.9LZv9YzlOLYfCeQNEYtyq5D3fYt780., 0, null, null, null, 1, null, 2026-07-20 10:26:53, 2026-07-20 10:27:09
<==        Row: 10, 17767113837, 21, $2a$10$xTJlJQJEEWnL.gFQ5zXVu.9LZv9YzlOLYfCeQNEYtyq5D3fYt780., 0, null, null, null, 1, null, 2026-07-20 10:26:53, 2026-07-20 10:27:09
SqlSession [org.apache.ibatis.session.defaults.DefaultSqlSession@1046d629] was not registered for synchronization because synchronization is not active
<==      Total: 1
<==      Total: 1
Closing non transactional SqlSession [org.apache.ibatis.session.defaults.DefaultSqlSession@34446d4a]
JDBC Connection [HikariProxyConnection@445832210 wrapping com.mysql.cj.jdbc.ConnectionImpl@cb54944] will not be managed by Spring
Closing non transactional SqlSession [org.apache.ibatis.session.defaults.DefaultSqlSession@4b31ceb]
==>  Preparing: SELECT id,slot_date,slot_name,start_time,end_time,max_bookings,advance_days,draw_start_time,draw_end_time,status,pond_id,default_price FROM time_slot WHERE (status = ?)
Creating a new SqlSession
SqlSession [org.apache.ibatis.session.defaults.DefaultSqlSession@404b47] was not registered for synchronization because synchronization is not active
Creating a new SqlSession
==> Parameters: 1(Integer)
JDBC Connection [HikariProxyConnection@2081504395 wrapping com.mysql.cj.jdbc.ConnectionImpl@64db679d] will not be managed by Spring
SqlSession [org.apache.ibatis.session.defaults.DefaultSqlSession@2e5f97c3] was not registered for synchronization because synchronization is not active
==>  Preparing: SELECT id,reservation_id,user_id,slot_id,spot_id,draw_time,pond_id FROM draw_result WHERE (user_id = ?) ORDER BY draw_time DESC
JDBC Connection [HikariProxyConnection@848794279 wrapping com.mysql.cj.jdbc.ConnectionImpl@425bfef8] will not be managed by Spring
==> Parameters: 10(Long)
<==    Columns: id, slot_date, slot_name, start_time, end_time, max_bookings, advance_days, draw_start_time, draw_end_time, status, pond_id, default_price
<==        Row: 15, 2026-07-16, 早场, 06:00:00, 12:00:00, 10, 7, 2026-07-15 00:00:00, 2026-07-16 00:00:00, 1, 1, null
==>  Preparing: SELECT id,user_id,slot_id,status,create_time,cancel_time,cancel_reason,pond_id,checkin_code,actual_fee,check_in_time FROM reservation WHERE (user_id = ?) ORDER BY create_time DESC
<==      Total: 0
==> Parameters: 10(Long)
<==        Row: 16, 2026-07-18, 晚场, 06:00:00, 12:00:00, 10, 7, 2026-07-15 00:00:00, 2026-07-16 00:00:00, 1, 1, null
Closing non transactional SqlSession [org.apache.ibatis.session.defaults.DefaultSqlSession@404b47]
<==        Row: 17, 2026-07-17, 午场, 06:00:00, 12:00:00, 10, 7, 2026-07-15 00:00:00, 2026-07-16 00:00:00, 1, 1, null
<==      Total: 3
<==    Columns: id, user_id, slot_id, status, create_time, cancel_time, cancel_reason, pond_id, checkin_code, actual_fee, check_in_time
Closing non transactional SqlSession [org.apache.ibatis.session.defaults.DefaultSqlSession@1046d629]
<==        Row: 22, 10, 16, 过期失效, 2026-07-20 10:27:37, null, null, 1, 130151, null, null
<==        Row: 21, 10, 15, 过期失效, 2026-07-20 10:27:14, null, null, 1, 424796, null, null
<==      Total: 2
Closing non transactional SqlSession [org.apache.ibatis.session.defaults.DefaultSqlSession@2e5f97c3]
Creating a new SqlSession
SqlSession [org.apache.ibatis.session.defaults.DefaultSqlSession@66eb1cc5] was not registered for synchronization because synchronization is not active
JDBC Connection [HikariProxyConnection@1711097711 wrapping com.mysql.cj.jdbc.ConnectionImpl@425bfef8] will not be managed by Spring
==>  Preparing: SELECT id,phone,nickname,password,role,admin_type,pond_id,staff_id,status,email,create_time,last_login_time FROM sys_user WHERE id IN ( ? )
==> Parameters: 10(Long)
<==    Columns: id, phone, nickname, password, role, admin_type, pond_id, staff_id, status, email, create_time, last_login_time
<==        Row: 10, 17767113837, 21, $2a$10$xTJlJQJEEWnL.gFQ5zXVu.9LZv9YzlOLYfCeQNEYtyq5D3fYt780., 0, null, null, null, 1, null, 2026-07-20 10:26:53, 2026-07-20 10:27:09
<==      Total: 1
Closing non transactional SqlSession [org.apache.ibatis.session.defaults.DefaultSqlSession@66eb1cc5]
Creating a new SqlSession
SqlSession [org.apache.ibatis.session.defaults.DefaultSqlSession@5bb6bdf2] was not registered for synchronization because synchronization is not active
JDBC Connection [HikariProxyConnection@1694867317 wrapping com.mysql.cj.jdbc.ConnectionImpl@425bfef8] will not be managed by Spring
==>  Preparing: SELECT id,slot_date,slot_name,start_time,end_time,max_bookings,advance_days,draw_start_time,draw_end_time,status,pond_id,default_price FROM time_slot WHERE id IN ( ? , ? )
==> Parameters: 16(Long), 15(Long)
<==    Columns: id, slot_date, slot_name, start_time, end_time, max_bookings, advance_days, draw_start_time, draw_end_time, status, pond_id, default_price
<==        Row: 15, 2026-07-16, 早场, 06:00:00, 12:00:00, 10, 7, 2026-07-15 00:00:00, 2026-07-16 00:00:00, 1, 1, null
<==        Row: 16, 2026-07-18, 晚场, 06:00:00, 12:00:00, 10, 7, 2026-07-15 00:00:00, 2026-07-16 00:00:00, 1, 1, null
<==      Total: 2
Closing non transactional SqlSession [org.apache.ibatis.session.defaults.DefaultSqlSession@5bb6bdf2]
Creating a new SqlSession
SqlSession [org.apache.ibatis.session.defaults.DefaultSqlSession@47c009d7] was not registered for synchronization because synchronization is not active
JDBC Connection [HikariProxyConnection@704083440 wrapping com.mysql.cj.jdbc.ConnectionImpl@425bfef8] will not be managed by Spring
==>  Preparing: SELECT id,name,address,phone,merchant_id,status,create_time,update_time FROM pond WHERE id IN ( ? )
==> Parameters: 1(Long)
<==    Columns: id, name, address, phone, merchant_id, status, create_time, update_time
<==        Row: 1, 默认鱼塘, 系统默认鱼塘, , 9, 1, 2026-07-15 15:30:25, 2026-07-15 15:30:25
<==      Total: 1
Closing non transactional SqlSession [org.apache.ibatis.session.defaults.DefaultSqlSession@47c009d7]
Creating a new SqlSession
Creating a new SqlSession
Creating a new SqlSession
SqlSession [org.apache.ibatis.session.defaults.DefaultSqlSession@510e073e] was not registered for synchronization because synchronization is not active
SqlSession [org.apache.ibatis.session.defaults.DefaultSqlSession@3b87ec4] was not registered for synchronization because synchronization is not active
SqlSession [org.apache.ibatis.session.defaults.DefaultSqlSession@6ee9417] was not registered for synchronization because synchronization is not active
JDBC Connection [HikariProxyConnection@2000294022 wrapping com.mysql.cj.jdbc.ConnectionImpl@37cbfa74] will not be managed by Spring
JDBC Connection [HikariProxyConnection@804029634 wrapping com.mysql.cj.jdbc.ConnectionImpl@425bfef8] will not be managed by Spring
JDBC Connection [HikariProxyConnection@1979844225 wrapping com.mysql.cj.jdbc.ConnectionImpl@357eab52] will not be managed by Spring
==>  Preparing: SELECT id,phone,nickname,password,role,admin_type,pond_id,staff_id,status,email,create_time,last_login_time FROM sys_user WHERE id=?
==>  Preparing: SELECT id,phone,nickname,password,role,admin_type,pond_id,staff_id,status,email,create_time,last_login_time FROM sys_user WHERE id=?
==>  Preparing: SELECT id,phone,nickname,password,role,admin_type,pond_id,staff_id,status,email,create_time,last_login_time FROM sys_user WHERE id=?
==> Parameters: 10(Long)
==> Parameters: 10(Long)
==> Parameters: 10(Long)
<==    Columns: id, phone, nickname, password, role, admin_type, pond_id, staff_id, status, email, create_time, last_login_time
<==    Columns: id, phone, nickname, password, role, admin_type, pond_id, staff_id, status, email, create_time, last_login_time
<==        Row: 10, 17767113837, 21, $2a$10$xTJlJQJEEWnL.gFQ5zXVu.9LZv9YzlOLYfCeQNEYtyq5D3fYt780., 0, null, null, null, 1, null, 2026-07-20 10:26:53, 2026-07-20 10:27:09
<==    Columns: id, phone, nickname, password, role, admin_type, pond_id, staff_id, status, email, create_time, last_login_time
<==        Row: 10, 17767113837, 21, $2a$10$xTJlJQJEEWnL.gFQ5zXVu.9LZv9YzlOLYfCeQNEYtyq5D3fYt780., 0, null, null, null, 1, null, 2026-07-20 10:26:53, 2026-07-20 10:27:09
<==        Row: 10, 17767113837, 21, $2a$10$xTJlJQJEEWnL.gFQ5zXVu.9LZv9YzlOLYfCeQNEYtyq5D3fYt780., 0, null, null, null, 1, null, 2026-07-20 10:26:53, 2026-07-20 10:27:09
<==      Total: 1
<==      Total: 1
<==      Total: 1
Closing non transactional SqlSession [org.apache.ibatis.session.defaults.DefaultSqlSession@6ee9417]
Closing non transactional SqlSession [org.apache.ibatis.session.defaults.DefaultSqlSession@3b87ec4]
Closing non transactional SqlSession [org.apache.ibatis.session.defaults.DefaultSqlSession@510e073e]
Creating a new SqlSession
Creating a new SqlSession
Creating a new SqlSession
SqlSession [org.apache.ibatis.session.defaults.DefaultSqlSession@2315d859] was not registered for synchronization because synchronization is not active
SqlSession [org.apache.ibatis.session.defaults.DefaultSqlSession@33a4252d] was not registered for synchronization because synchronization is not active
SqlSession [org.apache.ibatis.session.defaults.DefaultSqlSession@9d3b6c7] was not registered for synchronization because synchronization is not active
JDBC Connection [HikariProxyConnection@305324944 wrapping com.mysql.cj.jdbc.ConnectionImpl@425bfef8] will not be managed by Spring
JDBC Connection [HikariProxyConnection@1370074624 wrapping com.mysql.cj.jdbc.ConnectionImpl@357eab52] will not be managed by Spring
JDBC Connection [HikariProxyConnection@1239267175 wrapping com.mysql.cj.jdbc.ConnectionImpl@37cbfa74] will not be managed by Spring
==>  Preparing: SELECT id,slot_date,slot_name,start_time,end_time,max_bookings,advance_days,draw_start_time,draw_end_time,status,pond_id,default_price FROM time_slot WHERE (status = ?)
==>  Preparing: SELECT id,user_id,slot_id,status,create_time,cancel_time,cancel_reason,pond_id,checkin_code,actual_fee,check_in_time FROM reservation WHERE (user_id = ?) ORDER BY create_time DESC
==>  Preparing: SELECT id,reservation_id,user_id,slot_id,spot_id,draw_time,pond_id FROM draw_result WHERE (user_id = ?) ORDER BY draw_time DESC
==> Parameters: 10(Long)
==> Parameters: 1(Integer)
==> Parameters: 10(Long)
<==    Columns: id, user_id, slot_id, status, create_time, cancel_time, cancel_reason, pond_id, checkin_code, actual_fee, check_in_time
<==      Total: 0
<==    Columns: id, slot_date, slot_name, start_time, end_time, max_bookings, advance_days, draw_start_time, draw_end_time, status, pond_id, default_price
Closing non transactional SqlSession [org.apache.ibatis.session.defaults.DefaultSqlSession@2315d859]
<==        Row: 22, 10, 16, 过期失效, 2026-07-20 10:27:37, null, null, 1, 130151, null, null
<==        Row: 15, 2026-07-16, 早场, 06:00:00, 12:00:00, 10, 7, 2026-07-15 00:00:00, 2026-07-16 00:00:00, 1, 1, null
<==        Row: 21, 10, 15, 过期失效, 2026-07-20 10:27:14, null, null, 1, 424796, null, null
<==      Total: 2
<==        Row: 16, 2026-07-18, 晚场, 06:00:00, 12:00:00, 10, 7, 2026-07-15 00:00:00, 2026-07-16 00:00:00, 1, 1, null
Closing non transactional SqlSession [org.apache.ibatis.session.defaults.DefaultSqlSession@9d3b6c7]
<==        Row: 17, 2026-07-17, 午场, 06:00:00, 12:00:00, 10, 7, 2026-07-15 00:00:00, 2026-07-16 00:00:00, 1, 1, null
Creating a new SqlSession
<==      Total: 3
SqlSession [org.apache.ibatis.session.defaults.DefaultSqlSession@5ec6076c] was not registered for synchronization because synchronization is not active
Closing non transactional SqlSession [org.apache.ibatis.session.defaults.DefaultSqlSession@33a4252d]
JDBC Connection [HikariProxyConnection@1253566461 wrapping com.mysql.cj.jdbc.ConnectionImpl@37cbfa74] will not be managed by Spring
==>  Preparing: SELECT id,phone,nickname,password,role,admin_type,pond_id,staff_id,status,email,create_time,last_login_time FROM sys_user WHERE id IN ( ? )
==> Parameters: 10(Long)
<==    Columns: id, phone, nickname, password, role, admin_type, pond_id, staff_id, status, email, create_time, last_login_time
<==        Row: 10, 17767113837, 21, $2a$10$xTJlJQJEEWnL.gFQ5zXVu.9LZv9YzlOLYfCeQNEYtyq5D3fYt780., 0, null, null, null, 1, null, 2026-07-20 10:26:53, 2026-07-20 10:27:09
<==      Total: 1
Closing non transactional SqlSession [org.apache.ibatis.session.defaults.DefaultSqlSession@5ec6076c]
Creating a new SqlSession
SqlSession [org.apache.ibatis.session.defaults.DefaultSqlSession@21f9a987] was not registered for synchronization because synchronization is not active
JDBC Connection [HikariProxyConnection@1332361139 wrapping com.mysql.cj.jdbc.ConnectionImpl@37cbfa74] will not be managed by Spring
==>  Preparing: SELECT id,slot_date,slot_name,start_time,end_time,max_bookings,advance_days,draw_start_time,draw_end_time,status,pond_id,default_price FROM time_slot WHERE id IN ( ? , ? )
==> Parameters: 16(Long), 15(Long)
<==    Columns: id, slot_date, slot_name, start_time, end_time, max_bookings, advance_days, draw_start_time, draw_end_time, status, pond_id, default_price
<==        Row: 15, 2026-07-16, 早场, 06:00:00, 12:00:00, 10, 7, 2026-07-15 00:00:00, 2026-07-16 00:00:00, 1, 1, null
<==        Row: 16, 2026-07-18, 晚场, 06:00:00, 12:00:00, 10, 7, 2026-07-15 00:00:00, 2026-07-16 00:00:00, 1, 1, null
<==      Total: 2
Closing non transactional SqlSession [org.apache.ibatis.session.defaults.DefaultSqlSession@21f9a987]
Creating a new SqlSession
SqlSession [org.apache.ibatis.session.defaults.DefaultSqlSession@7c1e7eb2] was not registered for synchronization because synchronization is not active
JDBC Connection [HikariProxyConnection@273110311 wrapping com.mysql.cj.jdbc.ConnectionImpl@37cbfa74] will not be managed by Spring
==>  Preparing: SELECT id,name,address,phone,merchant_id,status,create_time,update_time FROM pond WHERE id IN ( ? )
==> Parameters: 1(Long)
<==    Columns: id, name, address, phone, merchant_id, status, create_time, update_time
<==        Row: 1, 默认鱼塘, 系统默认鱼塘, , 9, 1, 2026-07-15 15:30:25, 2026-07-15 15:30:25
<==      Total: 1
Closing non transactional SqlSession [org.apache.ibatis.session.defaults.DefaultSqlSession@7c1e7eb2]
Creating a new SqlSession
Creating a new SqlSession
SqlSession [org.apache.ibatis.session.defaults.DefaultSqlSession@69d6686b] was not registered for synchronization because synchronization is not active
Creating a new SqlSession
SqlSession [org.apache.ibatis.session.defaults.DefaultSqlSession@7db9fb50] was not registered for synchronization because synchronization is not active
SqlSession [org.apache.ibatis.session.defaults.DefaultSqlSession@45cdf955] was not registered for synchronization because synchronization is not active
JDBC Connection [HikariProxyConnection@264131057 wrapping com.mysql.cj.jdbc.ConnectionImpl@d8d4e42] will not be managed by Spring
JDBC Connection [HikariProxyConnection@1851794323 wrapping com.mysql.cj.jdbc.ConnectionImpl@cb54944] will not be managed by Spring
JDBC Connection [HikariProxyConnection@1985266414 wrapping com.mysql.cj.jdbc.ConnectionImpl@37cbfa74] will not be managed by Spring
==>  Preparing: SELECT id,phone,nickname,password,role,admin_type,pond_id,staff_id,status,email,create_time,last_login_time FROM sys_user WHERE id=?
==>  Preparing: SELECT id,phone,nickname,password,role,admin_type,pond_id,staff_id,status,email,create_time,last_login_time FROM sys_user WHERE id=?
==>  Preparing: SELECT id,phone,nickname,password,role,admin_type,pond_id,staff_id,status,email,create_time,last_login_time FROM sys_user WHERE id=?
==> Parameters: 10(Long)
==> Parameters: 10(Long)
==> Parameters: 10(Long)
<==    Columns: id, phone, nickname, password, role, admin_type, pond_id, staff_id, status, email, create_time, last_login_time
<==    Columns: id, phone, nickname, password, role, admin_type, pond_id, staff_id, status, email, create_time, last_login_time
<==    Columns: id, phone, nickname, password, role, admin_type, pond_id, staff_id, status, email, create_time, last_login_time
<==        Row: 10, 17767113837, 21, $2a$10$xTJlJQJEEWnL.gFQ5zXVu.9LZv9YzlOLYfCeQNEYtyq5D3fYt780., 0, null, null, null, 1, null, 2026-07-20 10:26:53, 2026-07-20 10:27:09
<==        Row: 10, 17767113837, 21, $2a$10$xTJlJQJEEWnL.gFQ5zXVu.9LZv9YzlOLYfCeQNEYtyq5D3fYt780., 0, null, null, null, 1, null, 2026-07-20 10:26:53, 2026-07-20 10:27:09
<==      Total: 1
<==        Row: 10, 17767113837, 21, $2a$10$xTJlJQJEEWnL.gFQ5zXVu.9LZv9YzlOLYfCeQNEYtyq5D3fYt780., 0, null, null, null, 1, null, 2026-07-20 10:26:53, 2026-07-20 10:27:09
Closing non transactional SqlSession [org.apache.ibatis.session.defaults.DefaultSqlSession@45cdf955]
<==      Total: 1
<==      Total: 1
Creating a new SqlSession
Closing non transactional SqlSession [org.apache.ibatis.session.defaults.DefaultSqlSession@7db9fb50]
SqlSession [org.apache.ibatis.session.defaults.DefaultSqlSession@286687f1] was not registered for synchronization because synchronization is not active
Closing non transactional SqlSession [org.apache.ibatis.session.defaults.DefaultSqlSession@69d6686b]
Creating a new SqlSession
Creating a new SqlSession
JDBC Connection [HikariProxyConnection@46908665 wrapping com.mysql.cj.jdbc.ConnectionImpl@cb54944] will not be managed by Spring
SqlSession [org.apache.ibatis.session.defaults.DefaultSqlSession@4ec77e58] was not registered for synchronization because synchronization is not active
==>  Preparing: SELECT id,user_id,slot_id,status,create_time,cancel_time,cancel_reason,pond_id,checkin_code,actual_fee,check_in_time FROM reservation WHERE (user_id = ?) ORDER BY create_time DESC
SqlSession [org.apache.ibatis.session.defaults.DefaultSqlSession@4b365157] was not registered for synchronization because synchronization is not active
JDBC Connection [HikariProxyConnection@2081849259 wrapping com.mysql.cj.jdbc.ConnectionImpl@37cbfa74] will not be managed by Spring
==> Parameters: 10(Long)
JDBC Connection [HikariProxyConnection@301591914 wrapping com.mysql.cj.jdbc.ConnectionImpl@d8d4e42] will not be managed by Spring
==>  Preparing: SELECT id,slot_date,slot_name,start_time,end_time,max_bookings,advance_days,draw_start_time,draw_end_time,status,pond_id,default_price FROM time_slot WHERE (status = ?)
==>  Preparing: SELECT id,reservation_id,user_id,slot_id,spot_id,draw_time,pond_id FROM draw_result WHERE (user_id = ?) ORDER BY draw_time DESC
==> Parameters: 1(Integer)
==> Parameters: 10(Long)
<==    Columns: id, user_id, slot_id, status, create_time, cancel_time, cancel_reason, pond_id, checkin_code, actual_fee, check_in_time
<==        Row: 22, 10, 16, 过期失效, 2026-07-20 10:27:37, null, null, 1, 130151, null, null
<==    Columns: id, slot_date, slot_name, start_time, end_time, max_bookings, advance_days, draw_start_time, draw_end_time, status, pond_id, default_price
<==        Row: 21, 10, 15, 过期失效, 2026-07-20 10:27:14, null, null, 1, 424796, null, null
<==      Total: 0
<==      Total: 2
<==        Row: 15, 2026-07-16, 早场, 06:00:00, 12:00:00, 10, 7, 2026-07-15 00:00:00, 2026-07-16 00:00:00, 1, 1, null
Closing non transactional SqlSession [org.apache.ibatis.session.defaults.DefaultSqlSession@286687f1]
Closing non transactional SqlSession [org.apache.ibatis.session.defaults.DefaultSqlSession@4b365157]
<==        Row: 16, 2026-07-18, 晚场, 06:00:00, 12:00:00, 10, 7, 2026-07-15 00:00:00, 2026-07-16 00:00:00, 1, 1, null
Creating a new SqlSession
<==        Row: 17, 2026-07-17, 午场, 06:00:00, 12:00:00, 10, 7, 2026-07-15 00:00:00, 2026-07-16 00:00:00, 1, 1, null
SqlSession [org.apache.ibatis.session.defaults.DefaultSqlSession@625bd8ff] was not registered for synchronization because synchronization is not active
<==      Total: 3
JDBC Connection [HikariProxyConnection@2124321354 wrapping com.mysql.cj.jdbc.ConnectionImpl@cb54944] will not be managed by Spring
Closing non transactional SqlSession [org.apache.ibatis.session.defaults.DefaultSqlSession@4ec77e58]
==>  Preparing: SELECT id,phone,nickname,password,role,admin_type,pond_id,staff_id,status,email,create_time,last_login_time FROM sys_user WHERE id IN ( ? )
==> Parameters: 10(Long)
<==    Columns: id, phone, nickname, password, role, admin_type, pond_id, staff_id, status, email, create_time, last_login_time
<==        Row: 10, 17767113837, 21, $2a$10$xTJlJQJEEWnL.gFQ5zXVu.9LZv9YzlOLYfCeQNEYtyq5D3fYt780., 0, null, null, null, 1, null, 2026-07-20 10:26:53, 2026-07-20 10:27:09
<==      Total: 1
Closing non transactional SqlSession [org.apache.ibatis.session.defaults.DefaultSqlSession@625bd8ff]
Creating a new SqlSession
SqlSession [org.apache.ibatis.session.defaults.DefaultSqlSession@f477ee2] was not registered for synchronization because synchronization is not active
JDBC Connection [HikariProxyConnection@870826965 wrapping com.mysql.cj.jdbc.ConnectionImpl@cb54944] will not be managed by Spring
==>  Preparing: SELECT id,slot_date,slot_name,start_time,end_time,max_bookings,advance_days,draw_start_time,draw_end_time,status,pond_id,default_price FROM time_slot WHERE id IN ( ? , ? )
==> Parameters: 16(Long), 15(Long)
<==    Columns: id, slot_date, slot_name, start_time, end_time, max_bookings, advance_days, draw_start_time, draw_end_time, status, pond_id, default_price
<==        Row: 15, 2026-07-16, 早场, 06:00:00, 12:00:00, 10, 7, 2026-07-15 00:00:00, 2026-07-16 00:00:00, 1, 1, null
<==        Row: 16, 2026-07-18, 晚场, 06:00:00, 12:00:00, 10, 7, 2026-07-15 00:00:00, 2026-07-16 00:00:00, 1, 1, null
<==      Total: 2
Closing non transactional SqlSession [org.apache.ibatis.session.defaults.DefaultSqlSession@f477ee2]
Creating a new SqlSession
SqlSession [org.apache.ibatis.session.defaults.DefaultSqlSession@68f5c47c] was not registered for synchronization because synchronization is not active
JDBC Connection [HikariProxyConnection@1550911470 wrapping com.mysql.cj.jdbc.ConnectionImpl@cb54944] will not be managed by Spring
==>  Preparing: SELECT id,name,address,phone,merchant_id,status,create_time,update_time FROM pond WHERE id IN ( ? )
==> Parameters: 1(Long)
<==    Columns: id, name, address, phone, merchant_id, status, create_time, update_time
<==        Row: 1, 默认鱼塘, 系统默认鱼塘, , 9, 1, 2026-07-15 15:30:25, 2026-07-15 15:30:25
<==      Total: 1
Closing non transactional SqlSession [org.apache.ibatis.session.defaults.DefaultSqlSession@68f5c47c]
Creating a new SqlSession
Creating a new SqlSession
SqlSession [org.apache.ibatis.session.defaults.DefaultSqlSession@23462f13] was not registered for synchronization because synchronization is not active
Creating a new SqlSession
SqlSession [org.apache.ibatis.session.defaults.DefaultSqlSession@23a950a0] was not registered for synchronization because synchronization is not active
SqlSession [org.apache.ibatis.session.defaults.DefaultSqlSession@1b4608e] was not registered for synchronization because synchronization is not active
JDBC Connection [HikariProxyConnection@1211031029 wrapping com.mysql.cj.jdbc.ConnectionImpl@37cbfa74] will not be managed by Spring
JDBC Connection [HikariProxyConnection@669325583 wrapping com.mysql.cj.jdbc.ConnectionImpl@cb54944] will not be managed by Spring
JDBC Connection [HikariProxyConnection@556871137 wrapping com.mysql.cj.jdbc.ConnectionImpl@64db679d] will not be managed by Spring
==>  Preparing: SELECT id,phone,nickname,password,role,admin_type,pond_id,staff_id,status,email,create_time,last_login_time FROM sys_user WHERE id=?
==>  Preparing: SELECT id,phone,nickname,password,role,admin_type,pond_id,staff_id,status,email,create_time,last_login_time FROM sys_user WHERE id=?
==> Parameters: 10(Long)
==>  Preparing: SELECT id,phone,nickname,password,role,admin_type,pond_id,staff_id,status,email,create_time,last_login_time FROM sys_user WHERE id=?
==> Parameters: 10(Long)
==> Parameters: 10(Long)
<==    Columns: id, phone, nickname, password, role, admin_type, pond_id, staff_id, status, email, create_time, last_login_time
<==    Columns: id, phone, nickname, password, role, admin_type, pond_id, staff_id, status, email, create_time, last_login_time
<==        Row: 10, 17767113837, 21, $2a$10$xTJlJQJEEWnL.gFQ5zXVu.9LZv9YzlOLYfCeQNEYtyq5D3fYt780., 0, null, null, null, 1, null, 2026-07-20 10:26:53, 2026-07-20 10:27:09
<==    Columns: id, phone, nickname, password, role, admin_type, pond_id, staff_id, status, email, create_time, last_login_time
<==      Total: 1
<==        Row: 10, 17767113837, 21, $2a$10$xTJlJQJEEWnL.gFQ5zXVu.9LZv9YzlOLYfCeQNEYtyq5D3fYt780., 0, null, null, null, 1, null, 2026-07-20 10:26:53, 2026-07-20 10:27:09
Closing non transactional SqlSession [org.apache.ibatis.session.defaults.DefaultSqlSession@1b4608e]
<==        Row: 10, 17767113837, 21, $2a$10$xTJlJQJEEWnL.gFQ5zXVu.9LZv9YzlOLYfCeQNEYtyq5D3fYt780., 0, null, null, null, 1, null, 2026-07-20 10:26:53, 2026-07-20 10:27:09
Creating a new SqlSession
<==      Total: 1
SqlSession [org.apache.ibatis.session.defaults.DefaultSqlSession@745d4af0] was not registered for synchronization because synchronization is not active
<==      Total: 1
Closing non transactional SqlSession [org.apache.ibatis.session.defaults.DefaultSqlSession@23462f13]
Closing non transactional SqlSession [org.apache.ibatis.session.defaults.DefaultSqlSession@23a950a0]
Creating a new SqlSession
JDBC Connection [HikariProxyConnection@1456469221 wrapping com.mysql.cj.jdbc.ConnectionImpl@cb54944] will not be managed by Spring
SqlSession [org.apache.ibatis.session.defaults.DefaultSqlSession@62a4f4b4] was not registered for synchronization because synchronization is not active
Creating a new SqlSession
JDBC Connection [HikariProxyConnection@1879601476 wrapping com.mysql.cj.jdbc.ConnectionImpl@37cbfa74] will not be managed by Spring
==>  Preparing: SELECT id,reservation_id,user_id,slot_id,spot_id,draw_time,pond_id FROM draw_result WHERE (user_id = ?) ORDER BY draw_time DESC
==>  Preparing: SELECT id,slot_date,slot_name,start_time,end_time,max_bookings,advance_days,draw_start_time,draw_end_time,status,pond_id,default_price FROM time_slot WHERE (status = ?)
SqlSession [org.apache.ibatis.session.defaults.DefaultSqlSession@32552993] was not registered for synchronization because synchronization is not active
==> Parameters: 1(Integer)
==> Parameters: 10(Long)
JDBC Connection [HikariProxyConnection@1536185129 wrapping com.mysql.cj.jdbc.ConnectionImpl@64db679d] will not be managed by Spring
==>  Preparing: SELECT id,user_id,slot_id,status,create_time,cancel_time,cancel_reason,pond_id,checkin_code,actual_fee,check_in_time FROM reservation WHERE (user_id = ?) ORDER BY create_time DESC
<==    Columns: id, slot_date, slot_name, start_time, end_time, max_bookings, advance_days, draw_start_time, draw_end_time, status, pond_id, default_price
<==      Total: 0
==> Parameters: 10(Long)
Closing non transactional SqlSession [org.apache.ibatis.session.defaults.DefaultSqlSession@745d4af0]
<==        Row: 15, 2026-07-16, 早场, 06:00:00, 12:00:00, 10, 7, 2026-07-15 00:00:00, 2026-07-16 00:00:00, 1, 1, null
<==    Columns: id, user_id, slot_id, status, create_time, cancel_time, cancel_reason, pond_id, checkin_code, actual_fee, check_in_time
<==        Row: 16, 2026-07-18, 晚场, 06:00:00, 12:00:00, 10, 7, 2026-07-15 00:00:00, 2026-07-16 00:00:00, 1, 1, null
<==        Row: 22, 10, 16, 过期失效, 2026-07-20 10:27:37, null, null, 1, 130151, null, null
<==        Row: 17, 2026-07-17, 午场, 06:00:00, 12:00:00, 10, 7, 2026-07-15 00:00:00, 2026-07-16 00:00:00, 1, 1, null
<==        Row: 21, 10, 15, 过期失效, 2026-07-20 10:27:14, null, null, 1, 424796, null, null
<==      Total: 2
<==      Total: 3
Closing non transactional SqlSession [org.apache.ibatis.session.defaults.DefaultSqlSession@32552993]
Closing non transactional SqlSession [org.apache.ibatis.session.defaults.DefaultSqlSession@62a4f4b4]
Creating a new SqlSession
SqlSession [org.apache.ibatis.session.defaults.DefaultSqlSession@2acf3523] was not registered for synchronization because synchronization is not active
JDBC Connection [HikariProxyConnection@827168856 wrapping com.mysql.cj.jdbc.ConnectionImpl@64db679d] will not be managed by Spring
==>  Preparing: SELECT id,phone,nickname,password,role,admin_type,pond_id,staff_id,status,email,create_time,last_login_time FROM sys_user WHERE id IN ( ? )
==> Parameters: 10(Long)
<==    Columns: id, phone, nickname, password, role, admin_type, pond_id, staff_id, status, email, create_time, last_login_time
<==        Row: 10, 17767113837, 21, $2a$10$xTJlJQJEEWnL.gFQ5zXVu.9LZv9YzlOLYfCeQNEYtyq5D3fYt780., 0, null, null, null, 1, null, 2026-07-20 10:26:53, 2026-07-20 10:27:09
<==      Total: 1
Closing non transactional SqlSession [org.apache.ibatis.session.defaults.DefaultSqlSession@2acf3523]
Creating a new SqlSession
SqlSession [org.apache.ibatis.session.defaults.DefaultSqlSession@2aa5b014] was not registered for synchronization because synchronization is not active
JDBC Connection [HikariProxyConnection@2039541326 wrapping com.mysql.cj.jdbc.ConnectionImpl@64db679d] will not be managed by Spring
==>  Preparing: SELECT id,slot_date,slot_name,start_time,end_time,max_bookings,advance_days,draw_start_time,draw_end_time,status,pond_id,default_price FROM time_slot WHERE id IN ( ? , ? )
==> Parameters: 16(Long), 15(Long)
<==    Columns: id, slot_date, slot_name, start_time, end_time, max_bookings, advance_days, draw_start_time, draw_end_time, status, pond_id, default_price
<==        Row: 15, 2026-07-16, 早场, 06:00:00, 12:00:00, 10, 7, 2026-07-15 00:00:00, 2026-07-16 00:00:00, 1, 1, null
<==        Row: 16, 2026-07-18, 晚场, 06:00:00, 12:00:00, 10, 7, 2026-07-15 00:00:00, 2026-07-16 00:00:00, 1, 1, null
<==      Total: 2
Closing non transactional SqlSession [org.apache.ibatis.session.defaults.DefaultSqlSession@2aa5b014]
Creating a new SqlSession
SqlSession [org.apache.ibatis.session.defaults.DefaultSqlSession@20395923] was not registered for synchronization because synchronization is not active
JDBC Connection [HikariProxyConnection@664496160 wrapping com.mysql.cj.jdbc.ConnectionImpl@64db679d] will not be managed by Spring
==>  Preparing: SELECT id,name,address,phone,merchant_id,status,create_time,update_time FROM pond WHERE id IN ( ? )
==> Parameters: 1(Long)
<==    Columns: id, name, address, phone, merchant_id, status, create_time, update_time
<==        Row: 1, 默认鱼塘, 系统默认鱼塘, , 9, 1, 2026-07-15 15:30:25, 2026-07-15 15:30:25
<==      Total: 1
Closing non transactional SqlSession [org.apache.ibatis.session.defaults.DefaultSqlSession@20395923]
Creating a new SqlSession
Creating a new SqlSession
SqlSession [org.apache.ibatis.session.defaults.DefaultSqlSession@259900a9] was not registered for synchronization because synchronization is not active
Creating a new SqlSession
SqlSession [org.apache.ibatis.session.defaults.DefaultSqlSession@7e83a15f] was not registered for synchronization because synchronization is not active
SqlSession [org.apache.ibatis.session.defaults.DefaultSqlSession@5081fc36] was not registered for synchronization because synchronization is not active
JDBC Connection [HikariProxyConnection@923194490 wrapping com.mysql.cj.jdbc.ConnectionImpl@425bfef8] will not be managed by Spring
JDBC Connection [HikariProxyConnection@1739016340 wrapping com.mysql.cj.jdbc.ConnectionImpl@37cbfa74] will not be managed by Spring
JDBC Connection [HikariProxyConnection@1566253423 wrapping com.mysql.cj.jdbc.ConnectionImpl@357eab52] will not be managed by Spring
==>  Preparing: SELECT id,phone,nickname,password,role,admin_type,pond_id,staff_id,status,email,create_time,last_login_time FROM sys_user WHERE id=?
==>  Preparing: SELECT id,phone,nickname,password,role,admin_type,pond_id,staff_id,status,email,create_time,last_login_time FROM sys_user WHERE id=?
==>  Preparing: SELECT id,phone,nickname,password,role,admin_type,pond_id,staff_id,status,email,create_time,last_login_time FROM sys_user WHERE id=?
==> Parameters: 10(Long)
==> Parameters: 10(Long)
==> Parameters: 10(Long)
<==    Columns: id, phone, nickname, password, role, admin_type, pond_id, staff_id, status, email, create_time, last_login_time
<==    Columns: id, phone, nickname, password, role, admin_type, pond_id, staff_id, status, email, create_time, last_login_time
<==    Columns: id, phone, nickname, password, role, admin_type, pond_id, staff_id, status, email, create_time, last_login_time
<==        Row: 10, 17767113837, 21, $2a$10$xTJlJQJEEWnL.gFQ5zXVu.9LZv9YzlOLYfCeQNEYtyq5D3fYt780., 0, null, null, null, 1, null, 2026-07-20 10:26:53, 2026-07-20 10:27:09
<==        Row: 10, 17767113837, 21, $2a$10$xTJlJQJEEWnL.gFQ5zXVu.9LZv9YzlOLYfCeQNEYtyq5D3fYt780., 0, null, null, null, 1, null, 2026-07-20 10:26:53, 2026-07-20 10:27:09
<==        Row: 10, 17767113837, 21, $2a$10$xTJlJQJEEWnL.gFQ5zXVu.9LZv9YzlOLYfCeQNEYtyq5D3fYt780., 0, null, null, null, 1, null, 2026-07-20 10:26:53, 2026-07-20 10:27:09
<==      Total: 1
<==      Total: 1
Closing non transactional SqlSession [org.apache.ibatis.session.defaults.DefaultSqlSession@259900a9]
<==      Total: 1
Closing non transactional SqlSession [org.apache.ibatis.session.defaults.DefaultSqlSession@7e83a15f]
Creating a new SqlSession
SqlSession [org.apache.ibatis.session.defaults.DefaultSqlSession@76a67903] was not registered for synchronization because synchronization is not active
Closing non transactional SqlSession [org.apache.ibatis.session.defaults.DefaultSqlSession@5081fc36]
Creating a new SqlSession
Creating a new SqlSession
SqlSession [org.apache.ibatis.session.defaults.DefaultSqlSession@6b0cd6e6] was not registered for synchronization because synchronization is not active
JDBC Connection [HikariProxyConnection@458728246 wrapping com.mysql.cj.jdbc.ConnectionImpl@425bfef8] will not be managed by Spring
==>  Preparing: SELECT id,reservation_id,user_id,slot_id,spot_id,draw_time,pond_id FROM draw_result WHERE (user_id = ?) ORDER BY draw_time DESC
SqlSession [org.apache.ibatis.session.defaults.DefaultSqlSession@3a7985af] was not registered for synchronization because synchronization is not active
==> Parameters: 10(Long)
JDBC Connection [HikariProxyConnection@140909441 wrapping com.mysql.cj.jdbc.ConnectionImpl@37cbfa74] will not be managed by Spring
JDBC Connection [HikariProxyConnection@1707523738 wrapping com.mysql.cj.jdbc.ConnectionImpl@357eab52] will not be managed by Spring
==>  Preparing: SELECT id,slot_date,slot_name,start_time,end_time,max_bookings,advance_days,draw_start_time,draw_end_time,status,pond_id,default_price FROM time_slot WHERE (status = ?)
<==      Total: 0
==>  Preparing: SELECT id,user_id,slot_id,status,create_time,cancel_time,cancel_reason,pond_id,checkin_code,actual_fee,check_in_time FROM reservation WHERE (user_id = ?) ORDER BY create_time DESC
Closing non transactional SqlSession [org.apache.ibatis.session.defaults.DefaultSqlSession@76a67903]
==> Parameters: 1(Integer)
==> Parameters: 10(Long)
<==    Columns: id, slot_date, slot_name, start_time, end_time, max_bookings, advance_days, draw_start_time, draw_end_time, status, pond_id, default_price
<==        Row: 15, 2026-07-16, 早场, 06:00:00, 12:00:00, 10, 7, 2026-07-15 00:00:00, 2026-07-16 00:00:00, 1, 1, null
<==        Row: 16, 2026-07-18, 晚场, 06:00:00, 12:00:00, 10, 7, 2026-07-15 00:00:00, 2026-07-16 00:00:00, 1, 1, null
<==        Row: 17, 2026-07-17, 午场, 06:00:00, 12:00:00, 10, 7, 2026-07-15 00:00:00, 2026-07-16 00:00:00, 1, 1, null
<==      Total: 3
<==    Columns: id, user_id, slot_id, status, create_time, cancel_time, cancel_reason, pond_id, checkin_code, actual_fee, check_in_time
Closing non transactional SqlSession [org.apache.ibatis.session.defaults.DefaultSqlSession@6b0cd6e6]
<==        Row: 22, 10, 16, 过期失效, 2026-07-20 10:27:37, null, null, 1, 130151, null, null
<==        Row: 21, 10, 15, 过期失效, 2026-07-20 10:27:14, null, null, 1, 424796, null, null
<==      Total: 2
Closing non transactional SqlSession [org.apache.ibatis.session.defaults.DefaultSqlSession@3a7985af]
Creating a new SqlSession
SqlSession [org.apache.ibatis.session.defaults.DefaultSqlSession@52545f51] was not registered for synchronization because synchronization is not active
JDBC Connection [HikariProxyConnection@611777609 wrapping com.mysql.cj.jdbc.ConnectionImpl@357eab52] will not be managed by Spring
==>  Preparing: SELECT id,phone,nickname,password,role,admin_type,pond_id,staff_id,status,email,create_time,last_login_time FROM sys_user WHERE id IN ( ? )
==> Parameters: 10(Long)
<==    Columns: id, phone, nickname, password, role, admin_type, pond_id, staff_id, status, email, create_time, last_login_time
<==        Row: 10, 17767113837, 21, $2a$10$xTJlJQJEEWnL.gFQ5zXVu.9LZv9YzlOLYfCeQNEYtyq5D3fYt780., 0, null, null, null, 1, null, 2026-07-20 10:26:53, 2026-07-20 10:27:09
<==      Total: 1
Closing non transactional SqlSession [org.apache.ibatis.session.defaults.DefaultSqlSession@52545f51]
Creating a new SqlSession
SqlSession [org.apache.ibatis.session.defaults.DefaultSqlSession@aafbbe] was not registered for synchronization because synchronization is not active
JDBC Connection [HikariProxyConnection@1895076397 wrapping com.mysql.cj.jdbc.ConnectionImpl@357eab52] will not be managed by Spring
==>  Preparing: SELECT id,slot_date,slot_name,start_time,end_time,max_bookings,advance_days,draw_start_time,draw_end_time,status,pond_id,default_price FROM time_slot WHERE id IN ( ? , ? )
==> Parameters: 16(Long), 15(Long)
<==    Columns: id, slot_date, slot_name, start_time, end_time, max_bookings, advance_days, draw_start_time, draw_end_time, status, pond_id, default_price
<==        Row: 15, 2026-07-16, 早场, 06:00:00, 12:00:00, 10, 7, 2026-07-15 00:00:00, 2026-07-16 00:00:00, 1, 1, null
<==        Row: 16, 2026-07-18, 晚场, 06:00:00, 12:00:00, 10, 7, 2026-07-15 00:00:00, 2026-07-16 00:00:00, 1, 1, null
<==      Total: 2
Closing non transactional SqlSession [org.apache.ibatis.session.defaults.DefaultSqlSession@aafbbe]
Creating a new SqlSession
SqlSession [org.apache.ibatis.session.defaults.DefaultSqlSession@3217a9bf] was not registered for synchronization because synchronization is not active
JDBC Connection [HikariProxyConnection@1706545992 wrapping com.mysql.cj.jdbc.ConnectionImpl@357eab52] will not be managed by Spring
==>  Preparing: SELECT id,name,address,phone,merchant_id,status,create_time,update_time FROM pond WHERE id IN ( ? )
==> Parameters: 1(Long)
<==    Columns: id, name, address, phone, merchant_id, status, create_time, update_time
<==        Row: 1, 默认鱼塘, 系统默认鱼塘, , 9, 1, 2026-07-15 15:30:25, 2026-07-15 15:30:25
<==      Total: 1
Closing non transactional SqlSession [org.apache.ibatis.session.defaults.DefaultSqlSession@3217a9bf]
2026-07-20 15:45:00.008  INFO 72008 --- [   scheduling-1] c.e.fishing.job.ExpireReservationJob     : 开始执行预约过期失效定时任务
Creating a new SqlSession
Registering transaction synchronization for SqlSession [org.apache.ibatis.session.defaults.DefaultSqlSession@7682f4a]
JDBC Connection [HikariProxyConnection@1830667363 wrapping com.mysql.cj.jdbc.ConnectionImpl@37cbfa74] will be managed by Spring
==>  Preparing: SELECT id,slot_date,slot_name,start_time,end_time,max_bookings,advance_days,draw_start_time,draw_end_time,status,pond_id,default_price FROM time_slot WHERE (status = ? AND draw_end_time < ?)
==> Parameters: 1(Integer), 2026-07-20T15:45:00.016950400(LocalDateTime)
<==    Columns: id, slot_date, slot_name, start_time, end_time, max_bookings, advance_days, draw_start_time, draw_end_time, status, pond_id, default_price
<==        Row: 15, 2026-07-16, 早场, 06:00:00, 12:00:00, 10, 7, 2026-07-15 00:00:00, 2026-07-16 00:00:00, 1, 1, null
<==        Row: 16, 2026-07-18, 晚场, 06:00:00, 12:00:00, 10, 7, 2026-07-15 00:00:00, 2026-07-16 00:00:00, 1, 1, null
<==        Row: 17, 2026-07-17, 午场, 06:00:00, 12:00:00, 10, 7, 2026-07-15 00:00:00, 2026-07-16 00:00:00, 1, 1, null
<==      Total: 3
Releasing transactional SqlSession [org.apache.ibatis.session.defaults.DefaultSqlSession@7682f4a]
Fetched SqlSession [org.apache.ibatis.session.defaults.DefaultSqlSession@7682f4a] from current transaction
==>  Preparing: SELECT id,user_id,slot_id,status,create_time,cancel_time,cancel_reason,pond_id,checkin_code,actual_fee,check_in_time FROM reservation WHERE (slot_id = ? AND status = ?)
==> Parameters: 15(Long), 待抽号(String)
<==      Total: 0
Releasing transactional SqlSession [org.apache.ibatis.session.defaults.DefaultSqlSession@7682f4a]
Fetched SqlSession [org.apache.ibatis.session.defaults.DefaultSqlSession@7682f4a] from current transaction
==>  Preparing: SELECT id,user_id,slot_id,status,create_time,cancel_time,cancel_reason,pond_id,checkin_code,actual_fee,check_in_time FROM reservation WHERE (slot_id = ? AND status = ?)
==> Parameters: 16(Long), 待抽号(String)
<==      Total: 0
Releasing transactional SqlSession [org.apache.ibatis.session.defaults.DefaultSqlSession@7682f4a]
Fetched SqlSession [org.apache.ibatis.session.defaults.DefaultSqlSession@7682f4a] from current transaction
==>  Preparing: SELECT id,user_id,slot_id,status,create_time,cancel_time,cancel_reason,pond_id,checkin_code,actual_fee,check_in_time FROM reservation WHERE (slot_id = ? AND status = ?)
==> Parameters: 17(Long), 待抽号(String)
<==      Total: 0
Releasing transactional SqlSession [org.apache.ibatis.session.defaults.DefaultSqlSession@7682f4a]
Transaction synchronization committing SqlSession [org.apache.ibatis.session.defaults.DefaultSqlSession@7682f4a]
Transaction synchronization deregistering SqlSession [org.apache.ibatis.session.defaults.DefaultSqlSession@7682f4a]
Transaction synchronization closing SqlSession [org.apache.ibatis.session.defaults.DefaultSqlSession@7682f4a]
2026-07-20 15:45:00.041  INFO 72008 --- [   scheduling-1] c.e.fishing.job.ExpireReservationJob     : 预约过期失效定时任务执行完成
Creating a new SqlSession
Creating a new SqlSession
Creating a new SqlSession
SqlSession [org.apache.ibatis.session.defaults.DefaultSqlSession@9532d97] was not registered for synchronization because synchronization is not active
SqlSession [org.apache.ibatis.session.defaults.DefaultSqlSession@a15addb] was not registered for synchronization because synchronization is not active
SqlSession [org.apache.ibatis.session.defaults.DefaultSqlSession@553d4a99] was not registered for synchronization because synchronization is not active
JDBC Connection [HikariProxyConnection@104282593 wrapping com.mysql.cj.jdbc.ConnectionImpl@37cbfa74] will not be managed by Spring
JDBC Connection [HikariProxyConnection@2144679807 wrapping com.mysql.cj.jdbc.ConnectionImpl@cb54944] will not be managed by Spring
JDBC Connection [HikariProxyConnection@754455936 wrapping com.mysql.cj.jdbc.ConnectionImpl@d8d4e42] will not be managed by Spring
==>  Preparing: SELECT id,phone,nickname,password,role,admin_type,pond_id,staff_id,status,email,create_time,last_login_time FROM sys_user WHERE id=?
==>  Preparing: SELECT id,phone,nickname,password,role,admin_type,pond_id,staff_id,status,email,create_time,last_login_time FROM sys_user WHERE id=?
==>  Preparing: SELECT id,phone,nickname,password,role,admin_type,pond_id,staff_id,status,email,create_time,last_login_time FROM sys_user WHERE id=?
==> Parameters: 10(Long)
==> Parameters: 10(Long)
==> Parameters: 10(Long)
<==    Columns: id, phone, nickname, password, role, admin_type, pond_id, staff_id, status, email, create_time, last_login_time
<==    Columns: id, phone, nickname, password, role, admin_type, pond_id, staff_id, status, email, create_time, last_login_time
<==    Columns: id, phone, nickname, password, role, admin_type, pond_id, staff_id, status, email, create_time, last_login_time
<==        Row: 10, 17767113837, 21, $2a$10$xTJlJQJEEWnL.gFQ5zXVu.9LZv9YzlOLYfCeQNEYtyq5D3fYt780., 0, null, null, null, 1, null, 2026-07-20 10:26:53, 2026-07-20 10:27:09
<==        Row: 10, 17767113837, 21, $2a$10$xTJlJQJEEWnL.gFQ5zXVu.9LZv9YzlOLYfCeQNEYtyq5D3fYt780., 0, null, null, null, 1, null, 2026-07-20 10:26:53, 2026-07-20 10:27:09
<==        Row: 10, 17767113837, 21, $2a$10$xTJlJQJEEWnL.gFQ5zXVu.9LZv9YzlOLYfCeQNEYtyq5D3fYt780., 0, null, null, null, 1, null, 2026-07-20 10:26:53, 2026-07-20 10:27:09
<==      Total: 1
<==      Total: 1
Closing non transactional SqlSession [org.apache.ibatis.session.defaults.DefaultSqlSession@a15addb]
<==      Total: 1
Closing non transactional SqlSession [org.apache.ibatis.session.defaults.DefaultSqlSession@9532d97]
Creating a new SqlSession
Closing non transactional SqlSession [org.apache.ibatis.session.defaults.DefaultSqlSession@553d4a99]
Creating a new SqlSession
SqlSession [org.apache.ibatis.session.defaults.DefaultSqlSession@30ffc54b] was not registered for synchronization because synchronization is not active
SqlSession [org.apache.ibatis.session.defaults.DefaultSqlSession@53fb7f77] was not registered for synchronization because synchronization is not active
Creating a new SqlSession
JDBC Connection [HikariProxyConnection@396615162 wrapping com.mysql.cj.jdbc.ConnectionImpl@cb54944] will not be managed by Spring
JDBC Connection [HikariProxyConnection@1138024202 wrapping com.mysql.cj.jdbc.ConnectionImpl@37cbfa74] will not be managed by Spring
==>  Preparing: SELECT id,reservation_id,user_id,slot_id,spot_id,draw_time,pond_id FROM draw_result WHERE (user_id = ?) ORDER BY draw_time DESC
SqlSession [org.apache.ibatis.session.defaults.DefaultSqlSession@367e400c] was not registered for synchronization because synchronization is not active
==> Parameters: 10(Long)
==>  Preparing: SELECT id,slot_date,slot_name,start_time,end_time,max_bookings,advance_days,draw_start_time,draw_end_time,status,pond_id,default_price FROM time_slot WHERE (status = ?)
JDBC Connection [HikariProxyConnection@162053592 wrapping com.mysql.cj.jdbc.ConnectionImpl@d8d4e42] will not be managed by Spring
==> Parameters: 1(Integer)
==>  Preparing: SELECT id,user_id,slot_id,status,create_time,cancel_time,cancel_reason,pond_id,checkin_code,actual_fee,check_in_time FROM reservation WHERE (user_id = ?) ORDER BY create_time DESC
<==      Total: 0
==> Parameters: 10(Long)
Closing non transactional SqlSession [org.apache.ibatis.session.defaults.DefaultSqlSession@30ffc54b]
<==    Columns: id, slot_date, slot_name, start_time, end_time, max_bookings, advance_days, draw_start_time, draw_end_time, status, pond_id, default_price
<==        Row: 15, 2026-07-16, 早场, 06:00:00, 12:00:00, 10, 7, 2026-07-15 00:00:00, 2026-07-16 00:00:00, 1, 1, null
<==    Columns: id, user_id, slot_id, status, create_time, cancel_time, cancel_reason, pond_id, checkin_code, actual_fee, check_in_time
<==        Row: 16, 2026-07-18, 晚场, 06:00:00, 12:00:00, 10, 7, 2026-07-15 00:00:00, 2026-07-16 00:00:00, 1, 1, null
<==        Row: 22, 10, 16, 过期失效, 2026-07-20 10:27:37, null, null, 1, 130151, null, null
<==        Row: 17, 2026-07-17, 午场, 06:00:00, 12:00:00, 10, 7, 2026-07-15 00:00:00, 2026-07-16 00:00:00, 1, 1, null
<==        Row: 21, 10, 15, 过期失效, 2026-07-20 10:27:14, null, null, 1, 424796, null, null
<==      Total: 3
<==      Total: 2
Closing non transactional SqlSession [org.apache.ibatis.session.defaults.DefaultSqlSession@53fb7f77]
Closing non transactional SqlSession [org.apache.ibatis.session.defaults.DefaultSqlSession@367e400c]
Creating a new SqlSession
SqlSession [org.apache.ibatis.session.defaults.DefaultSqlSession@3609546d] was not registered for synchronization because synchronization is not active
JDBC Connection [HikariProxyConnection@1915948160 wrapping com.mysql.cj.jdbc.ConnectionImpl@d8d4e42] will not be managed by Spring
==>  Preparing: SELECT id,phone,nickname,password,role,admin_type,pond_id,staff_id,status,email,create_time,last_login_time FROM sys_user WHERE id IN ( ? )
==> Parameters: 10(Long)
<==    Columns: id, phone, nickname, password, role, admin_type, pond_id, staff_id, status, email, create_time, last_login_time
<==        Row: 10, 17767113837, 21, $2a$10$xTJlJQJEEWnL.gFQ5zXVu.9LZv9YzlOLYfCeQNEYtyq5D3fYt780., 0, null, null, null, 1, null, 2026-07-20 10:26:53, 2026-07-20 10:27:09
<==      Total: 1
Closing non transactional SqlSession [org.apache.ibatis.session.defaults.DefaultSqlSession@3609546d]
Creating a new SqlSession
SqlSession [org.apache.ibatis.session.defaults.DefaultSqlSession@5ca0f8e1] was not registered for synchronization because synchronization is not active
JDBC Connection [HikariProxyConnection@544630052 wrapping com.mysql.cj.jdbc.ConnectionImpl@d8d4e42] will not be managed by Spring
==>  Preparing: SELECT id,slot_date,slot_name,start_time,end_time,max_bookings,advance_days,draw_start_time,draw_end_time,status,pond_id,default_price FROM time_slot WHERE id IN ( ? , ? )
==> Parameters: 16(Long), 15(Long)
<==    Columns: id, slot_date, slot_name, start_time, end_time, max_bookings, advance_days, draw_start_time, draw_end_time, status, pond_id, default_price
<==        Row: 15, 2026-07-16, 早场, 06:00:00, 12:00:00, 10, 7, 2026-07-15 00:00:00, 2026-07-16 00:00:00, 1, 1, null
<==        Row: 16, 2026-07-18, 晚场, 06:00:00, 12:00:00, 10, 7, 2026-07-15 00:00:00, 2026-07-16 00:00:00, 1, 1, null
<==      Total: 2
Closing non transactional SqlSession [org.apache.ibatis.session.defaults.DefaultSqlSession@5ca0f8e1]
Creating a new SqlSession
SqlSession [org.apache.ibatis.session.defaults.DefaultSqlSession@3dcef0bd] was not registered for synchronization because synchronization is not active
JDBC Connection [HikariProxyConnection@1727160341 wrapping com.mysql.cj.jdbc.ConnectionImpl@d8d4e42] will not be managed by Spring
==>  Preparing: SELECT id,name,address,phone,merchant_id,status,create_time,update_time FROM pond WHERE id IN ( ? )
==> Parameters: 1(Long)
<==    Columns: id, name, address, phone, merchant_id, status, create_time, update_time
<==        Row: 1, 默认鱼塘, 系统默认鱼塘, , 9, 1, 2026-07-15 15:30:25, 2026-07-15 15:30:25
<==      Total: 1
Closing non transactional SqlSession [org.apache.ibatis.session.defaults.DefaultSqlSession@3dcef0bd]
Creating a new SqlSession
SqlSession [org.apache.ibatis.session.defaults.DefaultSqlSession@600cafcc] was not registered for synchronization because synchronization is not active
Creating a new SqlSession
Creating a new SqlSession
JDBC Connection [HikariProxyConnection@647778709 wrapping com.mysql.cj.jdbc.ConnectionImpl@cb54944] will not be managed by Spring
SqlSession [org.apache.ibatis.session.defaults.DefaultSqlSession@44d3ae40] was not registered for synchronization because synchronization is not active
==>  Preparing: SELECT id,phone,nickname,password,role,admin_type,pond_id,staff_id,status,email,create_time,last_login_time FROM sys_user WHERE id=?
SqlSession [org.apache.ibatis.session.defaults.DefaultSqlSession@2b99f489] was not registered for synchronization because synchronization is not active
==> Parameters: 10(Long)
JDBC Connection [HikariProxyConnection@26731322 wrapping com.mysql.cj.jdbc.ConnectionImpl@37cbfa74] will not be managed by Spring
JDBC Connection [HikariProxyConnection@898441664 wrapping com.mysql.cj.jdbc.ConnectionImpl@64db679d] will not be managed by Spring
==>  Preparing: SELECT id,phone,nickname,password,role,admin_type,pond_id,staff_id,status,email,create_time,last_login_time FROM sys_user WHERE id=?
==>  Preparing: SELECT id,phone,nickname,password,role,admin_type,pond_id,staff_id,status,email,create_time,last_login_time FROM sys_user WHERE id=?
==> Parameters: 10(Long)
<==    Columns: id, phone, nickname, password, role, admin_type, pond_id, staff_id, status, email, create_time, last_login_time
==> Parameters: 10(Long)
<==        Row: 10, 17767113837, 21, $2a$10$xTJlJQJEEWnL.gFQ5zXVu.9LZv9YzlOLYfCeQNEYtyq5D3fYt780., 0, null, null, null, 1, null, 2026-07-20 10:26:53, 2026-07-20 10:27:09
<==    Columns: id, phone, nickname, password, role, admin_type, pond_id, staff_id, status, email, create_time, last_login_time
<==      Total: 1
<==        Row: 10, 17767113837, 21, $2a$10$xTJlJQJEEWnL.gFQ5zXVu.9LZv9YzlOLYfCeQNEYtyq5D3fYt780., 0, null, null, null, 1, null, 2026-07-20 10:26:53, 2026-07-20 10:27:09
<==    Columns: id, phone, nickname, password, role, admin_type, pond_id, staff_id, status, email, create_time, last_login_time
<==      Total: 1
Closing non transactional SqlSession [org.apache.ibatis.session.defaults.DefaultSqlSession@600cafcc]
Closing non transactional SqlSession [org.apache.ibatis.session.defaults.DefaultSqlSession@44d3ae40]
<==        Row: 10, 17767113837, 21, $2a$10$xTJlJQJEEWnL.gFQ5zXVu.9LZv9YzlOLYfCeQNEYtyq5D3fYt780., 0, null, null, null, 1, null, 2026-07-20 10:26:53, 2026-07-20 10:27:09
Creating a new SqlSession
Creating a new SqlSession
<==      Total: 1
SqlSession [org.apache.ibatis.session.defaults.DefaultSqlSession@42fffc7f] was not registered for synchronization because synchronization is not active
Closing non transactional SqlSession [org.apache.ibatis.session.defaults.DefaultSqlSession@2b99f489]
SqlSession [org.apache.ibatis.session.defaults.DefaultSqlSession@f88ef2f] was not registered for synchronization because synchronization is not active
Creating a new SqlSession
JDBC Connection [HikariProxyConnection@453508046 wrapping com.mysql.cj.jdbc.ConnectionImpl@37cbfa74] will not be managed by Spring
JDBC Connection [HikariProxyConnection@184501213 wrapping com.mysql.cj.jdbc.ConnectionImpl@cb54944] will not be managed by Spring
SqlSession [org.apache.ibatis.session.defaults.DefaultSqlSession@28074da1] was not registered for synchronization because synchronization is not active
==>  Preparing: SELECT id,slot_date,slot_name,start_time,end_time,max_bookings,advance_days,draw_start_time,draw_end_time,status,pond_id,default_price FROM time_slot WHERE (status = ?)
==>  Preparing: SELECT id,reservation_id,user_id,slot_id,spot_id,draw_time,pond_id FROM draw_result WHERE (user_id = ?) ORDER BY draw_time DESC
==> Parameters: 1(Integer)
JDBC Connection [HikariProxyConnection@1281284500 wrapping com.mysql.cj.jdbc.ConnectionImpl@64db679d] will not be managed by Spring
==> Parameters: 10(Long)
==>  Preparing: SELECT id,user_id,slot_id,status,create_time,cancel_time,cancel_reason,pond_id,checkin_code,actual_fee,check_in_time FROM reservation WHERE (user_id = ?) ORDER BY create_time DESC
==> Parameters: 10(Long)
<==    Columns: id, slot_date, slot_name, start_time, end_time, max_bookings, advance_days, draw_start_time, draw_end_time, status, pond_id, default_price
<==      Total: 0
<==        Row: 15, 2026-07-16, 早场, 06:00:00, 12:00:00, 10, 7, 2026-07-15 00:00:00, 2026-07-16 00:00:00, 1, 1, null
Closing non transactional SqlSession [org.apache.ibatis.session.defaults.DefaultSqlSession@42fffc7f]
<==    Columns: id, user_id, slot_id, status, create_time, cancel_time, cancel_reason, pond_id, checkin_code, actual_fee, check_in_time
<==        Row: 16, 2026-07-18, 晚场, 06:00:00, 12:00:00, 10, 7, 2026-07-15 00:00:00, 2026-07-16 00:00:00, 1, 1, null
<==        Row: 22, 10, 16, 过期失效, 2026-07-20 10:27:37, null, null, 1, 130151, null, null
<==        Row: 17, 2026-07-17, 午场, 06:00:00, 12:00:00, 10, 7, 2026-07-15 00:00:00, 2026-07-16 00:00:00, 1, 1, null
<==        Row: 21, 10, 15, 过期失效, 2026-07-20 10:27:14, null, null, 1, 424796, null, null
<==      Total: 3
<==      Total: 2
Closing non transactional SqlSession [org.apache.ibatis.session.defaults.DefaultSqlSession@f88ef2f]
Closing non transactional SqlSession [org.apache.ibatis.session.defaults.DefaultSqlSession@28074da1]
Creating a new SqlSession
SqlSession [org.apache.ibatis.session.defaults.DefaultSqlSession@682ff575] was not registered for synchronization because synchronization is not active
JDBC Connection [HikariProxyConnection@2060965780 wrapping com.mysql.cj.jdbc.ConnectionImpl@64db679d] will not be managed by Spring
==>  Preparing: SELECT id,phone,nickname,password,role,admin_type,pond_id,staff_id,status,email,create_time,last_login_time FROM sys_user WHERE id IN ( ? )
==> Parameters: 10(Long)
<==    Columns: id, phone, nickname, password, role, admin_type, pond_id, staff_id, status, email, create_time, last_login_time
<==        Row: 10, 17767113837, 21, $2a$10$xTJlJQJEEWnL.gFQ5zXVu.9LZv9YzlOLYfCeQNEYtyq5D3fYt780., 0, null, null, null, 1, null, 2026-07-20 10:26:53, 2026-07-20 10:27:09
<==      Total: 1
Closing non transactional SqlSession [org.apache.ibatis.session.defaults.DefaultSqlSession@682ff575]
Creating a new SqlSession
SqlSession [org.apache.ibatis.session.defaults.DefaultSqlSession@5b72bf40] was not registered for synchronization because synchronization is not active
JDBC Connection [HikariProxyConnection@1289846022 wrapping com.mysql.cj.jdbc.ConnectionImpl@64db679d] will not be managed by Spring
==>  Preparing: SELECT id,slot_date,slot_name,start_time,end_time,max_bookings,advance_days,draw_start_time,draw_end_time,status,pond_id,default_price FROM time_slot WHERE id IN ( ? , ? )
==> Parameters: 16(Long), 15(Long)
<==    Columns: id, slot_date, slot_name, start_time, end_time, max_bookings, advance_days, draw_start_time, draw_end_time, status, pond_id, default_price
<==        Row: 15, 2026-07-16, 早场, 06:00:00, 12:00:00, 10, 7, 2026-07-15 00:00:00, 2026-07-16 00:00:00, 1, 1, null
<==        Row: 16, 2026-07-18, 晚场, 06:00:00, 12:00:00, 10, 7, 2026-07-15 00:00:00, 2026-07-16 00:00:00, 1, 1, null
<==      Total: 2
Closing non transactional SqlSession [org.apache.ibatis.session.defaults.DefaultSqlSession@5b72bf40]
Creating a new SqlSession
SqlSession [org.apache.ibatis.session.defaults.DefaultSqlSession@31913478] was not registered for synchronization because synchronization is not active
JDBC Connection [HikariProxyConnection@2136413621 wrapping com.mysql.cj.jdbc.ConnectionImpl@64db679d] will not be managed by Spring
==>  Preparing: SELECT id,name,address,phone,merchant_id,status,create_time,update_time FROM pond WHERE id IN ( ? )
==> Parameters: 1(Long)
<==    Columns: id, name, address, phone, merchant_id, status, create_time, update_time
<==        Row: 1, 默认鱼塘, 系统默认鱼塘, , 9, 1, 2026-07-15 15:30:25, 2026-07-15 15:30:25
<==      Total: 1
Closing non transactional SqlSession [org.apache.ibatis.session.defaults.DefaultSqlSession@31913478]
Creating a new SqlSession
Creating a new SqlSession
Creating a new SqlSession
SqlSession [org.apache.ibatis.session.defaults.DefaultSqlSession@44fb83c2] was not registered for synchronization because synchronization is not active
SqlSession [org.apache.ibatis.session.defaults.DefaultSqlSession@41324e6] was not registered for synchronization because synchronization is not active
SqlSession [org.apache.ibatis.session.defaults.DefaultSqlSession@6cc32c99] was not registered for synchronization because synchronization is not active
JDBC Connection [HikariProxyConnection@30442559 wrapping com.mysql.cj.jdbc.ConnectionImpl@425bfef8] will not be managed by Spring
JDBC Connection [HikariProxyConnection@153446756 wrapping com.mysql.cj.jdbc.ConnectionImpl@37cbfa74] will not be managed by Spring
==>  Preparing: SELECT id,phone,nickname,password,role,admin_type,pond_id,staff_id,status,email,create_time,last_login_time FROM sys_user WHERE id=?
JDBC Connection [HikariProxyConnection@114917475 wrapping com.mysql.cj.jdbc.ConnectionImpl@64db679d] will not be managed by Spring
==>  Preparing: SELECT id,phone,nickname,password,role,admin_type,pond_id,staff_id,status,email,create_time,last_login_time FROM sys_user WHERE id=?
==> Parameters: 10(Long)
==>  Preparing: SELECT id,phone,nickname,password,role,admin_type,pond_id,staff_id,status,email,create_time,last_login_time FROM sys_user WHERE id=?
==> Parameters: 10(Long)
==> Parameters: 10(Long)
<==    Columns: id, phone, nickname, password, role, admin_type, pond_id, staff_id, status, email, create_time, last_login_time
<==    Columns: id, phone, nickname, password, role, admin_type, pond_id, staff_id, status, email, create_time, last_login_time
<==    Columns: id, phone, nickname, password, role, admin_type, pond_id, staff_id, status, email, create_time, last_login_time
<==        Row: 10, 17767113837, 21, $2a$10$xTJlJQJEEWnL.gFQ5zXVu.9LZv9YzlOLYfCeQNEYtyq5D3fYt780., 0, null, null, null, 1, null, 2026-07-20 10:26:53, 2026-07-20 10:27:09
<==        Row: 10, 17767113837, 21, $2a$10$xTJlJQJEEWnL.gFQ5zXVu.9LZv9YzlOLYfCeQNEYtyq5D3fYt780., 0, null, null, null, 1, null, 2026-07-20 10:26:53, 2026-07-20 10:27:09
<==        Row: 10, 17767113837, 21, $2a$10$xTJlJQJEEWnL.gFQ5zXVu.9LZv9YzlOLYfCeQNEYtyq5D3fYt780., 0, null, null, null, 1, null, 2026-07-20 10:26:53, 2026-07-20 10:27:09
<==      Total: 1
<==      Total: 1
Closing non transactional SqlSession [org.apache.ibatis.session.defaults.DefaultSqlSession@44fb83c2]
<==      Total: 1
Closing non transactional SqlSession [org.apache.ibatis.session.defaults.DefaultSqlSession@6cc32c99]
Closing non transactional SqlSession [org.apache.ibatis.session.defaults.DefaultSqlSession@41324e6]
Creating a new SqlSession
Creating a new SqlSession
Creating a new SqlSession
SqlSession [org.apache.ibatis.session.defaults.DefaultSqlSession@1b9922a4] was not registered for synchronization because synchronization is not active
SqlSession [org.apache.ibatis.session.defaults.DefaultSqlSession@2540a6f4] was not registered for synchronization because synchronization is not active
SqlSession [org.apache.ibatis.session.defaults.DefaultSqlSession@2465898e] was not registered for synchronization because synchronization is not active
JDBC Connection [HikariProxyConnection@1858826922 wrapping com.mysql.cj.jdbc.ConnectionImpl@64db679d] will not be managed by Spring
JDBC Connection [HikariProxyConnection@961326576 wrapping com.mysql.cj.jdbc.ConnectionImpl@37cbfa74] will not be managed by Spring
JDBC Connection [HikariProxyConnection@1027458061 wrapping com.mysql.cj.jdbc.ConnectionImpl@425bfef8] will not be managed by Spring
==>  Preparing: SELECT id,reservation_id,user_id,slot_id,spot_id,draw_time,pond_id FROM draw_result WHERE (user_id = ?) ORDER BY draw_time DESC
==>  Preparing: SELECT id,slot_date,slot_name,start_time,end_time,max_bookings,advance_days,draw_start_time,draw_end_time,status,pond_id,default_price FROM time_slot WHERE (status = ?)
==> Parameters: 10(Long)
==> Parameters: 1(Integer)
==>  Preparing: SELECT id,user_id,slot_id,status,create_time,cancel_time,cancel_reason,pond_id,checkin_code,actual_fee,check_in_time FROM reservation WHERE (user_id = ?) ORDER BY create_time DESC
==> Parameters: 10(Long)
<==      Total: 0
<==    Columns: id, slot_date, slot_name, start_time, end_time, max_bookings, advance_days, draw_start_time, draw_end_time, status, pond_id, default_price
Closing non transactional SqlSession [org.apache.ibatis.session.defaults.DefaultSqlSession@2465898e]
<==    Columns: id, user_id, slot_id, status, create_time, cancel_time, cancel_reason, pond_id, checkin_code, actual_fee, check_in_time
<==        Row: 15, 2026-07-16, 早场, 06:00:00, 12:00:00, 10, 7, 2026-07-15 00:00:00, 2026-07-16 00:00:00, 1, 1, null
<==        Row: 22, 10, 16, 过期失效, 2026-07-20 10:27:37, null, null, 1, 130151, null, null
<==        Row: 21, 10, 15, 过期失效, 2026-07-20 10:27:14, null, null, 1, 424796, null, null
<==        Row: 16, 2026-07-18, 晚场, 06:00:00, 12:00:00, 10, 7, 2026-07-15 00:00:00, 2026-07-16 00:00:00, 1, 1, null
<==      Total: 2
<==        Row: 17, 2026-07-17, 午场, 06:00:00, 12:00:00, 10, 7, 2026-07-15 00:00:00, 2026-07-16 00:00:00, 1, 1, null
Closing non transactional SqlSession [org.apache.ibatis.session.defaults.DefaultSqlSession@2540a6f4]
<==      Total: 3
Creating a new SqlSession
Closing non transactional SqlSession [org.apache.ibatis.session.defaults.DefaultSqlSession@1b9922a4]
SqlSession [org.apache.ibatis.session.defaults.DefaultSqlSession@59d97119] was not registered for synchronization because synchronization is not active
JDBC Connection [HikariProxyConnection@2030967760 wrapping com.mysql.cj.jdbc.ConnectionImpl@425bfef8] will not be managed by Spring
==>  Preparing: SELECT id,phone,nickname,password,role,admin_type,pond_id,staff_id,status,email,create_time,last_login_time FROM sys_user WHERE id IN ( ? )
==> Parameters: 10(Long)
<==    Columns: id, phone, nickname, password, role, admin_type, pond_id, staff_id, status, email, create_time, last_login_time
<==        Row: 10, 17767113837, 21, $2a$10$xTJlJQJEEWnL.gFQ5zXVu.9LZv9YzlOLYfCeQNEYtyq5D3fYt780., 0, null, null, null, 1, null, 2026-07-20 10:26:53, 2026-07-20 10:27:09
<==      Total: 1
Closing non transactional SqlSession [org.apache.ibatis.session.defaults.DefaultSqlSession@59d97119]
Creating a new SqlSession
SqlSession [org.apache.ibatis.session.defaults.DefaultSqlSession@580c88e7] was not registered for synchronization because synchronization is not active
JDBC Connection [HikariProxyConnection@1246718790 wrapping com.mysql.cj.jdbc.ConnectionImpl@425bfef8] will not be managed by Spring
==>  Preparing: SELECT id,slot_date,slot_name,start_time,end_time,max_bookings,advance_days,draw_start_time,draw_end_time,status,pond_id,default_price FROM time_slot WHERE id IN ( ? , ? )
==> Parameters: 16(Long), 15(Long)
<==    Columns: id, slot_date, slot_name, start_time, end_time, max_bookings, advance_days, draw_start_time, draw_end_time, status, pond_id, default_price
<==        Row: 15, 2026-07-16, 早场, 06:00:00, 12:00:00, 10, 7, 2026-07-15 00:00:00, 2026-07-16 00:00:00, 1, 1, null
<==        Row: 16, 2026-07-18, 晚场, 06:00:00, 12:00:00, 10, 7, 2026-07-15 00:00:00, 2026-07-16 00:00:00, 1, 1, null
<==      Total: 2
Closing non transactional SqlSession [org.apache.ibatis.session.defaults.DefaultSqlSession@580c88e7]
Creating a new SqlSession
SqlSession [org.apache.ibatis.session.defaults.DefaultSqlSession@6cd3ee43] was not registered for synchronization because synchronization is not active
JDBC Connection [HikariProxyConnection@1352927374 wrapping com.mysql.cj.jdbc.ConnectionImpl@425bfef8] will not be managed by Spring
==>  Preparing: SELECT id,name,address,phone,merchant_id,status,create_time,update_time FROM pond WHERE id IN ( ? )
==> Parameters: 1(Long)
<==    Columns: id, name, address, phone, merchant_id, status, create_time, update_time
<==        Row: 1, 默认鱼塘, 系统默认鱼塘, , 9, 1, 2026-07-15 15:30:25, 2026-07-15 15:30:25
<==      Total: 1
Closing non transactional SqlSession [org.apache.ibatis.session.defaults.DefaultSqlSession@6cd3ee43]
Creating a new SqlSession
Creating a new SqlSession
Creating a new SqlSession
SqlSession [org.apache.ibatis.session.defaults.DefaultSqlSession@7e758b28] was not registered for synchronization because synchronization is not active
SqlSession [org.apache.ibatis.session.defaults.DefaultSqlSession@4d02738d] was not registered for synchronization because synchronization is not active
SqlSession [org.apache.ibatis.session.defaults.DefaultSqlSession@66b37ca1] was not registered for synchronization because synchronization is not active
JDBC Connection [HikariProxyConnection@820956208 wrapping com.mysql.cj.jdbc.ConnectionImpl@cb54944] will not be managed by Spring
JDBC Connection [HikariProxyConnection@749872082 wrapping com.mysql.cj.jdbc.ConnectionImpl@d8d4e42] will not be managed by Spring
JDBC Connection [HikariProxyConnection@1166716317 wrapping com.mysql.cj.jdbc.ConnectionImpl@37cbfa74] will not be managed by Spring
==>  Preparing: SELECT id,phone,nickname,password,role,admin_type,pond_id,staff_id,status,email,create_time,last_login_time FROM sys_user WHERE id=?
==>  Preparing: SELECT id,phone,nickname,password,role,admin_type,pond_id,staff_id,status,email,create_time,last_login_time FROM sys_user WHERE id=?
==>  Preparing: SELECT id,phone,nickname,password,role,admin_type,pond_id,staff_id,status,email,create_time,last_login_time FROM sys_user WHERE id=?
==> Parameters: 10(Long)
==> Parameters: 10(Long)
==> Parameters: 10(Long)
<==    Columns: id, phone, nickname, password, role, admin_type, pond_id, staff_id, status, email, create_time, last_login_time
<==    Columns: id, phone, nickname, password, role, admin_type, pond_id, staff_id, status, email, create_time, last_login_time
<==    Columns: id, phone, nickname, password, role, admin_type, pond_id, staff_id, status, email, create_time, last_login_time
<==        Row: 10, 17767113837, 21, $2a$10$xTJlJQJEEWnL.gFQ5zXVu.9LZv9YzlOLYfCeQNEYtyq5D3fYt780., 0, null, null, null, 1, null, 2026-07-20 10:26:53, 2026-07-20 10:27:09
<==        Row: 10, 17767113837, 21, $2a$10$xTJlJQJEEWnL.gFQ5zXVu.9LZv9YzlOLYfCeQNEYtyq5D3fYt780., 0, null, null, null, 1, null, 2026-07-20 10:26:53, 2026-07-20 10:27:09
<==      Total: 1
<==        Row: 10, 17767113837, 21, $2a$10$xTJlJQJEEWnL.gFQ5zXVu.9LZv9YzlOLYfCeQNEYtyq5D3fYt780., 0, null, null, null, 1, null, 2026-07-20 10:26:53, 2026-07-20 10:27:09
Closing non transactional SqlSession [org.apache.ibatis.session.defaults.DefaultSqlSession@4d02738d]
<==      Total: 1
<==      Total: 1
Closing non transactional SqlSession [org.apache.ibatis.session.defaults.DefaultSqlSession@66b37ca1]
Closing non transactional SqlSession [org.apache.ibatis.session.defaults.DefaultSqlSession@7e758b28]
Creating a new SqlSession
Creating a new SqlSession
Creating a new SqlSession
SqlSession [org.apache.ibatis.session.defaults.DefaultSqlSession@5f38aa23] was not registered for synchronization because synchronization is not active
SqlSession [org.apache.ibatis.session.defaults.DefaultSqlSession@23df6cdf] was not registered for synchronization because synchronization is not active
SqlSession [org.apache.ibatis.session.defaults.DefaultSqlSession@44416a1f] was not registered for synchronization because synchronization is not active
JDBC Connection [HikariProxyConnection@1898024775 wrapping com.mysql.cj.jdbc.ConnectionImpl@cb54944] will not be managed by Spring
JDBC Connection [HikariProxyConnection@436336385 wrapping com.mysql.cj.jdbc.ConnectionImpl@37cbfa74] will not be managed by Spring
JDBC Connection [HikariProxyConnection@580096785 wrapping com.mysql.cj.jdbc.ConnectionImpl@d8d4e42] will not be managed by Spring
==>  Preparing: SELECT id,user_id,slot_id,status,create_time,cancel_time,cancel_reason,pond_id,checkin_code,actual_fee,check_in_time FROM reservation WHERE (user_id = ?) ORDER BY create_time DESC
==>  Preparing: SELECT id,slot_date,slot_name,start_time,end_time,max_bookings,advance_days,draw_start_time,draw_end_time,status,pond_id,default_price FROM time_slot WHERE (status = ?)
==> Parameters: 10(Long)
==>  Preparing: SELECT id,reservation_id,user_id,slot_id,spot_id,draw_time,pond_id FROM draw_result WHERE (user_id = ?) ORDER BY draw_time DESC
==> Parameters: 1(Integer)
==> Parameters: 10(Long)
<==    Columns: id, user_id, slot_id, status, create_time, cancel_time, cancel_reason, pond_id, checkin_code, actual_fee, check_in_time
<==    Columns: id, slot_date, slot_name, start_time, end_time, max_bookings, advance_days, draw_start_time, draw_end_time, status, pond_id, default_price
<==      Total: 0
<==        Row: 22, 10, 16, 过期失效, 2026-07-20 10:27:37, null, null, 1, 130151, null, null
Closing non transactional SqlSession [org.apache.ibatis.session.defaults.DefaultSqlSession@5f38aa23]
<==        Row: 15, 2026-07-16, 早场, 06:00:00, 12:00:00, 10, 7, 2026-07-15 00:00:00, 2026-07-16 00:00:00, 1, 1, null
<==        Row: 21, 10, 15, 过期失效, 2026-07-20 10:27:14, null, null, 1, 424796, null, null
<==      Total: 2
<==        Row: 16, 2026-07-18, 晚场, 06:00:00, 12:00:00, 10, 7, 2026-07-15 00:00:00, 2026-07-16 00:00:00, 1, 1, null
Closing non transactional SqlSession [org.apache.ibatis.session.defaults.DefaultSqlSession@44416a1f]
<==        Row: 17, 2026-07-17, 午场, 06:00:00, 12:00:00, 10, 7, 2026-07-15 00:00:00, 2026-07-16 00:00:00, 1, 1, null
Creating a new SqlSession
<==      Total: 3
SqlSession [org.apache.ibatis.session.defaults.DefaultSqlSession@32396e20] was not registered for synchronization because synchronization is not active
Closing non transactional SqlSession [org.apache.ibatis.session.defaults.DefaultSqlSession@23df6cdf]
JDBC Connection [HikariProxyConnection@2112355306 wrapping com.mysql.cj.jdbc.ConnectionImpl@37cbfa74] will not be managed by Spring
==>  Preparing: SELECT id,phone,nickname,password,role,admin_type,pond_id,staff_id,status,email,create_time,last_login_time FROM sys_user WHERE id IN ( ? )
==> Parameters: 10(Long)
<==    Columns: id, phone, nickname, password, role, admin_type, pond_id, staff_id, status, email, create_time, last_login_time
<==        Row: 10, 17767113837, 21, $2a$10$xTJlJQJEEWnL.gFQ5zXVu.9LZv9YzlOLYfCeQNEYtyq5D3fYt780., 0, null, null, null, 1, null, 2026-07-20 10:26:53, 2026-07-20 10:27:09
<==      Total: 1
Closing non transactional SqlSession [org.apache.ibatis.session.defaults.DefaultSqlSession@32396e20]
Creating a new SqlSession
SqlSession [org.apache.ibatis.session.defaults.DefaultSqlSession@58b06ba7] was not registered for synchronization because synchronization is not active
JDBC Connection [HikariProxyConnection@562124543 wrapping com.mysql.cj.jdbc.ConnectionImpl@37cbfa74] will not be managed by Spring
==>  Preparing: SELECT id,slot_date,slot_name,start_time,end_time,max_bookings,advance_days,draw_start_time,draw_end_time,status,pond_id,default_price FROM time_slot WHERE id IN ( ? , ? )
==> Parameters: 16(Long), 15(Long)
<==    Columns: id, slot_date, slot_name, start_time, end_time, max_bookings, advance_days, draw_start_time, draw_end_time, status, pond_id, default_price
<==        Row: 15, 2026-07-16, 早场, 06:00:00, 12:00:00, 10, 7, 2026-07-15 00:00:00, 2026-07-16 00:00:00, 1, 1, null
<==        Row: 16, 2026-07-18, 晚场, 06:00:00, 12:00:00, 10, 7, 2026-07-15 00:00:00, 2026-07-16 00:00:00, 1, 1, null
<==      Total: 2
Closing non transactional SqlSession [org.apache.ibatis.session.defaults.DefaultSqlSession@58b06ba7]
Creating a new SqlSession
SqlSession [org.apache.ibatis.session.defaults.DefaultSqlSession@5610e1ab] was not registered for synchronization because synchronization is not active
JDBC Connection [HikariProxyConnection@229000605 wrapping com.mysql.cj.jdbc.ConnectionImpl@37cbfa74] will not be managed by Spring
==>  Preparing: SELECT id,name,address,phone,merchant_id,status,create_time,update_time FROM pond WHERE id IN ( ? )
==> Parameters: 1(Long)
<==    Columns: id, name, address, phone, merchant_id, status, create_time, update_time
<==        Row: 1, 默认鱼塘, 系统默认鱼塘, , 9, 1, 2026-07-15 15:30:25, 2026-07-15 15:30:25
<==      Total: 1
Closing non transactional SqlSession [org.apache.ibatis.session.defaults.DefaultSqlSession@5610e1ab]
Creating a new SqlSession
Creating a new SqlSession
Creating a new SqlSession
SqlSession [org.apache.ibatis.session.defaults.DefaultSqlSession@436ff4ce] was not registered for synchronization because synchronization is not active
SqlSession [org.apache.ibatis.session.defaults.DefaultSqlSession@26122fc4] was not registered for synchronization because synchronization is not active
SqlSession [org.apache.ibatis.session.defaults.DefaultSqlSession@f8ac660] was not registered for synchronization because synchronization is not active
JDBC Connection [HikariProxyConnection@464728957 wrapping com.mysql.cj.jdbc.ConnectionImpl@37cbfa74] will not be managed by Spring
==>  Preparing: SELECT id,phone,nickname,password,role,admin_type,pond_id,staff_id,status,email,create_time,last_login_time FROM sys_user WHERE id=?
JDBC Connection [HikariProxyConnection@2070227503 wrapping com.mysql.cj.jdbc.ConnectionImpl@64db679d] will not be managed by Spring
==> Parameters: 10(Long)
JDBC Connection [HikariProxyConnection@1202954537 wrapping com.mysql.cj.jdbc.ConnectionImpl@cb54944] will not be managed by Spring
==>  Preparing: SELECT id,phone,nickname,password,role,admin_type,pond_id,staff_id,status,email,create_time,last_login_time FROM sys_user WHERE id=?
==>  Preparing: SELECT id,phone,nickname,password,role,admin_type,pond_id,staff_id,status,email,create_time,last_login_time FROM sys_user WHERE id=?
==> Parameters: 10(Long)
==> Parameters: 10(Long)
<==    Columns: id, phone, nickname, password, role, admin_type, pond_id, staff_id, status, email, create_time, last_login_time
<==    Columns: id, phone, nickname, password, role, admin_type, pond_id, staff_id, status, email, create_time, last_login_time
<==    Columns: id, phone, nickname, password, role, admin_type, pond_id, staff_id, status, email, create_time, last_login_time
<==        Row: 10, 17767113837, 21, $2a$10$xTJlJQJEEWnL.gFQ5zXVu.9LZv9YzlOLYfCeQNEYtyq5D3fYt780., 0, null, null, null, 1, null, 2026-07-20 10:26:53, 2026-07-20 10:27:09
<==        Row: 10, 17767113837, 21, $2a$10$xTJlJQJEEWnL.gFQ5zXVu.9LZv9YzlOLYfCeQNEYtyq5D3fYt780., 0, null, null, null, 1, null, 2026-07-20 10:26:53, 2026-07-20 10:27:09
<==        Row: 10, 17767113837, 21, $2a$10$xTJlJQJEEWnL.gFQ5zXVu.9LZv9YzlOLYfCeQNEYtyq5D3fYt780., 0, null, null, null, 1, null, 2026-07-20 10:26:53, 2026-07-20 10:27:09
<==      Total: 1
<==      Total: 1
Closing non transactional SqlSession [org.apache.ibatis.session.defaults.DefaultSqlSession@436ff4ce]
<==      Total: 1
Closing non transactional SqlSession [org.apache.ibatis.session.defaults.DefaultSqlSession@26122fc4]
Creating a new SqlSession
Closing non transactional SqlSession [org.apache.ibatis.session.defaults.DefaultSqlSession@f8ac660]
Creating a new SqlSession
SqlSession [org.apache.ibatis.session.defaults.DefaultSqlSession@4ec3622a] was not registered for synchronization because synchronization is not active
SqlSession [org.apache.ibatis.session.defaults.DefaultSqlSession@204b827d] was not registered for synchronization because synchronization is not active
Creating a new SqlSession
SqlSession [org.apache.ibatis.session.defaults.DefaultSqlSession@24c5da68] was not registered for synchronization because synchronization is not active
JDBC Connection [HikariProxyConnection@1924540088 wrapping com.mysql.cj.jdbc.ConnectionImpl@64db679d] will not be managed by Spring
==>  Preparing: SELECT id,reservation_id,user_id,slot_id,spot_id,draw_time,pond_id FROM draw_result WHERE (user_id = ?) ORDER BY draw_time DESC
JDBC Connection [HikariProxyConnection@395371967 wrapping com.mysql.cj.jdbc.ConnectionImpl@37cbfa74] will not be managed by Spring
==> Parameters: 10(Long)
JDBC Connection [HikariProxyConnection@2099622230 wrapping com.mysql.cj.jdbc.ConnectionImpl@cb54944] will not be managed by Spring
==>  Preparing: SELECT id,slot_date,slot_name,start_time,end_time,max_bookings,advance_days,draw_start_time,draw_end_time,status,pond_id,default_price FROM time_slot WHERE (status = ?)
==>  Preparing: SELECT id,user_id,slot_id,status,create_time,cancel_time,cancel_reason,pond_id,checkin_code,actual_fee,check_in_time FROM reservation WHERE (user_id = ?) ORDER BY create_time DESC
<==      Total: 0
==> Parameters: 1(Integer)
Closing non transactional SqlSession [org.apache.ibatis.session.defaults.DefaultSqlSession@4ec3622a]
==> Parameters: 10(Long)
<==    Columns: id, slot_date, slot_name, start_time, end_time, max_bookings, advance_days, draw_start_time, draw_end_time, status, pond_id, default_price
<==        Row: 15, 2026-07-16, 早场, 06:00:00, 12:00:00, 10, 7, 2026-07-15 00:00:00, 2026-07-16 00:00:00, 1, 1, null
<==    Columns: id, user_id, slot_id, status, create_time, cancel_time, cancel_reason, pond_id, checkin_code, actual_fee, check_in_time
<==        Row: 16, 2026-07-18, 晚场, 06:00:00, 12:00:00, 10, 7, 2026-07-15 00:00:00, 2026-07-16 00:00:00, 1, 1, null
<==        Row: 22, 10, 16, 过期失效, 2026-07-20 10:27:37, null, null, 1, 130151, null, null
<==        Row: 17, 2026-07-17, 午场, 06:00:00, 12:00:00, 10, 7, 2026-07-15 00:00:00, 2026-07-16 00:00:00, 1, 1, null
<==        Row: 21, 10, 15, 过期失效, 2026-07-20 10:27:14, null, null, 1, 424796, null, null
<==      Total: 3
<==      Total: 2
Closing non transactional SqlSession [org.apache.ibatis.session.defaults.DefaultSqlSession@204b827d]
Closing non transactional SqlSession [org.apache.ibatis.session.defaults.DefaultSqlSession@24c5da68]
Creating a new SqlSession
SqlSession [org.apache.ibatis.session.defaults.DefaultSqlSession@7daedd8] was not registered for synchronization because synchronization is not active
JDBC Connection [HikariProxyConnection@222716369 wrapping com.mysql.cj.jdbc.ConnectionImpl@cb54944] will not be managed by Spring
==>  Preparing: SELECT id,phone,nickname,password,role,admin_type,pond_id,staff_id,status,email,create_time,last_login_time FROM sys_user WHERE id IN ( ? )
==> Parameters: 10(Long)
<==    Columns: id, phone, nickname, password, role, admin_type, pond_id, staff_id, status, email, create_time, last_login_time
<==        Row: 10, 17767113837, 21, $2a$10$xTJlJQJEEWnL.gFQ5zXVu.9LZv9YzlOLYfCeQNEYtyq5D3fYt780., 0, null, null, null, 1, null, 2026-07-20 10:26:53, 2026-07-20 10:27:09
<==      Total: 1
Closing non transactional SqlSession [org.apache.ibatis.session.defaults.DefaultSqlSession@7daedd8]
Creating a new SqlSession
SqlSession [org.apache.ibatis.session.defaults.DefaultSqlSession@559d94d6] was not registered for synchronization because synchronization is not active
JDBC Connection [HikariProxyConnection@100210576 wrapping com.mysql.cj.jdbc.ConnectionImpl@cb54944] will not be managed by Spring
==>  Preparing: SELECT id,slot_date,slot_name,start_time,end_time,max_bookings,advance_days,draw_start_time,draw_end_time,status,pond_id,default_price FROM time_slot WHERE id IN ( ? , ? )
==> Parameters: 16(Long), 15(Long)
<==    Columns: id, slot_date, slot_name, start_time, end_time, max_bookings, advance_days, draw_start_time, draw_end_time, status, pond_id, default_price
<==        Row: 15, 2026-07-16, 早场, 06:00:00, 12:00:00, 10, 7, 2026-07-15 00:00:00, 2026-07-16 00:00:00, 1, 1, null
<==        Row: 16, 2026-07-18, 晚场, 06:00:00, 12:00:00, 10, 7, 2026-07-15 00:00:00, 2026-07-16 00:00:00, 1, 1, null
<==      Total: 2
Closing non transactional SqlSession [org.apache.ibatis.session.defaults.DefaultSqlSession@559d94d6]
Creating a new SqlSession
SqlSession [org.apache.ibatis.session.defaults.DefaultSqlSession@2854c7f6] was not registered for synchronization because synchronization is not active
JDBC Connection [HikariProxyConnection@290905358 wrapping com.mysql.cj.jdbc.ConnectionImpl@cb54944] will not be managed by Spring
==>  Preparing: SELECT id,name,address,phone,merchant_id,status,create_time,update_time FROM pond WHERE id IN ( ? )
==> Parameters: 1(Long)
<==    Columns: id, name, address, phone, merchant_id, status, create_time, update_time
<==        Row: 1, 默认鱼塘, 系统默认鱼塘, , 9, 1, 2026-07-15 15:30:25, 2026-07-15 15:30:25
<==      Total: 1
Closing non transactional SqlSession [org.apache.ibatis.session.defaults.DefaultSqlSession@2854c7f6]
2026-07-20 15:50:00.012  INFO 72008 --- [   scheduling-1] c.e.fishing.job.ExpireReservationJob     : 开始执行预约过期失效定时任务
Creating a new SqlSession
Registering transaction synchronization for SqlSession [org.apache.ibatis.session.defaults.DefaultSqlSession@6f22c492]
JDBC Connection [HikariProxyConnection@476617197 wrapping com.mysql.cj.jdbc.ConnectionImpl@37cbfa74] will be managed by Spring
==>  Preparing: SELECT id,slot_date,slot_name,start_time,end_time,max_bookings,advance_days,draw_start_time,draw_end_time,status,pond_id,default_price FROM time_slot WHERE (status = ? AND draw_end_time < ?)
==> Parameters: 1(Integer), 2026-07-20T15:50:00.021874300(LocalDateTime)
<==    Columns: id, slot_date, slot_name, start_time, end_time, max_bookings, advance_days, draw_start_time, draw_end_time, status, pond_id, default_price
<==        Row: 15, 2026-07-16, 早场, 06:00:00, 12:00:00, 10, 7, 2026-07-15 00:00:00, 2026-07-16 00:00:00, 1, 1, null
<==        Row: 16, 2026-07-18, 晚场, 06:00:00, 12:00:00, 10, 7, 2026-07-15 00:00:00, 2026-07-16 00:00:00, 1, 1, null
<==        Row: 17, 2026-07-17, 午场, 06:00:00, 12:00:00, 10, 7, 2026-07-15 00:00:00, 2026-07-16 00:00:00, 1, 1, null
<==      Total: 3
Releasing transactional SqlSession [org.apache.ibatis.session.defaults.DefaultSqlSession@6f22c492]
Fetched SqlSession [org.apache.ibatis.session.defaults.DefaultSqlSession@6f22c492] from current transaction
==>  Preparing: SELECT id,user_id,slot_id,status,create_time,cancel_time,cancel_reason,pond_id,checkin_code,actual_fee,check_in_time FROM reservation WHERE (slot_id = ? AND status = ?)
==> Parameters: 15(Long), 待抽号(String)
<==      Total: 0
Releasing transactional SqlSession [org.apache.ibatis.session.defaults.DefaultSqlSession@6f22c492]
Fetched SqlSession [org.apache.ibatis.session.defaults.DefaultSqlSession@6f22c492] from current transaction
==>  Preparing: SELECT id,user_id,slot_id,status,create_time,cancel_time,cancel_reason,pond_id,checkin_code,actual_fee,check_in_time FROM reservation WHERE (slot_id = ? AND status = ?)
==> Parameters: 16(Long), 待抽号(String)
<==      Total: 0
Releasing transactional SqlSession [org.apache.ibatis.session.defaults.DefaultSqlSession@6f22c492]
Fetched SqlSession [org.apache.ibatis.session.defaults.DefaultSqlSession@6f22c492] from current transaction
==>  Preparing: SELECT id,user_id,slot_id,status,create_time,cancel_time,cancel_reason,pond_id,checkin_code,actual_fee,check_in_time FROM reservation WHERE (slot_id = ? AND status = ?)
==> Parameters: 17(Long), 待抽号(String)
<==      Total: 0
Releasing transactional SqlSession [org.apache.ibatis.session.defaults.DefaultSqlSession@6f22c492]
Transaction synchronization committing SqlSession [org.apache.ibatis.session.defaults.DefaultSqlSession@6f22c492]
Transaction synchronization deregistering SqlSession [org.apache.ibatis.session.defaults.DefaultSqlSession@6f22c492]
Transaction synchronization closing SqlSession [org.apache.ibatis.session.defaults.DefaultSqlSession@6f22c492]
2026-07-20 15:50:00.033  INFO 72008 --- [   scheduling-1] c.e.fishing.job.ExpireReservationJob     : 预约过期失效定时任务执行完成
Creating a new SqlSession
SqlSession [org.apache.ibatis.session.defaults.DefaultSqlSession@13ae95fa] was not registered for synchronization because synchronization is not active
Creating a new SqlSession
SqlSession [org.apache.ibatis.session.defaults.DefaultSqlSession@27b07351] was not registered for synchronization because synchronization is not active
Creating a new SqlSession
SqlSession [org.apache.ibatis.session.defaults.DefaultSqlSession@184aa78c] was not registered for synchronization because synchronization is not active
JDBC Connection [HikariProxyConnection@1970206977 wrapping com.mysql.cj.jdbc.ConnectionImpl@64db679d] will not be managed by Spring
JDBC Connection [HikariProxyConnection@998012505 wrapping com.mysql.cj.jdbc.ConnectionImpl@357eab52] will not be managed by Spring
==>  Preparing: SELECT id,phone,nickname,password,role,admin_type,pond_id,staff_id,status,email,create_time,last_login_time FROM sys_user WHERE id=?
JDBC Connection [HikariProxyConnection@1618788410 wrapping com.mysql.cj.jdbc.ConnectionImpl@425bfef8] will not be managed by Spring
==> Parameters: 10(Long)
==>  Preparing: SELECT id,phone,nickname,password,role,admin_type,pond_id,staff_id,status,email,create_time,last_login_time FROM sys_user WHERE id=?
==> Parameters: 10(Long)
==>  Preparing: SELECT id,phone,nickname,password,role,admin_type,pond_id,staff_id,status,email,create_time,last_login_time FROM sys_user WHERE id=?
==> Parameters: 10(Long)
<==    Columns: id, phone, nickname, password, role, admin_type, pond_id, staff_id, status, email, create_time, last_login_time
<==        Row: 10, 17767113837, 21, $2a$10$xTJlJQJEEWnL.gFQ5zXVu.9LZv9YzlOLYfCeQNEYtyq5D3fYt780., 0, null, null, null, 1, null, 2026-07-20 10:26:53, 2026-07-20 10:27:09
<==    Columns: id, phone, nickname, password, role, admin_type, pond_id, staff_id, status, email, create_time, last_login_time
<==      Total: 1
<==    Columns: id, phone, nickname, password, role, admin_type, pond_id, staff_id, status, email, create_time, last_login_time
Closing non transactional SqlSession [org.apache.ibatis.session.defaults.DefaultSqlSession@27b07351]
<==        Row: 10, 17767113837, 21, $2a$10$xTJlJQJEEWnL.gFQ5zXVu.9LZv9YzlOLYfCeQNEYtyq5D3fYt780., 0, null, null, null, 1, null, 2026-07-20 10:26:53, 2026-07-20 10:27:09
<==        Row: 10, 17767113837, 21, $2a$10$xTJlJQJEEWnL.gFQ5zXVu.9LZv9YzlOLYfCeQNEYtyq5D3fYt780., 0, null, null, null, 1, null, 2026-07-20 10:26:53, 2026-07-20 10:27:09
<==      Total: 1
Closing non transactional SqlSession [org.apache.ibatis.session.defaults.DefaultSqlSession@184aa78c]
<==      Total: 1
Creating a new SqlSession
Creating a new SqlSession
SqlSession [org.apache.ibatis.session.defaults.DefaultSqlSession@3d4fc9d1] was not registered for synchronization because synchronization is not active
SqlSession [org.apache.ibatis.session.defaults.DefaultSqlSession@55d2f0c9] was not registered for synchronization because synchronization is not active
Closing non transactional SqlSession [org.apache.ibatis.session.defaults.DefaultSqlSession@13ae95fa]
JDBC Connection [HikariProxyConnection@432086994 wrapping com.mysql.cj.jdbc.ConnectionImpl@64db679d] will not be managed by Spring
Creating a new SqlSession
JDBC Connection [HikariProxyConnection@409553720 wrapping com.mysql.cj.jdbc.ConnectionImpl@357eab52] will not be managed by Spring
SqlSession [org.apache.ibatis.session.defaults.DefaultSqlSession@73eb462d] was not registered for synchronization because synchronization is not active
==>  Preparing: SELECT id,slot_date,slot_name,start_time,end_time,max_bookings,advance_days,draw_start_time,draw_end_time,status,pond_id,default_price FROM time_slot WHERE (status = ?)
JDBC Connection [HikariProxyConnection@344788207 wrapping com.mysql.cj.jdbc.ConnectionImpl@425bfef8] will not be managed by Spring
==>  Preparing: SELECT id,reservation_id,user_id,slot_id,spot_id,draw_time,pond_id FROM draw_result WHERE (user_id = ?) ORDER BY draw_time DESC
==>  Preparing: SELECT id,user_id,slot_id,status,create_time,cancel_time,cancel_reason,pond_id,checkin_code,actual_fee,check_in_time FROM reservation WHERE (user_id = ?) ORDER BY create_time DESC
==> Parameters: 1(Integer)
==> Parameters: 10(Long)
==> Parameters: 10(Long)
<==    Columns: id, slot_date, slot_name, start_time, end_time, max_bookings, advance_days, draw_start_time, draw_end_time, status, pond_id, default_price
<==    Columns: id, user_id, slot_id, status, create_time, cancel_time, cancel_reason, pond_id, checkin_code, actual_fee, check_in_time
<==      Total: 0
<==        Row: 15, 2026-07-16, 早场, 06:00:00, 12:00:00, 10, 7, 2026-07-15 00:00:00, 2026-07-16 00:00:00, 1, 1, null
Closing non transactional SqlSession [org.apache.ibatis.session.defaults.DefaultSqlSession@55d2f0c9]
<==        Row: 16, 2026-07-18, 晚场, 06:00:00, 12:00:00, 10, 7, 2026-07-15 00:00:00, 2026-07-16 00:00:00, 1, 1, null
<==        Row: 17, 2026-07-17, 午场, 06:00:00, 12:00:00, 10, 7, 2026-07-15 00:00:00, 2026-07-16 00:00:00, 1, 1, null
<==      Total: 3
Closing non transactional SqlSession [org.apache.ibatis.session.defaults.DefaultSqlSession@3d4fc9d1]
<==        Row: 22, 10, 16, 过期失效, 2026-07-20 10:27:37, null, null, 1, 130151, null, null
<==        Row: 21, 10, 15, 过期失效, 2026-07-20 10:27:14, null, null, 1, 424796, null, null
<==      Total: 2
Closing non transactional SqlSession [org.apache.ibatis.session.defaults.DefaultSqlSession@73eb462d]
Creating a new SqlSession
SqlSession [org.apache.ibatis.session.defaults.DefaultSqlSession@604ef795] was not registered for synchronization because synchronization is not active
JDBC Connection [HikariProxyConnection@1237127071 wrapping com.mysql.cj.jdbc.ConnectionImpl@425bfef8] will not be managed by Spring
==>  Preparing: SELECT id,phone,nickname,password,role,admin_type,pond_id,staff_id,status,email,create_time,last_login_time FROM sys_user WHERE id IN ( ? )
==> Parameters: 10(Long)
<==    Columns: id, phone, nickname, password, role, admin_type, pond_id, staff_id, status, email, create_time, last_login_time
<==        Row: 10, 17767113837, 21, $2a$10$xTJlJQJEEWnL.gFQ5zXVu.9LZv9YzlOLYfCeQNEYtyq5D3fYt780., 0, null, null, null, 1, null, 2026-07-20 10:26:53, 2026-07-20 10:27:09
<==      Total: 1
Closing non transactional SqlSession [org.apache.ibatis.session.defaults.DefaultSqlSession@604ef795]
Creating a new SqlSession
SqlSession [org.apache.ibatis.session.defaults.DefaultSqlSession@14663101] was not registered for synchronization because synchronization is not active
JDBC Connection [HikariProxyConnection@58957383 wrapping com.mysql.cj.jdbc.ConnectionImpl@425bfef8] will not be managed by Spring
==>  Preparing: SELECT id,slot_date,slot_name,start_time,end_time,max_bookings,advance_days,draw_start_time,draw_end_time,status,pond_id,default_price FROM time_slot WHERE id IN ( ? , ? )
==> Parameters: 16(Long), 15(Long)
<==    Columns: id, slot_date, slot_name, start_time, end_time, max_bookings, advance_days, draw_start_time, draw_end_time, status, pond_id, default_price
<==        Row: 15, 2026-07-16, 早场, 06:00:00, 12:00:00, 10, 7, 2026-07-15 00:00:00, 2026-07-16 00:00:00, 1, 1, null
<==        Row: 16, 2026-07-18, 晚场, 06:00:00, 12:00:00, 10, 7, 2026-07-15 00:00:00, 2026-07-16 00:00:00, 1, 1, null
<==      Total: 2
Closing non transactional SqlSession [org.apache.ibatis.session.defaults.DefaultSqlSession@14663101]
Creating a new SqlSession
SqlSession [org.apache.ibatis.session.defaults.DefaultSqlSession@4b605630] was not registered for synchronization because synchronization is not active
JDBC Connection [HikariProxyConnection@1856739428 wrapping com.mysql.cj.jdbc.ConnectionImpl@425bfef8] will not be managed by Spring
==>  Preparing: SELECT id,name,address,phone,merchant_id,status,create_time,update_time FROM pond WHERE id IN ( ? )
==> Parameters: 1(Long)
<==    Columns: id, name, address, phone, merchant_id, status, create_time, update_time
<==        Row: 1, 默认鱼塘, 系统默认鱼塘, , 9, 1, 2026-07-15 15:30:25, 2026-07-15 15:30:25
<==      Total: 1
Closing non transactional SqlSession [org.apache.ibatis.session.defaults.DefaultSqlSession@4b605630]
Creating a new SqlSession
Creating a new SqlSession
SqlSession [org.apache.ibatis.session.defaults.DefaultSqlSession@5f653af8] was not registered for synchronization because synchronization is not active
Creating a new SqlSession
SqlSession [org.apache.ibatis.session.defaults.DefaultSqlSession@52786a63] was not registered for synchronization because synchronization is not active
JDBC Connection [HikariProxyConnection@182636812 wrapping com.mysql.cj.jdbc.ConnectionImpl@64db679d] will not be managed by Spring
SqlSession [org.apache.ibatis.session.defaults.DefaultSqlSession@7dfa0338] was not registered for synchronization because synchronization is not active
==>  Preparing: SELECT id,phone,nickname,password,role,admin_type,pond_id,staff_id,status,email,create_time,last_login_time FROM sys_user WHERE id=?
JDBC Connection [HikariProxyConnection@169430375 wrapping com.mysql.cj.jdbc.ConnectionImpl@cb54944] will not be managed by Spring
JDBC Connection [HikariProxyConnection@43378182 wrapping com.mysql.cj.jdbc.ConnectionImpl@37cbfa74] will not be managed by Spring
==> Parameters: 10(Long)
==>  Preparing: SELECT id,phone,nickname,password,role,admin_type,pond_id,staff_id,status,email,create_time,last_login_time FROM sys_user WHERE id=?
==>  Preparing: SELECT id,phone,nickname,password,role,admin_type,pond_id,staff_id,status,email,create_time,last_login_time FROM sys_user WHERE id=?
==> Parameters: 10(Long)
==> Parameters: 10(Long)
<==    Columns: id, phone, nickname, password, role, admin_type, pond_id, staff_id, status, email, create_time, last_login_time
<==    Columns: id, phone, nickname, password, role, admin_type, pond_id, staff_id, status, email, create_time, last_login_time
<==    Columns: id, phone, nickname, password, role, admin_type, pond_id, staff_id, status, email, create_time, last_login_time
<==        Row: 10, 17767113837, 21, $2a$10$xTJlJQJEEWnL.gFQ5zXVu.9LZv9YzlOLYfCeQNEYtyq5D3fYt780., 0, null, null, null, 1, null, 2026-07-20 10:26:53, 2026-07-20 10:27:09
<==        Row: 10, 17767113837, 21, $2a$10$xTJlJQJEEWnL.gFQ5zXVu.9LZv9YzlOLYfCeQNEYtyq5D3fYt780., 0, null, null, null, 1, null, 2026-07-20 10:26:53, 2026-07-20 10:27:09
<==      Total: 1
<==        Row: 10, 17767113837, 21, $2a$10$xTJlJQJEEWnL.gFQ5zXVu.9LZv9YzlOLYfCeQNEYtyq5D3fYt780., 0, null, null, null, 1, null, 2026-07-20 10:26:53, 2026-07-20 10:27:09
<==      Total: 1
<==      Total: 1
Closing non transactional SqlSession [org.apache.ibatis.session.defaults.DefaultSqlSession@7dfa0338]
Closing non transactional SqlSession [org.apache.ibatis.session.defaults.DefaultSqlSession@52786a63]
Closing non transactional SqlSession [org.apache.ibatis.session.defaults.DefaultSqlSession@5f653af8]
Creating a new SqlSession
Creating a new SqlSession
Creating a new SqlSession
SqlSession [org.apache.ibatis.session.defaults.DefaultSqlSession@6b24de7f] was not registered for synchronization because synchronization is not active
SqlSession [org.apache.ibatis.session.defaults.DefaultSqlSession@725ceda] was not registered for synchronization because synchronization is not active
SqlSession [org.apache.ibatis.session.defaults.DefaultSqlSession@2326c96] was not registered for synchronization because synchronization is not active
JDBC Connection [HikariProxyConnection@501254937 wrapping com.mysql.cj.jdbc.ConnectionImpl@64db679d] will not be managed by Spring
JDBC Connection [HikariProxyConnection@327689665 wrapping com.mysql.cj.jdbc.ConnectionImpl@cb54944] will not be managed by Spring
==>  Preparing: SELECT id,slot_date,slot_name,start_time,end_time,max_bookings,advance_days,draw_start_time,draw_end_time,status,pond_id,default_price FROM time_slot WHERE (status = ?)
JDBC Connection [HikariProxyConnection@711720645 wrapping com.mysql.cj.jdbc.ConnectionImpl@37cbfa74] will not be managed by Spring
==> Parameters: 1(Integer)
==>  Preparing: SELECT id,reservation_id,user_id,slot_id,spot_id,draw_time,pond_id FROM draw_result WHERE (user_id = ?) ORDER BY draw_time DESC
==>  Preparing: SELECT id,user_id,slot_id,status,create_time,cancel_time,cancel_reason,pond_id,checkin_code,actual_fee,check_in_time FROM reservation WHERE (user_id = ?) ORDER BY create_time DESC
==> Parameters: 10(Long)
<==    Columns: id, slot_date, slot_name, start_time, end_time, max_bookings, advance_days, draw_start_time, draw_end_time, status, pond_id, default_price
==> Parameters: 10(Long)
<==        Row: 15, 2026-07-16, 早场, 06:00:00, 12:00:00, 10, 7, 2026-07-15 00:00:00, 2026-07-16 00:00:00, 1, 1, null
<==      Total: 0
<==        Row: 16, 2026-07-18, 晚场, 06:00:00, 12:00:00, 10, 7, 2026-07-15 00:00:00, 2026-07-16 00:00:00, 1, 1, null
Closing non transactional SqlSession [org.apache.ibatis.session.defaults.DefaultSqlSession@6b24de7f]
<==    Columns: id, user_id, slot_id, status, create_time, cancel_time, cancel_reason, pond_id, checkin_code, actual_fee, check_in_time
<==        Row: 17, 2026-07-17, 午场, 06:00:00, 12:00:00, 10, 7, 2026-07-15 00:00:00, 2026-07-16 00:00:00, 1, 1, null
<==        Row: 22, 10, 16, 过期失效, 2026-07-20 10:27:37, null, null, 1, 130151, null, null
<==      Total: 3
Closing non transactional SqlSession [org.apache.ibatis.session.defaults.DefaultSqlSession@2326c96]
<==        Row: 21, 10, 15, 过期失效, 2026-07-20 10:27:14, null, null, 1, 424796, null, null
<==      Total: 2
Closing non transactional SqlSession [org.apache.ibatis.session.defaults.DefaultSqlSession@725ceda]
Creating a new SqlSession
SqlSession [org.apache.ibatis.session.defaults.DefaultSqlSession@2fcb36dd] was not registered for synchronization because synchronization is not active
JDBC Connection [HikariProxyConnection@103902944 wrapping com.mysql.cj.jdbc.ConnectionImpl@37cbfa74] will not be managed by Spring
==>  Preparing: SELECT id,phone,nickname,password,role,admin_type,pond_id,staff_id,status,email,create_time,last_login_time FROM sys_user WHERE id IN ( ? )
==> Parameters: 10(Long)
<==    Columns: id, phone, nickname, password, role, admin_type, pond_id, staff_id, status, email, create_time, last_login_time
<==        Row: 10, 17767113837, 21, $2a$10$xTJlJQJEEWnL.gFQ5zXVu.9LZv9YzlOLYfCeQNEYtyq5D3fYt780., 0, null, null, null, 1, null, 2026-07-20 10:26:53, 2026-07-20 10:27:09
<==      Total: 1
Closing non transactional SqlSession [org.apache.ibatis.session.defaults.DefaultSqlSession@2fcb36dd]
Creating a new SqlSession
SqlSession [org.apache.ibatis.session.defaults.DefaultSqlSession@6863425e] was not registered for synchronization because synchronization is not active
JDBC Connection [HikariProxyConnection@518585425 wrapping com.mysql.cj.jdbc.ConnectionImpl@37cbfa74] will not be managed by Spring
==>  Preparing: SELECT id,slot_date,slot_name,start_time,end_time,max_bookings,advance_days,draw_start_time,draw_end_time,status,pond_id,default_price FROM time_slot WHERE id IN ( ? , ? )
==> Parameters: 16(Long), 15(Long)
<==    Columns: id, slot_date, slot_name, start_time, end_time, max_bookings, advance_days, draw_start_time, draw_end_time, status, pond_id, default_price
<==        Row: 15, 2026-07-16, 早场, 06:00:00, 12:00:00, 10, 7, 2026-07-15 00:00:00, 2026-07-16 00:00:00, 1, 1, null
<==        Row: 16, 2026-07-18, 晚场, 06:00:00, 12:00:00, 10, 7, 2026-07-15 00:00:00, 2026-07-16 00:00:00, 1, 1, null
<==      Total: 2
Closing non transactional SqlSession [org.apache.ibatis.session.defaults.DefaultSqlSession@6863425e]
Creating a new SqlSession
SqlSession [org.apache.ibatis.session.defaults.DefaultSqlSession@2969b8de] was not registered for synchronization because synchronization is not active
JDBC Connection [HikariProxyConnection@1542094367 wrapping com.mysql.cj.jdbc.ConnectionImpl@37cbfa74] will not be managed by Spring
==>  Preparing: SELECT id,name,address,phone,merchant_id,status,create_time,update_time FROM pond WHERE id IN ( ? )
==> Parameters: 1(Long)
<==    Columns: id, name, address, phone, merchant_id, status, create_time, update_time
<==        Row: 1, 默认鱼塘, 系统默认鱼塘, , 9, 1, 2026-07-15 15:30:25, 2026-07-15 15:30:25
<==      Total: 1
Closing non transactional SqlSession [org.apache.ibatis.session.defaults.DefaultSqlSession@2969b8de]
Creating a new SqlSession
Creating a new SqlSession
SqlSession [org.apache.ibatis.session.defaults.DefaultSqlSession@5f88e37f] was not registered for synchronization because synchronization is not active
Creating a new SqlSession
SqlSession [org.apache.ibatis.session.defaults.DefaultSqlSession@59aac810] was not registered for synchronization because synchronization is not active
SqlSession [org.apache.ibatis.session.defaults.DefaultSqlSession@1aa7a7a1] was not registered for synchronization because synchronization is not active
JDBC Connection [HikariProxyConnection@630124850 wrapping com.mysql.cj.jdbc.ConnectionImpl@cb54944] will not be managed by Spring
JDBC Connection [HikariProxyConnection@2025402455 wrapping com.mysql.cj.jdbc.ConnectionImpl@37cbfa74] will not be managed by Spring
==>  Preparing: SELECT id,phone,nickname,password,role,admin_type,pond_id,staff_id,status,email,create_time,last_login_time FROM sys_user WHERE id=?
JDBC Connection [HikariProxyConnection@339916916 wrapping com.mysql.cj.jdbc.ConnectionImpl@64db679d] will not be managed by Spring
==>  Preparing: SELECT id,phone,nickname,password,role,admin_type,pond_id,staff_id,status,email,create_time,last_login_time FROM sys_user WHERE id=?
==> Parameters: 10(Long)
==>  Preparing: SELECT id,phone,nickname,password,role,admin_type,pond_id,staff_id,status,email,create_time,last_login_time FROM sys_user WHERE id=?
==> Parameters: 10(Long)
==> Parameters: 10(Long)
<==    Columns: id, phone, nickname, password, role, admin_type, pond_id, staff_id, status, email, create_time, last_login_time
<==    Columns: id, phone, nickname, password, role, admin_type, pond_id, staff_id, status, email, create_time, last_login_time
<==        Row: 10, 17767113837, 21, $2a$10$xTJlJQJEEWnL.gFQ5zXVu.9LZv9YzlOLYfCeQNEYtyq5D3fYt780., 0, null, null, null, 1, null, 2026-07-20 10:26:53, 2026-07-20 10:27:09
<==    Columns: id, phone, nickname, password, role, admin_type, pond_id, staff_id, status, email, create_time, last_login_time
<==      Total: 1
<==        Row: 10, 17767113837, 21, $2a$10$xTJlJQJEEWnL.gFQ5zXVu.9LZv9YzlOLYfCeQNEYtyq5D3fYt780., 0, null, null, null, 1, null, 2026-07-20 10:26:53, 2026-07-20 10:27:09
Closing non transactional SqlSession [org.apache.ibatis.session.defaults.DefaultSqlSession@1aa7a7a1]
<==        Row: 10, 17767113837, 21, $2a$10$xTJlJQJEEWnL.gFQ5zXVu.9LZv9YzlOLYfCeQNEYtyq5D3fYt780., 0, null, null, null, 1, null, 2026-07-20 10:26:53, 2026-07-20 10:27:09
<==      Total: 1
<==      Total: 1
Closing non transactional SqlSession [org.apache.ibatis.session.defaults.DefaultSqlSession@59aac810]
Creating a new SqlSession
Closing non transactional SqlSession [org.apache.ibatis.session.defaults.DefaultSqlSession@5f88e37f]
SqlSession [org.apache.ibatis.session.defaults.DefaultSqlSession@1fc01d02] was not registered for synchronization because synchronization is not active
Creating a new SqlSession
Creating a new SqlSession
SqlSession [org.apache.ibatis.session.defaults.DefaultSqlSession@70fb9232] was not registered for synchronization because synchronization is not active
JDBC Connection [HikariProxyConnection@947727348 wrapping com.mysql.cj.jdbc.ConnectionImpl@64db679d] will not be managed by Spring
SqlSession [org.apache.ibatis.session.defaults.DefaultSqlSession@5c08444f] was not registered for synchronization because synchronization is not active
==>  Preparing: SELECT id,user_id,slot_id,status,create_time,cancel_time,cancel_reason,pond_id,checkin_code,actual_fee,check_in_time FROM reservation WHERE (user_id = ?) ORDER BY create_time DESC
JDBC Connection [HikariProxyConnection@2132688501 wrapping com.mysql.cj.jdbc.ConnectionImpl@cb54944] will not be managed by Spring
==> Parameters: 10(Long)
JDBC Connection [HikariProxyConnection@1149491114 wrapping com.mysql.cj.jdbc.ConnectionImpl@37cbfa74] will not be managed by Spring
==>  Preparing: SELECT id,slot_date,slot_name,start_time,end_time,max_bookings,advance_days,draw_start_time,draw_end_time,status,pond_id,default_price FROM time_slot WHERE (status = ?)
==>  Preparing: SELECT id,reservation_id,user_id,slot_id,spot_id,draw_time,pond_id FROM draw_result WHERE (user_id = ?) ORDER BY draw_time DESC
<==    Columns: id, user_id, slot_id, status, create_time, cancel_time, cancel_reason, pond_id, checkin_code, actual_fee, check_in_time
==> Parameters: 1(Integer)
<==        Row: 22, 10, 16, 过期失效, 2026-07-20 10:27:37, null, null, 1, 130151, null, null
==> Parameters: 10(Long)
<==        Row: 21, 10, 15, 过期失效, 2026-07-20 10:27:14, null, null, 1, 424796, null, null
<==    Columns: id, slot_date, slot_name, start_time, end_time, max_bookings, advance_days, draw_start_time, draw_end_time, status, pond_id, default_price
<==      Total: 0
<==      Total: 2
Closing non transactional SqlSession [org.apache.ibatis.session.defaults.DefaultSqlSession@5c08444f]
<==        Row: 15, 2026-07-16, 早场, 06:00:00, 12:00:00, 10, 7, 2026-07-15 00:00:00, 2026-07-16 00:00:00, 1, 1, null
Closing non transactional SqlSession [org.apache.ibatis.session.defaults.DefaultSqlSession@1fc01d02]
<==        Row: 16, 2026-07-18, 晚场, 06:00:00, 12:00:00, 10, 7, 2026-07-15 00:00:00, 2026-07-16 00:00:00, 1, 1, null
Creating a new SqlSession
<==        Row: 17, 2026-07-17, 午场, 06:00:00, 12:00:00, 10, 7, 2026-07-15 00:00:00, 2026-07-16 00:00:00, 1, 1, null
SqlSession [org.apache.ibatis.session.defaults.DefaultSqlSession@570272a6] was not registered for synchronization because synchronization is not active
<==      Total: 3
JDBC Connection [HikariProxyConnection@1211456841 wrapping com.mysql.cj.jdbc.ConnectionImpl@64db679d] will not be managed by Spring
Closing non transactional SqlSession [org.apache.ibatis.session.defaults.DefaultSqlSession@70fb9232]
==>  Preparing: SELECT id,phone,nickname,password,role,admin_type,pond_id,staff_id,status,email,create_time,last_login_time FROM sys_user WHERE id IN ( ? )
==> Parameters: 10(Long)
<==    Columns: id, phone, nickname, password, role, admin_type, pond_id, staff_id, status, email, create_time, last_login_time
<==        Row: 10, 17767113837, 21, $2a$10$xTJlJQJEEWnL.gFQ5zXVu.9LZv9YzlOLYfCeQNEYtyq5D3fYt780., 0, null, null, null, 1, null, 2026-07-20 10:26:53, 2026-07-20 10:27:09
<==      Total: 1
Closing non transactional SqlSession [org.apache.ibatis.session.defaults.DefaultSqlSession@570272a6]
Creating a new SqlSession
SqlSession [org.apache.ibatis.session.defaults.DefaultSqlSession@4d433292] was not registered for synchronization because synchronization is not active
JDBC Connection [HikariProxyConnection@160497374 wrapping com.mysql.cj.jdbc.ConnectionImpl@64db679d] will not be managed by Spring
==>  Preparing: SELECT id,slot_date,slot_name,start_time,end_time,max_bookings,advance_days,draw_start_time,draw_end_time,status,pond_id,default_price FROM time_slot WHERE id IN ( ? , ? )
==> Parameters: 16(Long), 15(Long)
<==    Columns: id, slot_date, slot_name, start_time, end_time, max_bookings, advance_days, draw_start_time, draw_end_time, status, pond_id, default_price
<==        Row: 15, 2026-07-16, 早场, 06:00:00, 12:00:00, 10, 7, 2026-07-15 00:00:00, 2026-07-16 00:00:00, 1, 1, null
<==        Row: 16, 2026-07-18, 晚场, 06:00:00, 12:00:00, 10, 7, 2026-07-15 00:00:00, 2026-07-16 00:00:00, 1, 1, null
<==      Total: 2
Closing non transactional SqlSession [org.apache.ibatis.session.defaults.DefaultSqlSession@4d433292]
Creating a new SqlSession
SqlSession [org.apache.ibatis.session.defaults.DefaultSqlSession@452c7a88] was not registered for synchronization because synchronization is not active
JDBC Connection [HikariProxyConnection@288298781 wrapping com.mysql.cj.jdbc.ConnectionImpl@64db679d] will not be managed by Spring
==>  Preparing: SELECT id,name,address,phone,merchant_id,status,create_time,update_time FROM pond WHERE id IN ( ? )
==> Parameters: 1(Long)
<==    Columns: id, name, address, phone, merchant_id, status, create_time, update_time
<==        Row: 1, 默认鱼塘, 系统默认鱼塘, , 9, 1, 2026-07-15 15:30:25, 2026-07-15 15:30:25
<==      Total: 1
Closing non transactional SqlSession [org.apache.ibatis.session.defaults.DefaultSqlSession@452c7a88]
Creating a new SqlSession
Creating a new SqlSession
Creating a new SqlSession
SqlSession [org.apache.ibatis.session.defaults.DefaultSqlSession@7755bff9] was not registered for synchronization because synchronization is not active
SqlSession [org.apache.ibatis.session.defaults.DefaultSqlSession@3c4c9bda] was not registered for synchronization because synchronization is not active
SqlSession [org.apache.ibatis.session.defaults.DefaultSqlSession@4edbbd67] was not registered for synchronization because synchronization is not active
JDBC Connection [HikariProxyConnection@873980291 wrapping com.mysql.cj.jdbc.ConnectionImpl@64db679d] will not be managed by Spring
JDBC Connection [HikariProxyConnection@2128244770 wrapping com.mysql.cj.jdbc.ConnectionImpl@357eab52] will not be managed by Spring
JDBC Connection [HikariProxyConnection@130265946 wrapping com.mysql.cj.jdbc.ConnectionImpl@425bfef8] will not be managed by Spring
==>  Preparing: SELECT id,phone,nickname,password,role,admin_type,pond_id,staff_id,status,email,create_time,last_login_time FROM sys_user WHERE id=?
==>  Preparing: SELECT id,phone,nickname,password,role,admin_type,pond_id,staff_id,status,email,create_time,last_login_time FROM sys_user WHERE id=?
==>  Preparing: SELECT id,phone,nickname,password,role,admin_type,pond_id,staff_id,status,email,create_time,last_login_time FROM sys_user WHERE id=?
==> Parameters: 10(Long)
==> Parameters: 10(Long)
==> Parameters: 10(Long)
<==    Columns: id, phone, nickname, password, role, admin_type, pond_id, staff_id, status, email, create_time, last_login_time
<==    Columns: id, phone, nickname, password, role, admin_type, pond_id, staff_id, status, email, create_time, last_login_time
<==    Columns: id, phone, nickname, password, role, admin_type, pond_id, staff_id, status, email, create_time, last_login_time
<==        Row: 10, 17767113837, 21, $2a$10$xTJlJQJEEWnL.gFQ5zXVu.9LZv9YzlOLYfCeQNEYtyq5D3fYt780., 0, null, null, null, 1, null, 2026-07-20 10:26:53, 2026-07-20 10:27:09
<==        Row: 10, 17767113837, 21, $2a$10$xTJlJQJEEWnL.gFQ5zXVu.9LZv9YzlOLYfCeQNEYtyq5D3fYt780., 0, null, null, null, 1, null, 2026-07-20 10:26:53, 2026-07-20 10:27:09
<==      Total: 1
<==      Total: 1
<==        Row: 10, 17767113837, 21, $2a$10$xTJlJQJEEWnL.gFQ5zXVu.9LZv9YzlOLYfCeQNEYtyq5D3fYt780., 0, null, null, null, 1, null, 2026-07-20 10:26:53, 2026-07-20 10:27:09
Closing non transactional SqlSession [org.apache.ibatis.session.defaults.DefaultSqlSession@3c4c9bda]
Closing non transactional SqlSession [org.apache.ibatis.session.defaults.DefaultSqlSession@7755bff9]
<==      Total: 1
Creating a new SqlSession
Creating a new SqlSession
SqlSession [org.apache.ibatis.session.defaults.DefaultSqlSession@14b5757a] was not registered for synchronization because synchronization is not active
Closing non transactional SqlSession [org.apache.ibatis.session.defaults.DefaultSqlSession@4edbbd67]
SqlSession [org.apache.ibatis.session.defaults.DefaultSqlSession@15b8d0a7] was not registered for synchronization because synchronization is not active
JDBC Connection [HikariProxyConnection@1313192546 wrapping com.mysql.cj.jdbc.ConnectionImpl@64db679d] will not be managed by Spring
JDBC Connection [HikariProxyConnection@1299319681 wrapping com.mysql.cj.jdbc.ConnectionImpl@357eab52] will not be managed by Spring
Creating a new SqlSession
==>  Preparing: SELECT id,slot_date,slot_name,start_time,end_time,max_bookings,advance_days,draw_start_time,draw_end_time,status,pond_id,default_price FROM time_slot WHERE (status = ?)
==>  Preparing: SELECT id,user_id,slot_id,status,create_time,cancel_time,cancel_reason,pond_id,checkin_code,actual_fee,check_in_time FROM reservation WHERE (user_id = ?) ORDER BY create_time DESC
==> Parameters: 1(Integer)
SqlSession [org.apache.ibatis.session.defaults.DefaultSqlSession@6e95f05f] was not registered for synchronization because synchronization is not active
==> Parameters: 10(Long)
JDBC Connection [HikariProxyConnection@2100713583 wrapping com.mysql.cj.jdbc.ConnectionImpl@425bfef8] will not be managed by Spring
==>  Preparing: SELECT id,reservation_id,user_id,slot_id,spot_id,draw_time,pond_id FROM draw_result WHERE (user_id = ?) ORDER BY draw_time DESC
<==    Columns: id, user_id, slot_id, status, create_time, cancel_time, cancel_reason, pond_id, checkin_code, actual_fee, check_in_time
<==    Columns: id, slot_date, slot_name, start_time, end_time, max_bookings, advance_days, draw_start_time, draw_end_time, status, pond_id, default_price
<==        Row: 22, 10, 16, 过期失效, 2026-07-20 10:27:37, null, null, 1, 130151, null, null
==> Parameters: 10(Long)
<==        Row: 15, 2026-07-16, 早场, 06:00:00, 12:00:00, 10, 7, 2026-07-15 00:00:00, 2026-07-16 00:00:00, 1, 1, null
<==      Total: 0
<==        Row: 21, 10, 15, 过期失效, 2026-07-20 10:27:14, null, null, 1, 424796, null, null
Closing non transactional SqlSession [org.apache.ibatis.session.defaults.DefaultSqlSession@6e95f05f]
<==        Row: 16, 2026-07-18, 晚场, 06:00:00, 12:00:00, 10, 7, 2026-07-15 00:00:00, 2026-07-16 00:00:00, 1, 1, null
<==      Total: 2
<==        Row: 17, 2026-07-17, 午场, 06:00:00, 12:00:00, 10, 7, 2026-07-15 00:00:00, 2026-07-16 00:00:00, 1, 1, null
<==      Total: 3
Closing non transactional SqlSession [org.apache.ibatis.session.defaults.DefaultSqlSession@15b8d0a7]
Closing non transactional SqlSession [org.apache.ibatis.session.defaults.DefaultSqlSession@14b5757a]
Creating a new SqlSession
SqlSession [org.apache.ibatis.session.defaults.DefaultSqlSession@2a397d81] was not registered for synchronization because synchronization is not active
JDBC Connection [HikariProxyConnection@353944345 wrapping com.mysql.cj.jdbc.ConnectionImpl@64db679d] will not be managed by Spring
==>  Preparing: SELECT id,phone,nickname,password,role,admin_type,pond_id,staff_id,status,email,create_time,last_login_time FROM sys_user WHERE id IN ( ? )
==> Parameters: 10(Long)
<==    Columns: id, phone, nickname, password, role, admin_type, pond_id, staff_id, status, email, create_time, last_login_time
<==        Row: 10, 17767113837, 21, $2a$10$xTJlJQJEEWnL.gFQ5zXVu.9LZv9YzlOLYfCeQNEYtyq5D3fYt780., 0, null, null, null, 1, null, 2026-07-20 10:26:53, 2026-07-20 10:27:09
<==      Total: 1
Closing non transactional SqlSession [org.apache.ibatis.session.defaults.DefaultSqlSession@2a397d81]
Creating a new SqlSession
SqlSession [org.apache.ibatis.session.defaults.DefaultSqlSession@195979ae] was not registered for synchronization because synchronization is not active
JDBC Connection [HikariProxyConnection@2020461169 wrapping com.mysql.cj.jdbc.ConnectionImpl@64db679d] will not be managed by Spring
==>  Preparing: SELECT id,slot_date,slot_name,start_time,end_time,max_bookings,advance_days,draw_start_time,draw_end_time,status,pond_id,default_price FROM time_slot WHERE id IN ( ? , ? )
==> Parameters: 16(Long), 15(Long)
<==    Columns: id, slot_date, slot_name, start_time, end_time, max_bookings, advance_days, draw_start_time, draw_end_time, status, pond_id, default_price
<==        Row: 15, 2026-07-16, 早场, 06:00:00, 12:00:00, 10, 7, 2026-07-15 00:00:00, 2026-07-16 00:00:00, 1, 1, null
<==        Row: 16, 2026-07-18, 晚场, 06:00:00, 12:00:00, 10, 7, 2026-07-15 00:00:00, 2026-07-16 00:00:00, 1, 1, null
<==      Total: 2
Closing non transactional SqlSession [org.apache.ibatis.session.defaults.DefaultSqlSession@195979ae]
Creating a new SqlSession
SqlSession [org.apache.ibatis.session.defaults.DefaultSqlSession@32a13006] was not registered for synchronization because synchronization is not active
JDBC Connection [HikariProxyConnection@1617406965 wrapping com.mysql.cj.jdbc.ConnectionImpl@64db679d] will not be managed by Spring
==>  Preparing: SELECT id,name,address,phone,merchant_id,status,create_time,update_time FROM pond WHERE id IN ( ? )
==> Parameters: 1(Long)
<==    Columns: id, name, address, phone, merchant_id, status, create_time, update_time
<==        Row: 1, 默认鱼塘, 系统默认鱼塘, , 9, 1, 2026-07-15 15:30:25, 2026-07-15 15:30:25
<==      Total: 1
Closing non transactional SqlSession [org.apache.ibatis.session.defaults.DefaultSqlSession@32a13006]
Creating a new SqlSession
Creating a new SqlSession
Creating a new SqlSession
SqlSession [org.apache.ibatis.session.defaults.DefaultSqlSession@412c84bc] was not registered for synchronization because synchronization is not active
SqlSession [org.apache.ibatis.session.defaults.DefaultSqlSession@5d401ce1] was not registered for synchronization because synchronization is not active
SqlSession [org.apache.ibatis.session.defaults.DefaultSqlSession@59090311] was not registered for synchronization because synchronization is not active
JDBC Connection [HikariProxyConnection@1065626848 wrapping com.mysql.cj.jdbc.ConnectionImpl@d8d4e42] will not be managed by Spring
JDBC Connection [HikariProxyConnection@1213108858 wrapping com.mysql.cj.jdbc.ConnectionImpl@cb54944] will not be managed by Spring
JDBC Connection [HikariProxyConnection@274396688 wrapping com.mysql.cj.jdbc.ConnectionImpl@64db679d] will not be managed by Spring
==>  Preparing: SELECT id,phone,nickname,password,role,admin_type,pond_id,staff_id,status,email,create_time,last_login_time FROM sys_user WHERE id=?
==>  Preparing: SELECT id,phone,nickname,password,role,admin_type,pond_id,staff_id,status,email,create_time,last_login_time FROM sys_user WHERE id=?
==>  Preparing: SELECT id,phone,nickname,password,role,admin_type,pond_id,staff_id,status,email,create_time,last_login_time FROM sys_user WHERE id=?
==> Parameters: 10(Long)
==> Parameters: 10(Long)
==> Parameters: 10(Long)
<==    Columns: id, phone, nickname, password, role, admin_type, pond_id, staff_id, status, email, create_time, last_login_time
<==    Columns: id, phone, nickname, password, role, admin_type, pond_id, staff_id, status, email, create_time, last_login_time
<==    Columns: id, phone, nickname, password, role, admin_type, pond_id, staff_id, status, email, create_time, last_login_time
<==        Row: 10, 17767113837, 21, $2a$10$xTJlJQJEEWnL.gFQ5zXVu.9LZv9YzlOLYfCeQNEYtyq5D3fYt780., 0, null, null, null, 1, null, 2026-07-20 10:26:53, 2026-07-20 10:27:09
<==        Row: 10, 17767113837, 21, $2a$10$xTJlJQJEEWnL.gFQ5zXVu.9LZv9YzlOLYfCeQNEYtyq5D3fYt780., 0, null, null, null, 1, null, 2026-07-20 10:26:53, 2026-07-20 10:27:09
<==      Total: 1
<==        Row: 10, 17767113837, 21, $2a$10$xTJlJQJEEWnL.gFQ5zXVu.9LZv9YzlOLYfCeQNEYtyq5D3fYt780., 0, null, null, null, 1, null, 2026-07-20 10:26:53, 2026-07-20 10:27:09
Closing non transactional SqlSession [org.apache.ibatis.session.defaults.DefaultSqlSession@59090311]
<==      Total: 1
<==      Total: 1
Creating a new SqlSession
Closing non transactional SqlSession [org.apache.ibatis.session.defaults.DefaultSqlSession@412c84bc]
SqlSession [org.apache.ibatis.session.defaults.DefaultSqlSession@18879c5a] was not registered for synchronization because synchronization is not active
Closing non transactional SqlSession [org.apache.ibatis.session.defaults.DefaultSqlSession@5d401ce1]
Creating a new SqlSession
SqlSession [org.apache.ibatis.session.defaults.DefaultSqlSession@29536cb3] was not registered for synchronization because synchronization is not active
JDBC Connection [HikariProxyConnection@151455184 wrapping com.mysql.cj.jdbc.ConnectionImpl@cb54944] will not be managed by Spring
Creating a new SqlSession
==>  Preparing: SELECT id,reservation_id,user_id,slot_id,spot_id,draw_time,pond_id FROM draw_result WHERE (user_id = ?) ORDER BY draw_time DESC
SqlSession [org.apache.ibatis.session.defaults.DefaultSqlSession@3ac613f5] was not registered for synchronization because synchronization is not active
JDBC Connection [HikariProxyConnection@218039361 wrapping com.mysql.cj.jdbc.ConnectionImpl@d8d4e42] will not be managed by Spring
==> Parameters: 10(Long)
==>  Preparing: SELECT id,slot_date,slot_name,start_time,end_time,max_bookings,advance_days,draw_start_time,draw_end_time,status,pond_id,default_price FROM time_slot WHERE (status = ?)
JDBC Connection [HikariProxyConnection@1740420952 wrapping com.mysql.cj.jdbc.ConnectionImpl@64db679d] will not be managed by Spring
==> Parameters: 1(Integer)
==>  Preparing: SELECT id,user_id,slot_id,status,create_time,cancel_time,cancel_reason,pond_id,checkin_code,actual_fee,check_in_time FROM reservation WHERE (user_id = ?) ORDER BY create_time DESC
<==      Total: 0
==> Parameters: 10(Long)
Closing non transactional SqlSession [org.apache.ibatis.session.defaults.DefaultSqlSession@18879c5a]
<==    Columns: id, slot_date, slot_name, start_time, end_time, max_bookings, advance_days, draw_start_time, draw_end_time, status, pond_id, default_price
<==        Row: 15, 2026-07-16, 早场, 06:00:00, 12:00:00, 10, 7, 2026-07-15 00:00:00, 2026-07-16 00:00:00, 1, 1, null
<==    Columns: id, user_id, slot_id, status, create_time, cancel_time, cancel_reason, pond_id, checkin_code, actual_fee, check_in_time
<==        Row: 16, 2026-07-18, 晚场, 06:00:00, 12:00:00, 10, 7, 2026-07-15 00:00:00, 2026-07-16 00:00:00, 1, 1, null
<==        Row: 17, 2026-07-17, 午场, 06:00:00, 12:00:00, 10, 7, 2026-07-15 00:00:00, 2026-07-16 00:00:00, 1, 1, null
<==      Total: 3
<==        Row: 22, 10, 16, 过期失效, 2026-07-20 10:27:37, null, null, 1, 130151, null, null
Closing non transactional SqlSession [org.apache.ibatis.session.defaults.DefaultSqlSession@29536cb3]
<==        Row: 21, 10, 15, 过期失效, 2026-07-20 10:27:14, null, null, 1, 424796, null, null
<==      Total: 2
Closing non transactional SqlSession [org.apache.ibatis.session.defaults.DefaultSqlSession@3ac613f5]
Creating a new SqlSession
SqlSession [org.apache.ibatis.session.defaults.DefaultSqlSession@71c1359d] was not registered for synchronization because synchronization is not active
JDBC Connection [HikariProxyConnection@2064828907 wrapping com.mysql.cj.jdbc.ConnectionImpl@64db679d] will not be managed by Spring
==>  Preparing: SELECT id,phone,nickname,password,role,admin_type,pond_id,staff_id,status,email,create_time,last_login_time FROM sys_user WHERE id IN ( ? )
==> Parameters: 10(Long)
<==    Columns: id, phone, nickname, password, role, admin_type, pond_id, staff_id, status, email, create_time, last_login_time
<==        Row: 10, 17767113837, 21, $2a$10$xTJlJQJEEWnL.gFQ5zXVu.9LZv9YzlOLYfCeQNEYtyq5D3fYt780., 0, null, null, null, 1, null, 2026-07-20 10:26:53, 2026-07-20 10:27:09
<==      Total: 1
Closing non transactional SqlSession [org.apache.ibatis.session.defaults.DefaultSqlSession@71c1359d]
Creating a new SqlSession
SqlSession [org.apache.ibatis.session.defaults.DefaultSqlSession@50106832] was not registered for synchronization because synchronization is not active
JDBC Connection [HikariProxyConnection@679854704 wrapping com.mysql.cj.jdbc.ConnectionImpl@64db679d] will not be managed by Spring
==>  Preparing: SELECT id,slot_date,slot_name,start_time,end_time,max_bookings,advance_days,draw_start_time,draw_end_time,status,pond_id,default_price FROM time_slot WHERE id IN ( ? , ? )
==> Parameters: 16(Long), 15(Long)
<==    Columns: id, slot_date, slot_name, start_time, end_time, max_bookings, advance_days, draw_start_time, draw_end_time, status, pond_id, default_price
<==        Row: 15, 2026-07-16, 早场, 06:00:00, 12:00:00, 10, 7, 2026-07-15 00:00:00, 2026-07-16 00:00:00, 1, 1, null
<==        Row: 16, 2026-07-18, 晚场, 06:00:00, 12:00:00, 10, 7, 2026-07-15 00:00:00, 2026-07-16 00:00:00, 1, 1, null
<==      Total: 2
Closing non transactional SqlSession [org.apache.ibatis.session.defaults.DefaultSqlSession@50106832]
Creating a new SqlSession
SqlSession [org.apache.ibatis.session.defaults.DefaultSqlSession@952bf9d] was not registered for synchronization because synchronization is not active
JDBC Connection [HikariProxyConnection@1515194237 wrapping com.mysql.cj.jdbc.ConnectionImpl@64db679d] will not be managed by Spring
==>  Preparing: SELECT id,name,address,phone,merchant_id,status,create_time,update_time FROM pond WHERE id IN ( ? )
==> Parameters: 1(Long)
<==    Columns: id, name, address, phone, merchant_id, status, create_time, update_time
<==        Row: 1, 默认鱼塘, 系统默认鱼塘, , 9, 1, 2026-07-15 15:30:25, 2026-07-15 15:30:25
<==      Total: 1
Closing non transactional SqlSession [org.apache.ibatis.session.defaults.DefaultSqlSession@952bf9d]
2026-07-20 15:55:09.663  INFO 72008 --- [   scheduling-1] c.e.fishing.job.ExpireReservationJob     : 开始执行预约过期失效定时任务
Creating a new SqlSession
Registering transaction synchronization for SqlSession [org.apache.ibatis.session.defaults.DefaultSqlSession@6f13806e]
JDBC Connection [HikariProxyConnection@1648946347 wrapping com.mysql.cj.jdbc.ConnectionImpl@37cbfa74] will be managed by Spring
==>  Preparing: SELECT id,slot_date,slot_name,start_time,end_time,max_bookings,advance_days,draw_start_time,draw_end_time,status,pond_id,default_price FROM time_slot WHERE (status = ? AND draw_end_time < ?)
==> Parameters: 1(Integer), 2026-07-20T15:55:09.664626200(LocalDateTime)
<==    Columns: id, slot_date, slot_name, start_time, end_time, max_bookings, advance_days, draw_start_time, draw_end_time, status, pond_id, default_price
<==        Row: 15, 2026-07-16, 早场, 06:00:00, 12:00:00, 10, 7, 2026-07-15 00:00:00, 2026-07-16 00:00:00, 1, 1, null
<==        Row: 16, 2026-07-18, 晚场, 06:00:00, 12:00:00, 10, 7, 2026-07-15 00:00:00, 2026-07-16 00:00:00, 1, 1, null
<==        Row: 17, 2026-07-17, 午场, 06:00:00, 12:00:00, 10, 7, 2026-07-15 00:00:00, 2026-07-16 00:00:00, 1, 1, null
<==      Total: 3
Releasing transactional SqlSession [org.apache.ibatis.session.defaults.DefaultSqlSession@6f13806e]
Fetched SqlSession [org.apache.ibatis.session.defaults.DefaultSqlSession@6f13806e] from current transaction
==>  Preparing: SELECT id,user_id,slot_id,status,create_time,cancel_time,cancel_reason,pond_id,checkin_code,actual_fee,check_in_time FROM reservation WHERE (slot_id = ? AND status = ?)
==> Parameters: 15(Long), 待抽号(String)
<==      Total: 0
Releasing transactional SqlSession [org.apache.ibatis.session.defaults.DefaultSqlSession@6f13806e]
Fetched SqlSession [org.apache.ibatis.session.defaults.DefaultSqlSession@6f13806e] from current transaction
==>  Preparing: SELECT id,user_id,slot_id,status,create_time,cancel_time,cancel_reason,pond_id,checkin_code,actual_fee,check_in_time FROM reservation WHERE (slot_id = ? AND status = ?)
==> Parameters: 16(Long), 待抽号(String)
<==      Total: 0
Releasing transactional SqlSession [org.apache.ibatis.session.defaults.DefaultSqlSession@6f13806e]
Fetched SqlSession [org.apache.ibatis.session.defaults.DefaultSqlSession@6f13806e] from current transaction
==>  Preparing: SELECT id,user_id,slot_id,status,create_time,cancel_time,cancel_reason,pond_id,checkin_code,actual_fee,check_in_time FROM reservation WHERE (slot_id = ? AND status = ?)
==> Parameters: 17(Long), 待抽号(String)
<==      Total: 0
Releasing transactional SqlSession [org.apache.ibatis.session.defaults.DefaultSqlSession@6f13806e]
Transaction synchronization committing SqlSession [org.apache.ibatis.session.defaults.DefaultSqlSession@6f13806e]
Transaction synchronization deregistering SqlSession [org.apache.ibatis.session.defaults.DefaultSqlSession@6f13806e]
Transaction synchronization closing SqlSession [org.apache.ibatis.session.defaults.DefaultSqlSession@6f13806e]
2026-07-20 15:55:09.672  INFO 72008 --- [   scheduling-1] c.e.fishing.job.ExpireReservationJob     : 预约过期失效定时任务执行完成
Creating a new SqlSession
Creating a new SqlSession
Creating a new SqlSession
SqlSession [org.apache.ibatis.session.defaults.DefaultSqlSession@2ee8510] was not registered for synchronization because synchronization is not active
SqlSession [org.apache.ibatis.session.defaults.DefaultSqlSession@faf57d5] was not registered for synchronization because synchronization is not active
SqlSession [org.apache.ibatis.session.defaults.DefaultSqlSession@68718cef] was not registered for synchronization because synchronization is not active
JDBC Connection [HikariProxyConnection@774434173 wrapping com.mysql.cj.jdbc.ConnectionImpl@cb54944] will not be managed by Spring
JDBC Connection [HikariProxyConnection@1992656786 wrapping com.mysql.cj.jdbc.ConnectionImpl@64db679d] will not be managed by Spring
JDBC Connection [HikariProxyConnection@1801761206 wrapping com.mysql.cj.jdbc.ConnectionImpl@37cbfa74] will not be managed by Spring
==>  Preparing: SELECT id,phone,nickname,password,role,admin_type,pond_id,staff_id,status,email,create_time,last_login_time FROM sys_user WHERE id=?
==>  Preparing: SELECT id,phone,nickname,password,role,admin_type,pond_id,staff_id,status,email,create_time,last_login_time FROM sys_user WHERE id=?
==> Parameters: 10(Long)
==>  Preparing: SELECT id,phone,nickname,password,role,admin_type,pond_id,staff_id,status,email,create_time,last_login_time FROM sys_user WHERE id=?
==> Parameters: 10(Long)
==> Parameters: 10(Long)
<==    Columns: id, phone, nickname, password, role, admin_type, pond_id, staff_id, status, email, create_time, last_login_time
<==    Columns: id, phone, nickname, password, role, admin_type, pond_id, staff_id, status, email, create_time, last_login_time
<==        Row: 10, 17767113837, 21, $2a$10$xTJlJQJEEWnL.gFQ5zXVu.9LZv9YzlOLYfCeQNEYtyq5D3fYt780., 0, null, null, null, 1, null, 2026-07-20 10:26:53, 2026-07-20 10:27:09
<==    Columns: id, phone, nickname, password, role, admin_type, pond_id, staff_id, status, email, create_time, last_login_time
<==      Total: 1
<==        Row: 10, 17767113837, 21, $2a$10$xTJlJQJEEWnL.gFQ5zXVu.9LZv9YzlOLYfCeQNEYtyq5D3fYt780., 0, null, null, null, 1, null, 2026-07-20 10:26:53, 2026-07-20 10:27:09
Closing non transactional SqlSession [org.apache.ibatis.session.defaults.DefaultSqlSession@68718cef]
<==        Row: 10, 17767113837, 21, $2a$10$xTJlJQJEEWnL.gFQ5zXVu.9LZv9YzlOLYfCeQNEYtyq5D3fYt780., 0, null, null, null, 1, null, 2026-07-20 10:26:53, 2026-07-20 10:27:09
<==      Total: 1
Creating a new SqlSession
<==      Total: 1
SqlSession [org.apache.ibatis.session.defaults.DefaultSqlSession@12f19f52] was not registered for synchronization because synchronization is not active
Closing non transactional SqlSession [org.apache.ibatis.session.defaults.DefaultSqlSession@2ee8510]
Closing non transactional SqlSession [org.apache.ibatis.session.defaults.DefaultSqlSession@faf57d5]
JDBC Connection [HikariProxyConnection@1988325143 wrapping com.mysql.cj.jdbc.ConnectionImpl@64db679d] will not be managed by Spring
Creating a new SqlSession
SqlSession [org.apache.ibatis.session.defaults.DefaultSqlSession@57c90de8] was not registered for synchronization because synchronization is not active
Creating a new SqlSession
==>  Preparing: SELECT id,user_id,slot_id,status,create_time,cancel_time,cancel_reason,pond_id,checkin_code,actual_fee,check_in_time FROM reservation WHERE (user_id = ?) ORDER BY create_time DESC
SqlSession [org.apache.ibatis.session.defaults.DefaultSqlSession@29df7c59] was not registered for synchronization because synchronization is not active
JDBC Connection [HikariProxyConnection@561628164 wrapping com.mysql.cj.jdbc.ConnectionImpl@cb54944] will not be managed by Spring
==> Parameters: 10(Long)
JDBC Connection [HikariProxyConnection@1555793736 wrapping com.mysql.cj.jdbc.ConnectionImpl@37cbfa74] will not be managed by Spring
<==    Columns: id, user_id, slot_id, status, create_time, cancel_time, cancel_reason, pond_id, checkin_code, actual_fee, check_in_time
==>  Preparing: SELECT id,reservation_id,user_id,slot_id,spot_id,draw_time,pond_id FROM draw_result WHERE (user_id = ?) ORDER BY draw_time DESC
<==        Row: 22, 10, 16, 过期失效, 2026-07-20 10:27:37, null, null, 1, 130151, null, null
==>  Preparing: SELECT id,slot_date,slot_name,start_time,end_time,max_bookings,advance_days,draw_start_time,draw_end_time,status,pond_id,default_price FROM time_slot WHERE (status = ?)
==> Parameters: 10(Long)
==> Parameters: 1(Integer)
<==        Row: 21, 10, 15, 过期失效, 2026-07-20 10:27:14, null, null, 1, 424796, null, null
<==      Total: 2
Closing non transactional SqlSession [org.apache.ibatis.session.defaults.DefaultSqlSession@12f19f52]
<==    Columns: id, slot_date, slot_name, start_time, end_time, max_bookings, advance_days, draw_start_time, draw_end_time, status, pond_id, default_price
<==      Total: 0
<==        Row: 15, 2026-07-16, 早场, 06:00:00, 12:00:00, 10, 7, 2026-07-15 00:00:00, 2026-07-16 00:00:00, 1, 1, null
Creating a new SqlSession
<==        Row: 16, 2026-07-18, 晚场, 06:00:00, 12:00:00, 10, 7, 2026-07-15 00:00:00, 2026-07-16 00:00:00, 1, 1, null
Closing non transactional SqlSession [org.apache.ibatis.session.defaults.DefaultSqlSession@57c90de8]
<==        Row: 17, 2026-07-17, 午场, 06:00:00, 12:00:00, 10, 7, 2026-07-15 00:00:00, 2026-07-16 00:00:00, 1, 1, null
SqlSession [org.apache.ibatis.session.defaults.DefaultSqlSession@92720a9] was not registered for synchronization because synchronization is not active
<==      Total: 3
JDBC Connection [HikariProxyConnection@389162448 wrapping com.mysql.cj.jdbc.ConnectionImpl@64db679d] will not be managed by Spring
Closing non transactional SqlSession [org.apache.ibatis.session.defaults.DefaultSqlSession@29df7c59]
==>  Preparing: SELECT id,phone,nickname,password,role,admin_type,pond_id,staff_id,status,email,create_time,last_login_time FROM sys_user WHERE id IN ( ? )
==> Parameters: 10(Long)
<==    Columns: id, phone, nickname, password, role, admin_type, pond_id, staff_id, status, email, create_time, last_login_time
<==        Row: 10, 17767113837, 21, $2a$10$xTJlJQJEEWnL.gFQ5zXVu.9LZv9YzlOLYfCeQNEYtyq5D3fYt780., 0, null, null, null, 1, null, 2026-07-20 10:26:53, 2026-07-20 10:27:09
<==      Total: 1
Closing non transactional SqlSession [org.apache.ibatis.session.defaults.DefaultSqlSession@92720a9]
Creating a new SqlSession
SqlSession [org.apache.ibatis.session.defaults.DefaultSqlSession@5256417f] was not registered for synchronization because synchronization is not active
JDBC Connection [HikariProxyConnection@1648624116 wrapping com.mysql.cj.jdbc.ConnectionImpl@64db679d] will not be managed by Spring
==>  Preparing: SELECT id,slot_date,slot_name,start_time,end_time,max_bookings,advance_days,draw_start_time,draw_end_time,status,pond_id,default_price FROM time_slot WHERE id IN ( ? , ? )
==> Parameters: 16(Long), 15(Long)
<==    Columns: id, slot_date, slot_name, start_time, end_time, max_bookings, advance_days, draw_start_time, draw_end_time, status, pond_id, default_price
<==        Row: 15, 2026-07-16, 早场, 06:00:00, 12:00:00, 10, 7, 2026-07-15 00:00:00, 2026-07-16 00:00:00, 1, 1, null
<==        Row: 16, 2026-07-18, 晚场, 06:00:00, 12:00:00, 10, 7, 2026-07-15 00:00:00, 2026-07-16 00:00:00, 1, 1, null
<==      Total: 2
Closing non transactional SqlSession [org.apache.ibatis.session.defaults.DefaultSqlSession@5256417f]
Creating a new SqlSession
SqlSession [org.apache.ibatis.session.defaults.DefaultSqlSession@3e7f681f] was not registered for synchronization because synchronization is not active
JDBC Connection [HikariProxyConnection@1589807894 wrapping com.mysql.cj.jdbc.ConnectionImpl@64db679d] will not be managed by Spring
==>  Preparing: SELECT id,name,address,phone,merchant_id,status,create_time,update_time FROM pond WHERE id IN ( ? )
==> Parameters: 1(Long)
<==    Columns: id, name, address, phone, merchant_id, status, create_time, update_time
<==        Row: 1, 默认鱼塘, 系统默认鱼塘, , 9, 1, 2026-07-15 15:30:25, 2026-07-15 15:30:25
<==      Total: 1
Closing non transactional SqlSession [org.apache.ibatis.session.defaults.DefaultSqlSession@3e7f681f]
Creating a new SqlSession
SqlSession [org.apache.ibatis.session.defaults.DefaultSqlSession@a742ba3] was not registered for synchronization because synchronization is not active
Creating a new SqlSession
Creating a new SqlSession
SqlSession [org.apache.ibatis.session.defaults.DefaultSqlSession@198970f3] was not registered for synchronization because synchronization is not active
JDBC Connection [HikariProxyConnection@1503326114 wrapping com.mysql.cj.jdbc.ConnectionImpl@357eab52] will not be managed by Spring
SqlSession [org.apache.ibatis.session.defaults.DefaultSqlSession@1dc55b15] was not registered for synchronization because synchronization is not active
JDBC Connection [HikariProxyConnection@1491037333 wrapping com.mysql.cj.jdbc.ConnectionImpl@425bfef8] will not be managed by Spring
==>  Preparing: SELECT id,phone,nickname,password,role,admin_type,pond_id,staff_id,status,email,create_time,last_login_time FROM sys_user WHERE id=?
JDBC Connection [HikariProxyConnection@1000053279 wrapping com.mysql.cj.jdbc.ConnectionImpl@64db679d] will not be managed by Spring
==> Parameters: 10(Long)
==>  Preparing: SELECT id,phone,nickname,password,role,admin_type,pond_id,staff_id,status,email,create_time,last_login_time FROM sys_user WHERE id=?
==>  Preparing: SELECT id,phone,nickname,password,role,admin_type,pond_id,staff_id,status,email,create_time,last_login_time FROM sys_user WHERE id=?
==> Parameters: 10(Long)
==> Parameters: 10(Long)
<==    Columns: id, phone, nickname, password, role, admin_type, pond_id, staff_id, status, email, create_time, last_login_time
<==    Columns: id, phone, nickname, password, role, admin_type, pond_id, staff_id, status, email, create_time, last_login_time
<==    Columns: id, phone, nickname, password, role, admin_type, pond_id, staff_id, status, email, create_time, last_login_time
<==        Row: 10, 17767113837, 21, $2a$10$xTJlJQJEEWnL.gFQ5zXVu.9LZv9YzlOLYfCeQNEYtyq5D3fYt780., 0, null, null, null, 1, null, 2026-07-20 10:26:53, 2026-07-20 10:27:09
<==        Row: 10, 17767113837, 21, $2a$10$xTJlJQJEEWnL.gFQ5zXVu.9LZv9YzlOLYfCeQNEYtyq5D3fYt780., 0, null, null, null, 1, null, 2026-07-20 10:26:53, 2026-07-20 10:27:09
<==      Total: 1
<==        Row: 10, 17767113837, 21, $2a$10$xTJlJQJEEWnL.gFQ5zXVu.9LZv9YzlOLYfCeQNEYtyq5D3fYt780., 0, null, null, null, 1, null, 2026-07-20 10:26:53, 2026-07-20 10:27:09
Closing non transactional SqlSession [org.apache.ibatis.session.defaults.DefaultSqlSession@198970f3]
<==      Total: 1
Closing non transactional SqlSession [org.apache.ibatis.session.defaults.DefaultSqlSession@a742ba3]
<==      Total: 1
Creating a new SqlSession
Creating a new SqlSession
SqlSession [org.apache.ibatis.session.defaults.DefaultSqlSession@45e747a2] was not registered for synchronization because synchronization is not active
Closing non transactional SqlSession [org.apache.ibatis.session.defaults.DefaultSqlSession@1dc55b15]
SqlSession [org.apache.ibatis.session.defaults.DefaultSqlSession@5b33d720] was not registered for synchronization because synchronization is not active
JDBC Connection [HikariProxyConnection@1860519310 wrapping com.mysql.cj.jdbc.ConnectionImpl@357eab52] will not be managed by Spring
JDBC Connection [HikariProxyConnection@158280285 wrapping com.mysql.cj.jdbc.ConnectionImpl@425bfef8] will not be managed by Spring
Creating a new SqlSession
==>  Preparing: SELECT id,user_id,slot_id,status,create_time,cancel_time,cancel_reason,pond_id,checkin_code,actual_fee,check_in_time FROM reservation WHERE (user_id = ?) ORDER BY create_time DESC
==>  Preparing: SELECT id,reservation_id,user_id,slot_id,spot_id,draw_time,pond_id FROM draw_result WHERE (user_id = ?) ORDER BY draw_time DESC
==> Parameters: 10(Long)
SqlSession [org.apache.ibatis.session.defaults.DefaultSqlSession@76e96a17] was not registered for synchronization because synchronization is not active
==> Parameters: 10(Long)
JDBC Connection [HikariProxyConnection@1103338028 wrapping com.mysql.cj.jdbc.ConnectionImpl@64db679d] will not be managed by Spring
<==    Columns: id, user_id, slot_id, status, create_time, cancel_time, cancel_reason, pond_id, checkin_code, actual_fee, check_in_time
<==      Total: 0
==>  Preparing: SELECT id,slot_date,slot_name,start_time,end_time,max_bookings,advance_days,draw_start_time,draw_end_time,status,pond_id,default_price FROM time_slot WHERE (status = ?)
Closing non transactional SqlSession [org.apache.ibatis.session.defaults.DefaultSqlSession@45e747a2]
<==        Row: 22, 10, 16, 过期失效, 2026-07-20 10:27:37, null, null, 1, 130151, null, null
==> Parameters: 1(Integer)
<==        Row: 21, 10, 15, 过期失效, 2026-07-20 10:27:14, null, null, 1, 424796, null, null
<==      Total: 2
<==    Columns: id, slot_date, slot_name, start_time, end_time, max_bookings, advance_days, draw_start_time, draw_end_time, status, pond_id, default_price
Closing non transactional SqlSession [org.apache.ibatis.session.defaults.DefaultSqlSession@5b33d720]
<==        Row: 15, 2026-07-16, 早场, 06:00:00, 12:00:00, 10, 7, 2026-07-15 00:00:00, 2026-07-16 00:00:00, 1, 1, null
Creating a new SqlSession
SqlSession [org.apache.ibatis.session.defaults.DefaultSqlSession@10be8814] was not registered for synchronization because synchronization is not active
<==        Row: 16, 2026-07-18, 晚场, 06:00:00, 12:00:00, 10, 7, 2026-07-15 00:00:00, 2026-07-16 00:00:00, 1, 1, null
JDBC Connection [HikariProxyConnection@1433520116 wrapping com.mysql.cj.jdbc.ConnectionImpl@425bfef8] will not be managed by Spring
<==        Row: 17, 2026-07-17, 午场, 06:00:00, 12:00:00, 10, 7, 2026-07-15 00:00:00, 2026-07-16 00:00:00, 1, 1, null
==>  Preparing: SELECT id,phone,nickname,password,role,admin_type,pond_id,staff_id,status,email,create_time,last_login_time FROM sys_user WHERE id IN ( ? )
<==      Total: 3
==> Parameters: 10(Long)
Closing non transactional SqlSession [org.apache.ibatis.session.defaults.DefaultSqlSession@76e96a17]
<==    Columns: id, phone, nickname, password, role, admin_type, pond_id, staff_id, status, email, create_time, last_login_time
<==        Row: 10, 17767113837, 21, $2a$10$xTJlJQJEEWnL.gFQ5zXVu.9LZv9YzlOLYfCeQNEYtyq5D3fYt780., 0, null, null, null, 1, null, 2026-07-20 10:26:53, 2026-07-20 10:27:09
<==      Total: 1
Closing non transactional SqlSession [org.apache.ibatis.session.defaults.DefaultSqlSession@10be8814]
Creating a new SqlSession
SqlSession [org.apache.ibatis.session.defaults.DefaultSqlSession@357a3c1f] was not registered for synchronization because synchronization is not active
JDBC Connection [HikariProxyConnection@1373699212 wrapping com.mysql.cj.jdbc.ConnectionImpl@425bfef8] will not be managed by Spring
==>  Preparing: SELECT id,slot_date,slot_name,start_time,end_time,max_bookings,advance_days,draw_start_time,draw_end_time,status,pond_id,default_price FROM time_slot WHERE id IN ( ? , ? )
==> Parameters: 16(Long), 15(Long)
<==    Columns: id, slot_date, slot_name, start_time, end_time, max_bookings, advance_days, draw_start_time, draw_end_time, status, pond_id, default_price
<==        Row: 15, 2026-07-16, 早场, 06:00:00, 12:00:00, 10, 7, 2026-07-15 00:00:00, 2026-07-16 00:00:00, 1, 1, null
<==        Row: 16, 2026-07-18, 晚场, 06:00:00, 12:00:00, 10, 7, 2026-07-15 00:00:00, 2026-07-16 00:00:00, 1, 1, null
<==      Total: 2
Closing non transactional SqlSession [org.apache.ibatis.session.defaults.DefaultSqlSession@357a3c1f]
Creating a new SqlSession
SqlSession [org.apache.ibatis.session.defaults.DefaultSqlSession@4e9b7eb2] was not registered for synchronization because synchronization is not active
JDBC Connection [HikariProxyConnection@711272890 wrapping com.mysql.cj.jdbc.ConnectionImpl@425bfef8] will not be managed by Spring
==>  Preparing: SELECT id,name,address,phone,merchant_id,status,create_time,update_time FROM pond WHERE id IN ( ? )
==> Parameters: 1(Long)
<==    Columns: id, name, address, phone, merchant_id, status, create_time, update_time
<==        Row: 1, 默认鱼塘, 系统默认鱼塘, , 9, 1, 2026-07-15 15:30:25, 2026-07-15 15:30:25
<==      Total: 1
Closing non transactional SqlSession [org.apache.ibatis.session.defaults.DefaultSqlSession@4e9b7eb2]
Creating a new SqlSession
Creating a new SqlSession
Creating a new SqlSession
SqlSession [org.apache.ibatis.session.defaults.DefaultSqlSession@7f92cb03] was not registered for synchronization because synchronization is not active
SqlSession [org.apache.ibatis.session.defaults.DefaultSqlSession@1e41a3b4] was not registered for synchronization because synchronization is not active
SqlSession [org.apache.ibatis.session.defaults.DefaultSqlSession@2bdfa6d3] was not registered for synchronization because synchronization is not active
JDBC Connection [HikariProxyConnection@1540615655 wrapping com.mysql.cj.jdbc.ConnectionImpl@cb54944] will not be managed by Spring
JDBC Connection [HikariProxyConnection@281379502 wrapping com.mysql.cj.jdbc.ConnectionImpl@64db679d] will not be managed by Spring
JDBC Connection [HikariProxyConnection@751137339 wrapping com.mysql.cj.jdbc.ConnectionImpl@d8d4e42] will not be managed by Spring
==>  Preparing: SELECT id,phone,nickname,password,role,admin_type,pond_id,staff_id,status,email,create_time,last_login_time FROM sys_user WHERE id=?
==>  Preparing: SELECT id,phone,nickname,password,role,admin_type,pond_id,staff_id,status,email,create_time,last_login_time FROM sys_user WHERE id=?
==>  Preparing: SELECT id,phone,nickname,password,role,admin_type,pond_id,staff_id,status,email,create_time,last_login_time FROM sys_user WHERE id=?
==> Parameters: 10(Long)
==> Parameters: 10(Long)
==> Parameters: 10(Long)
<==    Columns: id, phone, nickname, password, role, admin_type, pond_id, staff_id, status, email, create_time, last_login_time
<==    Columns: id, phone, nickname, password, role, admin_type, pond_id, staff_id, status, email, create_time, last_login_time
<==    Columns: id, phone, nickname, password, role, admin_type, pond_id, staff_id, status, email, create_time, last_login_time
<==        Row: 10, 17767113837, 21, $2a$10$xTJlJQJEEWnL.gFQ5zXVu.9LZv9YzlOLYfCeQNEYtyq5D3fYt780., 0, null, null, null, 1, null, 2026-07-20 10:26:53, 2026-07-20 10:27:09
<==        Row: 10, 17767113837, 21, $2a$10$xTJlJQJEEWnL.gFQ5zXVu.9LZv9YzlOLYfCeQNEYtyq5D3fYt780., 0, null, null, null, 1, null, 2026-07-20 10:26:53, 2026-07-20 10:27:09
<==      Total: 1
<==        Row: 10, 17767113837, 21, $2a$10$xTJlJQJEEWnL.gFQ5zXVu.9LZv9YzlOLYfCeQNEYtyq5D3fYt780., 0, null, null, null, 1, null, 2026-07-20 10:26:53, 2026-07-20 10:27:09
Closing non transactional SqlSession [org.apache.ibatis.session.defaults.DefaultSqlSession@7f92cb03]
<==      Total: 1
Closing non transactional SqlSession [org.apache.ibatis.session.defaults.DefaultSqlSession@1e41a3b4]
<==      Total: 1
Creating a new SqlSession
Creating a new SqlSession
SqlSession [org.apache.ibatis.session.defaults.DefaultSqlSession@5c3a35bb] was not registered for synchronization because synchronization is not active
Closing non transactional SqlSession [org.apache.ibatis.session.defaults.DefaultSqlSession@2bdfa6d3]
SqlSession [org.apache.ibatis.session.defaults.DefaultSqlSession@6b72a482] was not registered for synchronization because synchronization is not active
JDBC Connection [HikariProxyConnection@1341485451 wrapping com.mysql.cj.jdbc.ConnectionImpl@d8d4e42] will not be managed by Spring
Creating a new SqlSession
JDBC Connection [HikariProxyConnection@38903868 wrapping com.mysql.cj.jdbc.ConnectionImpl@cb54944] will not be managed by Spring
==>  Preparing: SELECT id,reservation_id,user_id,slot_id,spot_id,draw_time,pond_id FROM draw_result WHERE (user_id = ?) ORDER BY draw_time DESC
==>  Preparing: SELECT id,user_id,slot_id,status,create_time,cancel_time,cancel_reason,pond_id,checkin_code,actual_fee,check_in_time FROM reservation WHERE (user_id = ?) ORDER BY create_time DESC
SqlSession [org.apache.ibatis.session.defaults.DefaultSqlSession@4539a8b5] was not registered for synchronization because synchronization is not active
==> Parameters: 10(Long)
==> Parameters: 10(Long)
JDBC Connection [HikariProxyConnection@319191039 wrapping com.mysql.cj.jdbc.ConnectionImpl@64db679d] will not be managed by Spring
==>  Preparing: SELECT id,slot_date,slot_name,start_time,end_time,max_bookings,advance_days,draw_start_time,draw_end_time,status,pond_id,default_price FROM time_slot WHERE (status = ?)
<==      Total: 0
<==    Columns: id, user_id, slot_id, status, create_time, cancel_time, cancel_reason, pond_id, checkin_code, actual_fee, check_in_time
==> Parameters: 1(Integer)
<==        Row: 22, 10, 16, 过期失效, 2026-07-20 10:27:37, null, null, 1, 130151, null, null
Closing non transactional SqlSession [org.apache.ibatis.session.defaults.DefaultSqlSession@5c3a35bb]
<==        Row: 21, 10, 15, 过期失效, 2026-07-20 10:27:14, null, null, 1, 424796, null, null
<==    Columns: id, slot_date, slot_name, start_time, end_time, max_bookings, advance_days, draw_start_time, draw_end_time, status, pond_id, default_price
<==      Total: 2
<==        Row: 15, 2026-07-16, 早场, 06:00:00, 12:00:00, 10, 7, 2026-07-15 00:00:00, 2026-07-16 00:00:00, 1, 1, null
Closing non transactional SqlSession [org.apache.ibatis.session.defaults.DefaultSqlSession@6b72a482]
<==        Row: 16, 2026-07-18, 晚场, 06:00:00, 12:00:00, 10, 7, 2026-07-15 00:00:00, 2026-07-16 00:00:00, 1, 1, null
Creating a new SqlSession
<==        Row: 17, 2026-07-17, 午场, 06:00:00, 12:00:00, 10, 7, 2026-07-15 00:00:00, 2026-07-16 00:00:00, 1, 1, null
SqlSession [org.apache.ibatis.session.defaults.DefaultSqlSession@7684c643] was not registered for synchronization because synchronization is not active
<==      Total: 3
JDBC Connection [HikariProxyConnection@145500837 wrapping com.mysql.cj.jdbc.ConnectionImpl@cb54944] will not be managed by Spring
Closing non transactional SqlSession [org.apache.ibatis.session.defaults.DefaultSqlSession@4539a8b5]
==>  Preparing: SELECT id,phone,nickname,password,role,admin_type,pond_id,staff_id,status,email,create_time,last_login_time FROM sys_user WHERE id IN ( ? )
==> Parameters: 10(Long)
<==    Columns: id, phone, nickname, password, role, admin_type, pond_id, staff_id, status, email, create_time, last_login_time
<==        Row: 10, 17767113837, 21, $2a$10$xTJlJQJEEWnL.gFQ5zXVu.9LZv9YzlOLYfCeQNEYtyq5D3fYt780., 0, null, null, null, 1, null, 2026-07-20 10:26:53, 2026-07-20 10:27:09
<==      Total: 1
Closing non transactional SqlSession [org.apache.ibatis.session.defaults.DefaultSqlSession@7684c643]
Creating a new SqlSession
SqlSession [org.apache.ibatis.session.defaults.DefaultSqlSession@f98a18f] was not registered for synchronization because synchronization is not active
JDBC Connection [HikariProxyConnection@1602144481 wrapping com.mysql.cj.jdbc.ConnectionImpl@cb54944] will not be managed by Spring
==>  Preparing: SELECT id,slot_date,slot_name,start_time,end_time,max_bookings,advance_days,draw_start_time,draw_end_time,status,pond_id,default_price FROM time_slot WHERE id IN ( ? , ? )
==> Parameters: 16(Long), 15(Long)
<==    Columns: id, slot_date, slot_name, start_time, end_time, max_bookings, advance_days, draw_start_time, draw_end_time, status, pond_id, default_price
<==        Row: 15, 2026-07-16, 早场, 06:00:00, 12:00:00, 10, 7, 2026-07-15 00:00:00, 2026-07-16 00:00:00, 1, 1, null
<==        Row: 16, 2026-07-18, 晚场, 06:00:00, 12:00:00, 10, 7, 2026-07-15 00:00:00, 2026-07-16 00:00:00, 1, 1, null
<==      Total: 2
Closing non transactional SqlSession [org.apache.ibatis.session.defaults.DefaultSqlSession@f98a18f]
Creating a new SqlSession
SqlSession [org.apache.ibatis.session.defaults.DefaultSqlSession@285dc8e3] was not registered for synchronization because synchronization is not active
JDBC Connection [HikariProxyConnection@1644396734 wrapping com.mysql.cj.jdbc.ConnectionImpl@cb54944] will not be managed by Spring
==>  Preparing: SELECT id,name,address,phone,merchant_id,status,create_time,update_time FROM pond WHERE id IN ( ? )
==> Parameters: 1(Long)
<==    Columns: id, name, address, phone, merchant_id, status, create_time, update_time
<==        Row: 1, 默认鱼塘, 系统默认鱼塘, , 9, 1, 2026-07-15 15:30:25, 2026-07-15 15:30:25
<==      Total: 1
Closing non transactional SqlSession [org.apache.ibatis.session.defaults.DefaultSqlSession@285dc8e3]
Creating a new SqlSession
SqlSession [org.apache.ibatis.session.defaults.DefaultSqlSession@40baaa50] was not registered for synchronization because synchronization is not active
JDBC Connection [HikariProxyConnection@315964330 wrapping com.mysql.cj.jdbc.ConnectionImpl@37cbfa74] will not be managed by Spring
==>  Preparing: SELECT id,phone,nickname,password,role,admin_type,pond_id,staff_id,status,email,create_time,last_login_time FROM sys_user WHERE (phone = ?)
==> Parameters: test(String)
<==      Total: 0
Closing non transactional SqlSession [org.apache.ibatis.session.defaults.DefaultSqlSession@40baaa50]
2026-07-20 16:00:00.013  INFO 72008 --- [   scheduling-1] c.e.fishing.job.ExpireReservationJob     : 开始执行预约过期失效定时任务
Creating a new SqlSession
Registering transaction synchronization for SqlSession [org.apache.ibatis.session.defaults.DefaultSqlSession@164a6c79]
JDBC Connection [HikariProxyConnection@1143120942 wrapping com.mysql.cj.jdbc.ConnectionImpl@37cbfa74] will be managed by Spring
==>  Preparing: SELECT id,slot_date,slot_name,start_time,end_time,max_bookings,advance_days,draw_start_time,draw_end_time,status,pond_id,default_price FROM time_slot WHERE (status = ? AND draw_end_time < ?)
==> Parameters: 1(Integer), 2026-07-20T16:00:00.014266800(LocalDateTime)
<==    Columns: id, slot_date, slot_name, start_time, end_time, max_bookings, advance_days, draw_start_time, draw_end_time, status, pond_id, default_price
<==        Row: 15, 2026-07-16, 早场, 06:00:00, 12:00:00, 10, 7, 2026-07-15 00:00:00, 2026-07-16 00:00:00, 1, 1, null
<==        Row: 16, 2026-07-18, 晚场, 06:00:00, 12:00:00, 10, 7, 2026-07-15 00:00:00, 2026-07-16 00:00:00, 1, 1, null
<==        Row: 17, 2026-07-17, 午场, 06:00:00, 12:00:00, 10, 7, 2026-07-15 00:00:00, 2026-07-16 00:00:00, 1, 1, null
<==      Total: 3
Releasing transactional SqlSession [org.apache.ibatis.session.defaults.DefaultSqlSession@164a6c79]
Fetched SqlSession [org.apache.ibatis.session.defaults.DefaultSqlSession@164a6c79] from current transaction
==>  Preparing: SELECT id,user_id,slot_id,status,create_time,cancel_time,cancel_reason,pond_id,checkin_code,actual_fee,check_in_time FROM reservation WHERE (slot_id = ? AND status = ?)
==> Parameters: 15(Long), 待抽号(String)
<==      Total: 0
Releasing transactional SqlSession [org.apache.ibatis.session.defaults.DefaultSqlSession@164a6c79]
Fetched SqlSession [org.apache.ibatis.session.defaults.DefaultSqlSession@164a6c79] from current transaction
==>  Preparing: SELECT id,user_id,slot_id,status,create_time,cancel_time,cancel_reason,pond_id,checkin_code,actual_fee,check_in_time FROM reservation WHERE (slot_id = ? AND status = ?)
==> Parameters: 16(Long), 待抽号(String)
<==      Total: 0
Releasing transactional SqlSession [org.apache.ibatis.session.defaults.DefaultSqlSession@164a6c79]
Fetched SqlSession [org.apache.ibatis.session.defaults.DefaultSqlSession@164a6c79] from current transaction
==>  Preparing: SELECT id,user_id,slot_id,status,create_time,cancel_time,cancel_reason,pond_id,checkin_code,actual_fee,check_in_time FROM reservation WHERE (slot_id = ? AND status = ?)
==> Parameters: 17(Long), 待抽号(String)
<==      Total: 0
Releasing transactional SqlSession [org.apache.ibatis.session.defaults.DefaultSqlSession@164a6c79]
Transaction synchronization committing SqlSession [org.apache.ibatis.session.defaults.DefaultSqlSession@164a6c79]
Transaction synchronization deregistering SqlSession [org.apache.ibatis.session.defaults.DefaultSqlSession@164a6c79]
Transaction synchronization closing SqlSession [org.apache.ibatis.session.defaults.DefaultSqlSession@164a6c79]
2026-07-20 16:00:00.024  INFO 72008 --- [   scheduling-1] c.e.fishing.job.ExpireReservationJob     : 预约过期失效定时任务执行完成
