[2m14:14:50[22m [31m[1m[vite][22m[39m Pre-transform error: Failed to load url /src/api/restaurant.ts (resolved id: C:/Users/ASUS/Desktop/工作项目/钓鱼/fishing-pc/src/api/restaurant.ts) in C:/Users/ASUS/Desktop/工作项目/钓鱼/fishing-pc/src/views/restaurant/RestaurantOrders.vue. Does the file exist?
[2m14:14:50[22m [31m[1m[vite][22m[39m Pre-transform error: Failed to load url /src/api/restaurant.ts (resolved id: C:/Users/ASUS/Desktop/工作项目/钓鱼/fishing-pc/src/api/restaurant.ts) in C:/Users/ASUS/Desktop/工作项目/钓鱼/fishing-pc/src/views/restaurant/RestaurantOrders.vue. Does the file exist?
[2m14:17:47[22m [31m[1m[vite][22m[39m Pre-transform error: Failed to load url /src/api/timeslot.ts (resolved id: C:/Users/ASUS/Desktop/工作项目/钓鱼/fishing-pc/src/api/timeslot.ts) in C:/Users/ASUS/Desktop/工作项目/钓鱼/fishing-pc/src/views/user/Dashboard.vue. Does the file exist?
[2m14:17:47[22m [31m[1m[vite][22m[39m Pre-transform error: Failed to load url /src/api/timeslot.ts (resolved id: C:/Users/ASUS/Desktop/工作项目/钓鱼/fishing-pc/src/api/timeslot.ts) in C:/Users/ASUS/Desktop/工作项目/钓鱼/fishing-pc/src/views/user/Dashboard.vue. Does the file exist?
[2m14:19:26[22m [31m[1m[vite][22m[39m Pre-transform error: Failed to load url /src/router/index.ts (resolved id: C:/Users/ASUS/Desktop/工作项目/钓鱼/fishing-pc/src/router/index.ts) in C:/Users/ASUS/Desktop/工作项目/钓鱼/fishing-pc/src/main.ts. Does the file exist?
[2m14:19:54[22m [31m[1m[vite][22m[39m Pre-transform error: Failed to resolve import "@/views/merchant/MerchantPonds.vue" from "src/router/index.ts". Does the file exist?
[2m14:19:54[22m [31m[1m[vite][22m[39m [31mInternal server error: Failed to resolve import "@/views/merchant/MerchantPonds.vue" from "src/router/index.ts". Does the file exist?[39m
  Plugin: [35mvite:import-analysis[39m
  File: [36mC:/Users/ASUS/Desktop/工作项目/钓鱼/fishing-pc/src/router/index.ts[39m:47:47
[33m  44 |      redirect: "/merchant/ponds",
  45 |      children: [
  46 |        { path: "ponds", component: () => import("@/views/merchant/MerchantPonds.vue"), meta: { title: "鱼塘管理" } },
     |                                                 ^
  47 |        { path: "ponds/:id/spots", component: () => import("@/views/merchant/MerchantSpotEditor.vue"), meta: { title: "钓位可视化" } },
  48 |        { path: "pond-board", component: () => import("@/views/merchant/MerchantPondBoard.vue"), meta: { title: "鱼塘看板" } },[39m
      at TransformPluginContext._formatError (file:///C:/Users/ASUS/Desktop/%E5%B7%A5%E4%BD%9C%E9%A1%B9%E7%9B%AE/%E9%92%93%E9%B1%BC/fishing-pc/node_modules/vite/dist/node/chunks/dep-BK3b2jBa.js:49258:41)
      at TransformPluginContext.error (file:///C:/Users/ASUS/Desktop/%E5%B7%A5%E4%BD%9C%E9%A1%B9%E7%9B%AE/%E9%92%93%E9%B1%BC/fishing-pc/node_modules/vite/dist/node/chunks/dep-BK3b2jBa.js:49253:16)
      at normalizeUrl (file:///C:/Users/ASUS/Desktop/%E5%B7%A5%E4%BD%9C%E9%A1%B9%E7%9B%AE/%E9%92%93%E9%B1%BC/fishing-pc/node_modules/vite/dist/node/chunks/dep-BK3b2jBa.js:64307:23)
      at process.processTicksAndRejections (node:internal/process/task_queues:103:5)
      at async file:///C:/Users/ASUS/Desktop/%E5%B7%A5%E4%BD%9C%E9%A1%B9%E7%9B%AE/%E9%92%93%E9%B1%BC/fishing-pc/node_modules/vite/dist/node/chunks/dep-BK3b2jBa.js:64439:39
      at async Promise.all (index 22)
      at async TransformPluginContext.transform (file:///C:/Users/ASUS/Desktop/%E5%B7%A5%E4%BD%9C%E9%A1%B9%E7%9B%AE/%E9%92%93%E9%B1%BC/fishing-pc/node_modules/vite/dist/node/chunks/dep-BK3b2jBa.js:64366:7)
      at async PluginContainer.transform (file:///C:/Users/ASUS/Desktop/%E5%B7%A5%E4%BD%9C%E9%A1%B9%E7%9B%AE/%E9%92%93%E9%B1%BC/fishing-pc/node_modules/vite/dist/node/chunks/dep-BK3b2jBa.js:49099:18)
      at async loadAndTransform (file:///C:/Users/ASUS/Desktop/%E5%B7%A5%E4%BD%9C%E9%A1%B9%E7%9B%AE/%E9%92%93%E9%B1%BC/fishing-pc/node_modules/vite/dist/node/chunks/dep-BK3b2jBa.js:51978:27)
      at async viteTransformMiddleware (file:///C:/Users/ASUS/Desktop/%E5%B7%A5%E4%BD%9C%E9%A1%B9%E7%9B%AE/%E9%92%93%E9%B1%BC/fishing-pc/node_modules/vite/dist/node/chunks/dep-BK3b2jBa.js:62106:24)
[2m14:19:54[22m [31m[1m[vite][22m[39m [31mInternal server error: Failed to resolve import "@/views/merchant/MerchantPonds.vue" from "src/router/index.ts". Does the file exist?[39m
  Plugin: [35mvite:import-analysis[39m
  File: [36mC:/Users/ASUS/Desktop/工作项目/钓鱼/fishing-pc/src/router/index.ts[39m:47:47
[33m  44 |      redirect: "/merchant/ponds",
  45 |      children: [
  46 |        { path: "ponds", component: () => import("@/views/merchant/MerchantPonds.vue"), meta: { title: "鱼塘管理" } },
     |                                                 ^
  47 |        { path: "ponds/:id/spots", component: () => import("@/views/merchant/MerchantSpotEditor.vue"), meta: { title: "钓位可视化" } },
  48 |        { path: "pond-board", component: () => import("@/views/merchant/MerchantPondBoard.vue"), meta: { title: "鱼塘看板" } },[39m
      at TransformPluginContext._formatError (file:///C:/Users/ASUS/Desktop/%E5%B7%A5%E4%BD%9C%E9%A1%B9%E7%9B%AE/%E9%92%93%E9%B1%BC/fishing-pc/node_modules/vite/dist/node/chunks/dep-BK3b2jBa.js:49258:41)
      at TransformPluginContext.error (file:///C:/Users/ASUS/Desktop/%E5%B7%A5%E4%BD%9C%E9%A1%B9%E7%9B%AE/%E9%92%93%E9%B1%BC/fishing-pc/node_modules/vite/dist/node/chunks/dep-BK3b2jBa.js:49253:16)
      at normalizeUrl (file:///C:/Users/ASUS/Desktop/%E5%B7%A5%E4%BD%9C%E9%A1%B9%E7%9B%AE/%E9%92%93%E9%B1%BC/fishing-pc/node_modules/vite/dist/node/chunks/dep-BK3b2jBa.js:64307:23)
      at process.processTicksAndRejections (node:internal/process/task_queues:103:5)
      at async file:///C:/Users/ASUS/Desktop/%E5%B7%A5%E4%BD%9C%E9%A1%B9%E7%9B%AE/%E9%92%93%E9%B1%BC/fishing-pc/node_modules/vite/dist/node/chunks/dep-BK3b2jBa.js:64439:39
      at async Promise.all (index 22)
      at async TransformPluginContext.transform (file:///C:/Users/ASUS/Desktop/%E5%B7%A5%E4%BD%9C%E9%A1%B9%E7%9B%AE/%E9%92%93%E9%B1%BC/fishing-pc/node_modules/vite/dist/node/chunks/dep-BK3b2jBa.js:64366:7)
      at async PluginContainer.transform (file:///C:/Users/ASUS/Desktop/%E5%B7%A5%E4%BD%9C%E9%A1%B9%E7%9B%AE/%E9%92%93%E9%B1%BC/fishing-pc/node_modules/vite/dist/node/chunks/dep-BK3b2jBa.js:49099:18)
      at async loadAndTransform (file:///C:/Users/ASUS/Desktop/%E5%B7%A5%E4%BD%9C%E9%A1%B9%E7%9B%AE/%E9%92%93%E9%B1%BC/fishing-pc/node_modules/vite/dist/node/chunks/dep-BK3b2jBa.js:51978:27)
      at async viteTransformMiddleware (file:///C:/Users/ASUS/Desktop/%E5%B7%A5%E4%BD%9C%E9%A1%B9%E7%9B%AE/%E9%92%93%E9%B1%BC/fishing-pc/node_modules/vite/dist/node/chunks/dep-BK3b2jBa.js:62106:24)
[2m14:19:59[22m [31m[1m[vite][22m[39m [31mInternal server error: Failed to resolve import "@/layout/MainLayout.vue" from "src/router/index.ts". Does the file exist?[39m
  Plugin: [35mvite:import-analysis[39m
  File: [36mC:/Users/ASUS/Desktop/工作项目/钓鱼/fishing-pc/src/router/index.ts[39m:12:28
[33m  9  |    {
  10 |      path: "/",
  11 |      component: () => import("@/layout/MainLayout.vue"),
     |                              ^
  12 |      redirect: "/user/dashboard",
  13 |      children: [[39m
      at TransformPluginContext._formatError (file:///C:/Users/ASUS/Desktop/%E5%B7%A5%E4%BD%9C%E9%A1%B9%E7%9B%AE/%E9%92%93%E9%B1%BC/fishing-pc/node_modules/vite/dist/node/chunks/dep-BK3b2jBa.js:49258:41)
      at TransformPluginContext.error (file:///C:/Users/ASUS/Desktop/%E5%B7%A5%E4%BD%9C%E9%A1%B9%E7%9B%AE/%E9%92%93%E9%B1%BC/fishing-pc/node_modules/vite/dist/node/chunks/dep-BK3b2jBa.js:49253:16)
      at normalizeUrl (file:///C:/Users/ASUS/Desktop/%E5%B7%A5%E4%BD%9C%E9%A1%B9%E7%9B%AE/%E9%92%93%E9%B1%BC/fishing-pc/node_modules/vite/dist/node/chunks/dep-BK3b2jBa.js:64307:23)
      at process.processTicksAndRejections (node:internal/process/task_queues:103:5)
      at async file:///C:/Users/ASUS/Desktop/%E5%B7%A5%E4%BD%9C%E9%A1%B9%E7%9B%AE/%E9%92%93%E9%B1%BC/fishing-pc/node_modules/vite/dist/node/chunks/dep-BK3b2jBa.js:64439:39
      at async Promise.all (index 3)
      at async TransformPluginContext.transform (file:///C:/Users/ASUS/Desktop/%E5%B7%A5%E4%BD%9C%E9%A1%B9%E7%9B%AE/%E9%92%93%E9%B1%BC/fishing-pc/node_modules/vite/dist/node/chunks/dep-BK3b2jBa.js:64366:7)
      at async PluginContainer.transform (file:///C:/Users/ASUS/Desktop/%E5%B7%A5%E4%BD%9C%E9%A1%B9%E7%9B%AE/%E9%92%93%E9%B1%BC/fishing-pc/node_modules/vite/dist/node/chunks/dep-BK3b2jBa.js:49099:18)
      at async loadAndTransform (file:///C:/Users/ASUS/Desktop/%E5%B7%A5%E4%BD%9C%E9%A1%B9%E7%9B%AE/%E9%92%93%E9%B1%BC/fishing-pc/node_modules/vite/dist/node/chunks/dep-BK3b2jBa.js:51978:27)
      at async viteTransformMiddleware (file:///C:/Users/ASUS/Desktop/%E5%B7%A5%E4%BD%9C%E9%A1%B9%E7%9B%AE/%E9%92%93%E9%B1%BC/fishing-pc/node_modules/vite/dist/node/chunks/dep-BK3b2jBa.js:62106:24)
[2m14:19:59[22m [31m[1m[vite][22m[39m [31mInternal server error: Failed to resolve import "@/layout/MainLayout.vue" from "src/router/index.ts". Does the file exist?[39m
  Plugin: [35mvite:import-analysis[39m
  File: [36mC:/Users/ASUS/Desktop/工作项目/钓鱼/fishing-pc/src/router/index.ts[39m:12:28
[33m  9  |    {
  10 |      path: "/",
  11 |      component: () => import("@/layout/MainLayout.vue"),
     |                              ^
  12 |      redirect: "/user/dashboard",
  13 |      children: [[39m
      at TransformPluginContext._formatError (file:///C:/Users/ASUS/Desktop/%E5%B7%A5%E4%BD%9C%E9%A1%B9%E7%9B%AE/%E9%92%93%E9%B1%BC/fishing-pc/node_modules/vite/dist/node/chunks/dep-BK3b2jBa.js:49258:41)
      at TransformPluginContext.error (file:///C:/Users/ASUS/Desktop/%E5%B7%A5%E4%BD%9C%E9%A1%B9%E7%9B%AE/%E9%92%93%E9%B1%BC/fishing-pc/node_modules/vite/dist/node/chunks/dep-BK3b2jBa.js:49253:16)
      at normalizeUrl (file:///C:/Users/ASUS/Desktop/%E5%B7%A5%E4%BD%9C%E9%A1%B9%E7%9B%AE/%E9%92%93%E9%B1%BC/fishing-pc/node_modules/vite/dist/node/chunks/dep-BK3b2jBa.js:64307:23)
      at process.processTicksAndRejections (node:internal/process/task_queues:103:5)
      at async file:///C:/Users/ASUS/Desktop/%E5%B7%A5%E4%BD%9C%E9%A1%B9%E7%9B%AE/%E9%92%93%E9%B1%BC/fishing-pc/node_modules/vite/dist/node/chunks/dep-BK3b2jBa.js:64439:39
      at async Promise.all (index 3)
      at async TransformPluginContext.transform (file:///C:/Users/ASUS/Desktop/%E5%B7%A5%E4%BD%9C%E9%A1%B9%E7%9B%AE/%E9%92%93%E9%B1%BC/fishing-pc/node_modules/vite/dist/node/chunks/dep-BK3b2jBa.js:64366:7)
      at async PluginContainer.transform (file:///C:/Users/ASUS/Desktop/%E5%B7%A5%E4%BD%9C%E9%A1%B9%E7%9B%AE/%E9%92%93%E9%B1%BC/fishing-pc/node_modules/vite/dist/node/chunks/dep-BK3b2jBa.js:49099:18)
      at async loadAndTransform (file:///C:/Users/ASUS/Desktop/%E5%B7%A5%E4%BD%9C%E9%A1%B9%E7%9B%AE/%E9%92%93%E9%B1%BC/fishing-pc/node_modules/vite/dist/node/chunks/dep-BK3b2jBa.js:51978:27)
      at async viteTransformMiddleware (file:///C:/Users/ASUS/Desktop/%E5%B7%A5%E4%BD%9C%E9%A1%B9%E7%9B%AE/%E9%92%93%E9%B1%BC/fishing-pc/node_modules/vite/dist/node/chunks/dep-BK3b2jBa.js:62106:24)
[2m14:21:22[22m [31m[1m[vite][22m[39m Pre-transform error: Failed to resolve import "@/views/merchant/MerchantPonds.vue" from "src/router/index.ts". Does the file exist?
[2m14:21:22[22m [31m[1m[vite][22m[39m [31mInternal server error: Failed to resolve import "@/views/merchant/MerchantPonds.vue" from "src/router/index.ts". Does the file exist?[39m
  Plugin: [35mvite:import-analysis[39m
  File: [36mC:/Users/ASUS/Desktop/工作项目/钓鱼/fishing-pc/src/router/index.ts[39m:47:47
[33m  44 |      redirect: "/merchant/ponds",
  45 |      children: [
  46 |        { path: "ponds", component: () => import("@/views/merchant/MerchantPonds.vue"), meta: { title: "鱼塘管理" } },
     |                                                 ^
  47 |        { path: "ponds/:id/spots", component: () => import("@/views/merchant/MerchantSpotEditor.vue"), meta: { title: "钓位可视化" } },
  48 |        { path: "pond-board", component: () => import("@/views/merchant/MerchantPondBoard.vue"), meta: { title: "鱼塘看板" } },[39m
      at TransformPluginContext._formatError (file:///C:/Users/ASUS/Desktop/%E5%B7%A5%E4%BD%9C%E9%A1%B9%E7%9B%AE/%E9%92%93%E9%B1%BC/fishing-pc/node_modules/vite/dist/node/chunks/dep-BK3b2jBa.js:49258:41)
      at TransformPluginContext.error (file:///C:/Users/ASUS/Desktop/%E5%B7%A5%E4%BD%9C%E9%A1%B9%E7%9B%AE/%E9%92%93%E9%B1%BC/fishing-pc/node_modules/vite/dist/node/chunks/dep-BK3b2jBa.js:49253:16)
      at normalizeUrl (file:///C:/Users/ASUS/Desktop/%E5%B7%A5%E4%BD%9C%E9%A1%B9%E7%9B%AE/%E9%92%93%E9%B1%BC/fishing-pc/node_modules/vite/dist/node/chunks/dep-BK3b2jBa.js:64307:23)
      at process.processTicksAndRejections (node:internal/process/task_queues:103:5)
      at async file:///C:/Users/ASUS/Desktop/%E5%B7%A5%E4%BD%9C%E9%A1%B9%E7%9B%AE/%E9%92%93%E9%B1%BC/fishing-pc/node_modules/vite/dist/node/chunks/dep-BK3b2jBa.js:64439:39
      at async Promise.all (index 22)
      at async TransformPluginContext.transform (file:///C:/Users/ASUS/Desktop/%E5%B7%A5%E4%BD%9C%E9%A1%B9%E7%9B%AE/%E9%92%93%E9%B1%BC/fishing-pc/node_modules/vite/dist/node/chunks/dep-BK3b2jBa.js:64366:7)
      at async PluginContainer.transform (file:///C:/Users/ASUS/Desktop/%E5%B7%A5%E4%BD%9C%E9%A1%B9%E7%9B%AE/%E9%92%93%E9%B1%BC/fishing-pc/node_modules/vite/dist/node/chunks/dep-BK3b2jBa.js:49099:18)
      at async loadAndTransform (file:///C:/Users/ASUS/Desktop/%E5%B7%A5%E4%BD%9C%E9%A1%B9%E7%9B%AE/%E9%92%93%E9%B1%BC/fishing-pc/node_modules/vite/dist/node/chunks/dep-BK3b2jBa.js:51978:27)
      at async viteTransformMiddleware (file:///C:/Users/ASUS/Desktop/%E5%B7%A5%E4%BD%9C%E9%A1%B9%E7%9B%AE/%E9%92%93%E9%B1%BC/fishing-pc/node_modules/vite/dist/node/chunks/dep-BK3b2jBa.js:62106:24)
[2m14:21:22[22m [31m[1m[vite][22m[39m [31mInternal server error: Failed to resolve import "@/views/merchant/MerchantPonds.vue" from "src/router/index.ts". Does the file exist?[39m
  Plugin: [35mvite:import-analysis[39m
  File: [36mC:/Users/ASUS/Desktop/工作项目/钓鱼/fishing-pc/src/router/index.ts[39m:47:47
[33m  44 |      redirect: "/merchant/ponds",
  45 |      children: [
  46 |        { path: "ponds", component: () => import("@/views/merchant/MerchantPonds.vue"), meta: { title: "鱼塘管理" } },
     |                                                 ^
  47 |        { path: "ponds/:id/spots", component: () => import("@/views/merchant/MerchantSpotEditor.vue"), meta: { title: "钓位可视化" } },
  48 |        { path: "pond-board", component: () => import("@/views/merchant/MerchantPondBoard.vue"), meta: { title: "鱼塘看板" } },[39m
      at TransformPluginContext._formatError (file:///C:/Users/ASUS/Desktop/%E5%B7%A5%E4%BD%9C%E9%A1%B9%E7%9B%AE/%E9%92%93%E9%B1%BC/fishing-pc/node_modules/vite/dist/node/chunks/dep-BK3b2jBa.js:49258:41)
      at TransformPluginContext.error (file:///C:/Users/ASUS/Desktop/%E5%B7%A5%E4%BD%9C%E9%A1%B9%E7%9B%AE/%E9%92%93%E9%B1%BC/fishing-pc/node_modules/vite/dist/node/chunks/dep-BK3b2jBa.js:49253:16)
      at normalizeUrl (file:///C:/Users/ASUS/Desktop/%E5%B7%A5%E4%BD%9C%E9%A1%B9%E7%9B%AE/%E9%92%93%E9%B1%BC/fishing-pc/node_modules/vite/dist/node/chunks/dep-BK3b2jBa.js:64307:23)
      at process.processTicksAndRejections (node:internal/process/task_queues:103:5)
      at async file:///C:/Users/ASUS/Desktop/%E5%B7%A5%E4%BD%9C%E9%A1%B9%E7%9B%AE/%E9%92%93%E9%B1%BC/fishing-pc/node_modules/vite/dist/node/chunks/dep-BK3b2jBa.js:64439:39
      at async Promise.all (index 22)
      at async TransformPluginContext.transform (file:///C:/Users/ASUS/Desktop/%E5%B7%A5%E4%BD%9C%E9%A1%B9%E7%9B%AE/%E9%92%93%E9%B1%BC/fishing-pc/node_modules/vite/dist/node/chunks/dep-BK3b2jBa.js:64366:7)
      at async PluginContainer.transform (file:///C:/Users/ASUS/Desktop/%E5%B7%A5%E4%BD%9C%E9%A1%B9%E7%9B%AE/%E9%92%93%E9%B1%BC/fishing-pc/node_modules/vite/dist/node/chunks/dep-BK3b2jBa.js:49099:18)
      at async loadAndTransform (file:///C:/Users/ASUS/Desktop/%E5%B7%A5%E4%BD%9C%E9%A1%B9%E7%9B%AE/%E9%92%93%E9%B1%BC/fishing-pc/node_modules/vite/dist/node/chunks/dep-BK3b2jBa.js:51978:27)
      at async viteTransformMiddleware (file:///C:/Users/ASUS/Desktop/%E5%B7%A5%E4%BD%9C%E9%A1%B9%E7%9B%AE/%E9%92%93%E9%B1%BC/fishing-pc/node_modules/vite/dist/node/chunks/dep-BK3b2jBa.js:62106:24)
[2m14:21:38[22m [31m[1m[vite][22m[39m [31mInternal server error: Failed to resolve import "@/views/user/Booking.vue" from "src/router/index.ts". Does the file exist?[39m
  Plugin: [35mvite:import-analysis[39m
  File: [36mC:/Users/ASUS/Desktop/工作项目/钓鱼/fishing-pc/src/router/index.ts[39m:16:54
[33m  13 |      children: [
  14 |        { path: "user/dashboard", component: () => import("@/views/user/Dashboard.vue"), meta: { title: "首页" } },
  15 |        { path: "user/booking", component: () => import("@/views/user/Booking.vue"), meta: { title: "预约" } },
     |                                                        ^
  16 |        { path: "user/reservations", component: () => import("@/views/user/Reservations.vue"), meta: { title: "我的预约" } },
  17 |        { path: "user/reservations/:id", component: () => import("@/views/user/ReservationDetail.vue"), meta: { title: "预约详情" } },[39m
      at TransformPluginContext._formatError (file:///C:/Users/ASUS/Desktop/%E5%B7%A5%E4%BD%9C%E9%A1%B9%E7%9B%AE/%E9%92%93%E9%B1%BC/fishing-pc/node_modules/vite/dist/node/chunks/dep-BK3b2jBa.js:49258:41)
      at TransformPluginContext.error (file:///C:/Users/ASUS/Desktop/%E5%B7%A5%E4%BD%9C%E9%A1%B9%E7%9B%AE/%E9%92%93%E9%B1%BC/fishing-pc/node_modules/vite/dist/node/chunks/dep-BK3b2jBa.js:49253:16)
      at normalizeUrl (file:///C:/Users/ASUS/Desktop/%E5%B7%A5%E4%BD%9C%E9%A1%B9%E7%9B%AE/%E9%92%93%E9%B1%BC/fishing-pc/node_modules/vite/dist/node/chunks/dep-BK3b2jBa.js:64307:23)
      at process.processTicksAndRejections (node:internal/process/task_queues:103:5)
      at async file:///C:/Users/ASUS/Desktop/%E5%B7%A5%E4%BD%9C%E9%A1%B9%E7%9B%AE/%E9%92%93%E9%B1%BC/fishing-pc/node_modules/vite/dist/node/chunks/dep-BK3b2jBa.js:64439:39
      at async Promise.all (index 5)
      at async TransformPluginContext.transform (file:///C:/Users/ASUS/Desktop/%E5%B7%A5%E4%BD%9C%E9%A1%B9%E7%9B%AE/%E9%92%93%E9%B1%BC/fishing-pc/node_modules/vite/dist/node/chunks/dep-BK3b2jBa.js:64366:7)
      at async PluginContainer.transform (file:///C:/Users/ASUS/Desktop/%E5%B7%A5%E4%BD%9C%E9%A1%B9%E7%9B%AE/%E9%92%93%E9%B1%BC/fishing-pc/node_modules/vite/dist/node/chunks/dep-BK3b2jBa.js:49099:18)
      at async loadAndTransform (file:///C:/Users/ASUS/Desktop/%E5%B7%A5%E4%BD%9C%E9%A1%B9%E7%9B%AE/%E9%92%93%E9%B1%BC/fishing-pc/node_modules/vite/dist/node/chunks/dep-BK3b2jBa.js:51978:27)
      at async viteTransformMiddleware (file:///C:/Users/ASUS/Desktop/%E5%B7%A5%E4%BD%9C%E9%A1%B9%E7%9B%AE/%E9%92%93%E9%B1%BC/fishing-pc/node_modules/vite/dist/node/chunks/dep-BK3b2jBa.js:62106:24)
[2m14:22:33[22m [31m[1m[vite][22m[39m Pre-transform error: Failed to resolve import "@/views/merchant/MerchantPonds.vue" from "src/router/index.ts". Does the file exist?
[2m14:22:33[22m [31m[1m[vite][22m[39m [31mInternal server error: Failed to resolve import "@/views/merchant/MerchantPonds.vue" from "src/router/index.ts". Does the file exist?[39m
  Plugin: [35mvite:import-analysis[39m
  File: [36mC:/Users/ASUS/Desktop/工作项目/钓鱼/fishing-pc/src/router/index.ts[39m:47:47
[33m  44 |      redirect: "/merchant/ponds",
  45 |      children: [
  46 |        { path: "ponds", component: () => import("@/views/merchant/MerchantPonds.vue"), meta: { title: "鱼塘管理" } },
     |                                                 ^
  47 |        { path: "ponds/:id/spots", component: () => import("@/views/merchant/MerchantSpotEditor.vue"), meta: { title: "钓位可视化" } },
  48 |        { path: "pond-board", component: () => import("@/views/merchant/MerchantPondBoard.vue"), meta: { title: "鱼塘看板" } },[39m
      at TransformPluginContext._formatError (file:///C:/Users/ASUS/Desktop/%E5%B7%A5%E4%BD%9C%E9%A1%B9%E7%9B%AE/%E9%92%93%E9%B1%BC/fishing-pc/node_modules/vite/dist/node/chunks/dep-BK3b2jBa.js:49258:41)
      at TransformPluginContext.error (file:///C:/Users/ASUS/Desktop/%E5%B7%A5%E4%BD%9C%E9%A1%B9%E7%9B%AE/%E9%92%93%E9%B1%BC/fishing-pc/node_modules/vite/dist/node/chunks/dep-BK3b2jBa.js:49253:16)
      at normalizeUrl (file:///C:/Users/ASUS/Desktop/%E5%B7%A5%E4%BD%9C%E9%A1%B9%E7%9B%AE/%E9%92%93%E9%B1%BC/fishing-pc/node_modules/vite/dist/node/chunks/dep-BK3b2jBa.js:64307:23)
      at process.processTicksAndRejections (node:internal/process/task_queues:103:5)
      at async file:///C:/Users/ASUS/Desktop/%E5%B7%A5%E4%BD%9C%E9%A1%B9%E7%9B%AE/%E9%92%93%E9%B1%BC/fishing-pc/node_modules/vite/dist/node/chunks/dep-BK3b2jBa.js:64439:39
      at async Promise.all (index 22)
      at async TransformPluginContext.transform (file:///C:/Users/ASUS/Desktop/%E5%B7%A5%E4%BD%9C%E9%A1%B9%E7%9B%AE/%E9%92%93%E9%B1%BC/fishing-pc/node_modules/vite/dist/node/chunks/dep-BK3b2jBa.js:64366:7)
      at async PluginContainer.transform (file:///C:/Users/ASUS/Desktop/%E5%B7%A5%E4%BD%9C%E9%A1%B9%E7%9B%AE/%E9%92%93%E9%B1%BC/fishing-pc/node_modules/vite/dist/node/chunks/dep-BK3b2jBa.js:49099:18)
      at async loadAndTransform (file:///C:/Users/ASUS/Desktop/%E5%B7%A5%E4%BD%9C%E9%A1%B9%E7%9B%AE/%E9%92%93%E9%B1%BC/fishing-pc/node_modules/vite/dist/node/chunks/dep-BK3b2jBa.js:51978:27)
      at async viteTransformMiddleware (file:///C:/Users/ASUS/Desktop/%E5%B7%A5%E4%BD%9C%E9%A1%B9%E7%9B%AE/%E9%92%93%E9%B1%BC/fishing-pc/node_modules/vite/dist/node/chunks/dep-BK3b2jBa.js:62106:24)
[2m14:22:33[22m [31m[1m[vite][22m[39m [31mInternal server error: Failed to resolve import "@/views/merchant/MerchantPonds.vue" from "src/router/index.ts". Does the file exist?[39m
  Plugin: [35mvite:import-analysis[39m
  File: [36mC:/Users/ASUS/Desktop/工作项目/钓鱼/fishing-pc/src/router/index.ts[39m:47:47
[33m  44 |      redirect: "/merchant/ponds",
  45 |      children: [
  46 |        { path: "ponds", component: () => import("@/views/merchant/MerchantPonds.vue"), meta: { title: "鱼塘管理" } },
     |                                                 ^
  47 |        { path: "ponds/:id/spots", component: () => import("@/views/merchant/MerchantSpotEditor.vue"), meta: { title: "钓位可视化" } },
  48 |        { path: "pond-board", component: () => import("@/views/merchant/MerchantPondBoard.vue"), meta: { title: "鱼塘看板" } },[39m
      at TransformPluginContext._formatError (file:///C:/Users/ASUS/Desktop/%E5%B7%A5%E4%BD%9C%E9%A1%B9%E7%9B%AE/%E9%92%93%E9%B1%BC/fishing-pc/node_modules/vite/dist/node/chunks/dep-BK3b2jBa.js:49258:41)
      at TransformPluginContext.error (file:///C:/Users/ASUS/Desktop/%E5%B7%A5%E4%BD%9C%E9%A1%B9%E7%9B%AE/%E9%92%93%E9%B1%BC/fishing-pc/node_modules/vite/dist/node/chunks/dep-BK3b2jBa.js:49253:16)
      at normalizeUrl (file:///C:/Users/ASUS/Desktop/%E5%B7%A5%E4%BD%9C%E9%A1%B9%E7%9B%AE/%E9%92%93%E9%B1%BC/fishing-pc/node_modules/vite/dist/node/chunks/dep-BK3b2jBa.js:64307:23)
      at process.processTicksAndRejections (node:internal/process/task_queues:103:5)
      at async file:///C:/Users/ASUS/Desktop/%E5%B7%A5%E4%BD%9C%E9%A1%B9%E7%9B%AE/%E9%92%93%E9%B1%BC/fishing-pc/node_modules/vite/dist/node/chunks/dep-BK3b2jBa.js:64439:39
      at async Promise.all (index 22)
      at async TransformPluginContext.transform (file:///C:/Users/ASUS/Desktop/%E5%B7%A5%E4%BD%9C%E9%A1%B9%E7%9B%AE/%E9%92%93%E9%B1%BC/fishing-pc/node_modules/vite/dist/node/chunks/dep-BK3b2jBa.js:64366:7)
      at async PluginContainer.transform (file:///C:/Users/ASUS/Desktop/%E5%B7%A5%E4%BD%9C%E9%A1%B9%E7%9B%AE/%E9%92%93%E9%B1%BC/fishing-pc/node_modules/vite/dist/node/chunks/dep-BK3b2jBa.js:49099:18)
      at async loadAndTransform (file:///C:/Users/ASUS/Desktop/%E5%B7%A5%E4%BD%9C%E9%A1%B9%E7%9B%AE/%E9%92%93%E9%B1%BC/fishing-pc/node_modules/vite/dist/node/chunks/dep-BK3b2jBa.js:51978:27)
      at async viteTransformMiddleware (file:///C:/Users/ASUS/Desktop/%E5%B7%A5%E4%BD%9C%E9%A1%B9%E7%9B%AE/%E9%92%93%E9%B1%BC/fishing-pc/node_modules/vite/dist/node/chunks/dep-BK3b2jBa.js:62106:24)
[2m14:22:39[22m [31m[1m[vite][22m[39m [31mInternal server error: Failed to resolve import "@/views/user/Reservations.vue" from "src/router/index.ts". Does the file exist?[39m
  Plugin: [35mvite:import-analysis[39m
  File: [36mC:/Users/ASUS/Desktop/工作项目/钓鱼/fishing-pc/src/router/index.ts[39m:17:59
[33m  14 |        { path: "user/dashboard", component: () => import("@/views/user/Dashboard.vue"), meta: { title: "首页" } },
  15 |        { path: "user/booking", component: () => import("@/views/user/Booking.vue"), meta: { title: "预约" } },
  16 |        { path: "user/reservations", component: () => import("@/views/user/Reservations.vue"), meta: { title: "我的预约" } },
     |                                                             ^
  17 |        { path: "user/reservations/:id", component: () => import("@/views/user/ReservationDetail.vue"), meta: { title: "预约详情" } },
  18 |        { path: "user/spots", component: () => import("@/views/user/MySpots.vue"), meta: { title: "我的钓位" } },[39m
      at TransformPluginContext._formatError (file:///C:/Users/ASUS/Desktop/%E5%B7%A5%E4%BD%9C%E9%A1%B9%E7%9B%AE/%E9%92%93%E9%B1%BC/fishing-pc/node_modules/vite/dist/node/chunks/dep-BK3b2jBa.js:49258:41)
      at TransformPluginContext.error (file:///C:/Users/ASUS/Desktop/%E5%B7%A5%E4%BD%9C%E9%A1%B9%E7%9B%AE/%E9%92%93%E9%B1%BC/fishing-pc/node_modules/vite/dist/node/chunks/dep-BK3b2jBa.js:49253:16)
      at normalizeUrl (file:///C:/Users/ASUS/Desktop/%E5%B7%A5%E4%BD%9C%E9%A1%B9%E7%9B%AE/%E9%92%93%E9%B1%BC/fishing-pc/node_modules/vite/dist/node/chunks/dep-BK3b2jBa.js:64307:23)
      at process.processTicksAndRejections (node:internal/process/task_queues:103:5)
      at async file:///C:/Users/ASUS/Desktop/%E5%B7%A5%E4%BD%9C%E9%A1%B9%E7%9B%AE/%E9%92%93%E9%B1%BC/fishing-pc/node_modules/vite/dist/node/chunks/dep-BK3b2jBa.js:64439:39
      at async Promise.all (index 6)
      at async TransformPluginContext.transform (file:///C:/Users/ASUS/Desktop/%E5%B7%A5%E4%BD%9C%E9%A1%B9%E7%9B%AE/%E9%92%93%E9%B1%BC/fishing-pc/node_modules/vite/dist/node/chunks/dep-BK3b2jBa.js:64366:7)
      at async PluginContainer.transform (file:///C:/Users/ASUS/Desktop/%E5%B7%A5%E4%BD%9C%E9%A1%B9%E7%9B%AE/%E9%92%93%E9%B1%BC/fishing-pc/node_modules/vite/dist/node/chunks/dep-BK3b2jBa.js:49099:18)
      at async loadAndTransform (file:///C:/Users/ASUS/Desktop/%E5%B7%A5%E4%BD%9C%E9%A1%B9%E7%9B%AE/%E9%92%93%E9%B1%BC/fishing-pc/node_modules/vite/dist/node/chunks/dep-BK3b2jBa.js:51978:27)
      at async viteTransformMiddleware (file:///C:/Users/ASUS/Desktop/%E5%B7%A5%E4%BD%9C%E9%A1%B9%E7%9B%AE/%E9%92%93%E9%B1%BC/fishing-pc/node_modules/vite/dist/node/chunks/dep-BK3b2jBa.js:62106:24)
[2m14:23:16[22m [31m[1m[vite][22m[39m Pre-transform error: Failed to resolve import "@/views/merchant/MerchantPonds.vue" from "src/router/index.ts". Does the file exist?
[2m14:23:17[22m [31m[1m[vite][22m[39m [31mInternal server error: Failed to resolve import "@/views/merchant/MerchantPonds.vue" from "src/router/index.ts". Does the file exist?[39m
  Plugin: [35mvite:import-analysis[39m
  File: [36mC:/Users/ASUS/Desktop/工作项目/钓鱼/fishing-pc/src/router/index.ts[39m:47:47
[33m  44 |      redirect: "/merchant/ponds",
  45 |      children: [
  46 |        { path: "ponds", component: () => import("@/views/merchant/MerchantPonds.vue"), meta: { title: "鱼塘管理" } },
     |                                                 ^
  47 |        { path: "ponds/:id/spots", component: () => import("@/views/merchant/MerchantSpotEditor.vue"), meta: { title: "钓位可视化" } },
  48 |        { path: "pond-board", component: () => import("@/views/merchant/MerchantPondBoard.vue"), meta: { title: "鱼塘看板" } },[39m
      at TransformPluginContext._formatError (file:///C:/Users/ASUS/Desktop/%E5%B7%A5%E4%BD%9C%E9%A1%B9%E7%9B%AE/%E9%92%93%E9%B1%BC/fishing-pc/node_modules/vite/dist/node/chunks/dep-BK3b2jBa.js:49258:41)
      at TransformPluginContext.error (file:///C:/Users/ASUS/Desktop/%E5%B7%A5%E4%BD%9C%E9%A1%B9%E7%9B%AE/%E9%92%93%E9%B1%BC/fishing-pc/node_modules/vite/dist/node/chunks/dep-BK3b2jBa.js:49253:16)
      at normalizeUrl (file:///C:/Users/ASUS/Desktop/%E5%B7%A5%E4%BD%9C%E9%A1%B9%E7%9B%AE/%E9%92%93%E9%B1%BC/fishing-pc/node_modules/vite/dist/node/chunks/dep-BK3b2jBa.js:64307:23)
      at process.processTicksAndRejections (node:internal/process/task_queues:103:5)
      at async file:///C:/Users/ASUS/Desktop/%E5%B7%A5%E4%BD%9C%E9%A1%B9%E7%9B%AE/%E9%92%93%E9%B1%BC/fishing-pc/node_modules/vite/dist/node/chunks/dep-BK3b2jBa.js:64439:39
      at async Promise.all (index 22)
      at async TransformPluginContext.transform (file:///C:/Users/ASUS/Desktop/%E5%B7%A5%E4%BD%9C%E9%A1%B9%E7%9B%AE/%E9%92%93%E9%B1%BC/fishing-pc/node_modules/vite/dist/node/chunks/dep-BK3b2jBa.js:64366:7)
      at async PluginContainer.transform (file:///C:/Users/ASUS/Desktop/%E5%B7%A5%E4%BD%9C%E9%A1%B9%E7%9B%AE/%E9%92%93%E9%B1%BC/fishing-pc/node_modules/vite/dist/node/chunks/dep-BK3b2jBa.js:49099:18)
      at async loadAndTransform (file:///C:/Users/ASUS/Desktop/%E5%B7%A5%E4%BD%9C%E9%A1%B9%E7%9B%AE/%E9%92%93%E9%B1%BC/fishing-pc/node_modules/vite/dist/node/chunks/dep-BK3b2jBa.js:51978:27)
      at async viteTransformMiddleware (file:///C:/Users/ASUS/Desktop/%E5%B7%A5%E4%BD%9C%E9%A1%B9%E7%9B%AE/%E9%92%93%E9%B1%BC/fishing-pc/node_modules/vite/dist/node/chunks/dep-BK3b2jBa.js:62106:24)
[2m14:23:17[22m [31m[1m[vite][22m[39m [31mInternal server error: Failed to resolve import "@/views/merchant/MerchantPonds.vue" from "src/router/index.ts". Does the file exist?[39m
  Plugin: [35mvite:import-analysis[39m
  File: [36mC:/Users/ASUS/Desktop/工作项目/钓鱼/fishing-pc/src/router/index.ts[39m:47:47
[33m  44 |      redirect: "/merchant/ponds",
  45 |      children: [
  46 |        { path: "ponds", component: () => import("@/views/merchant/MerchantPonds.vue"), meta: { title: "鱼塘管理" } },
     |                                                 ^
  47 |        { path: "ponds/:id/spots", component: () => import("@/views/merchant/MerchantSpotEditor.vue"), meta: { title: "钓位可视化" } },
  48 |        { path: "pond-board", component: () => import("@/views/merchant/MerchantPondBoard.vue"), meta: { title: "鱼塘看板" } },[39m
      at TransformPluginContext._formatError (file:///C:/Users/ASUS/Desktop/%E5%B7%A5%E4%BD%9C%E9%A1%B9%E7%9B%AE/%E9%92%93%E9%B1%BC/fishing-pc/node_modules/vite/dist/node/chunks/dep-BK3b2jBa.js:49258:41)
      at TransformPluginContext.error (file:///C:/Users/ASUS/Desktop/%E5%B7%A5%E4%BD%9C%E9%A1%B9%E7%9B%AE/%E9%92%93%E9%B1%BC/fishing-pc/node_modules/vite/dist/node/chunks/dep-BK3b2jBa.js:49253:16)
      at normalizeUrl (file:///C:/Users/ASUS/Desktop/%E5%B7%A5%E4%BD%9C%E9%A1%B9%E7%9B%AE/%E9%92%93%E9%B1%BC/fishing-pc/node_modules/vite/dist/node/chunks/dep-BK3b2jBa.js:64307:23)
      at process.processTicksAndRejections (node:internal/process/task_queues:103:5)
      at async file:///C:/Users/ASUS/Desktop/%E5%B7%A5%E4%BD%9C%E9%A1%B9%E7%9B%AE/%E9%92%93%E9%B1%BC/fishing-pc/node_modules/vite/dist/node/chunks/dep-BK3b2jBa.js:64439:39
      at async Promise.all (index 22)
      at async TransformPluginContext.transform (file:///C:/Users/ASUS/Desktop/%E5%B7%A5%E4%BD%9C%E9%A1%B9%E7%9B%AE/%E9%92%93%E9%B1%BC/fishing-pc/node_modules/vite/dist/node/chunks/dep-BK3b2jBa.js:64366:7)
      at async PluginContainer.transform (file:///C:/Users/ASUS/Desktop/%E5%B7%A5%E4%BD%9C%E9%A1%B9%E7%9B%AE/%E9%92%93%E9%B1%BC/fishing-pc/node_modules/vite/dist/node/chunks/dep-BK3b2jBa.js:49099:18)
      at async loadAndTransform (file:///C:/Users/ASUS/Desktop/%E5%B7%A5%E4%BD%9C%E9%A1%B9%E7%9B%AE/%E9%92%93%E9%B1%BC/fishing-pc/node_modules/vite/dist/node/chunks/dep-BK3b2jBa.js:51978:27)
      at async viteTransformMiddleware (file:///C:/Users/ASUS/Desktop/%E5%B7%A5%E4%BD%9C%E9%A1%B9%E7%9B%AE/%E9%92%93%E9%B1%BC/fishing-pc/node_modules/vite/dist/node/chunks/dep-BK3b2jBa.js:62106:24)
[2m14:23:58[22m [31m[1m[vite][22m[39m Pre-transform error: Failed to resolve import "@/views/merchant/MerchantPonds.vue" from "src/router/index.ts". Does the file exist?
[2m14:23:58[22m [31m[1m[vite][22m[39m [31mInternal server error: Failed to resolve import "@/views/merchant/MerchantPonds.vue" from "src/router/index.ts". Does the file exist?[39m
  Plugin: [35mvite:import-analysis[39m
  File: [36mC:/Users/ASUS/Desktop/工作项目/钓鱼/fishing-pc/src/router/index.ts[39m:47:47
[33m  44 |      redirect: "/merchant/ponds",
  45 |      children: [
  46 |        { path: "ponds", component: () => import("@/views/merchant/MerchantPonds.vue"), meta: { title: "鱼塘管理" } },
     |                                                 ^
  47 |        { path: "ponds/:id/spots", component: () => import("@/views/merchant/MerchantSpotEditor.vue"), meta: { title: "钓位可视化" } },
  48 |        { path: "pond-board", component: () => import("@/views/merchant/MerchantPondBoard.vue"), meta: { title: "鱼塘看板" } },[39m
      at TransformPluginContext._formatError (file:///C:/Users/ASUS/Desktop/%E5%B7%A5%E4%BD%9C%E9%A1%B9%E7%9B%AE/%E9%92%93%E9%B1%BC/fishing-pc/node_modules/vite/dist/node/chunks/dep-BK3b2jBa.js:49258:41)
      at TransformPluginContext.error (file:///C:/Users/ASUS/Desktop/%E5%B7%A5%E4%BD%9C%E9%A1%B9%E7%9B%AE/%E9%92%93%E9%B1%BC/fishing-pc/node_modules/vite/dist/node/chunks/dep-BK3b2jBa.js:49253:16)
      at normalizeUrl (file:///C:/Users/ASUS/Desktop/%E5%B7%A5%E4%BD%9C%E9%A1%B9%E7%9B%AE/%E9%92%93%E9%B1%BC/fishing-pc/node_modules/vite/dist/node/chunks/dep-BK3b2jBa.js:64307:23)
      at process.processTicksAndRejections (node:internal/process/task_queues:103:5)
      at async file:///C:/Users/ASUS/Desktop/%E5%B7%A5%E4%BD%9C%E9%A1%B9%E7%9B%AE/%E9%92%93%E9%B1%BC/fishing-pc/node_modules/vite/dist/node/chunks/dep-BK3b2jBa.js:64439:39
      at async Promise.all (index 22)
      at async TransformPluginContext.transform (file:///C:/Users/ASUS/Desktop/%E5%B7%A5%E4%BD%9C%E9%A1%B9%E7%9B%AE/%E9%92%93%E9%B1%BC/fishing-pc/node_modules/vite/dist/node/chunks/dep-BK3b2jBa.js:64366:7)
      at async PluginContainer.transform (file:///C:/Users/ASUS/Desktop/%E5%B7%A5%E4%BD%9C%E9%A1%B9%E7%9B%AE/%E9%92%93%E9%B1%BC/fishing-pc/node_modules/vite/dist/node/chunks/dep-BK3b2jBa.js:49099:18)
      at async loadAndTransform (file:///C:/Users/ASUS/Desktop/%E5%B7%A5%E4%BD%9C%E9%A1%B9%E7%9B%AE/%E9%92%93%E9%B1%BC/fishing-pc/node_modules/vite/dist/node/chunks/dep-BK3b2jBa.js:51978:27)
      at async viteTransformMiddleware (file:///C:/Users/ASUS/Desktop/%E5%B7%A5%E4%BD%9C%E9%A1%B9%E7%9B%AE/%E9%92%93%E9%B1%BC/fishing-pc/node_modules/vite/dist/node/chunks/dep-BK3b2jBa.js:62106:24)
[2m14:23:58[22m [31m[1m[vite][22m[39m [31mInternal server error: Failed to resolve import "@/views/merchant/MerchantPonds.vue" from "src/router/index.ts". Does the file exist?[39m
  Plugin: [35mvite:import-analysis[39m
  File: [36mC:/Users/ASUS/Desktop/工作项目/钓鱼/fishing-pc/src/router/index.ts[39m:47:47
[33m  44 |      redirect: "/merchant/ponds",
  45 |      children: [
  46 |        { path: "ponds", component: () => import("@/views/merchant/MerchantPonds.vue"), meta: { title: "鱼塘管理" } },
     |                                                 ^
  47 |        { path: "ponds/:id/spots", component: () => import("@/views/merchant/MerchantSpotEditor.vue"), meta: { title: "钓位可视化" } },
  48 |        { path: "pond-board", component: () => import("@/views/merchant/MerchantPondBoard.vue"), meta: { title: "鱼塘看板" } },[39m
      at TransformPluginContext._formatError (file:///C:/Users/ASUS/Desktop/%E5%B7%A5%E4%BD%9C%E9%A1%B9%E7%9B%AE/%E9%92%93%E9%B1%BC/fishing-pc/node_modules/vite/dist/node/chunks/dep-BK3b2jBa.js:49258:41)
      at TransformPluginContext.error (file:///C:/Users/ASUS/Desktop/%E5%B7%A5%E4%BD%9C%E9%A1%B9%E7%9B%AE/%E9%92%93%E9%B1%BC/fishing-pc/node_modules/vite/dist/node/chunks/dep-BK3b2jBa.js:49253:16)
      at normalizeUrl (file:///C:/Users/ASUS/Desktop/%E5%B7%A5%E4%BD%9C%E9%A1%B9%E7%9B%AE/%E9%92%93%E9%B1%BC/fishing-pc/node_modules/vite/dist/node/chunks/dep-BK3b2jBa.js:64307:23)
      at process.processTicksAndRejections (node:internal/process/task_queues:103:5)
      at async file:///C:/Users/ASUS/Desktop/%E5%B7%A5%E4%BD%9C%E9%A1%B9%E7%9B%AE/%E9%92%93%E9%B1%BC/fishing-pc/node_modules/vite/dist/node/chunks/dep-BK3b2jBa.js:64439:39
      at async Promise.all (index 22)
      at async TransformPluginContext.transform (file:///C:/Users/ASUS/Desktop/%E5%B7%A5%E4%BD%9C%E9%A1%B9%E7%9B%AE/%E9%92%93%E9%B1%BC/fishing-pc/node_modules/vite/dist/node/chunks/dep-BK3b2jBa.js:64366:7)
      at async PluginContainer.transform (file:///C:/Users/ASUS/Desktop/%E5%B7%A5%E4%BD%9C%E9%A1%B9%E7%9B%AE/%E9%92%93%E9%B1%BC/fishing-pc/node_modules/vite/dist/node/chunks/dep-BK3b2jBa.js:49099:18)
      at async loadAndTransform (file:///C:/Users/ASUS/Desktop/%E5%B7%A5%E4%BD%9C%E9%A1%B9%E7%9B%AE/%E9%92%93%E9%B1%BC/fishing-pc/node_modules/vite/dist/node/chunks/dep-BK3b2jBa.js:51978:27)
      at async viteTransformMiddleware (file:///C:/Users/ASUS/Desktop/%E5%B7%A5%E4%BD%9C%E9%A1%B9%E7%9B%AE/%E9%92%93%E9%B1%BC/fishing-pc/node_modules/vite/dist/node/chunks/dep-BK3b2jBa.js:62106:24)
[2m14:24:05[22m [31m[1m[vite][22m[39m [31mInternal server error: Failed to resolve import "@/views/user/MyCatches.vue" from "src/router/index.ts". Does the file exist?[39m
  Plugin: [35mvite:import-analysis[39m
  File: [36mC:/Users/ASUS/Desktop/工作项目/钓鱼/fishing-pc/src/router/index.ts[39m:20:54
[33m  17 |        { path: "user/reservations/:id", component: () => import("@/views/user/ReservationDetail.vue"), meta: { title: "预约详情" } },
  18 |        { path: "user/spots", component: () => import("@/views/user/MySpots.vue"), meta: { title: "我的钓位" } },
  19 |        { path: "user/catches", component: () => import("@/views/user/MyCatches.vue"), meta: { title: "渔获回收" } },
     |                                                        ^
  20 |        { path: "restaurant", component: () => import("@/views/restaurant/RestaurantHome.vue"), meta: { title: "鱼塘餐厅" } },
  21 |        { path: "restaurant/orders", component: () => import("@/views/restaurant/RestaurantOrders.vue"), meta: { title: "餐厅订单" } },[39m
      at TransformPluginContext._formatError (file:///C:/Users/ASUS/Desktop/%E5%B7%A5%E4%BD%9C%E9%A1%B9%E7%9B%AE/%E9%92%93%E9%B1%BC/fishing-pc/node_modules/vite/dist/node/chunks/dep-BK3b2jBa.js:49258:41)
      at TransformPluginContext.error (file:///C:/Users/ASUS/Desktop/%E5%B7%A5%E4%BD%9C%E9%A1%B9%E7%9B%AE/%E9%92%93%E9%B1%BC/fishing-pc/node_modules/vite/dist/node/chunks/dep-BK3b2jBa.js:49253:16)
      at normalizeUrl (file:///C:/Users/ASUS/Desktop/%E5%B7%A5%E4%BD%9C%E9%A1%B9%E7%9B%AE/%E9%92%93%E9%B1%BC/fishing-pc/node_modules/vite/dist/node/chunks/dep-BK3b2jBa.js:64307:23)
      at process.processTicksAndRejections (node:internal/process/task_queues:103:5)
      at async file:///C:/Users/ASUS/Desktop/%E5%B7%A5%E4%BD%9C%E9%A1%B9%E7%9B%AE/%E9%92%93%E9%B1%BC/fishing-pc/node_modules/vite/dist/node/chunks/dep-BK3b2jBa.js:64439:39
      at async Promise.all (index 9)
      at async TransformPluginContext.transform (file:///C:/Users/ASUS/Desktop/%E5%B7%A5%E4%BD%9C%E9%A1%B9%E7%9B%AE/%E9%92%93%E9%B1%BC/fishing-pc/node_modules/vite/dist/node/chunks/dep-BK3b2jBa.js:64366:7)
      at async PluginContainer.transform (file:///C:/Users/ASUS/Desktop/%E5%B7%A5%E4%BD%9C%E9%A1%B9%E7%9B%AE/%E9%92%93%E9%B1%BC/fishing-pc/node_modules/vite/dist/node/chunks/dep-BK3b2jBa.js:49099:18)
      at async loadAndTransform (file:///C:/Users/ASUS/Desktop/%E5%B7%A5%E4%BD%9C%E9%A1%B9%E7%9B%AE/%E9%92%93%E9%B1%BC/fishing-pc/node_modules/vite/dist/node/chunks/dep-BK3b2jBa.js:51978:27)
      at async viteTransformMiddleware (file:///C:/Users/ASUS/Desktop/%E5%B7%A5%E4%BD%9C%E9%A1%B9%E7%9B%AE/%E9%92%93%E9%B1%BC/fishing-pc/node_modules/vite/dist/node/chunks/dep-BK3b2jBa.js:62106:24)
[2m14:24:53[22m [31m[1m[vite][22m[39m Pre-transform error: Failed to resolve import "@/views/merchant/MerchantPonds.vue" from "src/router/index.ts". Does the file exist?
[2m14:24:53[22m [31m[1m[vite][22m[39m [31mInternal server error: Failed to resolve import "@/views/merchant/MerchantPonds.vue" from "src/router/index.ts". Does the file exist?[39m
  Plugin: [35mvite:import-analysis[39m
  File: [36mC:/Users/ASUS/Desktop/工作项目/钓鱼/fishing-pc/src/router/index.ts[39m:47:47
[33m  44 |      redirect: "/merchant/ponds",
  45 |      children: [
  46 |        { path: "ponds", component: () => import("@/views/merchant/MerchantPonds.vue"), meta: { title: "鱼塘管理" } },
     |                                                 ^
  47 |        { path: "ponds/:id/spots", component: () => import("@/views/merchant/MerchantSpotEditor.vue"), meta: { title: "钓位可视化" } },
  48 |        { path: "pond-board", component: () => import("@/views/merchant/MerchantPondBoard.vue"), meta: { title: "鱼塘看板" } },[39m
      at TransformPluginContext._formatError (file:///C:/Users/ASUS/Desktop/%E5%B7%A5%E4%BD%9C%E9%A1%B9%E7%9B%AE/%E9%92%93%E9%B1%BC/fishing-pc/node_modules/vite/dist/node/chunks/dep-BK3b2jBa.js:49258:41)
      at TransformPluginContext.error (file:///C:/Users/ASUS/Desktop/%E5%B7%A5%E4%BD%9C%E9%A1%B9%E7%9B%AE/%E9%92%93%E9%B1%BC/fishing-pc/node_modules/vite/dist/node/chunks/dep-BK3b2jBa.js:49253:16)
      at normalizeUrl (file:///C:/Users/ASUS/Desktop/%E5%B7%A5%E4%BD%9C%E9%A1%B9%E7%9B%AE/%E9%92%93%E9%B1%BC/fishing-pc/node_modules/vite/dist/node/chunks/dep-BK3b2jBa.js:64307:23)
      at process.processTicksAndRejections (node:internal/process/task_queues:103:5)
      at async file:///C:/Users/ASUS/Desktop/%E5%B7%A5%E4%BD%9C%E9%A1%B9%E7%9B%AE/%E9%92%93%E9%B1%BC/fishing-pc/node_modules/vite/dist/node/chunks/dep-BK3b2jBa.js:64439:39
      at async Promise.all (index 22)
      at async TransformPluginContext.transform (file:///C:/Users/ASUS/Desktop/%E5%B7%A5%E4%BD%9C%E9%A1%B9%E7%9B%AE/%E9%92%93%E9%B1%BC/fishing-pc/node_modules/vite/dist/node/chunks/dep-BK3b2jBa.js:64366:7)
      at async PluginContainer.transform (file:///C:/Users/ASUS/Desktop/%E5%B7%A5%E4%BD%9C%E9%A1%B9%E7%9B%AE/%E9%92%93%E9%B1%BC/fishing-pc/node_modules/vite/dist/node/chunks/dep-BK3b2jBa.js:49099:18)
      at async loadAndTransform (file:///C:/Users/ASUS/Desktop/%E5%B7%A5%E4%BD%9C%E9%A1%B9%E7%9B%AE/%E9%92%93%E9%B1%BC/fishing-pc/node_modules/vite/dist/node/chunks/dep-BK3b2jBa.js:51978:27)
      at async viteTransformMiddleware (file:///C:/Users/ASUS/Desktop/%E5%B7%A5%E4%BD%9C%E9%A1%B9%E7%9B%AE/%E9%92%93%E9%B1%BC/fishing-pc/node_modules/vite/dist/node/chunks/dep-BK3b2jBa.js:62106:24)
[2m14:24:53[22m [31m[1m[vite][22m[39m [31mInternal server error: Failed to resolve import "@/views/merchant/MerchantPonds.vue" from "src/router/index.ts". Does the file exist?[39m
  Plugin: [35mvite:import-analysis[39m
  File: [36mC:/Users/ASUS/Desktop/工作项目/钓鱼/fishing-pc/src/router/index.ts[39m:47:47
[33m  44 |      redirect: "/merchant/ponds",
  45 |      children: [
  46 |        { path: "ponds", component: () => import("@/views/merchant/MerchantPonds.vue"), meta: { title: "鱼塘管理" } },
     |                                                 ^
  47 |        { path: "ponds/:id/spots", component: () => import("@/views/merchant/MerchantSpotEditor.vue"), meta: { title: "钓位可视化" } },
  48 |        { path: "pond-board", component: () => import("@/views/merchant/MerchantPondBoard.vue"), meta: { title: "鱼塘看板" } },[39m
      at TransformPluginContext._formatError (file:///C:/Users/ASUS/Desktop/%E5%B7%A5%E4%BD%9C%E9%A1%B9%E7%9B%AE/%E9%92%93%E9%B1%BC/fishing-pc/node_modules/vite/dist/node/chunks/dep-BK3b2jBa.js:49258:41)
      at TransformPluginContext.error (file:///C:/Users/ASUS/Desktop/%E5%B7%A5%E4%BD%9C%E9%A1%B9%E7%9B%AE/%E9%92%93%E9%B1%BC/fishing-pc/node_modules/vite/dist/node/chunks/dep-BK3b2jBa.js:49253:16)
      at normalizeUrl (file:///C:/Users/ASUS/Desktop/%E5%B7%A5%E4%BD%9C%E9%A1%B9%E7%9B%AE/%E9%92%93%E9%B1%BC/fishing-pc/node_modules/vite/dist/node/chunks/dep-BK3b2jBa.js:64307:23)
      at process.processTicksAndRejections (node:internal/process/task_queues:103:5)
      at async file:///C:/Users/ASUS/Desktop/%E5%B7%A5%E4%BD%9C%E9%A1%B9%E7%9B%AE/%E9%92%93%E9%B1%BC/fishing-pc/node_modules/vite/dist/node/chunks/dep-BK3b2jBa.js:64439:39
      at async Promise.all (index 22)
      at async TransformPluginContext.transform (file:///C:/Users/ASUS/Desktop/%E5%B7%A5%E4%BD%9C%E9%A1%B9%E7%9B%AE/%E9%92%93%E9%B1%BC/fishing-pc/node_modules/vite/dist/node/chunks/dep-BK3b2jBa.js:64366:7)
      at async PluginContainer.transform (file:///C:/Users/ASUS/Desktop/%E5%B7%A5%E4%BD%9C%E9%A1%B9%E7%9B%AE/%E9%92%93%E9%B1%BC/fishing-pc/node_modules/vite/dist/node/chunks/dep-BK3b2jBa.js:49099:18)
      at async loadAndTransform (file:///C:/Users/ASUS/Desktop/%E5%B7%A5%E4%BD%9C%E9%A1%B9%E7%9B%AE/%E9%92%93%E9%B1%BC/fishing-pc/node_modules/vite/dist/node/chunks/dep-BK3b2jBa.js:51978:27)
      at async viteTransformMiddleware (file:///C:/Users/ASUS/Desktop/%E5%B7%A5%E4%BD%9C%E9%A1%B9%E7%9B%AE/%E9%92%93%E9%B1%BC/fishing-pc/node_modules/vite/dist/node/chunks/dep-BK3b2jBa.js:62106:24)
[2m14:25:00[22m [31m[1m[vite][22m[39m [31mInternal server error: Failed to resolve import "@/views/merchant/MerchantPonds.vue" from "src/router/index.ts". Does the file exist?[39m
  Plugin: [35mvite:import-analysis[39m
  File: [36mC:/Users/ASUS/Desktop/工作项目/钓鱼/fishing-pc/src/router/index.ts[39m:47:47
[33m  44 |      redirect: "/merchant/ponds",
  45 |      children: [
  46 |        { path: "ponds", component: () => import("@/views/merchant/MerchantPonds.vue"), meta: { title: "鱼塘管理" } },
     |                                                 ^
  47 |        { path: "ponds/:id/spots", component: () => import("@/views/merchant/MerchantSpotEditor.vue"), meta: { title: "钓位可视化" } },
  48 |        { path: "pond-board", component: () => import("@/views/merchant/MerchantPondBoard.vue"), meta: { title: "鱼塘看板" } },[39m
      at TransformPluginContext._formatError (file:///C:/Users/ASUS/Desktop/%E5%B7%A5%E4%BD%9C%E9%A1%B9%E7%9B%AE/%E9%92%93%E9%B1%BC/fishing-pc/node_modules/vite/dist/node/chunks/dep-BK3b2jBa.js:49258:41)
      at TransformPluginContext.error (file:///C:/Users/ASUS/Desktop/%E5%B7%A5%E4%BD%9C%E9%A1%B9%E7%9B%AE/%E9%92%93%E9%B1%BC/fishing-pc/node_modules/vite/dist/node/chunks/dep-BK3b2jBa.js:49253:16)
      at normalizeUrl (file:///C:/Users/ASUS/Desktop/%E5%B7%A5%E4%BD%9C%E9%A1%B9%E7%9B%AE/%E9%92%93%E9%B1%BC/fishing-pc/node_modules/vite/dist/node/chunks/dep-BK3b2jBa.js:64307:23)
      at process.processTicksAndRejections (node:internal/process/task_queues:103:5)
      at async file:///C:/Users/ASUS/Desktop/%E5%B7%A5%E4%BD%9C%E9%A1%B9%E7%9B%AE/%E9%92%93%E9%B1%BC/fishing-pc/node_modules/vite/dist/node/chunks/dep-BK3b2jBa.js:64439:39
      at async Promise.all (index 22)
      at async TransformPluginContext.transform (file:///C:/Users/ASUS/Desktop/%E5%B7%A5%E4%BD%9C%E9%A1%B9%E7%9B%AE/%E9%92%93%E9%B1%BC/fishing-pc/node_modules/vite/dist/node/chunks/dep-BK3b2jBa.js:64366:7)
      at async PluginContainer.transform (file:///C:/Users/ASUS/Desktop/%E5%B7%A5%E4%BD%9C%E9%A1%B9%E7%9B%AE/%E9%92%93%E9%B1%BC/fishing-pc/node_modules/vite/dist/node/chunks/dep-BK3b2jBa.js:49099:18)
      at async loadAndTransform (file:///C:/Users/ASUS/Desktop/%E5%B7%A5%E4%BD%9C%E9%A1%B9%E7%9B%AE/%E9%92%93%E9%B1%BC/fishing-pc/node_modules/vite/dist/node/chunks/dep-BK3b2jBa.js:51978:27)
      at async viteTransformMiddleware (file:///C:/Users/ASUS/Desktop/%E5%B7%A5%E4%BD%9C%E9%A1%B9%E7%9B%AE/%E9%92%93%E9%B1%BC/fishing-pc/node_modules/vite/dist/node/chunks/dep-BK3b2jBa.js:62106:24)
[2m14:25:00[22m [31m[1m[vite][22m[39m [31mInternal server error: Failed to resolve import "@/views/merchant/MerchantPonds.vue" from "src/router/index.ts". Does the file exist?[39m
  Plugin: [35mvite:import-analysis[39m
  File: [36mC:/Users/ASUS/Desktop/工作项目/钓鱼/fishing-pc/src/router/index.ts[39m:47:47
[33m  44 |      redirect: "/merchant/ponds",
  45 |      children: [
  46 |        { path: "ponds", component: () => import("@/views/merchant/MerchantPonds.vue"), meta: { title: "鱼塘管理" } },
     |                                                 ^
  47 |        { path: "ponds/:id/spots", component: () => import("@/views/merchant/MerchantSpotEditor.vue"), meta: { title: "钓位可视化" } },
  48 |        { path: "pond-board", component: () => import("@/views/merchant/MerchantPondBoard.vue"), meta: { title: "鱼塘看板" } },[39m
      at TransformPluginContext._formatError (file:///C:/Users/ASUS/Desktop/%E5%B7%A5%E4%BD%9C%E9%A1%B9%E7%9B%AE/%E9%92%93%E9%B1%BC/fishing-pc/node_modules/vite/dist/node/chunks/dep-BK3b2jBa.js:49258:41)
      at TransformPluginContext.error (file:///C:/Users/ASUS/Desktop/%E5%B7%A5%E4%BD%9C%E9%A1%B9%E7%9B%AE/%E9%92%93%E9%B1%BC/fishing-pc/node_modules/vite/dist/node/chunks/dep-BK3b2jBa.js:49253:16)
      at normalizeUrl (file:///C:/Users/ASUS/Desktop/%E5%B7%A5%E4%BD%9C%E9%A1%B9%E7%9B%AE/%E9%92%93%E9%B1%BC/fishing-pc/node_modules/vite/dist/node/chunks/dep-BK3b2jBa.js:64307:23)
      at process.processTicksAndRejections (node:internal/process/task_queues:103:5)
      at async file:///C:/Users/ASUS/Desktop/%E5%B7%A5%E4%BD%9C%E9%A1%B9%E7%9B%AE/%E9%92%93%E9%B1%BC/fishing-pc/node_modules/vite/dist/node/chunks/dep-BK3b2jBa.js:64439:39
      at async Promise.all (index 22)
      at async TransformPluginContext.transform (file:///C:/Users/ASUS/Desktop/%E5%B7%A5%E4%BD%9C%E9%A1%B9%E7%9B%AE/%E9%92%93%E9%B1%BC/fishing-pc/node_modules/vite/dist/node/chunks/dep-BK3b2jBa.js:64366:7)
      at async PluginContainer.transform (file:///C:/Users/ASUS/Desktop/%E5%B7%A5%E4%BD%9C%E9%A1%B9%E7%9B%AE/%E9%92%93%E9%B1%BC/fishing-pc/node_modules/vite/dist/node/chunks/dep-BK3b2jBa.js:49099:18)
      at async loadAndTransform (file:///C:/Users/ASUS/Desktop/%E5%B7%A5%E4%BD%9C%E9%A1%B9%E7%9B%AE/%E9%92%93%E9%B1%BC/fishing-pc/node_modules/vite/dist/node/chunks/dep-BK3b2jBa.js:51978:27)
      at async viteTransformMiddleware (file:///C:/Users/ASUS/Desktop/%E5%B7%A5%E4%BD%9C%E9%A1%B9%E7%9B%AE/%E9%92%93%E9%B1%BC/fishing-pc/node_modules/vite/dist/node/chunks/dep-BK3b2jBa.js:62106:24)
[2m14:25:19[22m [31m[1m[vite][22m[39m Pre-transform error: Failed to resolve import "@/views/merchant/MerchantPonds.vue" from "src/router/index.ts". Does the file exist?
[2m14:25:19[22m [31m[1m[vite][22m[39m [31mInternal server error: Failed to resolve import "@/views/merchant/MerchantPonds.vue" from "src/router/index.ts". Does the file exist?[39m
  Plugin: [35mvite:import-analysis[39m
  File: [36mC:/Users/ASUS/Desktop/工作项目/钓鱼/fishing-pc/src/router/index.ts[39m:47:47
[33m  44 |      redirect: "/merchant/ponds",
  45 |      children: [
  46 |        { path: "ponds", component: () => import("@/views/merchant/MerchantPonds.vue"), meta: { title: "鱼塘管理" } },
     |                                                 ^
  47 |        { path: "ponds/:id/spots", component: () => import("@/views/merchant/MerchantSpotEditor.vue"), meta: { title: "钓位可视化" } },
  48 |        { path: "pond-board", component: () => import("@/views/merchant/MerchantPondBoard.vue"), meta: { title: "鱼塘看板" } },[39m
      at TransformPluginContext._formatError (file:///C:/Users/ASUS/Desktop/%E5%B7%A5%E4%BD%9C%E9%A1%B9%E7%9B%AE/%E9%92%93%E9%B1%BC/fishing-pc/node_modules/vite/dist/node/chunks/dep-BK3b2jBa.js:49258:41)
      at TransformPluginContext.error (file:///C:/Users/ASUS/Desktop/%E5%B7%A5%E4%BD%9C%E9%A1%B9%E7%9B%AE/%E9%92%93%E9%B1%BC/fishing-pc/node_modules/vite/dist/node/chunks/dep-BK3b2jBa.js:49253:16)
      at normalizeUrl (file:///C:/Users/ASUS/Desktop/%E5%B7%A5%E4%BD%9C%E9%A1%B9%E7%9B%AE/%E9%92%93%E9%B1%BC/fishing-pc/node_modules/vite/dist/node/chunks/dep-BK3b2jBa.js:64307:23)
      at process.processTicksAndRejections (node:internal/process/task_queues:103:5)
      at async file:///C:/Users/ASUS/Desktop/%E5%B7%A5%E4%BD%9C%E9%A1%B9%E7%9B%AE/%E9%92%93%E9%B1%BC/fishing-pc/node_modules/vite/dist/node/chunks/dep-BK3b2jBa.js:64439:39
      at async Promise.all (index 22)
      at async TransformPluginContext.transform (file:///C:/Users/ASUS/Desktop/%E5%B7%A5%E4%BD%9C%E9%A1%B9%E7%9B%AE/%E9%92%93%E9%B1%BC/fishing-pc/node_modules/vite/dist/node/chunks/dep-BK3b2jBa.js:64366:7)
      at async PluginContainer.transform (file:///C:/Users/ASUS/Desktop/%E5%B7%A5%E4%BD%9C%E9%A1%B9%E7%9B%AE/%E9%92%93%E9%B1%BC/fishing-pc/node_modules/vite/dist/node/chunks/dep-BK3b2jBa.js:49099:18)
      at async loadAndTransform (file:///C:/Users/ASUS/Desktop/%E5%B7%A5%E4%BD%9C%E9%A1%B9%E7%9B%AE/%E9%92%93%E9%B1%BC/fishing-pc/node_modules/vite/dist/node/chunks/dep-BK3b2jBa.js:51978:27)
      at async viteTransformMiddleware (file:///C:/Users/ASUS/Desktop/%E5%B7%A5%E4%BD%9C%E9%A1%B9%E7%9B%AE/%E9%92%93%E9%B1%BC/fishing-pc/node_modules/vite/dist/node/chunks/dep-BK3b2jBa.js:62106:24)
[2m14:25:19[22m [31m[1m[vite][22m[39m [31mInternal server error: Failed to resolve import "@/views/merchant/MerchantPonds.vue" from "src/router/index.ts". Does the file exist?[39m
  Plugin: [35mvite:import-analysis[39m
  File: [36mC:/Users/ASUS/Desktop/工作项目/钓鱼/fishing-pc/src/router/index.ts[39m:47:47
[33m  44 |      redirect: "/merchant/ponds",
  45 |      children: [
  46 |        { path: "ponds", component: () => import("@/views/merchant/MerchantPonds.vue"), meta: { title: "鱼塘管理" } },
     |                                                 ^
  47 |        { path: "ponds/:id/spots", component: () => import("@/views/merchant/MerchantSpotEditor.vue"), meta: { title: "钓位可视化" } },
  48 |        { path: "pond-board", component: () => import("@/views/merchant/MerchantPondBoard.vue"), meta: { title: "鱼塘看板" } },[39m
      at TransformPluginContext._formatError (file:///C:/Users/ASUS/Desktop/%E5%B7%A5%E4%BD%9C%E9%A1%B9%E7%9B%AE/%E9%92%93%E9%B1%BC/fishing-pc/node_modules/vite/dist/node/chunks/dep-BK3b2jBa.js:49258:41)
      at TransformPluginContext.error (file:///C:/Users/ASUS/Desktop/%E5%B7%A5%E4%BD%9C%E9%A1%B9%E7%9B%AE/%E9%92%93%E9%B1%BC/fishing-pc/node_modules/vite/dist/node/chunks/dep-BK3b2jBa.js:49253:16)
      at normalizeUrl (file:///C:/Users/ASUS/Desktop/%E5%B7%A5%E4%BD%9C%E9%A1%B9%E7%9B%AE/%E9%92%93%E9%B1%BC/fishing-pc/node_modules/vite/dist/node/chunks/dep-BK3b2jBa.js:64307:23)
      at process.processTicksAndRejections (node:internal/process/task_queues:103:5)
      at async file:///C:/Users/ASUS/Desktop/%E5%B7%A5%E4%BD%9C%E9%A1%B9%E7%9B%AE/%E9%92%93%E9%B1%BC/fishing-pc/node_modules/vite/dist/node/chunks/dep-BK3b2jBa.js:64439:39
      at async Promise.all (index 22)
      at async TransformPluginContext.transform (file:///C:/Users/ASUS/Desktop/%E5%B7%A5%E4%BD%9C%E9%A1%B9%E7%9B%AE/%E9%92%93%E9%B1%BC/fishing-pc/node_modules/vite/dist/node/chunks/dep-BK3b2jBa.js:64366:7)
      at async PluginContainer.transform (file:///C:/Users/ASUS/Desktop/%E5%B7%A5%E4%BD%9C%E9%A1%B9%E7%9B%AE/%E9%92%93%E9%B1%BC/fishing-pc/node_modules/vite/dist/node/chunks/dep-BK3b2jBa.js:49099:18)
      at async loadAndTransform (file:///C:/Users/ASUS/Desktop/%E5%B7%A5%E4%BD%9C%E9%A1%B9%E7%9B%AE/%E9%92%93%E9%B1%BC/fishing-pc/node_modules/vite/dist/node/chunks/dep-BK3b2jBa.js:51978:27)
      at async viteTransformMiddleware (file:///C:/Users/ASUS/Desktop/%E5%B7%A5%E4%BD%9C%E9%A1%B9%E7%9B%AE/%E9%92%93%E9%B1%BC/fishing-pc/node_modules/vite/dist/node/chunks/dep-BK3b2jBa.js:62106:24)
[2m14:25:27[22m [31m[1m[vite][22m[39m [31mInternal server error: Failed to resolve import "@/views/merchant/MerchantPonds.vue" from "src/router/index.ts". Does the file exist?[39m
  Plugin: [35mvite:import-analysis[39m
  File: [36mC:/Users/ASUS/Desktop/工作项目/钓鱼/fishing-pc/src/router/index.ts[39m:47:47
[33m  44 |      redirect: "/merchant/ponds",
  45 |      children: [
  46 |        { path: "ponds", component: () => import("@/views/merchant/MerchantPonds.vue"), meta: { title: "鱼塘管理" } },
     |                                                 ^
  47 |        { path: "ponds/:id/spots", component: () => import("@/views/merchant/MerchantSpotEditor.vue"), meta: { title: "钓位可视化" } },
  48 |        { path: "pond-board", component: () => import("@/views/merchant/MerchantPondBoard.vue"), meta: { title: "鱼塘看板" } },[39m
      at TransformPluginContext._formatError (file:///C:/Users/ASUS/Desktop/%E5%B7%A5%E4%BD%9C%E9%A1%B9%E7%9B%AE/%E9%92%93%E9%B1%BC/fishing-pc/node_modules/vite/dist/node/chunks/dep-BK3b2jBa.js:49258:41)
      at TransformPluginContext.error (file:///C:/Users/ASUS/Desktop/%E5%B7%A5%E4%BD%9C%E9%A1%B9%E7%9B%AE/%E9%92%93%E9%B1%BC/fishing-pc/node_modules/vite/dist/node/chunks/dep-BK3b2jBa.js:49253:16)
      at normalizeUrl (file:///C:/Users/ASUS/Desktop/%E5%B7%A5%E4%BD%9C%E9%A1%B9%E7%9B%AE/%E9%92%93%E9%B1%BC/fishing-pc/node_modules/vite/dist/node/chunks/dep-BK3b2jBa.js:64307:23)
      at process.processTicksAndRejections (node:internal/process/task_queues:103:5)
      at async file:///C:/Users/ASUS/Desktop/%E5%B7%A5%E4%BD%9C%E9%A1%B9%E7%9B%AE/%E9%92%93%E9%B1%BC/fishing-pc/node_modules/vite/dist/node/chunks/dep-BK3b2jBa.js:64439:39
      at async Promise.all (index 22)
      at async TransformPluginContext.transform (file:///C:/Users/ASUS/Desktop/%E5%B7%A5%E4%BD%9C%E9%A1%B9%E7%9B%AE/%E9%92%93%E9%B1%BC/fishing-pc/node_modules/vite/dist/node/chunks/dep-BK3b2jBa.js:64366:7)
      at async PluginContainer.transform (file:///C:/Users/ASUS/Desktop/%E5%B7%A5%E4%BD%9C%E9%A1%B9%E7%9B%AE/%E9%92%93%E9%B1%BC/fishing-pc/node_modules/vite/dist/node/chunks/dep-BK3b2jBa.js:49099:18)
      at async loadAndTransform (file:///C:/Users/ASUS/Desktop/%E5%B7%A5%E4%BD%9C%E9%A1%B9%E7%9B%AE/%E9%92%93%E9%B1%BC/fishing-pc/node_modules/vite/dist/node/chunks/dep-BK3b2jBa.js:51978:27)
      at async viteTransformMiddleware (file:///C:/Users/ASUS/Desktop/%E5%B7%A5%E4%BD%9C%E9%A1%B9%E7%9B%AE/%E9%92%93%E9%B1%BC/fishing-pc/node_modules/vite/dist/node/chunks/dep-BK3b2jBa.js:62106:24)
[2m14:25:45[22m [31m[1m[vite][22m[39m Pre-transform error: Failed to resolve import "@/views/merchant/MerchantPonds.vue" from "src/router/index.ts". Does the file exist?
[2m14:25:45[22m [31m[1m[vite][22m[39m [31mInternal server error: Failed to resolve import "@/views/merchant/MerchantPonds.vue" from "src/router/index.ts". Does the file exist?[39m
  Plugin: [35mvite:import-analysis[39m
  File: [36mC:/Users/ASUS/Desktop/工作项目/钓鱼/fishing-pc/src/router/index.ts[39m:47:47
[33m  44 |      redirect: "/merchant/ponds",
  45 |      children: [
  46 |        { path: "ponds", component: () => import("@/views/merchant/MerchantPonds.vue"), meta: { title: "鱼塘管理" } },
     |                                                 ^
  47 |        { path: "ponds/:id/spots", component: () => import("@/views/merchant/MerchantSpotEditor.vue"), meta: { title: "钓位可视化" } },
  48 |        { path: "pond-board", component: () => import("@/views/merchant/MerchantPondBoard.vue"), meta: { title: "鱼塘看板" } },[39m
      at TransformPluginContext._formatError (file:///C:/Users/ASUS/Desktop/%E5%B7%A5%E4%BD%9C%E9%A1%B9%E7%9B%AE/%E9%92%93%E9%B1%BC/fishing-pc/node_modules/vite/dist/node/chunks/dep-BK3b2jBa.js:49258:41)
      at TransformPluginContext.error (file:///C:/Users/ASUS/Desktop/%E5%B7%A5%E4%BD%9C%E9%A1%B9%E7%9B%AE/%E9%92%93%E9%B1%BC/fishing-pc/node_modules/vite/dist/node/chunks/dep-BK3b2jBa.js:49253:16)
      at normalizeUrl (file:///C:/Users/ASUS/Desktop/%E5%B7%A5%E4%BD%9C%E9%A1%B9%E7%9B%AE/%E9%92%93%E9%B1%BC/fishing-pc/node_modules/vite/dist/node/chunks/dep-BK3b2jBa.js:64307:23)
      at process.processTicksAndRejections (node:internal/process/task_queues:103:5)
      at async file:///C:/Users/ASUS/Desktop/%E5%B7%A5%E4%BD%9C%E9%A1%B9%E7%9B%AE/%E9%92%93%E9%B1%BC/fishing-pc/node_modules/vite/dist/node/chunks/dep-BK3b2jBa.js:64439:39
      at async Promise.all (index 22)
      at async TransformPluginContext.transform (file:///C:/Users/ASUS/Desktop/%E5%B7%A5%E4%BD%9C%E9%A1%B9%E7%9B%AE/%E9%92%93%E9%B1%BC/fishing-pc/node_modules/vite/dist/node/chunks/dep-BK3b2jBa.js:64366:7)
      at async PluginContainer.transform (file:///C:/Users/ASUS/Desktop/%E5%B7%A5%E4%BD%9C%E9%A1%B9%E7%9B%AE/%E9%92%93%E9%B1%BC/fishing-pc/node_modules/vite/dist/node/chunks/dep-BK3b2jBa.js:49099:18)
      at async loadAndTransform (file:///C:/Users/ASUS/Desktop/%E5%B7%A5%E4%BD%9C%E9%A1%B9%E7%9B%AE/%E9%92%93%E9%B1%BC/fishing-pc/node_modules/vite/dist/node/chunks/dep-BK3b2jBa.js:51978:27)
      at async viteTransformMiddleware (file:///C:/Users/ASUS/Desktop/%E5%B7%A5%E4%BD%9C%E9%A1%B9%E7%9B%AE/%E9%92%93%E9%B1%BC/fishing-pc/node_modules/vite/dist/node/chunks/dep-BK3b2jBa.js:62106:24)
[2m14:25:45[22m [31m[1m[vite][22m[39m [31mInternal server error: Failed to resolve import "@/views/merchant/MerchantPonds.vue" from "src/router/index.ts". Does the file exist?[39m
  Plugin: [35mvite:import-analysis[39m
  File: [36mC:/Users/ASUS/Desktop/工作项目/钓鱼/fishing-pc/src/router/index.ts[39m:47:47
[33m  44 |      redirect: "/merchant/ponds",
  45 |      children: [
  46 |        { path: "ponds", component: () => import("@/views/merchant/MerchantPonds.vue"), meta: { title: "鱼塘管理" } },
     |                                                 ^
  47 |        { path: "ponds/:id/spots", component: () => import("@/views/merchant/MerchantSpotEditor.vue"), meta: { title: "钓位可视化" } },
  48 |        { path: "pond-board", component: () => import("@/views/merchant/MerchantPondBoard.vue"), meta: { title: "鱼塘看板" } },[39m
      at TransformPluginContext._formatError (file:///C:/Users/ASUS/Desktop/%E5%B7%A5%E4%BD%9C%E9%A1%B9%E7%9B%AE/%E9%92%93%E9%B1%BC/fishing-pc/node_modules/vite/dist/node/chunks/dep-BK3b2jBa.js:49258:41)
      at TransformPluginContext.error (file:///C:/Users/ASUS/Desktop/%E5%B7%A5%E4%BD%9C%E9%A1%B9%E7%9B%AE/%E9%92%93%E9%B1%BC/fishing-pc/node_modules/vite/dist/node/chunks/dep-BK3b2jBa.js:49253:16)
      at normalizeUrl (file:///C:/Users/ASUS/Desktop/%E5%B7%A5%E4%BD%9C%E9%A1%B9%E7%9B%AE/%E9%92%93%E9%B1%BC/fishing-pc/node_modules/vite/dist/node/chunks/dep-BK3b2jBa.js:64307:23)
      at process.processTicksAndRejections (node:internal/process/task_queues:103:5)
      at async file:///C:/Users/ASUS/Desktop/%E5%B7%A5%E4%BD%9C%E9%A1%B9%E7%9B%AE/%E9%92%93%E9%B1%BC/fishing-pc/node_modules/vite/dist/node/chunks/dep-BK3b2jBa.js:64439:39
      at async Promise.all (index 22)
      at async TransformPluginContext.transform (file:///C:/Users/ASUS/Desktop/%E5%B7%A5%E4%BD%9C%E9%A1%B9%E7%9B%AE/%E9%92%93%E9%B1%BC/fishing-pc/node_modules/vite/dist/node/chunks/dep-BK3b2jBa.js:64366:7)
      at async PluginContainer.transform (file:///C:/Users/ASUS/Desktop/%E5%B7%A5%E4%BD%9C%E9%A1%B9%E7%9B%AE/%E9%92%93%E9%B1%BC/fishing-pc/node_modules/vite/dist/node/chunks/dep-BK3b2jBa.js:49099:18)
      at async loadAndTransform (file:///C:/Users/ASUS/Desktop/%E5%B7%A5%E4%BD%9C%E9%A1%B9%E7%9B%AE/%E9%92%93%E9%B1%BC/fishing-pc/node_modules/vite/dist/node/chunks/dep-BK3b2jBa.js:51978:27)
      at async viteTransformMiddleware (file:///C:/Users/ASUS/Desktop/%E5%B7%A5%E4%BD%9C%E9%A1%B9%E7%9B%AE/%E9%92%93%E9%B1%BC/fishing-pc/node_modules/vite/dist/node/chunks/dep-BK3b2jBa.js:62106:24)
[2m14:25:55[22m [31m[1m[vite][22m[39m [31mInternal server error: Failed to resolve import "@/views/restaurant/RestaurantHome.vue" from "src/router/index.ts". Does the file exist?[39m
  Plugin: [35mvite:import-analysis[39m
  File: [36mC:/Users/ASUS/Desktop/工作项目/钓鱼/fishing-pc/src/router/index.ts[39m:21:52
[33m  18 |        { path: "user/spots", component: () => import("@/views/user/MySpots.vue"), meta: { title: "我的钓位" } },
  19 |        { path: "user/catches", component: () => import("@/views/user/MyCatches.vue"), meta: { title: "渔获回收" } },
  20 |        { path: "restaurant", component: () => import("@/views/restaurant/RestaurantHome.vue"), meta: { title: "鱼塘餐厅" } },
     |                                                      ^
  21 |        { path: "restaurant/orders", component: () => import("@/views/restaurant/RestaurantOrders.vue"), meta: { title: "餐厅订单" } },
  22 |        { path: "shop", component: () => import("@/views/shop/ShopHome.vue"), meta: { title: "商城" } },[39m
      at TransformPluginContext._formatError (file:///C:/Users/ASUS/Desktop/%E5%B7%A5%E4%BD%9C%E9%A1%B9%E7%9B%AE/%E9%92%93%E9%B1%BC/fishing-pc/node_modules/vite/dist/node/chunks/dep-BK3b2jBa.js:49258:41)
      at TransformPluginContext.error (file:///C:/Users/ASUS/Desktop/%E5%B7%A5%E4%BD%9C%E9%A1%B9%E7%9B%AE/%E9%92%93%E9%B1%BC/fishing-pc/node_modules/vite/dist/node/chunks/dep-BK3b2jBa.js:49253:16)
      at normalizeUrl (file:///C:/Users/ASUS/Desktop/%E5%B7%A5%E4%BD%9C%E9%A1%B9%E7%9B%AE/%E9%92%93%E9%B1%BC/fishing-pc/node_modules/vite/dist/node/chunks/dep-BK3b2jBa.js:64307:23)
      at process.processTicksAndRejections (node:internal/process/task_queues:103:5)
      at async file:///C:/Users/ASUS/Desktop/%E5%B7%A5%E4%BD%9C%E9%A1%B9%E7%9B%AE/%E9%92%93%E9%B1%BC/fishing-pc/node_modules/vite/dist/node/chunks/dep-BK3b2jBa.js:64439:39
      at async Promise.all (index 10)
      at async TransformPluginContext.transform (file:///C:/Users/ASUS/Desktop/%E5%B7%A5%E4%BD%9C%E9%A1%B9%E7%9B%AE/%E9%92%93%E9%B1%BC/fishing-pc/node_modules/vite/dist/node/chunks/dep-BK3b2jBa.js:64366:7)
      at async PluginContainer.transform (file:///C:/Users/ASUS/Desktop/%E5%B7%A5%E4%BD%9C%E9%A1%B9%E7%9B%AE/%E9%92%93%E9%B1%BC/fishing-pc/node_modules/vite/dist/node/chunks/dep-BK3b2jBa.js:49099:18)
      at async loadAndTransform (file:///C:/Users/ASUS/Desktop/%E5%B7%A5%E4%BD%9C%E9%A1%B9%E7%9B%AE/%E9%92%93%E9%B1%BC/fishing-pc/node_modules/vite/dist/node/chunks/dep-BK3b2jBa.js:51978:27)
      at async viteTransformMiddleware (file:///C:/Users/ASUS/Desktop/%E5%B7%A5%E4%BD%9C%E9%A1%B9%E7%9B%AE/%E9%92%93%E9%B1%BC/fishing-pc/node_modules/vite/dist/node/chunks/dep-BK3b2jBa.js:62106:24)
[2m14:27:01[22m [31m[1m[vite][22m[39m Pre-transform error: Failed to resolve import "@/views/merchant/MerchantPonds.vue" from "src/router/index.ts". Does the file exist?
[2m14:27:01[22m [31m[1m[vite][22m[39m [31mInternal server error: Failed to resolve import "@/views/merchant/MerchantPonds.vue" from "src/router/index.ts". Does the file exist?[39m
  Plugin: [35mvite:import-analysis[39m
  File: [36mC:/Users/ASUS/Desktop/工作项目/钓鱼/fishing-pc/src/router/index.ts[39m:47:47
[33m  44 |      redirect: "/merchant/ponds",
  45 |      children: [
  46 |        { path: "ponds", component: () => import("@/views/merchant/MerchantPonds.vue"), meta: { title: "鱼塘管理" } },
     |                                                 ^
  47 |        { path: "ponds/:id/spots", component: () => import("@/views/merchant/MerchantSpotEditor.vue"), meta: { title: "钓位可视化" } },
  48 |        { path: "pond-board", component: () => import("@/views/merchant/MerchantPondBoard.vue"), meta: { title: "鱼塘看板" } },[39m
      at TransformPluginContext._formatError (file:///C:/Users/ASUS/Desktop/%E5%B7%A5%E4%BD%9C%E9%A1%B9%E7%9B%AE/%E9%92%93%E9%B1%BC/fishing-pc/node_modules/vite/dist/node/chunks/dep-BK3b2jBa.js:49258:41)
      at TransformPluginContext.error (file:///C:/Users/ASUS/Desktop/%E5%B7%A5%E4%BD%9C%E9%A1%B9%E7%9B%AE/%E9%92%93%E9%B1%BC/fishing-pc/node_modules/vite/dist/node/chunks/dep-BK3b2jBa.js:49253:16)
      at normalizeUrl (file:///C:/Users/ASUS/Desktop/%E5%B7%A5%E4%BD%9C%E9%A1%B9%E7%9B%AE/%E9%92%93%E9%B1%BC/fishing-pc/node_modules/vite/dist/node/chunks/dep-BK3b2jBa.js:64307:23)
      at process.processTicksAndRejections (node:internal/process/task_queues:103:5)
      at async file:///C:/Users/ASUS/Desktop/%E5%B7%A5%E4%BD%9C%E9%A1%B9%E7%9B%AE/%E9%92%93%E9%B1%BC/fishing-pc/node_modules/vite/dist/node/chunks/dep-BK3b2jBa.js:64439:39
      at async Promise.all (index 22)
      at async TransformPluginContext.transform (file:///C:/Users/ASUS/Desktop/%E5%B7%A5%E4%BD%9C%E9%A1%B9%E7%9B%AE/%E9%92%93%E9%B1%BC/fishing-pc/node_modules/vite/dist/node/chunks/dep-BK3b2jBa.js:64366:7)
      at async PluginContainer.transform (file:///C:/Users/ASUS/Desktop/%E5%B7%A5%E4%BD%9C%E9%A1%B9%E7%9B%AE/%E9%92%93%E9%B1%BC/fishing-pc/node_modules/vite/dist/node/chunks/dep-BK3b2jBa.js:49099:18)
      at async loadAndTransform (file:///C:/Users/ASUS/Desktop/%E5%B7%A5%E4%BD%9C%E9%A1%B9%E7%9B%AE/%E9%92%93%E9%B1%BC/fishing-pc/node_modules/vite/dist/node/chunks/dep-BK3b2jBa.js:51978:27)
      at async viteTransformMiddleware (file:///C:/Users/ASUS/Desktop/%E5%B7%A5%E4%BD%9C%E9%A1%B9%E7%9B%AE/%E9%92%93%E9%B1%BC/fishing-pc/node_modules/vite/dist/node/chunks/dep-BK3b2jBa.js:62106:24)
[2m14:27:01[22m [31m[1m[vite][22m[39m [31mInternal server error: Failed to resolve import "@/views/merchant/MerchantPonds.vue" from "src/router/index.ts". Does the file exist?[39m
  Plugin: [35mvite:import-analysis[39m
  File: [36mC:/Users/ASUS/Desktop/工作项目/钓鱼/fishing-pc/src/router/index.ts[39m:47:47
[33m  44 |      redirect: "/merchant/ponds",
  45 |      children: [
  46 |        { path: "ponds", component: () => import("@/views/merchant/MerchantPonds.vue"), meta: { title: "鱼塘管理" } },
     |                                                 ^
  47 |        { path: "ponds/:id/spots", component: () => import("@/views/merchant/MerchantSpotEditor.vue"), meta: { title: "钓位可视化" } },
  48 |        { path: "pond-board", component: () => import("@/views/merchant/MerchantPondBoard.vue"), meta: { title: "鱼塘看板" } },[39m
      at TransformPluginContext._formatError (file:///C:/Users/ASUS/Desktop/%E5%B7%A5%E4%BD%9C%E9%A1%B9%E7%9B%AE/%E9%92%93%E9%B1%BC/fishing-pc/node_modules/vite/dist/node/chunks/dep-BK3b2jBa.js:49258:41)
      at TransformPluginContext.error (file:///C:/Users/ASUS/Desktop/%E5%B7%A5%E4%BD%9C%E9%A1%B9%E7%9B%AE/%E9%92%93%E9%B1%BC/fishing-pc/node_modules/vite/dist/node/chunks/dep-BK3b2jBa.js:49253:16)
      at normalizeUrl (file:///C:/Users/ASUS/Desktop/%E5%B7%A5%E4%BD%9C%E9%A1%B9%E7%9B%AE/%E9%92%93%E9%B1%BC/fishing-pc/node_modules/vite/dist/node/chunks/dep-BK3b2jBa.js:64307:23)
      at process.processTicksAndRejections (node:internal/process/task_queues:103:5)
      at async file:///C:/Users/ASUS/Desktop/%E5%B7%A5%E4%BD%9C%E9%A1%B9%E7%9B%AE/%E9%92%93%E9%B1%BC/fishing-pc/node_modules/vite/dist/node/chunks/dep-BK3b2jBa.js:64439:39
      at async Promise.all (index 22)
      at async TransformPluginContext.transform (file:///C:/Users/ASUS/Desktop/%E5%B7%A5%E4%BD%9C%E9%A1%B9%E7%9B%AE/%E9%92%93%E9%B1%BC/fishing-pc/node_modules/vite/dist/node/chunks/dep-BK3b2jBa.js:64366:7)
      at async PluginContainer.transform (file:///C:/Users/ASUS/Desktop/%E5%B7%A5%E4%BD%9C%E9%A1%B9%E7%9B%AE/%E9%92%93%E9%B1%BC/fishing-pc/node_modules/vite/dist/node/chunks/dep-BK3b2jBa.js:49099:18)
      at async loadAndTransform (file:///C:/Users/ASUS/Desktop/%E5%B7%A5%E4%BD%9C%E9%A1%B9%E7%9B%AE/%E9%92%93%E9%B1%BC/fishing-pc/node_modules/vite/dist/node/chunks/dep-BK3b2jBa.js:51978:27)
      at async viteTransformMiddleware (file:///C:/Users/ASUS/Desktop/%E5%B7%A5%E4%BD%9C%E9%A1%B9%E7%9B%AE/%E9%92%93%E9%B1%BC/fishing-pc/node_modules/vite/dist/node/chunks/dep-BK3b2jBa.js:62106:24)
[2m14:27:19[22m [31m[1m[vite][22m[39m [31mInternal server error: Failed to resolve import "@/views/restaurant/RestaurantOrders.vue" from "src/router/index.ts". Does the file exist?[39m
  Plugin: [35mvite:import-analysis[39m
  File: [36mC:/Users/ASUS/Desktop/工作项目/钓鱼/fishing-pc/src/router/index.ts[39m:22:59
[33m  19 |        { path: "user/catches", component: () => import("@/views/user/MyCatches.vue"), meta: { title: "渔获回收" } },
  20 |        { path: "restaurant", component: () => import("@/views/restaurant/RestaurantHome.vue"), meta: { title: "鱼塘餐厅" } },
  21 |        { path: "restaurant/orders", component: () => import("@/views/restaurant/RestaurantOrders.vue"), meta: { title: "餐厅订单" } },
     |                                                             ^
  22 |        { path: "shop", component: () => import("@/views/shop/ShopHome.vue"), meta: { title: "商城" } },
  23 |        { path: "shop/product/:productId", component: () => import("@/views/shop/ShopProductDetail.vue"), meta: { title: "商品详情" } },[39m
      at TransformPluginContext._formatError (file:///C:/Users/ASUS/Desktop/%E5%B7%A5%E4%BD%9C%E9%A1%B9%E7%9B%AE/%E9%92%93%E9%B1%BC/fishing-pc/node_modules/vite/dist/node/chunks/dep-BK3b2jBa.js:49258:41)
      at TransformPluginContext.error (file:///C:/Users/ASUS/Desktop/%E5%B7%A5%E4%BD%9C%E9%A1%B9%E7%9B%AE/%E9%92%93%E9%B1%BC/fishing-pc/node_modules/vite/dist/node/chunks/dep-BK3b2jBa.js:49253:16)
      at normalizeUrl (file:///C:/Users/ASUS/Desktop/%E5%B7%A5%E4%BD%9C%E9%A1%B9%E7%9B%AE/%E9%92%93%E9%B1%BC/fishing-pc/node_modules/vite/dist/node/chunks/dep-BK3b2jBa.js:64307:23)
      at process.processTicksAndRejections (node:internal/process/task_queues:103:5)
      at async file:///C:/Users/ASUS/Desktop/%E5%B7%A5%E4%BD%9C%E9%A1%B9%E7%9B%AE/%E9%92%93%E9%B1%BC/fishing-pc/node_modules/vite/dist/node/chunks/dep-BK3b2jBa.js:64439:39
      at async Promise.all (index 11)
      at async TransformPluginContext.transform (file:///C:/Users/ASUS/Desktop/%E5%B7%A5%E4%BD%9C%E9%A1%B9%E7%9B%AE/%E9%92%93%E9%B1%BC/fishing-pc/node_modules/vite/dist/node/chunks/dep-BK3b2jBa.js:64366:7)
      at async PluginContainer.transform (file:///C:/Users/ASUS/Desktop/%E5%B7%A5%E4%BD%9C%E9%A1%B9%E7%9B%AE/%E9%92%93%E9%B1%BC/fishing-pc/node_modules/vite/dist/node/chunks/dep-BK3b2jBa.js:49099:18)
      at async loadAndTransform (file:///C:/Users/ASUS/Desktop/%E5%B7%A5%E4%BD%9C%E9%A1%B9%E7%9B%AE/%E9%92%93%E9%B1%BC/fishing-pc/node_modules/vite/dist/node/chunks/dep-BK3b2jBa.js:51978:27)
      at async viteTransformMiddleware (file:///C:/Users/ASUS/Desktop/%E5%B7%A5%E4%BD%9C%E9%A1%B9%E7%9B%AE/%E9%92%93%E9%B1%BC/fishing-pc/node_modules/vite/dist/node/chunks/dep-BK3b2jBa.js:62106:24)
[2m14:27:47[22m [31m[1m[vite][22m[39m Pre-transform error: Failed to resolve import "@/views/merchant/MerchantPonds.vue" from "src/router/index.ts". Does the file exist?
[2m14:27:47[22m [31m[1m[vite][22m[39m [31mInternal server error: Failed to resolve import "@/views/merchant/MerchantPonds.vue" from "src/router/index.ts". Does the file exist?[39m
  Plugin: [35mvite:import-analysis[39m
  File: [36mC:/Users/ASUS/Desktop/工作项目/钓鱼/fishing-pc/src/router/index.ts[39m:47:47
[33m  44 |      redirect: "/merchant/ponds",
  45 |      children: [
  46 |        { path: "ponds", component: () => import("@/views/merchant/MerchantPonds.vue"), meta: { title: "鱼塘管理" } },
     |                                                 ^
  47 |        { path: "ponds/:id/spots", component: () => import("@/views/merchant/MerchantSpotEditor.vue"), meta: { title: "钓位可视化" } },
  48 |        { path: "pond-board", component: () => import("@/views/merchant/MerchantPondBoard.vue"), meta: { title: "鱼塘看板" } },[39m
      at TransformPluginContext._formatError (file:///C:/Users/ASUS/Desktop/%E5%B7%A5%E4%BD%9C%E9%A1%B9%E7%9B%AE/%E9%92%93%E9%B1%BC/fishing-pc/node_modules/vite/dist/node/chunks/dep-BK3b2jBa.js:49258:41)
      at TransformPluginContext.error (file:///C:/Users/ASUS/Desktop/%E5%B7%A5%E4%BD%9C%E9%A1%B9%E7%9B%AE/%E9%92%93%E9%B1%BC/fishing-pc/node_modules/vite/dist/node/chunks/dep-BK3b2jBa.js:49253:16)
      at normalizeUrl (file:///C:/Users/ASUS/Desktop/%E5%B7%A5%E4%BD%9C%E9%A1%B9%E7%9B%AE/%E9%92%93%E9%B1%BC/fishing-pc/node_modules/vite/dist/node/chunks/dep-BK3b2jBa.js:64307:23)
      at process.processTicksAndRejections (node:internal/process/task_queues:103:5)
      at async file:///C:/Users/ASUS/Desktop/%E5%B7%A5%E4%BD%9C%E9%A1%B9%E7%9B%AE/%E9%92%93%E9%B1%BC/fishing-pc/node_modules/vite/dist/node/chunks/dep-BK3b2jBa.js:64439:39
      at async Promise.all (index 22)
      at async TransformPluginContext.transform (file:///C:/Users/ASUS/Desktop/%E5%B7%A5%E4%BD%9C%E9%A1%B9%E7%9B%AE/%E9%92%93%E9%B1%BC/fishing-pc/node_modules/vite/dist/node/chunks/dep-BK3b2jBa.js:64366:7)
      at async PluginContainer.transform (file:///C:/Users/ASUS/Desktop/%E5%B7%A5%E4%BD%9C%E9%A1%B9%E7%9B%AE/%E9%92%93%E9%B1%BC/fishing-pc/node_modules/vite/dist/node/chunks/dep-BK3b2jBa.js:49099:18)
      at async loadAndTransform (file:///C:/Users/ASUS/Desktop/%E5%B7%A5%E4%BD%9C%E9%A1%B9%E7%9B%AE/%E9%92%93%E9%B1%BC/fishing-pc/node_modules/vite/dist/node/chunks/dep-BK3b2jBa.js:51978:27)
      at async viteTransformMiddleware (file:///C:/Users/ASUS/Desktop/%E5%B7%A5%E4%BD%9C%E9%A1%B9%E7%9B%AE/%E9%92%93%E9%B1%BC/fishing-pc/node_modules/vite/dist/node/chunks/dep-BK3b2jBa.js:62106:24)
[2m14:27:47[22m [31m[1m[vite][22m[39m [31mInternal server error: Failed to resolve import "@/views/merchant/MerchantPonds.vue" from "src/router/index.ts". Does the file exist?[39m
  Plugin: [35mvite:import-analysis[39m
  File: [36mC:/Users/ASUS/Desktop/工作项目/钓鱼/fishing-pc/src/router/index.ts[39m:47:47
[33m  44 |      redirect: "/merchant/ponds",
  45 |      children: [
  46 |        { path: "ponds", component: () => import("@/views/merchant/MerchantPonds.vue"), meta: { title: "鱼塘管理" } },
     |                                                 ^
  47 |        { path: "ponds/:id/spots", component: () => import("@/views/merchant/MerchantSpotEditor.vue"), meta: { title: "钓位可视化" } },
  48 |        { path: "pond-board", component: () => import("@/views/merchant/MerchantPondBoard.vue"), meta: { title: "鱼塘看板" } },[39m
      at TransformPluginContext._formatError (file:///C:/Users/ASUS/Desktop/%E5%B7%A5%E4%BD%9C%E9%A1%B9%E7%9B%AE/%E9%92%93%E9%B1%BC/fishing-pc/node_modules/vite/dist/node/chunks/dep-BK3b2jBa.js:49258:41)
      at TransformPluginContext.error (file:///C:/Users/ASUS/Desktop/%E5%B7%A5%E4%BD%9C%E9%A1%B9%E7%9B%AE/%E9%92%93%E9%B1%BC/fishing-pc/node_modules/vite/dist/node/chunks/dep-BK3b2jBa.js:49253:16)
      at normalizeUrl (file:///C:/Users/ASUS/Desktop/%E5%B7%A5%E4%BD%9C%E9%A1%B9%E7%9B%AE/%E9%92%93%E9%B1%BC/fishing-pc/node_modules/vite/dist/node/chunks/dep-BK3b2jBa.js:64307:23)
      at process.processTicksAndRejections (node:internal/process/task_queues:103:5)
      at async file:///C:/Users/ASUS/Desktop/%E5%B7%A5%E4%BD%9C%E9%A1%B9%E7%9B%AE/%E9%92%93%E9%B1%BC/fishing-pc/node_modules/vite/dist/node/chunks/dep-BK3b2jBa.js:64439:39
      at async Promise.all (index 22)
      at async TransformPluginContext.transform (file:///C:/Users/ASUS/Desktop/%E5%B7%A5%E4%BD%9C%E9%A1%B9%E7%9B%AE/%E9%92%93%E9%B1%BC/fishing-pc/node_modules/vite/dist/node/chunks/dep-BK3b2jBa.js:64366:7)
      at async PluginContainer.transform (file:///C:/Users/ASUS/Desktop/%E5%B7%A5%E4%BD%9C%E9%A1%B9%E7%9B%AE/%E9%92%93%E9%B1%BC/fishing-pc/node_modules/vite/dist/node/chunks/dep-BK3b2jBa.js:49099:18)
      at async loadAndTransform (file:///C:/Users/ASUS/Desktop/%E5%B7%A5%E4%BD%9C%E9%A1%B9%E7%9B%AE/%E9%92%93%E9%B1%BC/fishing-pc/node_modules/vite/dist/node/chunks/dep-BK3b2jBa.js:51978:27)
      at async viteTransformMiddleware (file:///C:/Users/ASUS/Desktop/%E5%B7%A5%E4%BD%9C%E9%A1%B9%E7%9B%AE/%E9%92%93%E9%B1%BC/fishing-pc/node_modules/vite/dist/node/chunks/dep-BK3b2jBa.js:62106:24)
[2m14:29:17[22m [31m[1m[vite][22m[39m Pre-transform error: Failed to resolve import "@/views/merchant/MerchantSpotEditor.vue" from "src/router/index.ts". Does the file exist?
[2m14:29:17[22m [31m[1m[vite][22m[39m [31mInternal server error: Failed to resolve import "@/views/merchant/MerchantSpotEditor.vue" from "src/router/index.ts". Does the file exist?[39m
  Plugin: [35mvite:import-analysis[39m
  File: [36mC:/Users/ASUS/Desktop/工作项目/钓鱼/fishing-pc/src/router/index.ts[39m:48:57
[33m  45 |      children: [
  46 |        { path: "ponds", component: () => import("@/views/merchant/MerchantPonds.vue"), meta: { title: "鱼塘管理" } },
  47 |        { path: "ponds/:id/spots", component: () => import("@/views/merchant/MerchantSpotEditor.vue"), meta: { title: "钓位可视化" } },
     |                                                           ^
  48 |        { path: "pond-board", component: () => import("@/views/merchant/MerchantPondBoard.vue"), meta: { title: "鱼塘看板" } },
  49 |        { path: "shop/products", component: () => import("@/views/merchant/MerchantShopProducts.vue"), meta: { title: "商品管理" } }[39m
      at TransformPluginContext._formatError (file:///C:/Users/ASUS/Desktop/%E5%B7%A5%E4%BD%9C%E9%A1%B9%E7%9B%AE/%E9%92%93%E9%B1%BC/fishing-pc/node_modules/vite/dist/node/chunks/dep-BK3b2jBa.js:49258:41)
      at TransformPluginContext.error (file:///C:/Users/ASUS/Desktop/%E5%B7%A5%E4%BD%9C%E9%A1%B9%E7%9B%AE/%E9%92%93%E9%B1%BC/fishing-pc/node_modules/vite/dist/node/chunks/dep-BK3b2jBa.js:49253:16)
      at normalizeUrl (file:///C:/Users/ASUS/Desktop/%E5%B7%A5%E4%BD%9C%E9%A1%B9%E7%9B%AE/%E9%92%93%E9%B1%BC/fishing-pc/node_modules/vite/dist/node/chunks/dep-BK3b2jBa.js:64307:23)
      at process.processTicksAndRejections (node:internal/process/task_queues:103:5)
      at async file:///C:/Users/ASUS/Desktop/%E5%B7%A5%E4%BD%9C%E9%A1%B9%E7%9B%AE/%E9%92%93%E9%B1%BC/fishing-pc/node_modules/vite/dist/node/chunks/dep-BK3b2jBa.js:64439:39
      at async Promise.all (index 23)
      at async TransformPluginContext.transform (file:///C:/Users/ASUS/Desktop/%E5%B7%A5%E4%BD%9C%E9%A1%B9%E7%9B%AE/%E9%92%93%E9%B1%BC/fishing-pc/node_modules/vite/dist/node/chunks/dep-BK3b2jBa.js:64366:7)
      at async PluginContainer.transform (file:///C:/Users/ASUS/Desktop/%E5%B7%A5%E4%BD%9C%E9%A1%B9%E7%9B%AE/%E9%92%93%E9%B1%BC/fishing-pc/node_modules/vite/dist/node/chunks/dep-BK3b2jBa.js:49099:18)
      at async loadAndTransform (file:///C:/Users/ASUS/Desktop/%E5%B7%A5%E4%BD%9C%E9%A1%B9%E7%9B%AE/%E9%92%93%E9%B1%BC/fishing-pc/node_modules/vite/dist/node/chunks/dep-BK3b2jBa.js:51978:27)
      at async viteTransformMiddleware (file:///C:/Users/ASUS/Desktop/%E5%B7%A5%E4%BD%9C%E9%A1%B9%E7%9B%AE/%E9%92%93%E9%B1%BC/fishing-pc/node_modules/vite/dist/node/chunks/dep-BK3b2jBa.js:62106:24)
[2m14:29:17[22m [31m[1m[vite][22m[39m [31mInternal server error: Failed to resolve import "@/views/merchant/MerchantSpotEditor.vue" from "src/router/index.ts". Does the file exist?[39m
  Plugin: [35mvite:import-analysis[39m
  File: [36mC:/Users/ASUS/Desktop/工作项目/钓鱼/fishing-pc/src/router/index.ts[39m:48:57
[33m  45 |      children: [
  46 |        { path: "ponds", component: () => import("@/views/merchant/MerchantPonds.vue"), meta: { title: "鱼塘管理" } },
  47 |        { path: "ponds/:id/spots", component: () => import("@/views/merchant/MerchantSpotEditor.vue"), meta: { title: "钓位可视化" } },
     |                                                           ^
  48 |        { path: "pond-board", component: () => import("@/views/merchant/MerchantPondBoard.vue"), meta: { title: "鱼塘看板" } },
  49 |        { path: "shop/products", component: () => import("@/views/merchant/MerchantShopProducts.vue"), meta: { title: "商品管理" } }[39m
      at TransformPluginContext._formatError (file:///C:/Users/ASUS/Desktop/%E5%B7%A5%E4%BD%9C%E9%A1%B9%E7%9B%AE/%E9%92%93%E9%B1%BC/fishing-pc/node_modules/vite/dist/node/chunks/dep-BK3b2jBa.js:49258:41)
      at TransformPluginContext.error (file:///C:/Users/ASUS/Desktop/%E5%B7%A5%E4%BD%9C%E9%A1%B9%E7%9B%AE/%E9%92%93%E9%B1%BC/fishing-pc/node_modules/vite/dist/node/chunks/dep-BK3b2jBa.js:49253:16)
      at normalizeUrl (file:///C:/Users/ASUS/Desktop/%E5%B7%A5%E4%BD%9C%E9%A1%B9%E7%9B%AE/%E9%92%93%E9%B1%BC/fishing-pc/node_modules/vite/dist/node/chunks/dep-BK3b2jBa.js:64307:23)
      at process.processTicksAndRejections (node:internal/process/task_queues:103:5)
      at async file:///C:/Users/ASUS/Desktop/%E5%B7%A5%E4%BD%9C%E9%A1%B9%E7%9B%AE/%E9%92%93%E9%B1%BC/fishing-pc/node_modules/vite/dist/node/chunks/dep-BK3b2jBa.js:64439:39
      at async Promise.all (index 23)
      at async TransformPluginContext.transform (file:///C:/Users/ASUS/Desktop/%E5%B7%A5%E4%BD%9C%E9%A1%B9%E7%9B%AE/%E9%92%93%E9%B1%BC/fishing-pc/node_modules/vite/dist/node/chunks/dep-BK3b2jBa.js:64366:7)
      at async PluginContainer.transform (file:///C:/Users/ASUS/Desktop/%E5%B7%A5%E4%BD%9C%E9%A1%B9%E7%9B%AE/%E9%92%93%E9%B1%BC/fishing-pc/node_modules/vite/dist/node/chunks/dep-BK3b2jBa.js:49099:18)
      at async loadAndTransform (file:///C:/Users/ASUS/Desktop/%E5%B7%A5%E4%BD%9C%E9%A1%B9%E7%9B%AE/%E9%92%93%E9%B1%BC/fishing-pc/node_modules/vite/dist/node/chunks/dep-BK3b2jBa.js:51978:27)
      at async viteTransformMiddleware (file:///C:/Users/ASUS/Desktop/%E5%B7%A5%E4%BD%9C%E9%A1%B9%E7%9B%AE/%E9%92%93%E9%B1%BC/fishing-pc/node_modules/vite/dist/node/chunks/dep-BK3b2jBa.js:62106:24)
[2m14:30:23[22m [31m[1m[vite][22m[39m Pre-transform error: Failed to resolve import "@/views/merchant/MerchantPondBoard.vue" from "src/router/index.ts". Does the file exist?
[2m14:30:23[22m [31m[1m[vite][22m[39m [31mInternal server error: Failed to resolve import "@/views/merchant/MerchantPondBoard.vue" from "src/router/index.ts". Does the file exist?[39m
  Plugin: [35mvite:import-analysis[39m
  File: [36mC:/Users/ASUS/Desktop/工作项目/钓鱼/fishing-pc/src/router/index.ts[39m:49:52
[33m  46 |        { path: "ponds", component: () => import("@/views/merchant/MerchantPonds.vue"), meta: { title: "鱼塘管理" } },
  47 |        { path: "ponds/:id/spots", component: () => import("@/views/merchant/MerchantSpotEditor.vue"), meta: { title: "钓位可视化" } },
  48 |        { path: "pond-board", component: () => import("@/views/merchant/MerchantPondBoard.vue"), meta: { title: "鱼塘看板" } },
     |                                                      ^
  49 |        { path: "shop/products", component: () => import("@/views/merchant/MerchantShopProducts.vue"), meta: { title: "商品管理" } }
  50 |      ][39m
      at TransformPluginContext._formatError (file:///C:/Users/ASUS/Desktop/%E5%B7%A5%E4%BD%9C%E9%A1%B9%E7%9B%AE/%E9%92%93%E9%B1%BC/fishing-pc/node_modules/vite/dist/node/chunks/dep-BK3b2jBa.js:49258:41)
      at TransformPluginContext.error (file:///C:/Users/ASUS/Desktop/%E5%B7%A5%E4%BD%9C%E9%A1%B9%E7%9B%AE/%E9%92%93%E9%B1%BC/fishing-pc/node_modules/vite/dist/node/chunks/dep-BK3b2jBa.js:49253:16)
      at normalizeUrl (file:///C:/Users/ASUS/Desktop/%E5%B7%A5%E4%BD%9C%E9%A1%B9%E7%9B%AE/%E9%92%93%E9%B1%BC/fishing-pc/node_modules/vite/dist/node/chunks/dep-BK3b2jBa.js:64307:23)
      at process.processTicksAndRejections (node:internal/process/task_queues:103:5)
      at async file:///C:/Users/ASUS/Desktop/%E5%B7%A5%E4%BD%9C%E9%A1%B9%E7%9B%AE/%E9%92%93%E9%B1%BC/fishing-pc/node_modules/vite/dist/node/chunks/dep-BK3b2jBa.js:64439:39
      at async Promise.all (index 24)
      at async TransformPluginContext.transform (file:///C:/Users/ASUS/Desktop/%E5%B7%A5%E4%BD%9C%E9%A1%B9%E7%9B%AE/%E9%92%93%E9%B1%BC/fishing-pc/node_modules/vite/dist/node/chunks/dep-BK3b2jBa.js:64366:7)
      at async PluginContainer.transform (file:///C:/Users/ASUS/Desktop/%E5%B7%A5%E4%BD%9C%E9%A1%B9%E7%9B%AE/%E9%92%93%E9%B1%BC/fishing-pc/node_modules/vite/dist/node/chunks/dep-BK3b2jBa.js:49099:18)
      at async loadAndTransform (file:///C:/Users/ASUS/Desktop/%E5%B7%A5%E4%BD%9C%E9%A1%B9%E7%9B%AE/%E9%92%93%E9%B1%BC/fishing-pc/node_modules/vite/dist/node/chunks/dep-BK3b2jBa.js:51978:27)
      at async viteTransformMiddleware (file:///C:/Users/ASUS/Desktop/%E5%B7%A5%E4%BD%9C%E9%A1%B9%E7%9B%AE/%E9%92%93%E9%B1%BC/fishing-pc/node_modules/vite/dist/node/chunks/dep-BK3b2jBa.js:62106:24)
[2m14:30:23[22m [31m[1m[vite][22m[39m [31mInternal server error: Failed to resolve import "@/views/merchant/MerchantPondBoard.vue" from "src/router/index.ts". Does the file exist?[39m
  Plugin: [35mvite:import-analysis[39m
  File: [36mC:/Users/ASUS/Desktop/工作项目/钓鱼/fishing-pc/src/router/index.ts[39m:49:52
[33m  46 |        { path: "ponds", component: () => import("@/views/merchant/MerchantPonds.vue"), meta: { title: "鱼塘管理" } },
  47 |        { path: "ponds/:id/spots", component: () => import("@/views/merchant/MerchantSpotEditor.vue"), meta: { title: "钓位可视化" } },
  48 |        { path: "pond-board", component: () => import("@/views/merchant/MerchantPondBoard.vue"), meta: { title: "鱼塘看板" } },
     |                                                      ^
  49 |        { path: "shop/products", component: () => import("@/views/merchant/MerchantShopProducts.vue"), meta: { title: "商品管理" } }
  50 |      ][39m
      at TransformPluginContext._formatError (file:///C:/Users/ASUS/Desktop/%E5%B7%A5%E4%BD%9C%E9%A1%B9%E7%9B%AE/%E9%92%93%E9%B1%BC/fishing-pc/node_modules/vite/dist/node/chunks/dep-BK3b2jBa.js:49258:41)
      at TransformPluginContext.error (file:///C:/Users/ASUS/Desktop/%E5%B7%A5%E4%BD%9C%E9%A1%B9%E7%9B%AE/%E9%92%93%E9%B1%BC/fishing-pc/node_modules/vite/dist/node/chunks/dep-BK3b2jBa.js:49253:16)
      at normalizeUrl (file:///C:/Users/ASUS/Desktop/%E5%B7%A5%E4%BD%9C%E9%A1%B9%E7%9B%AE/%E9%92%93%E9%B1%BC/fishing-pc/node_modules/vite/dist/node/chunks/dep-BK3b2jBa.js:64307:23)
      at process.processTicksAndRejections (node:internal/process/task_queues:103:5)
      at async file:///C:/Users/ASUS/Desktop/%E5%B7%A5%E4%BD%9C%E9%A1%B9%E7%9B%AE/%E9%92%93%E9%B1%BC/fishing-pc/node_modules/vite/dist/node/chunks/dep-BK3b2jBa.js:64439:39
      at async Promise.all (index 24)
      at async TransformPluginContext.transform (file:///C:/Users/ASUS/Desktop/%E5%B7%A5%E4%BD%9C%E9%A1%B9%E7%9B%AE/%E9%92%93%E9%B1%BC/fishing-pc/node_modules/vite/dist/node/chunks/dep-BK3b2jBa.js:64366:7)
      at async PluginContainer.transform (file:///C:/Users/ASUS/Desktop/%E5%B7%A5%E4%BD%9C%E9%A1%B9%E7%9B%AE/%E9%92%93%E9%B1%BC/fishing-pc/node_modules/vite/dist/node/chunks/dep-BK3b2jBa.js:49099:18)
      at async loadAndTransform (file:///C:/Users/ASUS/Desktop/%E5%B7%A5%E4%BD%9C%E9%A1%B9%E7%9B%AE/%E9%92%93%E9%B1%BC/fishing-pc/node_modules/vite/dist/node/chunks/dep-BK3b2jBa.js:51978:27)
      at async viteTransformMiddleware (file:///C:/Users/ASUS/Desktop/%E5%B7%A5%E4%BD%9C%E9%A1%B9%E7%9B%AE/%E9%92%93%E9%B1%BC/fishing-pc/node_modules/vite/dist/node/chunks/dep-BK3b2jBa.js:62106:24)
[2m14:49:19[22m [31m[1m[vite][22m[39m Pre-transform error: Failed to load url /src/utils/request.ts (resolved id: C:/Users/ASUS/Desktop/工作项目/钓鱼/fishing-pc/src/utils/request.ts) in C:/Users/ASUS/Desktop/工作项目/钓鱼/fishing-pc/src/api/auth.ts. Does the file exist?
[2m14:49:19[22m [31m[1m[vite][22m[39m Pre-transform error: Failed to load url /src/utils/request.ts (resolved id: C:/Users/ASUS/Desktop/工作项目/钓鱼/fishing-pc/src/utils/request.ts) in C:/Users/ASUS/Desktop/工作项目/钓鱼/fishing-pc/src/api/auth.ts. Does the file exist?
[2m14:49:19[22m [31m[1m[vite][22m[39m Pre-transform error: Failed to load url /src/utils/request.ts (resolved id: C:/Users/ASUS/Desktop/工作项目/钓鱼/fishing-pc/src/utils/request.ts) in C:/Users/ASUS/Desktop/工作项目/钓鱼/fishing-pc/src/api/auth.ts. Does the file exist?
[2m14:49:19[22m [31m[1m[vite][22m[39m Pre-transform error: Failed to load url /src/utils/request.ts (resolved id: C:/Users/ASUS/Desktop/工作项目/钓鱼/fishing-pc/src/utils/request.ts) in C:/Users/ASUS/Desktop/工作项目/钓鱼/fishing-pc/src/api/auth.ts. Does the file exist?
[2m14:49:19[22m [31m[1m[vite][22m[39m Pre-transform error: Failed to load url /src/utils/request.ts (resolved id: C:/Users/ASUS/Desktop/工作项目/钓鱼/fishing-pc/src/utils/request.ts) in C:/Users/ASUS/Desktop/工作项目/钓鱼/fishing-pc/src/api/auth.ts. Does the file exist?
[2m14:49:19[22m [31m[1m[vite][22m[39m Pre-transform error: Failed to load url /src/utils/request.ts (resolved id: C:/Users/ASUS/Desktop/工作项目/钓鱼/fishing-pc/src/utils/request.ts) in C:/Users/ASUS/Desktop/工作项目/钓鱼/fishing-pc/src/api/auth.ts. Does the file exist?
[2m15:06:50[22m [31m[1m[vite][22m[39m Pre-transform error: Failed to load url /src/utils/request.ts (resolved id: C:/Users/ASUS/Desktop/工作项目/钓鱼/fishing-pc/src/utils/request.ts) in C:/Users/ASUS/Desktop/工作项目/钓鱼/fishing-pc/src/api/timeslot.ts. Does the file exist?
[2m15:06:50[22m [31m[1m[vite][22m[39m Pre-transform error: Failed to load url /src/utils/request.ts (resolved id: C:/Users/ASUS/Desktop/工作项目/钓鱼/fishing-pc/src/utils/request.ts) in C:/Users/ASUS/Desktop/工作项目/钓鱼/fishing-pc/src/api/timeslot.ts. Does the file exist?
[2m15:06:50[22m [31m[1m[vite][22m[39m Pre-transform error: Failed to load url /src/utils/request.ts (resolved id: C:/Users/ASUS/Desktop/工作项目/钓鱼/fishing-pc/src/utils/request.ts) in C:/Users/ASUS/Desktop/工作项目/钓鱼/fishing-pc/src/api/timeslot.ts. Does the file exist?
[2m15:09:31[22m [31m[1m[vite][22m[39m Pre-transform error: Failed to load url /src/store/userStore.ts (resolved id: C:/Users/ASUS/Desktop/工作项目/钓鱼/fishing-pc/src/store/userStore.ts) in C:/Users/ASUS/Desktop/工作项目/钓鱼/fishing-pc/src/router/index.ts. Does the file exist?
[2m15:18:28[22m [31m[1m[vite][22m[39m [31mhttp proxy error: /api/ponds[39m
AggregateError [ECONNREFUSED]: 
    at internalConnectMultiple (node:net:1134:18)
    at afterConnectMultiple (node:net:1715:7)
[2m15:18:28[22m [31m[1m[vite][22m[39m [31mhttp proxy error: /api/reservation/my[39m
AggregateError [ECONNREFUSED]: 
    at internalConnectMultiple (node:net:1134:18)
    at afterConnectMultiple (node:net:1715:7)
[2m15:18:32[22m [31m[1m[vite][22m[39m [31mhttp proxy error: /api/time-slots[39m
AggregateError [ECONNREFUSED]: 
    at internalConnectMultiple (node:net:1134:18)
    at afterConnectMultiple (node:net:1715:7)
[2m15:18:32[22m [31m[1m[vite][22m[39m [31mhttp proxy error: /api/reservation/my[39m
AggregateError [ECONNREFUSED]: 
    at internalConnectMultiple (node:net:1134:18)
    at afterConnectMultiple (node:net:1715:7)
[2m15:18:32[22m [31m[1m[vite][22m[39m [31mhttp proxy error: /api/draw/my[39m
AggregateError [ECONNREFUSED]: 
    at internalConnectMultiple (node:net:1134:18)
    at afterConnectMultiple (node:net:1715:7)
[2m15:18:40[22m [31m[1m[vite][22m[39m [31mhttp proxy error: /api/restaurant/orders/my[39m
AggregateError [ECONNREFUSED]: 
    at internalConnectMultiple (node:net:1134:18)
    at afterConnectMultiple (node:net:1715:7)
[2m15:18:41[22m [31m[1m[vite][22m[39m [31mhttp proxy error: /api/ponds[39m
AggregateError [ECONNREFUSED]: 
    at internalConnectMultiple (node:net:1134:18)
    at afterConnectMultiple (node:net:1715:7)
[2m15:18:41[22m [31m[1m[vite][22m[39m [31mhttp proxy error: /api/reservation/my[39m
AggregateError [ECONNREFUSED]: 
    at internalConnectMultiple (node:net:1134:18)
    at afterConnectMultiple (node:net:1715:7)
[2m15:19:02[22m [31m[1m[vite][22m[39m [31mhttp proxy error: /api/time-slots[39m
AggregateError [ECONNREFUSED]: 
    at internalConnectMultiple (node:net:1134:18)
    at afterConnectMultiple (node:net:1715:7)
[2m15:19:02[22m [31m[1m[vite][22m[39m [31mhttp proxy error: /api/reservation/my[39m
AggregateError [ECONNREFUSED]: 
    at internalConnectMultiple (node:net:1134:18)
    at afterConnectMultiple (node:net:1715:7)
[2m15:19:02[22m [31m[1m[vite][22m[39m [31mhttp proxy error: /api/draw/my[39m
AggregateError [ECONNREFUSED]: 
    at internalConnectMultiple (node:net:1134:18)
    at afterConnectMultiple (node:net:1715:7)
[2m15:19:32[22m [31m[1m[vite][22m[39m [31mhttp proxy error: /api/time-slots[39m
AggregateError [ECONNREFUSED]: 
    at internalConnectMultiple (node:net:1134:18)
    at afterConnectMultiple (node:net:1715:7)
[2m15:19:32[22m [31m[1m[vite][22m[39m [31mhttp proxy error: /api/reservation/my[39m
AggregateError [ECONNREFUSED]: 
    at internalConnectMultiple (node:net:1134:18)
    at afterConnectMultiple (node:net:1715:7)
[2m15:19:32[22m [31m[1m[vite][22m[39m [31mhttp proxy error: /api/draw/my[39m
AggregateError [ECONNREFUSED]: 
    at internalConnectMultiple (node:net:1134:18)
    at afterConnectMultiple (node:net:1715:7)
[2m15:20:02[22m [31m[1m[vite][22m[39m [31mhttp proxy error: /api/time-slots[39m
AggregateError [ECONNREFUSED]: 
    at internalConnectMultiple (node:net:1134:18)
    at afterConnectMultiple (node:net:1715:7)
[2m15:20:02[22m [31m[1m[vite][22m[39m [31mhttp proxy error: /api/reservation/my[39m
AggregateError [ECONNREFUSED]: 
    at internalConnectMultiple (node:net:1134:18)
    at afterConnectMultiple (node:net:1715:7)
[2m15:20:02[22m [31m[1m[vite][22m[39m [31mhttp proxy error: /api/draw/my[39m
AggregateError [ECONNREFUSED]: 
    at internalConnectMultiple (node:net:1134:18)
    at afterConnectMultiple (node:net:1715:7)
[2m15:20:32[22m [31m[1m[vite][22m[39m [31mhttp proxy error: /api/time-slots[39m
AggregateError [ECONNREFUSED]: 
    at internalConnectMultiple (node:net:1134:18)
    at afterConnectMultiple (node:net:1715:7)
[2m15:20:32[22m [31m[1m[vite][22m[39m [31mhttp proxy error: /api/reservation/my[39m
AggregateError [ECONNREFUSED]: 
    at internalConnectMultiple (node:net:1134:18)
    at afterConnectMultiple (node:net:1715:7)
[2m15:20:32[22m [31m[1m[vite][22m[39m [31mhttp proxy error: /api/draw/my[39m
AggregateError [ECONNREFUSED]: 
    at internalConnectMultiple (node:net:1134:18)
    at afterConnectMultiple (node:net:1715:7)
[2m15:21:02[22m [31m[1m[vite][22m[39m [31mhttp proxy error: /api/time-slots[39m
AggregateError [ECONNREFUSED]: 
    at internalConnectMultiple (node:net:1134:18)
    at afterConnectMultiple (node:net:1715:7)
[2m15:21:02[22m [31m[1m[vite][22m[39m [31mhttp proxy error: /api/reservation/my[39m
AggregateError [ECONNREFUSED]: 
    at internalConnectMultiple (node:net:1134:18)
    at afterConnectMultiple (node:net:1715:7)
[2m15:21:02[22m [31m[1m[vite][22m[39m [31mhttp proxy error: /api/draw/my[39m
AggregateError [ECONNREFUSED]: 
    at internalConnectMultiple (node:net:1134:18)
    at afterConnectMultiple (node:net:1715:7)
[2m15:21:32[22m [31m[1m[vite][22m[39m [31mhttp proxy error: /api/time-slots[39m
AggregateError [ECONNREFUSED]: 
    at internalConnectMultiple (node:net:1134:18)
    at afterConnectMultiple (node:net:1715:7)
[2m15:21:32[22m [31m[1m[vite][22m[39m [31mhttp proxy error: /api/reservation/my[39m
AggregateError [ECONNREFUSED]: 
    at internalConnectMultiple (node:net:1134:18)
    at afterConnectMultiple (node:net:1715:7)
[2m15:21:32[22m [31m[1m[vite][22m[39m [31mhttp proxy error: /api/draw/my[39m
AggregateError [ECONNREFUSED]: 
    at internalConnectMultiple (node:net:1134:18)
    at afterConnectMultiple (node:net:1715:7)
[2m15:22:02[22m [31m[1m[vite][22m[39m [31mhttp proxy error: /api/time-slots[39m
AggregateError [ECONNREFUSED]: 
    at internalConnectMultiple (node:net:1134:18)
    at afterConnectMultiple (node:net:1715:7)
[2m15:22:02[22m [31m[1m[vite][22m[39m [31mhttp proxy error: /api/reservation/my[39m
AggregateError [ECONNREFUSED]: 
    at internalConnectMultiple (node:net:1134:18)
    at afterConnectMultiple (node:net:1715:7)
[2m15:22:02[22m [31m[1m[vite][22m[39m [31mhttp proxy error: /api/draw/my[39m
AggregateError [ECONNREFUSED]: 
    at internalConnectMultiple (node:net:1134:18)
    at afterConnectMultiple (node:net:1715:7)
[2m15:22:32[22m [31m[1m[vite][22m[39m [31mhttp proxy error: /api/time-slots[39m
AggregateError [ECONNREFUSED]: 
    at internalConnectMultiple (node:net:1134:18)
    at afterConnectMultiple (node:net:1715:7)
[2m15:22:32[22m [31m[1m[vite][22m[39m [31mhttp proxy error: /api/reservation/my[39m
AggregateError [ECONNREFUSED]: 
    at internalConnectMultiple (node:net:1134:18)
    at afterConnectMultiple (node:net:1715:7)
[2m15:22:32[22m [31m[1m[vite][22m[39m [31mhttp proxy error: /api/draw/my[39m
AggregateError [ECONNREFUSED]: 
    at internalConnectMultiple (node:net:1134:18)
    at afterConnectMultiple (node:net:1715:7)
[2m15:23:02[22m [31m[1m[vite][22m[39m [31mhttp proxy error: /api/time-slots[39m
AggregateError [ECONNREFUSED]: 
    at internalConnectMultiple (node:net:1134:18)
    at afterConnectMultiple (node:net:1715:7)
[2m15:23:02[22m [31m[1m[vite][22m[39m [31mhttp proxy error: /api/reservation/my[39m
AggregateError [ECONNREFUSED]: 
    at internalConnectMultiple (node:net:1134:18)
    at afterConnectMultiple (node:net:1715:7)
[2m15:23:02[22m [31m[1m[vite][22m[39m [31mhttp proxy error: /api/draw/my[39m
AggregateError [ECONNREFUSED]: 
    at internalConnectMultiple (node:net:1134:18)
    at afterConnectMultiple (node:net:1715:7)
[2m15:23:32[22m [31m[1m[vite][22m[39m [31mhttp proxy error: /api/time-slots[39m
AggregateError [ECONNREFUSED]: 
    at internalConnectMultiple (node:net:1134:18)
    at afterConnectMultiple (node:net:1715:7)
[2m15:23:32[22m [31m[1m[vite][22m[39m [31mhttp proxy error: /api/reservation/my[39m
AggregateError [ECONNREFUSED]: 
    at internalConnectMultiple (node:net:1134:18)
    at afterConnectMultiple (node:net:1715:7)
[2m15:23:32[22m [31m[1m[vite][22m[39m [31mhttp proxy error: /api/draw/my[39m
AggregateError [ECONNREFUSED]: 
    at internalConnectMultiple (node:net:1134:18)
    at afterConnectMultiple (node:net:1715:7)
[2m15:23:51[22m [31m[1m[vite][22m[39m [31mhttp proxy error: /api/reservation/my[39m
AggregateError [ECONNREFUSED]: 
    at internalConnectMultiple (node:net:1134:18)
    at afterConnectMultiple (node:net:1715:7)
[2m15:23:52[22m [31m[1m[vite][22m[39m [31mhttp proxy error: /api/reservation/my[39m
AggregateError [ECONNREFUSED]: 
    at internalConnectMultiple (node:net:1134:18)
    at afterConnectMultiple (node:net:1715:7)
[2m15:23:54[22m [31m[1m[vite][22m[39m [31mhttp proxy error: /api/ponds[39m
AggregateError [ECONNREFUSED]: 
    at internalConnectMultiple (node:net:1134:18)
    at afterConnectMultiple (node:net:1715:7)
[2m15:23:57[22m [31m[1m[vite][22m[39m [31mhttp proxy error: /api/reservation/my[39m
AggregateError [ECONNREFUSED]: 
    at internalConnectMultiple (node:net:1134:18)
    at afterConnectMultiple (node:net:1715:7)
[2m15:23:59[22m [31m[1m[vite][22m[39m [31mhttp proxy error: /api/ponds[39m
AggregateError [ECONNREFUSED]: 
    at internalConnectMultiple (node:net:1134:18)
    at afterConnectMultiple (node:net:1715:7)
[2m15:24:02[22m [31m[1m[vite][22m[39m [31mhttp proxy error: /api/time-slots[39m
AggregateError [ECONNREFUSED]: 
    at internalConnectMultiple (node:net:1134:18)
    at afterConnectMultiple (node:net:1715:7)
[2m15:24:02[22m [31m[1m[vite][22m[39m [31mhttp proxy error: /api/reservation/my[39m
AggregateError [ECONNREFUSED]: 
    at internalConnectMultiple (node:net:1134:18)
    at afterConnectMultiple (node:net:1715:7)
[2m15:24:02[22m [31m[1m[vite][22m[39m [31mhttp proxy error: /api/draw/my[39m
AggregateError [ECONNREFUSED]: 
    at internalConnectMultiple (node:net:1134:18)
    at afterConnectMultiple (node:net:1715:7)
[2m15:24:32[22m [31m[1m[vite][22m[39m [31mhttp proxy error: /api/time-slots[39m
AggregateError [ECONNREFUSED]: 
    at internalConnectMultiple (node:net:1134:18)
    at afterConnectMultiple (node:net:1715:7)
[2m15:24:32[22m [31m[1m[vite][22m[39m [31mhttp proxy error: /api/reservation/my[39m
AggregateError [ECONNREFUSED]: 
    at internalConnectMultiple (node:net:1134:18)
    at afterConnectMultiple (node:net:1715:7)
[2m15:24:32[22m [31m[1m[vite][22m[39m [31mhttp proxy error: /api/draw/my[39m
AggregateError [ECONNREFUSED]: 
    at internalConnectMultiple (node:net:1134:18)
    at afterConnectMultiple (node:net:1715:7)
[2m15:25:02[22m [31m[1m[vite][22m[39m [31mhttp proxy error: /api/time-slots[39m
AggregateError [ECONNREFUSED]: 
    at internalConnectMultiple (node:net:1134:18)
    at afterConnectMultiple (node:net:1715:7)
[2m15:25:02[22m [31m[1m[vite][22m[39m [31mhttp proxy error: /api/reservation/my[39m
AggregateError [ECONNREFUSED]: 
    at internalConnectMultiple (node:net:1134:18)
    at afterConnectMultiple (node:net:1715:7)
[2m15:25:02[22m [31m[1m[vite][22m[39m [31mhttp proxy error: /api/draw/my[39m
AggregateError [ECONNREFUSED]: 
    at internalConnectMultiple (node:net:1134:18)
    at afterConnectMultiple (node:net:1715:7)
[2m15:25:32[22m [31m[1m[vite][22m[39m [31mhttp proxy error: /api/time-slots[39m
AggregateError [ECONNREFUSED]: 
    at internalConnectMultiple (node:net:1134:18)
    at afterConnectMultiple (node:net:1715:7)
[2m15:25:32[22m [31m[1m[vite][22m[39m [31mhttp proxy error: /api/reservation/my[39m
AggregateError [ECONNREFUSED]: 
    at internalConnectMultiple (node:net:1134:18)
    at afterConnectMultiple (node:net:1715:7)
[2m15:25:32[22m [31m[1m[vite][22m[39m [31mhttp proxy error: /api/draw/my[39m
AggregateError [ECONNREFUSED]: 
    at internalConnectMultiple (node:net:1134:18)
    at afterConnectMultiple (node:net:1715:7)
[2m15:26:02[22m [31m[1m[vite][22m[39m [31mhttp proxy error: /api/time-slots[39m
AggregateError [ECONNREFUSED]: 
    at internalConnectMultiple (node:net:1134:18)
    at afterConnectMultiple (node:net:1715:7)
[2m15:26:02[22m [31m[1m[vite][22m[39m [31mhttp proxy error: /api/reservation/my[39m
AggregateError [ECONNREFUSED]: 
    at internalConnectMultiple (node:net:1134:18)
    at afterConnectMultiple (node:net:1715:7)
[2m15:26:02[22m [31m[1m[vite][22m[39m [31mhttp proxy error: /api/draw/my[39m
AggregateError [ECONNREFUSED]: 
    at internalConnectMultiple (node:net:1134:18)
    at afterConnectMultiple (node:net:1715:7)
[2m15:26:32[22m [31m[1m[vite][22m[39m [31mhttp proxy error: /api/time-slots[39m
AggregateError [ECONNREFUSED]: 
    at internalConnectMultiple (node:net:1134:18)
    at afterConnectMultiple (node:net:1715:7)
[2m15:26:32[22m [31m[1m[vite][22m[39m [31mhttp proxy error: /api/draw/my[39m
AggregateError [ECONNREFUSED]: 
    at internalConnectMultiple (node:net:1134:18)
    at afterConnectMultiple (node:net:1715:7)
[2m15:26:32[22m [31m[1m[vite][22m[39m [31mhttp proxy error: /api/reservation/my[39m
AggregateError [ECONNREFUSED]: 
    at internalConnectMultiple (node:net:1134:18)
    at afterConnectMultiple (node:net:1715:7)
[2m15:27:02[22m [31m[1m[vite][22m[39m [31mhttp proxy error: /api/time-slots[39m
AggregateError [ECONNREFUSED]: 
    at internalConnectMultiple (node:net:1134:18)
    at afterConnectMultiple (node:net:1715:7)
[2m15:27:02[22m [31m[1m[vite][22m[39m [31mhttp proxy error: /api/reservation/my[39m
AggregateError [ECONNREFUSED]: 
    at internalConnectMultiple (node:net:1134:18)
    at afterConnectMultiple (node:net:1715:7)
[2m15:27:02[22m [31m[1m[vite][22m[39m [31mhttp proxy error: /api/draw/my[39m
AggregateError [ECONNREFUSED]: 
    at internalConnectMultiple (node:net:1134:18)
    at afterConnectMultiple (node:net:1715:7)
[2m15:28:02[22m [31m[1m[vite][22m[39m [31mhttp proxy error: /api/time-slots[39m
AggregateError [ECONNREFUSED]: 
    at internalConnectMultiple (node:net:1134:18)
    at afterConnectMultiple (node:net:1715:7)
[2m15:28:02[22m [31m[1m[vite][22m[39m [31mhttp proxy error: /api/reservation/my[39m
AggregateError [ECONNREFUSED]: 
    at internalConnectMultiple (node:net:1134:18)
    at afterConnectMultiple (node:net:1715:7)
[2m15:28:02[22m [31m[1m[vite][22m[39m [31mhttp proxy error: /api/draw/my[39m
AggregateError [ECONNREFUSED]: 
    at internalConnectMultiple (node:net:1134:18)
    at afterConnectMultiple (node:net:1715:7)
[2m15:28:32[22m [31m[1m[vite][22m[39m [31mhttp proxy error: /api/time-slots[39m
AggregateError [ECONNREFUSED]: 
    at internalConnectMultiple (node:net:1134:18)
    at afterConnectMultiple (node:net:1715:7)
[2m15:28:32[22m [31m[1m[vite][22m[39m [31mhttp proxy error: /api/reservation/my[39m
AggregateError [ECONNREFUSED]: 
    at internalConnectMultiple (node:net:1134:18)
    at afterConnectMultiple (node:net:1715:7)
[2m15:28:32[22m [31m[1m[vite][22m[39m [31mhttp proxy error: /api/draw/my[39m
AggregateError [ECONNREFUSED]: 
    at internalConnectMultiple (node:net:1134:18)
    at afterConnectMultiple (node:net:1715:7)
[2m15:28:48[22m [31m[1m[vite][22m[39m [31mhttp proxy error: /api/time-slots[39m
AggregateError [ECONNREFUSED]: 
    at internalConnectMultiple (node:net:1134:18)
    at afterConnectMultiple (node:net:1715:7)
[2m15:29:02[22m [31m[1m[vite][22m[39m [31mhttp proxy error: /api/time-slots[39m
AggregateError [ECONNREFUSED]: 
    at internalConnectMultiple (node:net:1134:18)
    at afterConnectMultiple (node:net:1715:7)
[2m15:29:02[22m [31m[1m[vite][22m[39m [31mhttp proxy error: /api/reservation/my[39m
AggregateError [ECONNREFUSED]: 
    at internalConnectMultiple (node:net:1134:18)
    at afterConnectMultiple (node:net:1715:7)
[2m15:29:02[22m [31m[1m[vite][22m[39m [31mhttp proxy error: /api/draw/my[39m
AggregateError [ECONNREFUSED]: 
    at internalConnectMultiple (node:net:1134:18)
    at afterConnectMultiple (node:net:1715:7)
[2m15:29:28[22m [31m[1m[vite][22m[39m [31mhttp proxy error: /api/ponds[39m
AggregateError [ECONNREFUSED]: 
    at internalConnectMultiple (node:net:1134:18)
    at afterConnectMultiple (node:net:1715:7)
[2m15:29:32[22m [31m[1m[vite][22m[39m [31mhttp proxy error: /api/time-slots[39m
AggregateError [ECONNREFUSED]: 
    at internalConnectMultiple (node:net:1134:18)
    at afterConnectMultiple (node:net:1715:7)
[2m15:29:32[22m [31m[1m[vite][22m[39m [31mhttp proxy error: /api/reservation/my[39m
AggregateError [ECONNREFUSED]: 
    at internalConnectMultiple (node:net:1134:18)
    at afterConnectMultiple (node:net:1715:7)
[2m15:29:32[22m [31m[1m[vite][22m[39m [31mhttp proxy error: /api/draw/my[39m
AggregateError [ECONNREFUSED]: 
    at internalConnectMultiple (node:net:1134:18)
    at afterConnectMultiple (node:net:1715:7)
[2m15:30:02[22m [31m[1m[vite][22m[39m [31mhttp proxy error: /api/time-slots[39m
AggregateError [ECONNREFUSED]: 
    at internalConnectMultiple (node:net:1134:18)
    at afterConnectMultiple (node:net:1715:7)
[2m15:30:02[22m [31m[1m[vite][22m[39m [31mhttp proxy error: /api/reservation/my[39m
AggregateError [ECONNREFUSED]: 
    at internalConnectMultiple (node:net:1134:18)
    at afterConnectMultiple (node:net:1715:7)
[2m15:30:02[22m [31m[1m[vite][22m[39m [31mhttp proxy error: /api/draw/my[39m
AggregateError [ECONNREFUSED]: 
    at internalConnectMultiple (node:net:1134:18)
    at afterConnectMultiple (node:net:1715:7)
[2m15:30:32[22m [31m[1m[vite][22m[39m [31mhttp proxy error: /api/time-slots[39m
AggregateError [ECONNREFUSED]: 
    at internalConnectMultiple (node:net:1134:18)
    at afterConnectMultiple (node:net:1715:7)
[2m15:30:32[22m [31m[1m[vite][22m[39m [31mhttp proxy error: /api/reservation/my[39m
AggregateError [ECONNREFUSED]: 
    at internalConnectMultiple (node:net:1134:18)
    at afterConnectMultiple (node:net:1715:7)
[2m15:30:32[22m [31m[1m[vite][22m[39m [31mhttp proxy error: /api/draw/my[39m
AggregateError [ECONNREFUSED]: 
    at internalConnectMultiple (node:net:1134:18)
    at afterConnectMultiple (node:net:1715:7)
[2m15:31:02[22m [31m[1m[vite][22m[39m [31mhttp proxy error: /api/time-slots[39m
AggregateError [ECONNREFUSED]: 
    at internalConnectMultiple (node:net:1134:18)
    at afterConnectMultiple (node:net:1715:7)
[2m15:31:02[22m [31m[1m[vite][22m[39m [31mhttp proxy error: /api/reservation/my[39m
AggregateError [ECONNREFUSED]: 
    at internalConnectMultiple (node:net:1134:18)
    at afterConnectMultiple (node:net:1715:7)
[2m15:31:02[22m [31m[1m[vite][22m[39m [31mhttp proxy error: /api/draw/my[39m
AggregateError [ECONNREFUSED]: 
    at internalConnectMultiple (node:net:1134:18)
    at afterConnectMultiple (node:net:1715:7)
[2m15:31:32[22m [31m[1m[vite][22m[39m [31mhttp proxy error: /api/time-slots[39m
AggregateError [ECONNREFUSED]: 
    at internalConnectMultiple (node:net:1134:18)
    at afterConnectMultiple (node:net:1715:7)
[2m15:31:32[22m [31m[1m[vite][22m[39m [31mhttp proxy error: /api/reservation/my[39m
AggregateError [ECONNREFUSED]: 
    at internalConnectMultiple (node:net:1134:18)
    at afterConnectMultiple (node:net:1715:7)
[2m15:31:32[22m [31m[1m[vite][22m[39m [31mhttp proxy error: /api/draw/my[39m
AggregateError [ECONNREFUSED]: 
    at internalConnectMultiple (node:net:1134:18)
    at afterConnectMultiple (node:net:1715:7)
[2m15:32:02[22m [31m[1m[vite][22m[39m [31mhttp proxy error: /api/time-slots[39m
AggregateError [ECONNREFUSED]: 
    at internalConnectMultiple (node:net:1134:18)
    at afterConnectMultiple (node:net:1715:7)
[2m15:32:02[22m [31m[1m[vite][22m[39m [31mhttp proxy error: /api/reservation/my[39m
AggregateError [ECONNREFUSED]: 
    at internalConnectMultiple (node:net:1134:18)
    at afterConnectMultiple (node:net:1715:7)
[2m15:32:02[22m [31m[1m[vite][22m[39m [31mhttp proxy error: /api/draw/my[39m
AggregateError [ECONNREFUSED]: 
    at internalConnectMultiple (node:net:1134:18)
    at afterConnectMultiple (node:net:1715:7)
[2m15:32:32[22m [31m[1m[vite][22m[39m [31mhttp proxy error: /api/time-slots[39m
AggregateError [ECONNREFUSED]: 
    at internalConnectMultiple (node:net:1134:18)
    at afterConnectMultiple (node:net:1715:7)
[2m15:32:32[22m [31m[1m[vite][22m[39m [31mhttp proxy error: /api/reservation/my[39m
AggregateError [ECONNREFUSED]: 
    at internalConnectMultiple (node:net:1134:18)
    at afterConnectMultiple (node:net:1715:7)
[2m15:32:32[22m [31m[1m[vite][22m[39m [31mhttp proxy error: /api/draw/my[39m
AggregateError [ECONNREFUSED]: 
    at internalConnectMultiple (node:net:1134:18)
    at afterConnectMultiple (node:net:1715:7)
[2m15:33:32[22m [31m[1m[vite][22m[39m [31mhttp proxy error: /api/time-slots[39m
AggregateError [ECONNREFUSED]: 
    at internalConnectMultiple (node:net:1134:18)
    at afterConnectMultiple (node:net:1715:7)
[2m15:33:32[22m [31m[1m[vite][22m[39m [31mhttp proxy error: /api/reservation/my[39m
AggregateError [ECONNREFUSED]: 
    at internalConnectMultiple (node:net:1134:18)
    at afterConnectMultiple (node:net:1715:7)
[2m15:33:32[22m [31m[1m[vite][22m[39m [31mhttp proxy error: /api/draw/my[39m
AggregateError [ECONNREFUSED]: 
    at internalConnectMultiple (node:net:1134:18)
    at afterConnectMultiple (node:net:1715:7)
[2m15:34:02[22m [31m[1m[vite][22m[39m [31mhttp proxy error: /api/time-slots[39m
AggregateError [ECONNREFUSED]: 
    at internalConnectMultiple (node:net:1134:18)
    at afterConnectMultiple (node:net:1715:7)
[2m15:34:02[22m [31m[1m[vite][22m[39m [31mhttp proxy error: /api/reservation/my[39m
AggregateError [ECONNREFUSED]: 
    at internalConnectMultiple (node:net:1134:18)
    at afterConnectMultiple (node:net:1715:7)
[2m15:34:02[22m [31m[1m[vite][22m[39m [31mhttp proxy error: /api/draw/my[39m
AggregateError [ECONNREFUSED]: 
    at internalConnectMultiple (node:net:1134:18)
    at afterConnectMultiple (node:net:1715:7)
[2m15:34:32[22m [31m[1m[vite][22m[39m [31mhttp proxy error: /api/time-slots[39m
AggregateError [ECONNREFUSED]: 
    at internalConnectMultiple (node:net:1134:18)
    at afterConnectMultiple (node:net:1715:7)
[2m15:34:32[22m [31m[1m[vite][22m[39m [31mhttp proxy error: /api/reservation/my[39m
AggregateError [ECONNREFUSED]: 
    at internalConnectMultiple (node:net:1134:18)
    at afterConnectMultiple (node:net:1715:7)
[2m15:34:32[22m [31m[1m[vite][22m[39m [31mhttp proxy error: /api/draw/my[39m
AggregateError [ECONNREFUSED]: 
    at internalConnectMultiple (node:net:1134:18)
    at afterConnectMultiple (node:net:1715:7)
[2m15:35:02[22m [31m[1m[vite][22m[39m [31mhttp proxy error: /api/time-slots[39m
AggregateError [ECONNREFUSED]: 
    at internalConnectMultiple (node:net:1134:18)
    at afterConnectMultiple (node:net:1715:7)
[2m15:35:02[22m [31m[1m[vite][22m[39m [31mhttp proxy error: /api/reservation/my[39m
AggregateError [ECONNREFUSED]: 
    at internalConnectMultiple (node:net:1134:18)
    at afterConnectMultiple (node:net:1715:7)
[2m15:35:02[22m [31m[1m[vite][22m[39m [31mhttp proxy error: /api/draw/my[39m
AggregateError [ECONNREFUSED]: 
    at internalConnectMultiple (node:net:1134:18)
    at afterConnectMultiple (node:net:1715:7)
[2m15:35:32[22m [31m[1m[vite][22m[39m [31mhttp proxy error: /api/time-slots[39m
AggregateError [ECONNREFUSED]: 
    at internalConnectMultiple (node:net:1134:18)
    at afterConnectMultiple (node:net:1715:7)
[2m15:35:32[22m [31m[1m[vite][22m[39m [31mhttp proxy error: /api/reservation/my[39m
AggregateError [ECONNREFUSED]: 
    at internalConnectMultiple (node:net:1134:18)
    at afterConnectMultiple (node:net:1715:7)
[2m15:35:32[22m [31m[1m[vite][22m[39m [31mhttp proxy error: /api/draw/my[39m
AggregateError [ECONNREFUSED]: 
    at internalConnectMultiple (node:net:1134:18)
    at afterConnectMultiple (node:net:1715:7)
[2m15:36:32[22m [31m[1m[vite][22m[39m [31mhttp proxy error: /api/time-slots[39m
AggregateError [ECONNREFUSED]: 
    at internalConnectMultiple (node:net:1134:18)
    at afterConnectMultiple (node:net:1715:7)
[2m15:36:32[22m [31m[1m[vite][22m[39m [31mhttp proxy error: /api/reservation/my[39m
AggregateError [ECONNREFUSED]: 
    at internalConnectMultiple (node:net:1134:18)
    at afterConnectMultiple (node:net:1715:7)
[2m15:36:32[22m [31m[1m[vite][22m[39m [31mhttp proxy error: /api/draw/my[39m
AggregateError [ECONNREFUSED]: 
    at internalConnectMultiple (node:net:1134:18)
    at afterConnectMultiple (node:net:1715:7)
[2m15:37:02[22m [31m[1m[vite][22m[39m [31mhttp proxy error: /api/time-slots[39m
AggregateError [ECONNREFUSED]: 
    at internalConnectMultiple (node:net:1134:18)
    at afterConnectMultiple (node:net:1715:7)
[2m15:37:02[22m [31m[1m[vite][22m[39m [31mhttp proxy error: /api/reservation/my[39m
AggregateError [ECONNREFUSED]: 
    at internalConnectMultiple (node:net:1134:18)
    at afterConnectMultiple (node:net:1715:7)
[2m15:37:02[22m [31m[1m[vite][22m[39m [31mhttp proxy error: /api/draw/my[39m
AggregateError [ECONNREFUSED]: 
    at internalConnectMultiple (node:net:1134:18)
    at afterConnectMultiple (node:net:1715:7)
[2m15:37:32[22m [31m[1m[vite][22m[39m [31mhttp proxy error: /api/time-slots[39m
AggregateError [ECONNREFUSED]: 
    at internalConnectMultiple (node:net:1134:18)
    at afterConnectMultiple (node:net:1715:7)
[2m15:37:32[22m [31m[1m[vite][22m[39m [31mhttp proxy error: /api/reservation/my[39m
AggregateError [ECONNREFUSED]: 
    at internalConnectMultiple (node:net:1134:18)
    at afterConnectMultiple (node:net:1715:7)
[2m15:37:32[22m [31m[1m[vite][22m[39m [31mhttp proxy error: /api/draw/my[39m
AggregateError [ECONNREFUSED]: 
    at internalConnectMultiple (node:net:1134:18)
    at afterConnectMultiple (node:net:1715:7)
[2m15:38:02[22m [31m[1m[vite][22m[39m [31mhttp proxy error: /api/time-slots[39m
AggregateError [ECONNREFUSED]: 
    at internalConnectMultiple (node:net:1134:18)
    at afterConnectMultiple (node:net:1715:7)
[2m15:38:02[22m [31m[1m[vite][22m[39m [31mhttp proxy error: /api/reservation/my[39m
AggregateError [ECONNREFUSED]: 
    at internalConnectMultiple (node:net:1134:18)
    at afterConnectMultiple (node:net:1715:7)
[2m15:38:02[22m [31m[1m[vite][22m[39m [31mhttp proxy error: /api/draw/my[39m
AggregateError [ECONNREFUSED]: 
    at internalConnectMultiple (node:net:1134:18)
    at afterConnectMultiple (node:net:1715:7)
[2m15:38:32[22m [31m[1m[vite][22m[39m [31mhttp proxy error: /api/time-slots[39m
AggregateError [ECONNREFUSED]: 
    at internalConnectMultiple (node:net:1134:18)
    at afterConnectMultiple (node:net:1715:7)
[2m15:38:32[22m [31m[1m[vite][22m[39m [31mhttp proxy error: /api/reservation/my[39m
AggregateError [ECONNREFUSED]: 
    at internalConnectMultiple (node:net:1134:18)
    at afterConnectMultiple (node:net:1715:7)
[2m15:38:32[22m [31m[1m[vite][22m[39m [31mhttp proxy error: /api/draw/my[39m
AggregateError [ECONNREFUSED]: 
    at internalConnectMultiple (node:net:1134:18)
    at afterConnectMultiple (node:net:1715:7)
[2m15:39:02[22m [31m[1m[vite][22m[39m [31mhttp proxy error: /api/time-slots[39m
AggregateError [ECONNREFUSED]: 
    at internalConnectMultiple (node:net:1134:18)
    at afterConnectMultiple (node:net:1715:7)
[2m15:39:02[22m [31m[1m[vite][22m[39m [31mhttp proxy error: /api/reservation/my[39m
AggregateError [ECONNREFUSED]: 
    at internalConnectMultiple (node:net:1134:18)
    at afterConnectMultiple (node:net:1715:7)
[2m15:39:02[22m [31m[1m[vite][22m[39m [31mhttp proxy error: /api/draw/my[39m
AggregateError [ECONNREFUSED]: 
    at internalConnectMultiple (node:net:1134:18)
    at afterConnectMultiple (node:net:1715:7)
[2m15:39:28[22m [31m[1m[vite][22m[39m [31mhttp proxy error: /api/reservation/my[39m
AggregateError [ECONNREFUSED]: 
    at internalConnectMultiple (node:net:1134:18)
    at afterConnectMultiple (node:net:1715:7)
[2m15:39:29[22m [31m[1m[vite][22m[39m [31mhttp proxy error: /api/reservation/my[39m
AggregateError [ECONNREFUSED]: 
    at internalConnectMultiple (node:net:1134:18)
    at afterConnectMultiple (node:net:1715:7)
[2m15:39:29[22m [31m[1m[vite][22m[39m [31mhttp proxy error: /api/restaurant/orders/my[39m
AggregateError [ECONNREFUSED]: 
    at internalConnectMultiple (node:net:1134:18)
    at afterConnectMultiple (node:net:1715:7)
[2m15:39:30[22m [31m[1m[vite][22m[39m [31mhttp proxy error: /api/ponds[39m
AggregateError [ECONNREFUSED]: 
    at internalConnectMultiple (node:net:1134:18)
    at afterConnectMultiple (node:net:1715:7)
[2m15:39:30[22m [31m[1m[vite][22m[39m [31mhttp proxy error: /api/reservation/my[39m
AggregateError [ECONNREFUSED]: 
    at internalConnectMultiple (node:net:1134:18)
    at afterConnectMultiple (node:net:1715:7)
[2m15:39:31[22m [31m[1m[vite][22m[39m [31mhttp proxy error: /api/ponds[39m
AggregateError [ECONNREFUSED]: 
    at internalConnectMultiple (node:net:1134:18)
    at afterConnectMultiple (node:net:1715:7)
[2m15:39:32[22m [31m[1m[vite][22m[39m [31mhttp proxy error: /api/time-slots[39m
AggregateError [ECONNREFUSED]: 
    at internalConnectMultiple (node:net:1134:18)
    at afterConnectMultiple (node:net:1715:7)
[2m15:39:32[22m [31m[1m[vite][22m[39m [31mhttp proxy error: /api/reservation/my[39m
AggregateError [ECONNREFUSED]: 
    at internalConnectMultiple (node:net:1134:18)
    at afterConnectMultiple (node:net:1715:7)
[2m15:39:32[22m [31m[1m[vite][22m[39m [31mhttp proxy error: /api/draw/my[39m
AggregateError [ECONNREFUSED]: 
    at internalConnectMultiple (node:net:1134:18)
    at afterConnectMultiple (node:net:1715:7)
[2m15:39:32[22m [31m[1m[vite][22m[39m [31mhttp proxy error: /api/time-slots[39m
AggregateError [ECONNREFUSED]: 
    at internalConnectMultiple (node:net:1134:18)
    at afterConnectMultiple (node:net:1715:7)
[2m15:39:32[22m [31m[1m[vite][22m[39m [31mhttp proxy error: /api/reservation/my[39m
AggregateError [ECONNREFUSED]: 
    at internalConnectMultiple (node:net:1134:18)
    at afterConnectMultiple (node:net:1715:7)
[2m15:39:32[22m [31m[1m[vite][22m[39m [31mhttp proxy error: /api/draw/my[39m
AggregateError [ECONNREFUSED]: 
    at internalConnectMultiple (node:net:1134:18)
    at afterConnectMultiple (node:net:1715:7)
[2m15:40:32[22m [31m[1m[vite][22m[39m [31mhttp proxy error: /api/time-slots[39m
AggregateError [ECONNREFUSED]: 
    at internalConnectMultiple (node:net:1134:18)
    at afterConnectMultiple (node:net:1715:7)
[2m15:40:32[22m [31m[1m[vite][22m[39m [31mhttp proxy error: /api/reservation/my[39m
AggregateError [ECONNREFUSED]: 
    at internalConnectMultiple (node:net:1134:18)
    at afterConnectMultiple (node:net:1715:7)
[2m15:40:32[22m [31m[1m[vite][22m[39m [31mhttp proxy error: /api/draw/my[39m
AggregateError [ECONNREFUSED]: 
    at internalConnectMultiple (node:net:1134:18)
    at afterConnectMultiple (node:net:1715:7)
[2m15:40:32[22m [31m[1m[vite][22m[39m [31mhttp proxy error: /api/time-slots[39m
AggregateError [ECONNREFUSED]: 
    at internalConnectMultiple (node:net:1134:18)
    at afterConnectMultiple (node:net:1715:7)
[2m15:40:32[22m [31m[1m[vite][22m[39m [31mhttp proxy error: /api/reservation/my[39m
AggregateError [ECONNREFUSED]: 
    at internalConnectMultiple (node:net:1134:18)
    at afterConnectMultiple (node:net:1715:7)
[2m15:40:32[22m [31m[1m[vite][22m[39m [31mhttp proxy error: /api/draw/my[39m
AggregateError [ECONNREFUSED]: 
    at internalConnectMultiple (node:net:1134:18)
    at afterConnectMultiple (node:net:1715:7)
[2m15:41:02[22m [31m[1m[vite][22m[39m [31mhttp proxy error: /api/time-slots[39m
AggregateError [ECONNREFUSED]: 
    at internalConnectMultiple (node:net:1134:18)
    at afterConnectMultiple (node:net:1715:7)
[2m15:41:02[22m [31m[1m[vite][22m[39m [31mhttp proxy error: /api/reservation/my[39m
AggregateError [ECONNREFUSED]: 
    at internalConnectMultiple (node:net:1134:18)
    at afterConnectMultiple (node:net:1715:7)
[2m15:41:02[22m [31m[1m[vite][22m[39m [31mhttp proxy error: /api/draw/my[39m
AggregateError [ECONNREFUSED]: 
    at internalConnectMultiple (node:net:1134:18)
    at afterConnectMultiple (node:net:1715:7)
[2m15:41:02[22m [31m[1m[vite][22m[39m [31mhttp proxy error: /api/time-slots[39m
AggregateError [ECONNREFUSED]: 
    at internalConnectMultiple (node:net:1134:18)
    at afterConnectMultiple (node:net:1715:7)
[2m15:41:02[22m [31m[1m[vite][22m[39m [31mhttp proxy error: /api/reservation/my[39m
AggregateError [ECONNREFUSED]: 
    at internalConnectMultiple (node:net:1134:18)
    at afterConnectMultiple (node:net:1715:7)
[2m15:41:02[22m [31m[1m[vite][22m[39m [31mhttp proxy error: /api/draw/my[39m
AggregateError [ECONNREFUSED]: 
    at internalConnectMultiple (node:net:1134:18)
    at afterConnectMultiple (node:net:1715:7)
[2m15:41:32[22m [31m[1m[vite][22m[39m [31mhttp proxy error: /api/time-slots[39m
AggregateError [ECONNREFUSED]: 
    at internalConnectMultiple (node:net:1134:18)
    at afterConnectMultiple (node:net:1715:7)
[2m15:41:32[22m [31m[1m[vite][22m[39m [31mhttp proxy error: /api/reservation/my[39m
AggregateError [ECONNREFUSED]: 
    at internalConnectMultiple (node:net:1134:18)
    at afterConnectMultiple (node:net:1715:7)
[2m15:41:32[22m [31m[1m[vite][22m[39m [31mhttp proxy error: /api/draw/my[39m
AggregateError [ECONNREFUSED]: 
    at internalConnectMultiple (node:net:1134:18)
    at afterConnectMultiple (node:net:1715:7)
[2m15:41:32[22m [31m[1m[vite][22m[39m [31mhttp proxy error: /api/time-slots[39m
AggregateError [ECONNREFUSED]: 
    at internalConnectMultiple (node:net:1134:18)
    at afterConnectMultiple (node:net:1715:7)
[2m15:41:32[22m [31m[1m[vite][22m[39m [31mhttp proxy error: /api/reservation/my[39m
AggregateError [ECONNREFUSED]: 
    at internalConnectMultiple (node:net:1134:18)
    at afterConnectMultiple (node:net:1715:7)
[2m15:41:32[22m [31m[1m[vite][22m[39m [31mhttp proxy error: /api/draw/my[39m
AggregateError [ECONNREFUSED]: 
    at internalConnectMultiple (node:net:1134:18)
    at afterConnectMultiple (node:net:1715:7)
[2m15:42:02[22m [31m[1m[vite][22m[39m [31mhttp proxy error: /api/time-slots[39m
AggregateError [ECONNREFUSED]: 
    at internalConnectMultiple (node:net:1134:18)
    at afterConnectMultiple (node:net:1715:7)
[2m15:42:02[22m [31m[1m[vite][22m[39m [31mhttp proxy error: /api/reservation/my[39m
AggregateError [ECONNREFUSED]: 
    at internalConnectMultiple (node:net:1134:18)
    at afterConnectMultiple (node:net:1715:7)
[2m15:42:02[22m [31m[1m[vite][22m[39m [31mhttp proxy error: /api/draw/my[39m
AggregateError [ECONNREFUSED]: 
    at internalConnectMultiple (node:net:1134:18)
    at afterConnectMultiple (node:net:1715:7)
[2m15:42:02[22m [31m[1m[vite][22m[39m [31mhttp proxy error: /api/draw/my[39m
AggregateError [ECONNREFUSED]: 
    at internalConnectMultiple (node:net:1134:18)
    at afterConnectMultiple (node:net:1715:7)
[2m15:42:02[22m [31m[1m[vite][22m[39m [31mhttp proxy error: /api/time-slots[39m
AggregateError [ECONNREFUSED]: 
    at internalConnectMultiple (node:net:1134:18)
    at afterConnectMultiple (node:net:1715:7)
[2m15:42:02[22m [31m[1m[vite][22m[39m [31mhttp proxy error: /api/reservation/my[39m
AggregateError [ECONNREFUSED]: 
    at internalConnectMultiple (node:net:1134:18)
    at afterConnectMultiple (node:net:1715:7)
[2m15:42:32[22m [31m[1m[vite][22m[39m [31mhttp proxy error: /api/time-slots[39m
AggregateError [ECONNREFUSED]: 
    at internalConnectMultiple (node:net:1134:18)
    at afterConnectMultiple (node:net:1715:7)
[2m15:42:32[22m [31m[1m[vite][22m[39m [31mhttp proxy error: /api/draw/my[39m
AggregateError [ECONNREFUSED]: 
    at internalConnectMultiple (node:net:1134:18)
    at afterConnectMultiple (node:net:1715:7)
[2m15:42:32[22m [31m[1m[vite][22m[39m [31mhttp proxy error: /api/reservation/my[39m
AggregateError [ECONNREFUSED]: 
    at internalConnectMultiple (node:net:1134:18)
    at afterConnectMultiple (node:net:1715:7)
[2m15:42:32[22m [31m[1m[vite][22m[39m [31mhttp proxy error: /api/time-slots[39m
AggregateError [ECONNREFUSED]: 
    at internalConnectMultiple (node:net:1134:18)
    at afterConnectMultiple (node:net:1715:7)
[2m15:42:32[22m [31m[1m[vite][22m[39m [31mhttp proxy error: /api/reservation/my[39m
AggregateError [ECONNREFUSED]: 
    at internalConnectMultiple (node:net:1134:18)
    at afterConnectMultiple (node:net:1715:7)
[2m15:42:32[22m [31m[1m[vite][22m[39m [31mhttp proxy error: /api/draw/my[39m
AggregateError [ECONNREFUSED]: 
    at internalConnectMultiple (node:net:1134:18)
    at afterConnectMultiple (node:net:1715:7)
[2m15:43:02[22m [31m[1m[vite][22m[39m [31mhttp proxy error: /api/time-slots[39m
AggregateError [ECONNREFUSED]: 
    at internalConnectMultiple (node:net:1134:18)
    at afterConnectMultiple (node:net:1715:7)
[2m15:43:02[22m [31m[1m[vite][22m[39m [31mhttp proxy error: /api/reservation/my[39m
AggregateError [ECONNREFUSED]: 
    at internalConnectMultiple (node:net:1134:18)
    at afterConnectMultiple (node:net:1715:7)
[2m15:43:02[22m [31m[1m[vite][22m[39m [31mhttp proxy error: /api/draw/my[39m
AggregateError [ECONNREFUSED]: 
    at internalConnectMultiple (node:net:1134:18)
    at afterConnectMultiple (node:net:1715:7)
[2m15:43:02[22m [31m[1m[vite][22m[39m [31mhttp proxy error: /api/time-slots[39m
AggregateError [ECONNREFUSED]: 
    at internalConnectMultiple (node:net:1134:18)
    at afterConnectMultiple (node:net:1715:7)
[2m15:43:02[22m [31m[1m[vite][22m[39m [31mhttp proxy error: /api/reservation/my[39m
AggregateError [ECONNREFUSED]: 
    at internalConnectMultiple (node:net:1134:18)
    at afterConnectMultiple (node:net:1715:7)
[2m15:43:02[22m [31m[1m[vite][22m[39m [31mhttp proxy error: /api/draw/my[39m
AggregateError [ECONNREFUSED]: 
    at internalConnectMultiple (node:net:1134:18)
    at afterConnectMultiple (node:net:1715:7)
[2m15:43:32[22m [31m[1m[vite][22m[39m [31mhttp proxy error: /api/time-slots[39m
AggregateError [ECONNREFUSED]: 
    at internalConnectMultiple (node:net:1134:18)
    at afterConnectMultiple (node:net:1715:7)
[2m15:43:32[22m [31m[1m[vite][22m[39m [31mhttp proxy error: /api/reservation/my[39m
AggregateError [ECONNREFUSED]: 
    at internalConnectMultiple (node:net:1134:18)
    at afterConnectMultiple (node:net:1715:7)
[2m15:43:32[22m [31m[1m[vite][22m[39m [31mhttp proxy error: /api/draw/my[39m
AggregateError [ECONNREFUSED]: 
    at internalConnectMultiple (node:net:1134:18)
    at afterConnectMultiple (node:net:1715:7)
[2m15:43:32[22m [31m[1m[vite][22m[39m [31mhttp proxy error: /api/time-slots[39m
AggregateError [ECONNREFUSED]: 
    at internalConnectMultiple (node:net:1134:18)
    at afterConnectMultiple (node:net:1715:7)
[2m15:43:32[22m [31m[1m[vite][22m[39m [31mhttp proxy error: /api/reservation/my[39m
AggregateError [ECONNREFUSED]: 
    at internalConnectMultiple (node:net:1134:18)
    at afterConnectMultiple (node:net:1715:7)
[2m15:43:32[22m [31m[1m[vite][22m[39m [31mhttp proxy error: /api/draw/my[39m
AggregateError [ECONNREFUSED]: 
    at internalConnectMultiple (node:net:1134:18)
    at afterConnectMultiple (node:net:1715:7)
[2m15:44:02[22m [31m[1m[vite][22m[39m [31mhttp proxy error: /api/time-slots[39m
AggregateError [ECONNREFUSED]: 
    at internalConnectMultiple (node:net:1134:18)
    at afterConnectMultiple (node:net:1715:7)
[2m15:44:02[22m [31m[1m[vite][22m[39m [31mhttp proxy error: /api/reservation/my[39m
AggregateError [ECONNREFUSED]: 
    at internalConnectMultiple (node:net:1134:18)
    at afterConnectMultiple (node:net:1715:7)
[2m15:44:02[22m [31m[1m[vite][22m[39m [31mhttp proxy error: /api/draw/my[39m
AggregateError [ECONNREFUSED]: 
    at internalConnectMultiple (node:net:1134:18)
    at afterConnectMultiple (node:net:1715:7)
[2m15:44:02[22m [31m[1m[vite][22m[39m [31mhttp proxy error: /api/time-slots[39m
AggregateError [ECONNREFUSED]: 
    at internalConnectMultiple (node:net:1134:18)
    at afterConnectMultiple (node:net:1715:7)
[2m15:44:02[22m [31m[1m[vite][22m[39m [31mhttp proxy error: /api/reservation/my[39m
AggregateError [ECONNREFUSED]: 
    at internalConnectMultiple (node:net:1134:18)
    at afterConnectMultiple (node:net:1715:7)
[2m15:44:02[22m [31m[1m[vite][22m[39m [31mhttp proxy error: /api/draw/my[39m
AggregateError [ECONNREFUSED]: 
    at internalConnectMultiple (node:net:1134:18)
    at afterConnectMultiple (node:net:1715:7)
[2m15:44:32[22m [31m[1m[vite][22m[39m [31mhttp proxy error: /api/time-slots[39m
AggregateError [ECONNREFUSED]: 
    at internalConnectMultiple (node:net:1134:18)
    at afterConnectMultiple (node:net:1715:7)
[2m15:44:32[22m [31m[1m[vite][22m[39m [31mhttp proxy error: /api/reservation/my[39m
AggregateError [ECONNREFUSED]: 
    at internalConnectMultiple (node:net:1134:18)
    at afterConnectMultiple (node:net:1715:7)
[2m15:44:32[22m [31m[1m[vite][22m[39m [31mhttp proxy error: /api/draw/my[39m
AggregateError [ECONNREFUSED]: 
    at internalConnectMultiple (node:net:1134:18)
    at afterConnectMultiple (node:net:1715:7)
[2m15:44:32[22m [31m[1m[vite][22m[39m [31mhttp proxy error: /api/time-slots[39m
AggregateError [ECONNREFUSED]: 
    at internalConnectMultiple (node:net:1134:18)
    at afterConnectMultiple (node:net:1715:7)
[2m15:44:32[22m [31m[1m[vite][22m[39m [31mhttp proxy error: /api/reservation/my[39m
AggregateError [ECONNREFUSED]: 
    at internalConnectMultiple (node:net:1134:18)
    at afterConnectMultiple (node:net:1715:7)
[2m15:44:32[22m [31m[1m[vite][22m[39m [31mhttp proxy error: /api/draw/my[39m
AggregateError [ECONNREFUSED]: 
    at internalConnectMultiple (node:net:1134:18)
    at afterConnectMultiple (node:net:1715:7)
[2m15:45:02[22m [31m[1m[vite][22m[39m [31mhttp proxy error: /api/time-slots[39m
AggregateError [ECONNREFUSED]: 
    at internalConnectMultiple (node:net:1134:18)
    at afterConnectMultiple (node:net:1715:7)
[2m15:45:02[22m [31m[1m[vite][22m[39m [31mhttp proxy error: /api/reservation/my[39m
AggregateError [ECONNREFUSED]: 
    at internalConnectMultiple (node:net:1134:18)
    at afterConnectMultiple (node:net:1715:7)
[2m15:45:02[22m [31m[1m[vite][22m[39m [31mhttp proxy error: /api/draw/my[39m
AggregateError [ECONNREFUSED]: 
    at internalConnectMultiple (node:net:1134:18)
    at afterConnectMultiple (node:net:1715:7)
[2m15:45:02[22m [31m[1m[vite][22m[39m [31mhttp proxy error: /api/time-slots[39m
AggregateError [ECONNREFUSED]: 
    at internalConnectMultiple (node:net:1134:18)
    at afterConnectMultiple (node:net:1715:7)
[2m15:45:02[22m [31m[1m[vite][22m[39m [31mhttp proxy error: /api/reservation/my[39m
AggregateError [ECONNREFUSED]: 
    at internalConnectMultiple (node:net:1134:18)
    at afterConnectMultiple (node:net:1715:7)
[2m15:45:02[22m [31m[1m[vite][22m[39m [31mhttp proxy error: /api/draw/my[39m
AggregateError [ECONNREFUSED]: 
    at internalConnectMultiple (node:net:1134:18)
    at afterConnectMultiple (node:net:1715:7)
[2m15:45:32[22m [31m[1m[vite][22m[39m [31mhttp proxy error: /api/time-slots[39m
AggregateError [ECONNREFUSED]: 
    at internalConnectMultiple (node:net:1134:18)
    at afterConnectMultiple (node:net:1715:7)
[2m15:45:32[22m [31m[1m[vite][22m[39m [31mhttp proxy error: /api/reservation/my[39m
AggregateError [ECONNREFUSED]: 
    at internalConnectMultiple (node:net:1134:18)
    at afterConnectMultiple (node:net:1715:7)
[2m15:45:32[22m [31m[1m[vite][22m[39m [31mhttp proxy error: /api/draw/my[39m
AggregateError [ECONNREFUSED]: 
    at internalConnectMultiple (node:net:1134:18)
    at afterConnectMultiple (node:net:1715:7)
[2m15:45:32[22m [31m[1m[vite][22m[39m [31mhttp proxy error: /api/time-slots[39m
AggregateError [ECONNREFUSED]: 
    at internalConnectMultiple (node:net:1134:18)
    at afterConnectMultiple (node:net:1715:7)
[2m15:45:32[22m [31m[1m[vite][22m[39m [31mhttp proxy error: /api/reservation/my[39m
AggregateError [ECONNREFUSED]: 
    at internalConnectMultiple (node:net:1134:18)
    at afterConnectMultiple (node:net:1715:7)
[2m15:45:32[22m [31m[1m[vite][22m[39m [31mhttp proxy error: /api/draw/my[39m
AggregateError [ECONNREFUSED]: 
    at internalConnectMultiple (node:net:1134:18)
    at afterConnectMultiple (node:net:1715:7)
[2m15:46:02[22m [31m[1m[vite][22m[39m [31mhttp proxy error: /api/time-slots[39m
AggregateError [ECONNREFUSED]: 
    at internalConnectMultiple (node:net:1134:18)
    at afterConnectMultiple (node:net:1715:7)
[2m15:46:02[22m [31m[1m[vite][22m[39m [31mhttp proxy error: /api/reservation/my[39m
AggregateError [ECONNREFUSED]: 
    at internalConnectMultiple (node:net:1134:18)
    at afterConnectMultiple (node:net:1715:7)
[2m15:46:02[22m [31m[1m[vite][22m[39m [31mhttp proxy error: /api/draw/my[39m
AggregateError [ECONNREFUSED]: 
    at internalConnectMultiple (node:net:1134:18)
    at afterConnectMultiple (node:net:1715:7)
[2m15:46:02[22m [31m[1m[vite][22m[39m [31mhttp proxy error: /api/time-slots[39m
AggregateError [ECONNREFUSED]: 
    at internalConnectMultiple (node:net:1134:18)
    at afterConnectMultiple (node:net:1715:7)
[2m15:46:02[22m [31m[1m[vite][22m[39m [31mhttp proxy error: /api/reservation/my[39m
AggregateError [ECONNREFUSED]: 
    at internalConnectMultiple (node:net:1134:18)
    at afterConnectMultiple (node:net:1715:7)
[2m15:46:02[22m [31m[1m[vite][22m[39m [31mhttp proxy error: /api/draw/my[39m
AggregateError [ECONNREFUSED]: 
    at internalConnectMultiple (node:net:1134:18)
    at afterConnectMultiple (node:net:1715:7)
[2m15:46:32[22m [31m[1m[vite][22m[39m [31mhttp proxy error: /api/time-slots[39m
AggregateError [ECONNREFUSED]: 
    at internalConnectMultiple (node:net:1134:18)
    at afterConnectMultiple (node:net:1715:7)
[2m15:46:32[22m [31m[1m[vite][22m[39m [31mhttp proxy error: /api/reservation/my[39m
AggregateError [ECONNREFUSED]: 
    at internalConnectMultiple (node:net:1134:18)
    at afterConnectMultiple (node:net:1715:7)
[2m15:46:32[22m [31m[1m[vite][22m[39m [31mhttp proxy error: /api/draw/my[39m
AggregateError [ECONNREFUSED]: 
    at internalConnectMultiple (node:net:1134:18)
    at afterConnectMultiple (node:net:1715:7)
[2m15:46:32[22m [31m[1m[vite][22m[39m [31mhttp proxy error: /api/time-slots[39m
AggregateError [ECONNREFUSED]: 
    at internalConnectMultiple (node:net:1134:18)
    at afterConnectMultiple (node:net:1715:7)
[2m15:46:32[22m [31m[1m[vite][22m[39m [31mhttp proxy error: /api/reservation/my[39m
AggregateError [ECONNREFUSED]: 
    at internalConnectMultiple (node:net:1134:18)
    at afterConnectMultiple (node:net:1715:7)
[2m15:46:32[22m [31m[1m[vite][22m[39m [31mhttp proxy error: /api/draw/my[39m
AggregateError [ECONNREFUSED]: 
    at internalConnectMultiple (node:net:1134:18)
    at afterConnectMultiple (node:net:1715:7)
[2m15:47:02[22m [31m[1m[vite][22m[39m [31mhttp proxy error: /api/time-slots[39m
AggregateError [ECONNREFUSED]: 
    at internalConnectMultiple (node:net:1134:18)
    at afterConnectMultiple (node:net:1715:7)
[2m15:47:02[22m [31m[1m[vite][22m[39m [31mhttp proxy error: /api/reservation/my[39m
AggregateError [ECONNREFUSED]: 
    at internalConnectMultiple (node:net:1134:18)
    at afterConnectMultiple (node:net:1715:7)
[2m15:47:02[22m [31m[1m[vite][22m[39m [31mhttp proxy error: /api/draw/my[39m
AggregateError [ECONNREFUSED]: 
    at internalConnectMultiple (node:net:1134:18)
    at afterConnectMultiple (node:net:1715:7)
[2m15:47:02[22m [31m[1m[vite][22m[39m [31mhttp proxy error: /api/time-slots[39m
AggregateError [ECONNREFUSED]: 
    at internalConnectMultiple (node:net:1134:18)
    at afterConnectMultiple (node:net:1715:7)
[2m15:47:02[22m [31m[1m[vite][22m[39m [31mhttp proxy error: /api/reservation/my[39m
AggregateError [ECONNREFUSED]: 
    at internalConnectMultiple (node:net:1134:18)
    at afterConnectMultiple (node:net:1715:7)
[2m15:47:02[22m [31m[1m[vite][22m[39m [31mhttp proxy error: /api/draw/my[39m
AggregateError [ECONNREFUSED]: 
    at internalConnectMultiple (node:net:1134:18)
    at afterConnectMultiple (node:net:1715:7)
[2m15:47:32[22m [31m[1m[vite][22m[39m [31mhttp proxy error: /api/time-slots[39m
AggregateError [ECONNREFUSED]: 
    at internalConnectMultiple (node:net:1134:18)
    at afterConnectMultiple (node:net:1715:7)
[2m15:47:32[22m [31m[1m[vite][22m[39m [31mhttp proxy error: /api/reservation/my[39m
AggregateError [ECONNREFUSED]: 
    at internalConnectMultiple (node:net:1134:18)
    at afterConnectMultiple (node:net:1715:7)
[2m15:47:32[22m [31m[1m[vite][22m[39m [31mhttp proxy error: /api/draw/my[39m
AggregateError [ECONNREFUSED]: 
    at internalConnectMultiple (node:net:1134:18)
    at afterConnectMultiple (node:net:1715:7)
[2m15:47:32[22m [31m[1m[vite][22m[39m [31mhttp proxy error: /api/time-slots[39m
AggregateError [ECONNREFUSED]: 
    at internalConnectMultiple (node:net:1134:18)
    at afterConnectMultiple (node:net:1715:7)
[2m15:47:32[22m [31m[1m[vite][22m[39m [31mhttp proxy error: /api/reservation/my[39m
AggregateError [ECONNREFUSED]: 
    at internalConnectMultiple (node:net:1134:18)
    at afterConnectMultiple (node:net:1715:7)
[2m15:47:32[22m [31m[1m[vite][22m[39m [31mhttp proxy error: /api/draw/my[39m
AggregateError [ECONNREFUSED]: 
    at internalConnectMultiple (node:net:1134:18)
    at afterConnectMultiple (node:net:1715:7)
[2m15:48:02[22m [31m[1m[vite][22m[39m [31mhttp proxy error: /api/time-slots[39m
AggregateError [ECONNREFUSED]: 
    at internalConnectMultiple (node:net:1134:18)
    at afterConnectMultiple (node:net:1715:7)
[2m15:48:02[22m [31m[1m[vite][22m[39m [31mhttp proxy error: /api/reservation/my[39m
AggregateError [ECONNREFUSED]: 
    at internalConnectMultiple (node:net:1134:18)
    at afterConnectMultiple (node:net:1715:7)
[2m15:48:02[22m [31m[1m[vite][22m[39m [31mhttp proxy error: /api/draw/my[39m
AggregateError [ECONNREFUSED]: 
    at internalConnectMultiple (node:net:1134:18)
    at afterConnectMultiple (node:net:1715:7)
[2m15:48:02[22m [31m[1m[vite][22m[39m [31mhttp proxy error: /api/time-slots[39m
AggregateError [ECONNREFUSED]: 
    at internalConnectMultiple (node:net:1134:18)
    at afterConnectMultiple (node:net:1715:7)
[2m15:48:02[22m [31m[1m[vite][22m[39m [31mhttp proxy error: /api/reservation/my[39m
AggregateError [ECONNREFUSED]: 
    at internalConnectMultiple (node:net:1134:18)
    at afterConnectMultiple (node:net:1715:7)
[2m15:48:02[22m [31m[1m[vite][22m[39m [31mhttp proxy error: /api/draw/my[39m
AggregateError [ECONNREFUSED]: 
    at internalConnectMultiple (node:net:1134:18)
    at afterConnectMultiple (node:net:1715:7)
[2m15:48:32[22m [31m[1m[vite][22m[39m [31mhttp proxy error: /api/time-slots[39m
AggregateError [ECONNREFUSED]: 
    at internalConnectMultiple (node:net:1134:18)
    at afterConnectMultiple (node:net:1715:7)
[2m15:48:32[22m [31m[1m[vite][22m[39m [31mhttp proxy error: /api/reservation/my[39m
AggregateError [ECONNREFUSED]: 
    at internalConnectMultiple (node:net:1134:18)
    at afterConnectMultiple (node:net:1715:7)
[2m15:48:32[22m [31m[1m[vite][22m[39m [31mhttp proxy error: /api/draw/my[39m
AggregateError [ECONNREFUSED]: 
    at internalConnectMultiple (node:net:1134:18)
    at afterConnectMultiple (node:net:1715:7)
[2m15:48:32[22m [31m[1m[vite][22m[39m [31mhttp proxy error: /api/time-slots[39m
AggregateError [ECONNREFUSED]: 
    at internalConnectMultiple (node:net:1134:18)
    at afterConnectMultiple (node:net:1715:7)
[2m15:48:32[22m [31m[1m[vite][22m[39m [31mhttp proxy error: /api/reservation/my[39m
AggregateError [ECONNREFUSED]: 
    at internalConnectMultiple (node:net:1134:18)
    at afterConnectMultiple (node:net:1715:7)
[2m15:48:32[22m [31m[1m[vite][22m[39m [31mhttp proxy error: /api/draw/my[39m
AggregateError [ECONNREFUSED]: 
    at internalConnectMultiple (node:net:1134:18)
    at afterConnectMultiple (node:net:1715:7)
[2m15:49:02[22m [31m[1m[vite][22m[39m [31mhttp proxy error: /api/time-slots[39m
AggregateError [ECONNREFUSED]: 
    at internalConnectMultiple (node:net:1134:18)
    at afterConnectMultiple (node:net:1715:7)
[2m15:49:02[22m [31m[1m[vite][22m[39m [31mhttp proxy error: /api/reservation/my[39m
AggregateError [ECONNREFUSED]: 
    at internalConnectMultiple (node:net:1134:18)
    at afterConnectMultiple (node:net:1715:7)
[2m15:49:02[22m [31m[1m[vite][22m[39m [31mhttp proxy error: /api/draw/my[39m
AggregateError [ECONNREFUSED]: 
    at internalConnectMultiple (node:net:1134:18)
    at afterConnectMultiple (node:net:1715:7)
[2m15:49:02[22m [31m[1m[vite][22m[39m [31mhttp proxy error: /api/time-slots[39m
AggregateError [ECONNREFUSED]: 
    at internalConnectMultiple (node:net:1134:18)
    at afterConnectMultiple (node:net:1715:7)
[2m15:49:02[22m [31m[1m[vite][22m[39m [31mhttp proxy error: /api/reservation/my[39m
AggregateError [ECONNREFUSED]: 
    at internalConnectMultiple (node:net:1134:18)
    at afterConnectMultiple (node:net:1715:7)
[2m15:49:02[22m [31m[1m[vite][22m[39m [31mhttp proxy error: /api/draw/my[39m
AggregateError [ECONNREFUSED]: 
    at internalConnectMultiple (node:net:1134:18)
    at afterConnectMultiple (node:net:1715:7)
[2m15:49:32[22m [31m[1m[vite][22m[39m [31mhttp proxy error: /api/time-slots[39m
AggregateError [ECONNREFUSED]: 
    at internalConnectMultiple (node:net:1134:18)
    at afterConnectMultiple (node:net:1715:7)
[2m15:49:32[22m [31m[1m[vite][22m[39m [31mhttp proxy error: /api/reservation/my[39m
AggregateError [ECONNREFUSED]: 
    at internalConnectMultiple (node:net:1134:18)
    at afterConnectMultiple (node:net:1715:7)
[2m15:49:32[22m [31m[1m[vite][22m[39m [31mhttp proxy error: /api/draw/my[39m
AggregateError [ECONNREFUSED]: 
    at internalConnectMultiple (node:net:1134:18)
    at afterConnectMultiple (node:net:1715:7)
[2m15:49:32[22m [31m[1m[vite][22m[39m [31mhttp proxy error: /api/time-slots[39m
AggregateError [ECONNREFUSED]: 
    at internalConnectMultiple (node:net:1134:18)
    at afterConnectMultiple (node:net:1715:7)
[2m15:49:32[22m [31m[1m[vite][22m[39m [31mhttp proxy error: /api/reservation/my[39m
AggregateError [ECONNREFUSED]: 
    at internalConnectMultiple (node:net:1134:18)
    at afterConnectMultiple (node:net:1715:7)
[2m15:49:32[22m [31m[1m[vite][22m[39m [31mhttp proxy error: /api/draw/my[39m
AggregateError [ECONNREFUSED]: 
    at internalConnectMultiple (node:net:1134:18)
    at afterConnectMultiple (node:net:1715:7)
[2m15:50:02[22m [31m[1m[vite][22m[39m [31mhttp proxy error: /api/time-slots[39m
AggregateError [ECONNREFUSED]: 
    at internalConnectMultiple (node:net:1134:18)
    at afterConnectMultiple (node:net:1715:7)
[2m15:50:02[22m [31m[1m[vite][22m[39m [31mhttp proxy error: /api/reservation/my[39m
AggregateError [ECONNREFUSED]: 
    at internalConnectMultiple (node:net:1134:18)
    at afterConnectMultiple (node:net:1715:7)
[2m15:50:02[22m [31m[1m[vite][22m[39m [31mhttp proxy error: /api/draw/my[39m
AggregateError [ECONNREFUSED]: 
    at internalConnectMultiple (node:net:1134:18)
    at afterConnectMultiple (node:net:1715:7)
[2m15:50:02[22m [31m[1m[vite][22m[39m [31mhttp proxy error: /api/time-slots[39m
AggregateError [ECONNREFUSED]: 
    at internalConnectMultiple (node:net:1134:18)
    at afterConnectMultiple (node:net:1715:7)
[2m15:50:02[22m [31m[1m[vite][22m[39m [31mhttp proxy error: /api/reservation/my[39m
AggregateError [ECONNREFUSED]: 
    at internalConnectMultiple (node:net:1134:18)
    at afterConnectMultiple (node:net:1715:7)
[2m15:50:02[22m [31m[1m[vite][22m[39m [31mhttp proxy error: /api/draw/my[39m
AggregateError [ECONNREFUSED]: 
    at internalConnectMultiple (node:net:1134:18)
    at afterConnectMultiple (node:net:1715:7)
[2m15:50:32[22m [31m[1m[vite][22m[39m [31mhttp proxy error: /api/time-slots[39m
AggregateError [ECONNREFUSED]: 
    at internalConnectMultiple (node:net:1134:18)
    at afterConnectMultiple (node:net:1715:7)
[2m15:50:32[22m [31m[1m[vite][22m[39m [31mhttp proxy error: /api/reservation/my[39m
AggregateError [ECONNREFUSED]: 
    at internalConnectMultiple (node:net:1134:18)
    at afterConnectMultiple (node:net:1715:7)
[2m15:50:32[22m [31m[1m[vite][22m[39m [31mhttp proxy error: /api/draw/my[39m
AggregateError [ECONNREFUSED]: 
    at internalConnectMultiple (node:net:1134:18)
    at afterConnectMultiple (node:net:1715:7)
[2m15:50:32[22m [31m[1m[vite][22m[39m [31mhttp proxy error: /api/time-slots[39m
AggregateError [ECONNREFUSED]: 
    at internalConnectMultiple (node:net:1134:18)
    at afterConnectMultiple (node:net:1715:7)
[2m15:50:32[22m [31m[1m[vite][22m[39m [31mhttp proxy error: /api/reservation/my[39m
AggregateError [ECONNREFUSED]: 
    at internalConnectMultiple (node:net:1134:18)
    at afterConnectMultiple (node:net:1715:7)
[2m15:50:32[22m [31m[1m[vite][22m[39m [31mhttp proxy error: /api/draw/my[39m
AggregateError [ECONNREFUSED]: 
    at internalConnectMultiple (node:net:1134:18)
    at afterConnectMultiple (node:net:1715:7)
[2m15:51:02[22m [31m[1m[vite][22m[39m [31mhttp proxy error: /api/time-slots[39m
AggregateError [ECONNREFUSED]: 
    at internalConnectMultiple (node:net:1134:18)
    at afterConnectMultiple (node:net:1715:7)
[2m15:51:02[22m [31m[1m[vite][22m[39m [31mhttp proxy error: /api/reservation/my[39m
AggregateError [ECONNREFUSED]: 
    at internalConnectMultiple (node:net:1134:18)
    at afterConnectMultiple (node:net:1715:7)
[2m15:51:02[22m [31m[1m[vite][22m[39m [31mhttp proxy error: /api/draw/my[39m
AggregateError [ECONNREFUSED]: 
    at internalConnectMultiple (node:net:1134:18)
    at afterConnectMultiple (node:net:1715:7)
[2m15:51:02[22m [31m[1m[vite][22m[39m [31mhttp proxy error: /api/time-slots[39m
AggregateError [ECONNREFUSED]: 
    at internalConnectMultiple (node:net:1134:18)
    at afterConnectMultiple (node:net:1715:7)
[2m15:51:02[22m [31m[1m[vite][22m[39m [31mhttp proxy error: /api/reservation/my[39m
AggregateError [ECONNREFUSED]: 
    at internalConnectMultiple (node:net:1134:18)
    at afterConnectMultiple (node:net:1715:7)
[2m15:51:02[22m [31m[1m[vite][22m[39m [31mhttp proxy error: /api/draw/my[39m
AggregateError [ECONNREFUSED]: 
    at internalConnectMultiple (node:net:1134:18)
    at afterConnectMultiple (node:net:1715:7)
[2m15:51:32[22m [31m[1m[vite][22m[39m [31mhttp proxy error: /api/time-slots[39m
AggregateError [ECONNREFUSED]: 
    at internalConnectMultiple (node:net:1134:18)
    at afterConnectMultiple (node:net:1715:7)
[2m15:51:32[22m [31m[1m[vite][22m[39m [31mhttp proxy error: /api/reservation/my[39m
AggregateError [ECONNREFUSED]: 
    at internalConnectMultiple (node:net:1134:18)
    at afterConnectMultiple (node:net:1715:7)
[2m15:51:32[22m [31m[1m[vite][22m[39m [31mhttp proxy error: /api/draw/my[39m
AggregateError [ECONNREFUSED]: 
    at internalConnectMultiple (node:net:1134:18)
    at afterConnectMultiple (node:net:1715:7)
[2m15:51:32[22m [31m[1m[vite][22m[39m [31mhttp proxy error: /api/time-slots[39m
AggregateError [ECONNREFUSED]: 
    at internalConnectMultiple (node:net:1134:18)
    at afterConnectMultiple (node:net:1715:7)
[2m15:51:32[22m [31m[1m[vite][22m[39m [31mhttp proxy error: /api/reservation/my[39m
AggregateError [ECONNREFUSED]: 
    at internalConnectMultiple (node:net:1134:18)
    at afterConnectMultiple (node:net:1715:7)
[2m15:51:32[22m [31m[1m[vite][22m[39m [31mhttp proxy error: /api/draw/my[39m
AggregateError [ECONNREFUSED]: 
    at internalConnectMultiple (node:net:1134:18)
    at afterConnectMultiple (node:net:1715:7)
[2m15:52:02[22m [31m[1m[vite][22m[39m [31mhttp proxy error: /api/time-slots[39m
AggregateError [ECONNREFUSED]: 
    at internalConnectMultiple (node:net:1134:18)
    at afterConnectMultiple (node:net:1715:7)
[2m15:52:02[22m [31m[1m[vite][22m[39m [31mhttp proxy error: /api/reservation/my[39m
AggregateError [ECONNREFUSED]: 
    at internalConnectMultiple (node:net:1134:18)
    at afterConnectMultiple (node:net:1715:7)
[2m15:52:02[22m [31m[1m[vite][22m[39m [31mhttp proxy error: /api/draw/my[39m
AggregateError [ECONNREFUSED]: 
    at internalConnectMultiple (node:net:1134:18)
    at afterConnectMultiple (node:net:1715:7)
[2m15:52:02[22m [31m[1m[vite][22m[39m [31mhttp proxy error: /api/time-slots[39m
AggregateError [ECONNREFUSED]: 
    at internalConnectMultiple (node:net:1134:18)
    at afterConnectMultiple (node:net:1715:7)
[2m15:52:02[22m [31m[1m[vite][22m[39m [31mhttp proxy error: /api/draw/my[39m
AggregateError [ECONNREFUSED]: 
    at internalConnectMultiple (node:net:1134:18)
    at afterConnectMultiple (node:net:1715:7)
[2m15:52:02[22m [31m[1m[vite][22m[39m [31mhttp proxy error: /api/reservation/my[39m
AggregateError [ECONNREFUSED]: 
    at internalConnectMultiple (node:net:1134:18)
    at afterConnectMultiple (node:net:1715:7)
[2m15:52:32[22m [31m[1m[vite][22m[39m [31mhttp proxy error: /api/time-slots[39m
AggregateError [ECONNREFUSED]: 
    at internalConnectMultiple (node:net:1134:18)
    at afterConnectMultiple (node:net:1715:7)
[2m15:52:32[22m [31m[1m[vite][22m[39m [31mhttp proxy error: /api/reservation/my[39m
AggregateError [ECONNREFUSED]: 
    at internalConnectMultiple (node:net:1134:18)
    at afterConnectMultiple (node:net:1715:7)
[2m15:52:32[22m [31m[1m[vite][22m[39m [31mhttp proxy error: /api/draw/my[39m
AggregateError [ECONNREFUSED]: 
    at internalConnectMultiple (node:net:1134:18)
    at afterConnectMultiple (node:net:1715:7)
[2m15:52:32[22m [31m[1m[vite][22m[39m [31mhttp proxy error: /api/time-slots[39m
AggregateError [ECONNREFUSED]: 
    at internalConnectMultiple (node:net:1134:18)
    at afterConnectMultiple (node:net:1715:7)
[2m15:52:32[22m [31m[1m[vite][22m[39m [31mhttp proxy error: /api/reservation/my[39m
AggregateError [ECONNREFUSED]: 
    at internalConnectMultiple (node:net:1134:18)
    at afterConnectMultiple (node:net:1715:7)
[2m15:52:32[22m [31m[1m[vite][22m[39m [31mhttp proxy error: /api/draw/my[39m
AggregateError [ECONNREFUSED]: 
    at internalConnectMultiple (node:net:1134:18)
    at afterConnectMultiple (node:net:1715:7)
[2m15:53:02[22m [31m[1m[vite][22m[39m [31mhttp proxy error: /api/time-slots[39m
AggregateError [ECONNREFUSED]: 
    at internalConnectMultiple (node:net:1134:18)
    at afterConnectMultiple (node:net:1715:7)
[2m15:53:02[22m [31m[1m[vite][22m[39m [31mhttp proxy error: /api/reservation/my[39m
AggregateError [ECONNREFUSED]: 
    at internalConnectMultiple (node:net:1134:18)
    at afterConnectMultiple (node:net:1715:7)
[2m15:53:02[22m [31m[1m[vite][22m[39m [31mhttp proxy error: /api/draw/my[39m
AggregateError [ECONNREFUSED]: 
    at internalConnectMultiple (node:net:1134:18)
    at afterConnectMultiple (node:net:1715:7)
[2m15:53:02[22m [31m[1m[vite][22m[39m [31mhttp proxy error: /api/time-slots[39m
AggregateError [ECONNREFUSED]: 
    at internalConnectMultiple (node:net:1134:18)
    at afterConnectMultiple (node:net:1715:7)
[2m15:53:02[22m [31m[1m[vite][22m[39m [31mhttp proxy error: /api/reservation/my[39m
AggregateError [ECONNREFUSED]: 
    at internalConnectMultiple (node:net:1134:18)
    at afterConnectMultiple (node:net:1715:7)
[2m15:53:02[22m [31m[1m[vite][22m[39m [31mhttp proxy error: /api/draw/my[39m
AggregateError [ECONNREFUSED]: 
    at internalConnectMultiple (node:net:1134:18)
    at afterConnectMultiple (node:net:1715:7)
[2m15:53:32[22m [31m[1m[vite][22m[39m [31mhttp proxy error: /api/time-slots[39m
AggregateError [ECONNREFUSED]: 
    at internalConnectMultiple (node:net:1134:18)
    at afterConnectMultiple (node:net:1715:7)
[2m15:53:32[22m [31m[1m[vite][22m[39m [31mhttp proxy error: /api/reservation/my[39m
AggregateError [ECONNREFUSED]: 
    at internalConnectMultiple (node:net:1134:18)
    at afterConnectMultiple (node:net:1715:7)
[2m15:53:32[22m [31m[1m[vite][22m[39m [31mhttp proxy error: /api/draw/my[39m
AggregateError [ECONNREFUSED]: 
    at internalConnectMultiple (node:net:1134:18)
    at afterConnectMultiple (node:net:1715:7)
[2m15:53:32[22m [31m[1m[vite][22m[39m [31mhttp proxy error: /api/time-slots[39m
AggregateError [ECONNREFUSED]: 
    at internalConnectMultiple (node:net:1134:18)
    at afterConnectMultiple (node:net:1715:7)
[2m15:53:32[22m [31m[1m[vite][22m[39m [31mhttp proxy error: /api/reservation/my[39m
AggregateError [ECONNREFUSED]: 
    at internalConnectMultiple (node:net:1134:18)
    at afterConnectMultiple (node:net:1715:7)
[2m15:53:32[22m [31m[1m[vite][22m[39m [31mhttp proxy error: /api/draw/my[39m
AggregateError [ECONNREFUSED]: 
    at internalConnectMultiple (node:net:1134:18)
    at afterConnectMultiple (node:net:1715:7)
[2m15:54:02[22m [31m[1m[vite][22m[39m [31mhttp proxy error: /api/time-slots[39m
AggregateError [ECONNREFUSED]: 
    at internalConnectMultiple (node:net:1134:18)
    at afterConnectMultiple (node:net:1715:7)
[2m15:54:02[22m [31m[1m[vite][22m[39m [31mhttp proxy error: /api/reservation/my[39m
AggregateError [ECONNREFUSED]: 
    at internalConnectMultiple (node:net:1134:18)
    at afterConnectMultiple (node:net:1715:7)
[2m15:54:02[22m [31m[1m[vite][22m[39m [31mhttp proxy error: /api/draw/my[39m
AggregateError [ECONNREFUSED]: 
    at internalConnectMultiple (node:net:1134:18)
    at afterConnectMultiple (node:net:1715:7)
[2m15:54:02[22m [31m[1m[vite][22m[39m [31mhttp proxy error: /api/time-slots[39m
AggregateError [ECONNREFUSED]: 
    at internalConnectMultiple (node:net:1134:18)
    at afterConnectMultiple (node:net:1715:7)
[2m15:54:02[22m [31m[1m[vite][22m[39m [31mhttp proxy error: /api/reservation/my[39m
AggregateError [ECONNREFUSED]: 
    at internalConnectMultiple (node:net:1134:18)
    at afterConnectMultiple (node:net:1715:7)
[2m15:54:02[22m [31m[1m[vite][22m[39m [31mhttp proxy error: /api/draw/my[39m
AggregateError [ECONNREFUSED]: 
    at internalConnectMultiple (node:net:1134:18)
    at afterConnectMultiple (node:net:1715:7)
[2m15:54:32[22m [31m[1m[vite][22m[39m [31mhttp proxy error: /api/time-slots[39m
AggregateError [ECONNREFUSED]: 
    at internalConnectMultiple (node:net:1134:18)
    at afterConnectMultiple (node:net:1715:7)
[2m15:54:32[22m [31m[1m[vite][22m[39m [31mhttp proxy error: /api/reservation/my[39m
AggregateError [ECONNREFUSED]: 
    at internalConnectMultiple (node:net:1134:18)
    at afterConnectMultiple (node:net:1715:7)
[2m15:54:32[22m [31m[1m[vite][22m[39m [31mhttp proxy error: /api/draw/my[39m
AggregateError [ECONNREFUSED]: 
    at internalConnectMultiple (node:net:1134:18)
    at afterConnectMultiple (node:net:1715:7)
[2m15:54:32[22m [31m[1m[vite][22m[39m [31mhttp proxy error: /api/time-slots[39m
AggregateError [ECONNREFUSED]: 
    at internalConnectMultiple (node:net:1134:18)
    at afterConnectMultiple (node:net:1715:7)
[2m15:54:32[22m [31m[1m[vite][22m[39m [31mhttp proxy error: /api/reservation/my[39m
AggregateError [ECONNREFUSED]: 
    at internalConnectMultiple (node:net:1134:18)
    at afterConnectMultiple (node:net:1715:7)
[2m15:54:32[22m [31m[1m[vite][22m[39m [31mhttp proxy error: /api/draw/my[39m
AggregateError [ECONNREFUSED]: 
    at internalConnectMultiple (node:net:1134:18)
    at afterConnectMultiple (node:net:1715:7)
[2m15:55:02[22m [31m[1m[vite][22m[39m [31mhttp proxy error: /api/reservation/my[39m
AggregateError [ECONNREFUSED]: 
    at internalConnectMultiple (node:net:1134:18)
    at afterConnectMultiple (node:net:1715:7)
[2m15:55:02[22m [31m[1m[vite][22m[39m [31mhttp proxy error: /api/time-slots[39m
AggregateError [ECONNREFUSED]: 
    at internalConnectMultiple (node:net:1134:18)
    at afterConnectMultiple (node:net:1715:7)
[2m15:55:02[22m [31m[1m[vite][22m[39m [31mhttp proxy error: /api/draw/my[39m
AggregateError [ECONNREFUSED]: 
    at internalConnectMultiple (node:net:1134:18)
    at afterConnectMultiple (node:net:1715:7)
[2m15:55:02[22m [31m[1m[vite][22m[39m [31mhttp proxy error: /api/time-slots[39m
AggregateError [ECONNREFUSED]: 
    at internalConnectMultiple (node:net:1134:18)
    at afterConnectMultiple (node:net:1715:7)
[2m15:55:02[22m [31m[1m[vite][22m[39m [31mhttp proxy error: /api/reservation/my[39m
AggregateError [ECONNREFUSED]: 
    at internalConnectMultiple (node:net:1134:18)
    at afterConnectMultiple (node:net:1715:7)
[2m15:55:02[22m [31m[1m[vite][22m[39m [31mhttp proxy error: /api/draw/my[39m
AggregateError [ECONNREFUSED]: 
    at internalConnectMultiple (node:net:1134:18)
    at afterConnectMultiple (node:net:1715:7)
[2m15:55:32[22m [31m[1m[vite][22m[39m [31mhttp proxy error: /api/time-slots[39m
AggregateError [ECONNREFUSED]: 
    at internalConnectMultiple (node:net:1134:18)
    at afterConnectMultiple (node:net:1715:7)
[2m15:55:32[22m [31m[1m[vite][22m[39m [31mhttp proxy error: /api/reservation/my[39m
AggregateError [ECONNREFUSED]: 
    at internalConnectMultiple (node:net:1134:18)
    at afterConnectMultiple (node:net:1715:7)
[2m15:55:32[22m [31m[1m[vite][22m[39m [31mhttp proxy error: /api/draw/my[39m
AggregateError [ECONNREFUSED]: 
    at internalConnectMultiple (node:net:1134:18)
    at afterConnectMultiple (node:net:1715:7)
[2m15:55:32[22m [31m[1m[vite][22m[39m [31mhttp proxy error: /api/time-slots[39m
AggregateError [ECONNREFUSED]: 
    at internalConnectMultiple (node:net:1134:18)
    at afterConnectMultiple (node:net:1715:7)
[2m15:55:32[22m [31m[1m[vite][22m[39m [31mhttp proxy error: /api/reservation/my[39m
AggregateError [ECONNREFUSED]: 
    at internalConnectMultiple (node:net:1134:18)
    at afterConnectMultiple (node:net:1715:7)
[2m15:55:32[22m [31m[1m[vite][22m[39m [31mhttp proxy error: /api/draw/my[39m
AggregateError [ECONNREFUSED]: 
    at internalConnectMultiple (node:net:1134:18)
    at afterConnectMultiple (node:net:1715:7)
[2m15:56:02[22m [31m[1m[vite][22m[39m [31mhttp proxy error: /api/time-slots[39m
AggregateError [ECONNREFUSED]: 
    at internalConnectMultiple (node:net:1134:18)
    at afterConnectMultiple (node:net:1715:7)
[2m15:56:02[22m [31m[1m[vite][22m[39m [31mhttp proxy error: /api/reservation/my[39m
AggregateError [ECONNREFUSED]: 
    at internalConnectMultiple (node:net:1134:18)
    at afterConnectMultiple (node:net:1715:7)
[2m15:56:02[22m [31m[1m[vite][22m[39m [31mhttp proxy error: /api/draw/my[39m
AggregateError [ECONNREFUSED]: 
    at internalConnectMultiple (node:net:1134:18)
    at afterConnectMultiple (node:net:1715:7)
[2m15:56:02[22m [31m[1m[vite][22m[39m [31mhttp proxy error: /api/time-slots[39m
AggregateError [ECONNREFUSED]: 
    at internalConnectMultiple (node:net:1134:18)
    at afterConnectMultiple (node:net:1715:7)
[2m15:56:02[22m [31m[1m[vite][22m[39m [31mhttp proxy error: /api/reservation/my[39m
AggregateError [ECONNREFUSED]: 
    at internalConnectMultiple (node:net:1134:18)
    at afterConnectMultiple (node:net:1715:7)
[2m15:56:02[22m [31m[1m[vite][22m[39m [31mhttp proxy error: /api/draw/my[39m
AggregateError [ECONNREFUSED]: 
    at internalConnectMultiple (node:net:1134:18)
    at afterConnectMultiple (node:net:1715:7)
[2m15:56:32[22m [31m[1m[vite][22m[39m [31mhttp proxy error: /api/time-slots[39m
AggregateError [ECONNREFUSED]: 
    at internalConnectMultiple (node:net:1134:18)
    at afterConnectMultiple (node:net:1715:7)
[2m15:56:32[22m [31m[1m[vite][22m[39m [31mhttp proxy error: /api/reservation/my[39m
AggregateError [ECONNREFUSED]: 
    at internalConnectMultiple (node:net:1134:18)
    at afterConnectMultiple (node:net:1715:7)
[2m15:56:32[22m [31m[1m[vite][22m[39m [31mhttp proxy error: /api/draw/my[39m
AggregateError [ECONNREFUSED]: 
    at internalConnectMultiple (node:net:1134:18)
    at afterConnectMultiple (node:net:1715:7)
[2m15:56:32[22m [31m[1m[vite][22m[39m [31mhttp proxy error: /api/time-slots[39m
AggregateError [ECONNREFUSED]: 
    at internalConnectMultiple (node:net:1134:18)
    at afterConnectMultiple (node:net:1715:7)
[2m15:56:32[22m [31m[1m[vite][22m[39m [31mhttp proxy error: /api/reservation/my[39m
AggregateError [ECONNREFUSED]: 
    at internalConnectMultiple (node:net:1134:18)
    at afterConnectMultiple (node:net:1715:7)
[2m15:56:32[22m [31m[1m[vite][22m[39m [31mhttp proxy error: /api/draw/my[39m
AggregateError [ECONNREFUSED]: 
    at internalConnectMultiple (node:net:1134:18)
    at afterConnectMultiple (node:net:1715:7)
[2m15:57:02[22m [31m[1m[vite][22m[39m [31mhttp proxy error: /api/time-slots[39m
AggregateError [ECONNREFUSED]: 
    at internalConnectMultiple (node:net:1134:18)
    at afterConnectMultiple (node:net:1715:7)
[2m15:57:02[22m [31m[1m[vite][22m[39m [31mhttp proxy error: /api/reservation/my[39m
AggregateError [ECONNREFUSED]: 
    at internalConnectMultiple (node:net:1134:18)
    at afterConnectMultiple (node:net:1715:7)
[2m15:57:02[22m [31m[1m[vite][22m[39m [31mhttp proxy error: /api/draw/my[39m
AggregateError [ECONNREFUSED]: 
    at internalConnectMultiple (node:net:1134:18)
    at afterConnectMultiple (node:net:1715:7)
[2m15:57:02[22m [31m[1m[vite][22m[39m [31mhttp proxy error: /api/time-slots[39m
AggregateError [ECONNREFUSED]: 
    at internalConnectMultiple (node:net:1134:18)
    at afterConnectMultiple (node:net:1715:7)
[2m15:57:02[22m [31m[1m[vite][22m[39m [31mhttp proxy error: /api/reservation/my[39m
AggregateError [ECONNREFUSED]: 
    at internalConnectMultiple (node:net:1134:18)
    at afterConnectMultiple (node:net:1715:7)
[2m15:57:02[22m [31m[1m[vite][22m[39m [31mhttp proxy error: /api/draw/my[39m
AggregateError [ECONNREFUSED]: 
    at internalConnectMultiple (node:net:1134:18)
    at afterConnectMultiple (node:net:1715:7)
[2m15:57:32[22m [31m[1m[vite][22m[39m [31mhttp proxy error: /api/time-slots[39m
AggregateError [ECONNREFUSED]: 
    at internalConnectMultiple (node:net:1134:18)
    at afterConnectMultiple (node:net:1715:7)
[2m15:57:32[22m [31m[1m[vite][22m[39m [31mhttp proxy error: /api/reservation/my[39m
AggregateError [ECONNREFUSED]: 
    at internalConnectMultiple (node:net:1134:18)
    at afterConnectMultiple (node:net:1715:7)
[2m15:57:32[22m [31m[1m[vite][22m[39m [31mhttp proxy error: /api/draw/my[39m
AggregateError [ECONNREFUSED]: 
    at internalConnectMultiple (node:net:1134:18)
    at afterConnectMultiple (node:net:1715:7)
[2m15:57:32[22m [31m[1m[vite][22m[39m [31mhttp proxy error: /api/time-slots[39m
AggregateError [ECONNREFUSED]: 
    at internalConnectMultiple (node:net:1134:18)
    at afterConnectMultiple (node:net:1715:7)
[2m15:57:32[22m [31m[1m[vite][22m[39m [31mhttp proxy error: /api/reservation/my[39m
AggregateError [ECONNREFUSED]: 
    at internalConnectMultiple (node:net:1134:18)
    at afterConnectMultiple (node:net:1715:7)
[2m15:57:32[22m [31m[1m[vite][22m[39m [31mhttp proxy error: /api/draw/my[39m
AggregateError [ECONNREFUSED]: 
    at internalConnectMultiple (node:net:1134:18)
    at afterConnectMultiple (node:net:1715:7)
[2m15:58:02[22m [31m[1m[vite][22m[39m [31mhttp proxy error: /api/time-slots[39m
AggregateError [ECONNREFUSED]: 
    at internalConnectMultiple (node:net:1134:18)
    at afterConnectMultiple (node:net:1715:7)
[2m15:58:02[22m [31m[1m[vite][22m[39m [31mhttp proxy error: /api/reservation/my[39m
AggregateError [ECONNREFUSED]: 
    at internalConnectMultiple (node:net:1134:18)
    at afterConnectMultiple (node:net:1715:7)
[2m15:58:02[22m [31m[1m[vite][22m[39m [31mhttp proxy error: /api/draw/my[39m
AggregateError [ECONNREFUSED]: 
    at internalConnectMultiple (node:net:1134:18)
    at afterConnectMultiple (node:net:1715:7)
[2m15:58:02[22m [31m[1m[vite][22m[39m [31mhttp proxy error: /api/time-slots[39m
AggregateError [ECONNREFUSED]: 
    at internalConnectMultiple (node:net:1134:18)
    at afterConnectMultiple (node:net:1715:7)
[2m15:58:02[22m [31m[1m[vite][22m[39m [31mhttp proxy error: /api/reservation/my[39m
AggregateError [ECONNREFUSED]: 
    at internalConnectMultiple (node:net:1134:18)
    at afterConnectMultiple (node:net:1715:7)
[2m15:58:02[22m [31m[1m[vite][22m[39m [31mhttp proxy error: /api/draw/my[39m
AggregateError [ECONNREFUSED]: 
    at internalConnectMultiple (node:net:1134:18)
    at afterConnectMultiple (node:net:1715:7)
[2m15:58:32[22m [31m[1m[vite][22m[39m [31mhttp proxy error: /api/time-slots[39m
AggregateError [ECONNREFUSED]: 
    at internalConnectMultiple (node:net:1134:18)
    at afterConnectMultiple (node:net:1715:7)
[2m15:58:32[22m [31m[1m[vite][22m[39m [31mhttp proxy error: /api/reservation/my[39m
AggregateError [ECONNREFUSED]: 
    at internalConnectMultiple (node:net:1134:18)
    at afterConnectMultiple (node:net:1715:7)
[2m15:58:32[22m [31m[1m[vite][22m[39m [31mhttp proxy error: /api/draw/my[39m
AggregateError [ECONNREFUSED]: 
    at internalConnectMultiple (node:net:1134:18)
    at afterConnectMultiple (node:net:1715:7)
[2m15:58:32[22m [31m[1m[vite][22m[39m [31mhttp proxy error: /api/time-slots[39m
AggregateError [ECONNREFUSED]: 
    at internalConnectMultiple (node:net:1134:18)
    at afterConnectMultiple (node:net:1715:7)
[2m15:58:32[22m [31m[1m[vite][22m[39m [31mhttp proxy error: /api/reservation/my[39m
AggregateError [ECONNREFUSED]: 
    at internalConnectMultiple (node:net:1134:18)
    at afterConnectMultiple (node:net:1715:7)
[2m15:58:32[22m [31m[1m[vite][22m[39m [31mhttp proxy error: /api/draw/my[39m
AggregateError [ECONNREFUSED]: 
    at internalConnectMultiple (node:net:1134:18)
    at afterConnectMultiple (node:net:1715:7)
[2m15:59:02[22m [31m[1m[vite][22m[39m [31mhttp proxy error: /api/time-slots[39m
AggregateError [ECONNREFUSED]: 
    at internalConnectMultiple (node:net:1134:18)
    at afterConnectMultiple (node:net:1715:7)
[2m15:59:02[22m [31m[1m[vite][22m[39m [31mhttp proxy error: /api/reservation/my[39m
AggregateError [ECONNREFUSED]: 
    at internalConnectMultiple (node:net:1134:18)
    at afterConnectMultiple (node:net:1715:7)
[2m15:59:02[22m [31m[1m[vite][22m[39m [31mhttp proxy error: /api/draw/my[39m
AggregateError [ECONNREFUSED]: 
    at internalConnectMultiple (node:net:1134:18)
    at afterConnectMultiple (node:net:1715:7)
[2m15:59:02[22m [31m[1m[vite][22m[39m [31mhttp proxy error: /api/time-slots[39m
AggregateError [ECONNREFUSED]: 
    at internalConnectMultiple (node:net:1134:18)
    at afterConnectMultiple (node:net:1715:7)
[2m15:59:02[22m [31m[1m[vite][22m[39m [31mhttp proxy error: /api/reservation/my[39m
AggregateError [ECONNREFUSED]: 
    at internalConnectMultiple (node:net:1134:18)
    at afterConnectMultiple (node:net:1715:7)
[2m15:59:02[22m [31m[1m[vite][22m[39m [31mhttp proxy error: /api/draw/my[39m
AggregateError [ECONNREFUSED]: 
    at internalConnectMultiple (node:net:1134:18)
    at afterConnectMultiple (node:net:1715:7)
[2m15:59:32[22m [31m[1m[vite][22m[39m [31mhttp proxy error: /api/time-slots[39m
AggregateError [ECONNREFUSED]: 
    at internalConnectMultiple (node:net:1134:18)
    at afterConnectMultiple (node:net:1715:7)
[2m15:59:32[22m [31m[1m[vite][22m[39m [31mhttp proxy error: /api/reservation/my[39m
AggregateError [ECONNREFUSED]: 
    at internalConnectMultiple (node:net:1134:18)
    at afterConnectMultiple (node:net:1715:7)
[2m15:59:32[22m [31m[1m[vite][22m[39m [31mhttp proxy error: /api/draw/my[39m
AggregateError [ECONNREFUSED]: 
    at internalConnectMultiple (node:net:1134:18)
    at afterConnectMultiple (node:net:1715:7)
[2m15:59:32[22m [31m[1m[vite][22m[39m [31mhttp proxy error: /api/time-slots[39m
AggregateError [ECONNREFUSED]: 
    at internalConnectMultiple (node:net:1134:18)
    at afterConnectMultiple (node:net:1715:7)
[2m15:59:32[22m [31m[1m[vite][22m[39m [31mhttp proxy error: /api/reservation/my[39m
AggregateError [ECONNREFUSED]: 
    at internalConnectMultiple (node:net:1134:18)
    at afterConnectMultiple (node:net:1715:7)
[2m15:59:32[22m [31m[1m[vite][22m[39m [31mhttp proxy error: /api/draw/my[39m
AggregateError [ECONNREFUSED]: 
    at internalConnectMultiple (node:net:1134:18)
    at afterConnectMultiple (node:net:1715:7)
[2m16:00:02[22m [31m[1m[vite][22m[39m [31mhttp proxy error: /api/time-slots[39m
AggregateError [ECONNREFUSED]: 
    at internalConnectMultiple (node:net:1134:18)
    at afterConnectMultiple (node:net:1715:7)
[2m16:00:02[22m [31m[1m[vite][22m[39m [31mhttp proxy error: /api/reservation/my[39m
AggregateError [ECONNREFUSED]: 
    at internalConnectMultiple (node:net:1134:18)
    at afterConnectMultiple (node:net:1715:7)
[2m16:00:02[22m [31m[1m[vite][22m[39m [31mhttp proxy error: /api/draw/my[39m
AggregateError [ECONNREFUSED]: 
    at internalConnectMultiple (node:net:1134:18)
    at afterConnectMultiple (node:net:1715:7)
[2m16:00:02[22m [31m[1m[vite][22m[39m [31mhttp proxy error: /api/time-slots[39m
AggregateError [ECONNREFUSED]: 
    at internalConnectMultiple (node:net:1134:18)
    at afterConnectMultiple (node:net:1715:7)
[2m16:00:02[22m [31m[1m[vite][22m[39m [31mhttp proxy error: /api/reservation/my[39m
AggregateError [ECONNREFUSED]: 
    at internalConnectMultiple (node:net:1134:18)
    at afterConnectMultiple (node:net:1715:7)
[2m16:00:02[22m [31m[1m[vite][22m[39m [31mhttp proxy error: /api/draw/my[39m
AggregateError [ECONNREFUSED]: 
    at internalConnectMultiple (node:net:1134:18)
    at afterConnectMultiple (node:net:1715:7)
[2m16:00:32[22m [31m[1m[vite][22m[39m [31mhttp proxy error: /api/time-slots[39m
AggregateError [ECONNREFUSED]: 
    at internalConnectMultiple (node:net:1134:18)
    at afterConnectMultiple (node:net:1715:7)
[2m16:00:32[22m [31m[1m[vite][22m[39m [31mhttp proxy error: /api/reservation/my[39m
AggregateError [ECONNREFUSED]: 
    at internalConnectMultiple (node:net:1134:18)
    at afterConnectMultiple (node:net:1715:7)
[2m16:00:32[22m [31m[1m[vite][22m[39m [31mhttp proxy error: /api/draw/my[39m
AggregateError [ECONNREFUSED]: 
    at internalConnectMultiple (node:net:1134:18)
    at afterConnectMultiple (node:net:1715:7)
[2m16:00:32[22m [31m[1m[vite][22m[39m [31mhttp proxy error: /api/time-slots[39m
AggregateError [ECONNREFUSED]: 
    at internalConnectMultiple (node:net:1134:18)
    at afterConnectMultiple (node:net:1715:7)
[2m16:00:32[22m [31m[1m[vite][22m[39m [31mhttp proxy error: /api/reservation/my[39m
AggregateError [ECONNREFUSED]: 
    at internalConnectMultiple (node:net:1134:18)
    at afterConnectMultiple (node:net:1715:7)
[2m16:00:32[22m [31m[1m[vite][22m[39m [31mhttp proxy error: /api/draw/my[39m
AggregateError [ECONNREFUSED]: 
    at internalConnectMultiple (node:net:1134:18)
    at afterConnectMultiple (node:net:1715:7)
[2m16:01:02[22m [31m[1m[vite][22m[39m [31mhttp proxy error: /api/time-slots[39m
AggregateError [ECONNREFUSED]: 
    at internalConnectMultiple (node:net:1134:18)
    at afterConnectMultiple (node:net:1715:7)
[2m16:01:02[22m [31m[1m[vite][22m[39m [31mhttp proxy error: /api/reservation/my[39m
AggregateError [ECONNREFUSED]: 
    at internalConnectMultiple (node:net:1134:18)
    at afterConnectMultiple (node:net:1715:7)
[2m16:01:02[22m [31m[1m[vite][22m[39m [31mhttp proxy error: /api/draw/my[39m
AggregateError [ECONNREFUSED]: 
    at internalConnectMultiple (node:net:1134:18)
    at afterConnectMultiple (node:net:1715:7)
[2m16:01:02[22m [31m[1m[vite][22m[39m [31mhttp proxy error: /api/time-slots[39m
AggregateError [ECONNREFUSED]: 
    at internalConnectMultiple (node:net:1134:18)
    at afterConnectMultiple (node:net:1715:7)
[2m16:01:02[22m [31m[1m[vite][22m[39m [31mhttp proxy error: /api/reservation/my[39m
AggregateError [ECONNREFUSED]: 
    at internalConnectMultiple (node:net:1134:18)
    at afterConnectMultiple (node:net:1715:7)
[2m16:01:02[22m [31m[1m[vite][22m[39m [31mhttp proxy error: /api/draw/my[39m
AggregateError [ECONNREFUSED]: 
    at internalConnectMultiple (node:net:1134:18)
    at afterConnectMultiple (node:net:1715:7)
[2m16:01:32[22m [31m[1m[vite][22m[39m [31mhttp proxy error: /api/time-slots[39m
AggregateError [ECONNREFUSED]: 
    at internalConnectMultiple (node:net:1134:18)
    at afterConnectMultiple (node:net:1715:7)
[2m16:01:32[22m [31m[1m[vite][22m[39m [31mhttp proxy error: /api/reservation/my[39m
AggregateError [ECONNREFUSED]: 
    at internalConnectMultiple (node:net:1134:18)
    at afterConnectMultiple (node:net:1715:7)
[2m16:01:32[22m [31m[1m[vite][22m[39m [31mhttp proxy error: /api/draw/my[39m
AggregateError [ECONNREFUSED]: 
    at internalConnectMultiple (node:net:1134:18)
    at afterConnectMultiple (node:net:1715:7)
[2m16:01:32[22m [31m[1m[vite][22m[39m [31mhttp proxy error: /api/time-slots[39m
AggregateError [ECONNREFUSED]: 
    at internalConnectMultiple (node:net:1134:18)
    at afterConnectMultiple (node:net:1715:7)
[2m16:01:32[22m [31m[1m[vite][22m[39m [31mhttp proxy error: /api/reservation/my[39m
AggregateError [ECONNREFUSED]: 
    at internalConnectMultiple (node:net:1134:18)
    at afterConnectMultiple (node:net:1715:7)
[2m16:01:32[22m [31m[1m[vite][22m[39m [31mhttp proxy error: /api/draw/my[39m
AggregateError [ECONNREFUSED]: 
    at internalConnectMultiple (node:net:1134:18)
    at afterConnectMultiple (node:net:1715:7)
[2m16:02:02[22m [31m[1m[vite][22m[39m [31mhttp proxy error: /api/time-slots[39m
AggregateError [ECONNREFUSED]: 
    at internalConnectMultiple (node:net:1134:18)
    at afterConnectMultiple (node:net:1715:7)
[2m16:02:02[22m [31m[1m[vite][22m[39m [31mhttp proxy error: /api/reservation/my[39m
AggregateError [ECONNREFUSED]: 
    at internalConnectMultiple (node:net:1134:18)
    at afterConnectMultiple (node:net:1715:7)
[2m16:02:02[22m [31m[1m[vite][22m[39m [31mhttp proxy error: /api/draw/my[39m
AggregateError [ECONNREFUSED]: 
    at internalConnectMultiple (node:net:1134:18)
    at afterConnectMultiple (node:net:1715:7)
[2m16:02:02[22m [31m[1m[vite][22m[39m [31mhttp proxy error: /api/time-slots[39m
AggregateError [ECONNREFUSED]: 
    at internalConnectMultiple (node:net:1134:18)
    at afterConnectMultiple (node:net:1715:7)
[2m16:02:02[22m [31m[1m[vite][22m[39m [31mhttp proxy error: /api/reservation/my[39m
AggregateError [ECONNREFUSED]: 
    at internalConnectMultiple (node:net:1134:18)
    at afterConnectMultiple (node:net:1715:7)
[2m16:02:02[22m [31m[1m[vite][22m[39m [31mhttp proxy error: /api/draw/my[39m
AggregateError [ECONNREFUSED]: 
    at internalConnectMultiple (node:net:1134:18)
    at afterConnectMultiple (node:net:1715:7)
[2m16:02:32[22m [31m[1m[vite][22m[39m [31mhttp proxy error: /api/time-slots[39m
AggregateError [ECONNREFUSED]: 
    at internalConnectMultiple (node:net:1134:18)
    at afterConnectMultiple (node:net:1715:7)
[2m16:02:32[22m [31m[1m[vite][22m[39m [31mhttp proxy error: /api/reservation/my[39m
AggregateError [ECONNREFUSED]: 
    at internalConnectMultiple (node:net:1134:18)
    at afterConnectMultiple (node:net:1715:7)
[2m16:02:32[22m [31m[1m[vite][22m[39m [31mhttp proxy error: /api/draw/my[39m
AggregateError [ECONNREFUSED]: 
    at internalConnectMultiple (node:net:1134:18)
    at afterConnectMultiple (node:net:1715:7)
[2m16:02:32[22m [31m[1m[vite][22m[39m [31mhttp proxy error: /api/time-slots[39m
AggregateError [ECONNREFUSED]: 
    at internalConnectMultiple (node:net:1134:18)
    at afterConnectMultiple (node:net:1715:7)
[2m16:02:32[22m [31m[1m[vite][22m[39m [31mhttp proxy error: /api/reservation/my[39m
AggregateError [ECONNREFUSED]: 
    at internalConnectMultiple (node:net:1134:18)
    at afterConnectMultiple (node:net:1715:7)
[2m16:02:32[22m [31m[1m[vite][22m[39m [31mhttp proxy error: /api/draw/my[39m
AggregateError [ECONNREFUSED]: 
    at internalConnectMultiple (node:net:1134:18)
    at afterConnectMultiple (node:net:1715:7)
[2m16:03:02[22m [31m[1m[vite][22m[39m [31mhttp proxy error: /api/time-slots[39m
AggregateError [ECONNREFUSED]: 
    at internalConnectMultiple (node:net:1134:18)
    at afterConnectMultiple (node:net:1715:7)
[2m16:03:02[22m [31m[1m[vite][22m[39m [31mhttp proxy error: /api/reservation/my[39m
AggregateError [ECONNREFUSED]: 
    at internalConnectMultiple (node:net:1134:18)
    at afterConnectMultiple (node:net:1715:7)
[2m16:03:02[22m [31m[1m[vite][22m[39m [31mhttp proxy error: /api/draw/my[39m
AggregateError [ECONNREFUSED]: 
    at internalConnectMultiple (node:net:1134:18)
    at afterConnectMultiple (node:net:1715:7)
[2m16:03:02[22m [31m[1m[vite][22m[39m [31mhttp proxy error: /api/time-slots[39m
AggregateError [ECONNREFUSED]: 
    at internalConnectMultiple (node:net:1134:18)
    at afterConnectMultiple (node:net:1715:7)
[2m16:03:02[22m [31m[1m[vite][22m[39m [31mhttp proxy error: /api/reservation/my[39m
AggregateError [ECONNREFUSED]: 
    at internalConnectMultiple (node:net:1134:18)
    at afterConnectMultiple (node:net:1715:7)
[2m16:03:02[22m [31m[1m[vite][22m[39m [31mhttp proxy error: /api/draw/my[39m
AggregateError [ECONNREFUSED]: 
    at internalConnectMultiple (node:net:1134:18)
    at afterConnectMultiple (node:net:1715:7)
[2m16:03:32[22m [31m[1m[vite][22m[39m [31mhttp proxy error: /api/time-slots[39m
AggregateError [ECONNREFUSED]: 
    at internalConnectMultiple (node:net:1134:18)
    at afterConnectMultiple (node:net:1715:7)
[2m16:03:32[22m [31m[1m[vite][22m[39m [31mhttp proxy error: /api/reservation/my[39m
AggregateError [ECONNREFUSED]: 
    at internalConnectMultiple (node:net:1134:18)
    at afterConnectMultiple (node:net:1715:7)
[2m16:03:32[22m [31m[1m[vite][22m[39m [31mhttp proxy error: /api/draw/my[39m
AggregateError [ECONNREFUSED]: 
    at internalConnectMultiple (node:net:1134:18)
    at afterConnectMultiple (node:net:1715:7)
[2m16:03:32[22m [31m[1m[vite][22m[39m [31mhttp proxy error: /api/time-slots[39m
AggregateError [ECONNREFUSED]: 
    at internalConnectMultiple (node:net:1134:18)
    at afterConnectMultiple (node:net:1715:7)
[2m16:03:32[22m [31m[1m[vite][22m[39m [31mhttp proxy error: /api/reservation/my[39m
AggregateError [ECONNREFUSED]: 
    at internalConnectMultiple (node:net:1134:18)
    at afterConnectMultiple (node:net:1715:7)
[2m16:03:32[22m [31m[1m[vite][22m[39m [31mhttp proxy error: /api/draw/my[39m
AggregateError [ECONNREFUSED]: 
    at internalConnectMultiple (node:net:1134:18)
    at afterConnectMultiple (node:net:1715:7)
[2m16:04:02[22m [31m[1m[vite][22m[39m [31mhttp proxy error: /api/time-slots[39m
AggregateError [ECONNREFUSED]: 
    at internalConnectMultiple (node:net:1134:18)
    at afterConnectMultiple (node:net:1715:7)
[2m16:04:02[22m [31m[1m[vite][22m[39m [31mhttp proxy error: /api/reservation/my[39m
AggregateError [ECONNREFUSED]: 
    at internalConnectMultiple (node:net:1134:18)
    at afterConnectMultiple (node:net:1715:7)
[2m16:04:02[22m [31m[1m[vite][22m[39m [31mhttp proxy error: /api/draw/my[39m
AggregateError [ECONNREFUSED]: 
    at internalConnectMultiple (node:net:1134:18)
    at afterConnectMultiple (node:net:1715:7)
[2m16:04:02[22m [31m[1m[vite][22m[39m [31mhttp proxy error: /api/time-slots[39m
AggregateError [ECONNREFUSED]: 
    at internalConnectMultiple (node:net:1134:18)
    at afterConnectMultiple (node:net:1715:7)
[2m16:04:02[22m [31m[1m[vite][22m[39m [31mhttp proxy error: /api/reservation/my[39m
AggregateError [ECONNREFUSED]: 
    at internalConnectMultiple (node:net:1134:18)
    at afterConnectMultiple (node:net:1715:7)
[2m16:04:02[22m [31m[1m[vite][22m[39m [31mhttp proxy error: /api/draw/my[39m
AggregateError [ECONNREFUSED]: 
    at internalConnectMultiple (node:net:1134:18)
    at afterConnectMultiple (node:net:1715:7)
[2m16:04:32[22m [31m[1m[vite][22m[39m [31mhttp proxy error: /api/time-slots[39m
AggregateError [ECONNREFUSED]: 
    at internalConnectMultiple (node:net:1134:18)
    at afterConnectMultiple (node:net:1715:7)
[2m16:04:32[22m [31m[1m[vite][22m[39m [31mhttp proxy error: /api/reservation/my[39m
AggregateError [ECONNREFUSED]: 
    at internalConnectMultiple (node:net:1134:18)
    at afterConnectMultiple (node:net:1715:7)
[2m16:04:32[22m [31m[1m[vite][22m[39m [31mhttp proxy error: /api/draw/my[39m
AggregateError [ECONNREFUSED]: 
    at internalConnectMultiple (node:net:1134:18)
    at afterConnectMultiple (node:net:1715:7)
[2m16:04:32[22m [31m[1m[vite][22m[39m [31mhttp proxy error: /api/time-slots[39m
AggregateError [ECONNREFUSED]: 
    at internalConnectMultiple (node:net:1134:18)
    at afterConnectMultiple (node:net:1715:7)
[2m16:04:32[22m [31m[1m[vite][22m[39m [31mhttp proxy error: /api/reservation/my[39m
AggregateError [ECONNREFUSED]: 
    at internalConnectMultiple (node:net:1134:18)
    at afterConnectMultiple (node:net:1715:7)
[2m16:04:32[22m [31m[1m[vite][22m[39m [31mhttp proxy error: /api/draw/my[39m
AggregateError [ECONNREFUSED]: 
    at internalConnectMultiple (node:net:1134:18)
    at afterConnectMultiple (node:net:1715:7)
