JvmtiExport can_access_local_variables 0
JvmtiExport can_hotswap_or_post_breakpoint 0
JvmtiExport can_post_on_exceptions 0
# 870 ciObject found
instanceKlass org/springframework/core/MethodIntrospector$$Lambda$544+0x0000024511418000
ciInstanceKlass java/lang/Cloneable 1 0 7 100 1 100 1 1 1
instanceKlass com/example/fishing/vo/DrawResultVO
instanceKlass com/example/fishing/vo/ReservationVO
instanceKlass com/fasterxml/jackson/databind/ser/impl/PropertySerializerMap$TypeAndSerializer
instanceKlass org/hibernate/validator/internal/engine/messageinterpolation/util/InterpolationHelper
instanceKlass javax/validation/constraints/Pattern$List
instanceKlass com/baomidou/mybatisplus/extension/plugins/pagination/DialectModel
instanceKlass com/baomidou/mybatisplus/extension/plugins/pagination/dialects/MySqlDialect
instanceKlass com/baomidou/mybatisplus/extension/plugins/pagination/dialects/IDialect
instanceKlass com/baomidou/mybatisplus/extension/plugins/pagination/DialectFactory
instanceKlass com/mysql/cj/protocol/result/AbstractResultsetRow$1
instanceKlass org/apache/ibatis/executor/keygen/Jdbc3KeyGenerator$KeyAssigner
instanceKlass org/hibernate/validator/internal/constraintvalidators/bv/number/bound/NumberComparatorHelper
instanceKlass jdk/internal/ValueBased
instanceKlass javax/validation/constraints/Min$List
instanceKlass javax/validation/constraints/NotNull$List
instanceKlass com/fasterxml/jackson/databind/introspect/AnnotationCollector$TwoAnnotations
instanceKlass com/baomidou/mybatisplus/core/metadata/OrderItem
instanceKlass com/baomidou/mybatisplus/core/toolkit/PluginUtils$MPBoundSql
instanceKlass com/baomidou/mybatisplus/core/toolkit/PluginUtils
instanceKlass net/sf/jsqlparser/statement/select/OrderByElement
instanceKlass net/sf/jsqlparser/expression/operators/relational/SupportsOldOracleJoinSyntax
instanceKlass net/sf/jsqlparser/statement/select/SetOperationList
instanceKlass net/sf/jsqlparser/statement/select/Select
instanceKlass net/sf/jsqlparser/parser/SimpleNode
instanceKlass net/sf/jsqlparser/parser/CCJSqlParserUtil$1
instanceKlass net/sf/jsqlparser/parser/BaseToken
instanceKlass java/util/JumboEnumSet$EnumSetIterator
instanceKlass net/sf/jsqlparser/parser/feature/FeatureConfiguration
instanceKlass net/sf/jsqlparser/parser/CCJSqlParserTokenManager
instanceKlass net/sf/jsqlparser/parser/SimpleCharStream
instanceKlass net/sf/jsqlparser/parser/CCJSqlParser$JJCalls
instanceKlass net/sf/jsqlparser/parser/JJTCCJSqlParserState
instanceKlass net/sf/jsqlparser/parser/StringProvider
instanceKlass net/sf/jsqlparser/statement/select/SelectBody
instanceKlass net/sf/jsqlparser/statement/select/Pivot
instanceKlass net/sf/jsqlparser/statement/select/FromItem
instanceKlass net/sf/jsqlparser/statement/create/table/Index
instanceKlass net/sf/jsqlparser/statement/CreateFunctionalStatement
instanceKlass net/sf/jsqlparser/parser/Node
instanceKlass net/sf/jsqlparser/expression/operators/relational/ItemsList
instanceKlass net/sf/jsqlparser/parser/AbstractJSqlParser
instanceKlass net/sf/jsqlparser/parser/CCJSqlParserConstants
instanceKlass net/sf/jsqlparser/parser/CCJSqlParserTreeConstants
instanceKlass net/sf/jsqlparser/statement/Statements
instanceKlass net/sf/jsqlparser/statement/Statement
instanceKlass net/sf/jsqlparser/parser/Provider
instanceKlass net/sf/jsqlparser/parser/CCJSqlParserUtil
instanceKlass com/baomidou/mybatisplus/extension/parser/JsqlParserFunction
instanceKlass com/baomidou/mybatisplus/extension/parser/JsqlParserGlobal
instanceKlass com/baomidou/mybatisplus/extension/plugins/pagination/Page
instanceKlass javax/servlet/ServletRequestWrapper
instanceKlass com/example/fishing/common/CurrentUser
instanceKlass com/example/fishing/common/CurrentUser$Context
instanceKlass org/apache/ibatis/reflection/ParamNameUtil
instanceKlass io/jsonwebtoken/impl/DefaultJws
instanceKlass io/jsonwebtoken/Jws
instanceKlass io/jsonwebtoken/impl/crypto/MacValidator
instanceKlass io/jsonwebtoken/impl/crypto/DefaultSignatureValidatorFactory$1
instanceKlass io/jsonwebtoken/impl/crypto/SignatureValidator
instanceKlass io/jsonwebtoken/impl/crypto/DefaultSignatureValidatorFactory
instanceKlass io/jsonwebtoken/impl/crypto/SignatureValidatorFactory
instanceKlass io/jsonwebtoken/impl/crypto/DefaultJwtSignatureValidator
instanceKlass com/fasterxml/jackson/core/io/NumberInput
instanceKlass com/fasterxml/jackson/databind/deser/std/NumberDeserializers
instanceKlass com/fasterxml/jackson/databind/deser/ContextualKeyDeserializer
instanceKlass com/fasterxml/jackson/databind/deser/BasicDeserializerFactory$ContainerDefaultMappings
instanceKlass io/jsonwebtoken/JwtHandlerAdapter
instanceKlass io/jsonwebtoken/impl/DefaultClock
instanceKlass io/jsonwebtoken/Clock
instanceKlass io/jsonwebtoken/impl/compression/DefaultCompressionCodecResolver
instanceKlass io/jsonwebtoken/impl/crypto/JwtSignatureValidator
instanceKlass io/jsonwebtoken/JwtHandler
instanceKlass io/jsonwebtoken/Jwt
instanceKlass io/jsonwebtoken/CompressionCodecResolver
instanceKlass io/jsonwebtoken/impl/DefaultJwtParser
instanceKlass org/springframework/core/ExceptionDepthComparator
instanceKlass java/util/ArrayList$SubList$1
instanceKlass org/hibernate/validator/internal/engine/ConstraintViolationImpl
instanceKlass org/hibernate/validator/engine/HibernateConstraintViolation
instanceKlass org/hibernate/validator/internal/engine/MessageInterpolatorContext
instanceKlass org/hibernate/validator/messageinterpolation/HibernateMessageInterpolatorContext
instanceKlass org/hibernate/validator/internal/engine/constraintvalidation/ConstraintViolationCreationContext
instanceKlass javax/crypto/MacSpi
instanceKlass javax/crypto/ProviderVerifier
instanceKlass javax/crypto/JceSecurity$3
instanceKlass javax/crypto/JceSecurity$2
instanceKlass javax/crypto/CryptoPolicyParser$CryptoPermissionEntry
instanceKlass javax/crypto/CryptoPolicyParser$GrantEntry
instanceKlass javax/crypto/CryptoPolicyParser
instanceKlass java/nio/file/Files$1
instanceKlass sun/nio/fs/WindowsFileSystem$2
instanceKlass java/nio/file/PathMatcher
instanceKlass sun/nio/fs/Globs
instanceKlass javax/crypto/JceSecurity$1
instanceKlass javax/crypto/JceSecurity
instanceKlass sun/security/jca/ProviderList$ServiceList$1
instanceKlass javax/crypto/Mac
instanceKlass io/jsonwebtoken/impl/crypto/SignatureProvider
instanceKlass io/jsonwebtoken/impl/crypto/DefaultSignerFactory$1
instanceKlass io/jsonwebtoken/impl/crypto/Signer
instanceKlass io/jsonwebtoken/impl/crypto/DefaultSignerFactory
instanceKlass io/jsonwebtoken/impl/crypto/SignerFactory
instanceKlass io/jsonwebtoken/impl/crypto/DefaultJwtSigner
instanceKlass javax/crypto/spec/SecretKeySpec$1
instanceKlass jdk/internal/access/JavaxCryptoSpecAccess
instanceKlass javax/crypto/spec/SecretKeySpec
instanceKlass javax/crypto/SecretKey
instanceKlass javax/security/auth/Destroyable
instanceKlass java/security/spec/KeySpec
instanceKlass io/jsonwebtoken/lang/Collections
instanceKlass io/jsonwebtoken/lang/Objects
instanceKlass javax/xml/datatype/FactoryFinder$1
instanceKlass javax/xml/datatype/FactoryFinder
instanceKlass javax/xml/datatype/DatatypeFactory
instanceKlass javax/xml/bind/DatatypeConverterImpl
instanceKlass javax/xml/bind/DatatypeConverterInterface
instanceKlass javax/xml/bind/DatatypeConverter
instanceKlass io/jsonwebtoken/impl/AbstractTextCodec
instanceKlass io/jsonwebtoken/impl/DefaultTextCodecFactory
instanceKlass io/jsonwebtoken/impl/TextCodecFactory
instanceKlass io/jsonwebtoken/impl/TextCodec
instanceKlass io/jsonwebtoken/lang/Classes$ExceptionIgnoringAccessor
instanceKlass io/jsonwebtoken/lang/Classes$ClassLoaderAccessor
instanceKlass io/jsonwebtoken/lang/Classes
instanceKlass io/jsonwebtoken/lang/RuntimeEnvironment
instanceKlass io/jsonwebtoken/lang/Assert
instanceKlass io/jsonwebtoken/impl/JwtMap
instanceKlass io/jsonwebtoken/lang/Strings
instanceKlass io/jsonwebtoken/impl/crypto/JwtSigner
instanceKlass java/security/Key
instanceKlass io/jsonwebtoken/impl/DefaultJwtBuilder
instanceKlass io/jsonwebtoken/JwsHeader
instanceKlass io/jsonwebtoken/JwtParser
instanceKlass io/jsonwebtoken/Header
instanceKlass io/jsonwebtoken/JwtBuilder
instanceKlass io/jsonwebtoken/Jwts
instanceKlass cn/hutool/core/date/format/DatePrinter
instanceKlass cn/hutool/core/date/format/DateParser
instanceKlass cn/hutool/core/date/format/DateBasic
instanceKlass cn/hutool/core/date/CalendarUtil
instanceKlass com/baomidou/mybatisplus/core/toolkit/ArrayUtils
instanceKlass org/springframework/security/crypto/bcrypt/BCrypt
instanceKlass jdk/internal/misc/ScopedMemoryAccess$Scope$Handle
instanceKlass com/fasterxml/jackson/databind/annotation/JacksonStdImpl
instanceKlass com/fasterxml/jackson/databind/util/NameTransformer
instanceKlass org/springframework/http/ResponseEntity$DefaultBuilder
instanceKlass org/springframework/http/ResponseEntity$BodyBuilder
instanceKlass org/springframework/http/ResponseEntity$HeadersBuilder
instanceKlass reactor/core/publisher/MonoIgnoreThen$ThenIgnoreMain
instanceKlass org/springframework/boot/actuate/redis/RedisHealth
instanceKlass reactor/core/publisher/FluxCreate$SinkDisposable
instanceKlass reactor/core/publisher/MonoNext$NextSubscriber
instanceKlass org/redisson/reactive/CommandReactiveExecutor
instanceKlass org/redisson/RedissonReactive
instanceKlass org/springframework/data/redis/connection/ReactiveNumberCommands
instanceKlass org/springframework/data/redis/connection/ReactiveKeyCommands
instanceKlass org/springframework/data/redis/connection/ReactivePubSubCommands
instanceKlass org/springframework/data/redis/connection/ReactiveGeoCommands
instanceKlass org/springframework/data/redis/connection/ReactiveSetCommands
instanceKlass org/springframework/data/redis/connection/ReactiveStreamCommands
instanceKlass org/springframework/data/redis/connection/ReactiveScriptingCommands
instanceKlass org/springframework/data/redis/connection/ReactiveZSetCommands
instanceKlass org/springframework/data/redis/connection/ReactiveStringCommands
instanceKlass org/springframework/data/redis/connection/ReactiveServerCommands
instanceKlass org/springframework/data/redis/connection/ReactiveListCommands
instanceKlass org/springframework/data/redis/connection/ReactiveHashCommands
instanceKlass org/springframework/data/redis/connection/ReactiveHyperLogLogCommands
instanceKlass org/redisson/spring/data/connection/RedissonBaseReactive
instanceKlass reactor/core/scheduler/SchedulerTask
instanceKlass reactor/core/publisher/Operators$CancelledSubscription
instanceKlass reactor/core/publisher/FluxSubscribeOnCallable$CallableSubscribeOnSubscription
instanceKlass reactor/core/publisher/MonoFlatMap$FlatMapInner
instanceKlass reactor/core/publisher/Operators$MonoSubscriber
instanceKlass reactor/core/publisher/Operators$MultiSubscriptionSubscriber
instanceKlass reactor/core/publisher/FluxPeek$PeekSubscriber
instanceKlass reactor/core/publisher/FluxMap$MapSubscriber
instanceKlass reactor/core/publisher/InnerOperator
instanceKlass reactor/core/Fuseable$QueueSubscription
instanceKlass reactor/core/publisher/InnerConsumer
instanceKlass reactor/core/scheduler/BoundedElasticScheduler$BoundedServices$BusyStates
instanceKlass reactor/core/scheduler/BoundedElasticScheduler$BoundedState
instanceKlass reactor/core/scheduler/BoundedElasticScheduler
instanceKlass reactor/core/scheduler/ElasticScheduler$CachedService
instanceKlass reactor/core/scheduler/ElasticScheduler
instanceKlass reactor/core/scheduler/NonBlocking
instanceKlass reactor/core/scheduler/ReactorThreadFactory
instanceKlass reactor/core/scheduler/Schedulers$CachedScheduler
instanceKlass org/springframework/jdbc/core/JdbcTemplate$CloseSuppressingInvocationHandler
instanceKlass org/springframework/jdbc/datasource/ConnectionProxy
instanceKlass java/time/Instant$1
instanceKlass org/springframework/boot/actuate/health/NamedContributor$1
instanceKlass org/springframework/boot/actuate/health/DefaultContributorRegistry$1
instanceKlass org/springframework/boot/actuate/autoconfigure/health/AutoConfiguredHealthEndpointGroup$1
instanceKlass org/springframework/boot/actuate/endpoint/InvocationContext
instanceKlass org/springframework/boot/actuate/endpoint/OperationArgumentResolver$1
instanceKlass org/springframework/boot/actuate/endpoint/ProducibleOperationArgumentResolver
instanceKlass org/springframework/boot/actuate/endpoint/OperationArgumentResolver
instanceKlass org/springframework/boot/actuate/endpoint/web/servlet/AbstractWebMvcEndpointHandlerMapping$ServletSecurityContext
instanceKlass javax/xml/bind/annotation/XmlType
instanceKlass org/springframework/web/bind/annotation/SessionAttribute
instanceKlass org/springframework/web/bind/annotation/CookieValue
instanceKlass org/springframework/web/bind/annotation/RequestHeader
instanceKlass com/baomidou/mybatisplus/extension/toolkit/ChainWrappers
instanceKlass com/mysql/cj/jdbc/Blob
instanceKlass com/mysql/cj/jdbc/Clob
instanceKlass com/mysql/cj/protocol/WriterWatcher
instanceKlass com/mysql/cj/protocol/OutputStreamWatcher
instanceKlass org/apache/ibatis/executor/resultset/DefaultResultSetHandler$UnMappedColumnAutoMapping
instanceKlass org/apache/ibatis/executor/loader/ResultLoaderMap
instanceKlass com/mysql/cj/protocol/InternalTime
instanceKlass java/time/format/DateTimeFormatterBuilder$2
instanceKlass java/time/format/DateTimePrintContext
instanceKlass com/mysql/cj/util/TimeUtil
instanceKlass com/mysql/cj/protocol/a/LocalDateTimeValueEncoder$1
instanceKlass com/mysql/cj/protocol/a/NumberValueEncoder$1
instanceKlass org/springframework/transaction/support/TransactionSynchronizationAdapter
instanceKlass com/example/fishing/common/Constants
instanceKlass org/springframework/jdbc/datasource/SimpleConnectionHandle
instanceKlass org/springframework/jdbc/datasource/ConnectionHandle
instanceKlass org/springframework/transaction/support/ResourceHolderSupport
instanceKlass org/springframework/transaction/support/ResourceHolder
instanceKlass org/springframework/jdbc/datasource/JdbcTransactionObjectSupport
instanceKlass org/springframework/transaction/support/SmartTransactionObject
instanceKlass org/springframework/transaction/support/DelegatingTransactionDefinition
instanceKlass org/springframework/transaction/support/CallbackPreferringPlatformTransactionManager
instanceKlass org/springframework/transaction/interceptor/TransactionInterceptor$1
instanceKlass org/springframework/aop/framework/InterceptorAndDynamicMethodMatcher
instanceKlass java/awt/AWTEvent$1
instanceKlass sun/awt/AWTAccessor$AWTEventAccessor
instanceKlass sun/awt/AppContext$PostShutdownEventRunnable
instanceKlass com/fasterxml/jackson/databind/ser/impl/PropertySerializerMap$SerializerAndMapResult
instanceKlass com/fasterxml/jackson/databind/ser/std/StdKeySerializers
instanceKlass java/util/Base64$Encoder
instanceKlass java/util/Base64
instanceKlass cn/hutool/core/util/CharsetUtil
instanceKlass cn/hutool/core/codec/Base64
instanceKlass org/springframework/data/redis/core/TimeoutUtils
instanceKlass org/springframework/data/redis/core/DefaultValueOperations$8
instanceKlass java/util/zip/Deflater$DeflaterZStreamRef
instanceKlass java/util/zip/Deflater
instanceKlass com/sun/imageio/plugins/png/CRC
instanceKlass javax/imageio/metadata/IIOMetadata
instanceKlass javax/imageio/IIOImage
instanceKlass com/sun/imageio/plugins/png/RowFilter
instanceKlass javax/imageio/ImageIO$ImageWriterIterator
instanceKlass javax/imageio/spi/FilterIterator
instanceKlass javax/imageio/ImageIO$CanEncodeImageAndFormatFilter
instanceKlass javax/imageio/spi/ServiceRegistry$Filter
instanceKlass sun/awt/HeadlessToolkit$1
instanceKlass java/awt/peer/KeyboardFocusManagerPeer
instanceKlass sun/awt/AWTAutoShutdown
instanceKlass sun/awt/windows/WToolkit$ToolkitDisposer
instanceKlass sun/awt/SunToolkit$ModalityListenerList
instanceKlass sun/awt/ModalityListener
instanceKlass java/awt/image/MultiResolutionImage
instanceKlass java/awt/MediaEntry
instanceKlass java/awt/MediaTracker
instanceKlass java/awt/ComponentOrientation
instanceKlass javax/swing/ImageIcon$2
instanceKlass javax/swing/ImageIcon$1
instanceKlass javax/swing/ImageIcon
instanceKlass javax/accessibility/Accessible
instanceKlass javax/swing/Icon
instanceKlass cn/hutool/core/util/CharUtil
instanceKlass cn/hutool/core/text/CharPool
instanceKlass com/sun/imageio/stream/StreamCloser$1
instanceKlass com/sun/imageio/stream/StreamCloser$CloseAction
instanceKlass com/sun/imageio/stream/StreamCloser
instanceKlass sun/nio/fs/WindowsChannelFactory$2
instanceKlass javax/imageio/stream/ImageInputStreamImpl
instanceKlass javax/imageio/ImageIO$CacheInfo
instanceKlass javax/imageio/spi/PartialOrderIterator
instanceKlass javax/imageio/ImageTypeSpecifier
instanceKlass javax/imageio/ImageWriter
instanceKlass javax/imageio/ImageTranscoder
instanceKlass javax/imageio/metadata/IIOMetadataFormat
instanceKlass javax/imageio/ImageReader
instanceKlass javax/imageio/spi/IIORegistry$1
instanceKlass com/sun/imageio/plugins/jpeg/JPEG
instanceKlass javax/imageio/stream/ImageOutputStream
instanceKlass javax/imageio/spi/DigraphNode
instanceKlass javax/imageio/spi/SubRegistry
instanceKlass sun/awt/PostEventQueue
instanceKlass sun/awt/MostRecentKeyValue
instanceKlass java/awt/Queue
instanceKlass java/awt/EventQueue$3
instanceKlass java/awt/EventQueue$2
instanceKlass sun/awt/AWTAccessor$EventQueueAccessor
instanceKlass java/awt/EventQueue$1
instanceKlass java/awt/EventQueue
instanceKlass sun/awt/AppContext$1
instanceKlass sun/awt/AppContext$2
instanceKlass sun/awt/AppContext$3
instanceKlass sun/awt/AppContext$6
instanceKlass jdk/internal/access/JavaAWTAccess
instanceKlass sun/awt/AppContext$GetAppContextLock
instanceKlass sun/awt/AppContext
instanceKlass javax/imageio/spi/IIOServiceProvider
instanceKlass javax/imageio/spi/RegisterableService
instanceKlass javax/imageio/spi/ServiceRegistry
instanceKlass javax/imageio/ImageIO
instanceKlass sun/java2d/loops/FontInfo
instanceKlass sun/font/CMap
instanceKlass sun/font/FontScaler
instanceKlass sun/font/TrueTypeFont$DirectoryEntry
instanceKlass sun/font/StrikeCache$DisposableStrike
instanceKlass sun/font/FontStrikeDisposer
instanceKlass sun/java2d/Disposer$PollDisposable
instanceKlass sun/font/FontStrikeDesc
instanceKlass sun/font/FontDesignMetrics$MetricsKey
instanceKlass sun/awt/Win32FontManager$2
instanceKlass sun/font/SunFontManager$3
instanceKlass sun/font/FontFamily
instanceKlass sun/font/CompositeFontDescriptor
instanceKlass sun/font/SunFontManager$FontRegistrationInfo
instanceKlass sun/awt/FontDescriptor
instanceKlass sun/awt/FontConfiguration
instanceKlass sun/font/SunFontManager$2
instanceKlass sun/font/TrueTypeFont$1
instanceKlass sun/font/TrueTypeFont$TTDisposerRecord
instanceKlass sun/awt/Win32FontManager$1
instanceKlass sun/font/FontManagerFactory$1
instanceKlass sun/font/FontManagerFactory
instanceKlass sun/font/GlyphList
instanceKlass sun/font/StrikeCache$1
instanceKlass sun/font/StrikeCache
instanceKlass sun/font/FontStrike
instanceKlass sun/font/CharToGlyphMapper
instanceKlass sun/font/StrikeMetrics
instanceKlass sun/font/Font2D
instanceKlass sun/font/FontManagerNativeLibrary$1
instanceKlass sun/font/FontManagerNativeLibrary
instanceKlass sun/font/SunFontManager$1
instanceKlass sun/font/SunFontManager$T1Filter
instanceKlass sun/font/SunFontManager$TTFilter
instanceKlass java/io/FilenameFilter
instanceKlass sun/font/Font2DHandle
instanceKlass sun/font/SunFontManager
instanceKlass sun/font/FontManagerForSGE
instanceKlass sun/font/FontManager
instanceKlass sun/java2d/FontSupport
instanceKlass java/awt/FontMetrics
instanceKlass java/awt/font/FontRenderContext
instanceKlass java/awt/RenderingHints
instanceKlass cn/hutool/core/img/ColorUtil
instanceKlass javax/imageio/stream/ImageInputStream
instanceKlass java/awt/image/ImageProducer
instanceKlass java/awt/image/BufferedImageOp
instanceKlass cn/hutool/core/img/ImgUtil
instanceKlass java/awt/GraphicsDevice
instanceKlass java/awt/GraphicsConfiguration
instanceKlass sun/java2d/loops/GraphicsPrimitiveMgr$PrimitiveSpec
instanceKlass sun/java2d/loops/GraphicsPrimitiveMgr$2
instanceKlass sun/java2d/loops/GraphicsPrimitiveMgr$1
instanceKlass sun/java2d/loops/GeneralRenderer
instanceKlass sun/java2d/loops/CustomComponent
instanceKlass sun/awt/SunHints$Value
instanceKlass java/awt/RenderingHints$Key
instanceKlass sun/java2d/pipe/ValidatePipe
instanceKlass sun/awt/util/PerformanceLogger$TimeData
instanceKlass sun/awt/util/PerformanceLogger
instanceKlass java/awt/BasicStroke
instanceKlass java/awt/Stroke
instanceKlass sun/awt/SunHints
instanceKlass java/awt/geom/Path2D
instanceKlass java/awt/AlphaComposite
instanceKlass sun/java2d/loops/XORComposite
instanceKlass sun/awt/ConstrainableGraphics
instanceKlass sun/java2d/loops/GraphicsPrimitiveMgr
instanceKlass sun/java2d/loops/GraphicsPrimitive
instanceKlass sun/java2d/loops/CompositeType
instanceKlass sun/java2d/DefaultDisposerRecord
instanceKlass sun/java2d/DisposerRecord
instanceKlass sun/awt/util/ThreadGroupUtils
instanceKlass sun/java2d/Disposer$1
instanceKlass sun/java2d/Disposer
instanceKlass sun/java2d/loops/RenderLoops
instanceKlass sun/awt/image/BufImgSurfaceData$ICMColorData
instanceKlass sun/awt/SunDisplayChanger
instanceKlass sun/java2d/SurfaceManagerFactory
instanceKlass sun/java2d/windows/WindowsFlags$1
instanceKlass sun/java2d/windows/WindowsFlags
instanceKlass javax/swing/event/EventListenerList
instanceKlass sun/awt/windows/WDesktopPeer
instanceKlass java/awt/peer/DesktopPeer
instanceKlass java/awt/Component$DummyRequestFocusController
instanceKlass sun/awt/RequestFocusController
instanceKlass java/awt/Component$1
instanceKlass sun/awt/AWTAccessor$ComponentAccessor
instanceKlass java/awt/Component$AWTTreeLock
instanceKlass java/awt/Component
instanceKlass java/awt/MenuContainer
instanceKlass java/awt/image/ImageObserver
instanceKlass sun/java2d/DestSurfaceProvider
instanceKlass sun/java2d/loops/RenderCache$Entry
instanceKlass sun/java2d/loops/RenderCache
instanceKlass sun/java2d/pipe/DrawImage
instanceKlass sun/java2d/pipe/GeneralCompositePipe
instanceKlass sun/java2d/pipe/SpanShapeRenderer
instanceKlass sun/java2d/pipe/AlphaPaintPipe
instanceKlass sun/java2d/pipe/AAShapePipe
instanceKlass sun/java2d/pipe/RegionIterator
instanceKlass sun/java2d/pipe/Region
instanceKlass sun/java2d/pipe/SpanClipRenderer
instanceKlass sun/java2d/pipe/PixelToShapeConverter
instanceKlass sun/java2d/pipe/AlphaColorPipe
instanceKlass sun/java2d/pipe/CompositePipe
instanceKlass sun/font/FontUtilities$1
instanceKlass sun/font/FontUtilities
instanceKlass sun/java2d/pipe/GlyphListPipe
instanceKlass sun/java2d/pipe/OutlineTextRenderer
instanceKlass sun/java2d/ReentrantContextProvider
instanceKlass sun/java2d/marlin/FloatMath
instanceKlass sun/java2d/marlin/MarlinProperties
instanceKlass sun/java2d/marlin/MarlinConst
instanceKlass sun/java2d/pipe/RenderingEngine
instanceKlass sun/java2d/pipe/LoopPipe
instanceKlass sun/java2d/pipe/LoopBasedPipe
instanceKlass sun/java2d/pipe/ParallelogramPipe
instanceKlass sun/java2d/pipe/NullPipe
instanceKlass sun/java2d/pipe/DrawImagePipe
instanceKlass sun/java2d/pipe/TextPipe
instanceKlass sun/java2d/pipe/ShapeDrawPipe
instanceKlass sun/java2d/pipe/PixelFillPipe
instanceKlass sun/java2d/pipe/PixelDrawPipe
instanceKlass sun/awt/image/PixelConverter
instanceKlass sun/java2d/loops/SurfaceType
instanceKlass sun/java2d/SurfaceData
instanceKlass sun/java2d/Surface
instanceKlass sun/java2d/DisposerTarget
instanceKlass sun/awt/windows/WToolkit$1
instanceKlass sun/awt/WeakIdentityHashMap
instanceKlass sun/awt/KeyboardFocusManagerPeerProvider
instanceKlass sun/awt/InputMethodSupport
instanceKlass sun/awt/ComponentFactory
instanceKlass sun/awt/DisplayChangedListener
instanceKlass sun/awt/PlatformGraphicsInfo
instanceKlass java/awt/GraphicsEnvironment$LocalGE
instanceKlass cn/hutool/core/img/GraphicsUtil
instanceKlass cn/hutool/core/util/ObjectUtil
instanceKlass java/awt/Color
instanceKlass java/awt/Paint
instanceKlass java/awt/geom/RectangularShape
instanceKlass java/awt/Shape
instanceKlass sun/awt/image/NativeLibLoader$1
instanceKlass sun/awt/image/NativeLibLoader
instanceKlass java/awt/image/SampleModel
instanceKlass java/awt/geom/Point2D
instanceKlass sun/java2d/StateTrackableDelegate$2
instanceKlass sun/java2d/StateTrackableDelegate
instanceKlass sun/java2d/StateTrackable
instanceKlass java/awt/image/DataBuffer$1
instanceKlass sun/awt/image/SunWritableRaster$DataStealer
instanceKlass java/awt/image/DataBuffer
instanceKlass java/awt/image/Raster
instanceKlass sun/java2d/cmm/ProfileDeferralInfo
instanceKlass java/awt/color/ICC_Profile$BuiltInProfile
instanceKlass java/awt/color/ICC_Profile
instanceKlass java/awt/color/ColorSpace$BuiltInSpace
instanceKlass java/awt/color/ColorSpace
instanceKlass java/awt/image/ColorModel$1
instanceKlass java/awt/image/ColorModel
instanceKlass sun/awt/image/SurfaceManager
instanceKlass sun/awt/image/SurfaceManager$ImageAccessor
instanceKlass java/awt/ImageCapabilities
instanceKlass cn/hutool/core/text/CharSequenceUtil
instanceKlass cn/hutool/core/text/StrPool
instanceKlass java/awt/font/JavaAWTFontAccessImpl
instanceKlass jdk/internal/access/JavaAWTFontAccess
instanceKlass sun/font/AttributeValues
instanceKlass java/awt/geom/AffineTransform
instanceKlass sun/font/FontAccess
instanceKlass java/awt/GraphicsEnvironment
instanceKlass java/awt/Insets
instanceKlass java/awt/Toolkit$1
instanceKlass java/awt/Toolkit$2
instanceKlass java/util/ResourceBundle$3
instanceKlass java/awt/Toolkit$4
instanceKlass sun/awt/AWTAccessor
instanceKlass java/awt/Toolkit$3
instanceKlass sun/awt/AWTAccessor$ToolkitAccessor
instanceKlass java/awt/Toolkit
instanceKlass java/awt/Font
instanceKlass cn/hutool/core/util/RandomUtil
instanceKlass cn/hutool/captcha/generator/AbstractGenerator
instanceKlass java/awt/Graphics
instanceKlass java/awt/Composite
instanceKlass java/awt/Transparency
instanceKlass java/awt/image/WritableRenderedImage
instanceKlass java/awt/image/RenderedImage
instanceKlass java/awt/Image
instanceKlass cn/hutool/captcha/generator/CodeGenerator
instanceKlass cn/hutool/captcha/AbstractCaptcha
instanceKlass cn/hutool/captcha/ICaptcha
instanceKlass cn/hutool/captcha/CaptchaUtil
instanceKlass org/springframework/boot/actuate/metrics/web/servlet/WebMvcTags
instanceKlass org/springframework/boot/actuate/metrics/annotation/TimedAnnotations
instanceKlass org/apache/tomcat/util/buf/HexUtils
instanceKlass org/apache/coyote/http11/Constants
instanceKlass com/fasterxml/jackson/core/io/NumberOutput
instanceKlass com/fasterxml/jackson/databind/ObjectWriter$Prefetch
instanceKlass com/fasterxml/jackson/databind/ObjectWriter$GeneratorSettings
instanceKlass com/fasterxml/jackson/core/util/MinimalPrettyPrinter
instanceKlass com/fasterxml/jackson/databind/type/TypeBindings$AsKey
instanceKlass com/fasterxml/jackson/databind/type/TypeBindings$TypeParamStash
instanceKlass org/springframework/util/TypeUtils
instanceKlass org/apache/coyote/Constants
instanceKlass org/apache/tomcat/util/http/parser/MediaType
instanceKlass org/springframework/http/StreamingHttpOutputMessage
instanceKlass org/springframework/http/converter/json/MappingJacksonValue
instanceKlass javax/xml/bind/annotation/XmlRootElement
instanceKlass com/fasterxml/jackson/databind/ser/std/NumberSerializers$1
instanceKlass com/fasterxml/jackson/annotation/JsonFilter
instanceKlass com/fasterxml/jackson/databind/annotation/JsonAppend
instanceKlass com/fasterxml/jackson/databind/ser/impl/PropertySerializerMap
instanceKlass com/fasterxml/jackson/databind/ser/PropertyBuilder$1
instanceKlass com/fasterxml/jackson/databind/BeanProperty$Std
instanceKlass com/fasterxml/jackson/annotation/JsonTypeId
instanceKlass com/fasterxml/jackson/databind/introspect/POJOPropertyBuilder$3
instanceKlass com/fasterxml/jackson/annotation/JsonInclude
instanceKlass com/fasterxml/jackson/databind/ser/PropertyBuilder
instanceKlass com/fasterxml/jackson/annotation/JsonIgnoreType
instanceKlass com/fasterxml/jackson/databind/ser/BeanSerializerBuilder
instanceKlass com/fasterxml/jackson/annotation/JsonCreator
instanceKlass com/fasterxml/jackson/databind/introspect/MethodGenericTypeResolver
instanceKlass com/fasterxml/jackson/databind/util/TypeKey
instanceKlass com/fasterxml/jackson/databind/ser/impl/ReadOnlyClassToSerializerMap$Bucket
instanceKlass com/fasterxml/jackson/databind/ser/impl/ReadOnlyClassToSerializerMap
instanceKlass org/springframework/http/server/ServletServerHttpResponse
instanceKlass org/springframework/web/context/request/async/WebAsyncTask
instanceKlass org/springframework/web/servlet/mvc/method/annotation/StreamingResponseBody
instanceKlass org/springframework/web/method/support/AsyncHandlerMethodReturnValueHandler
instanceKlass org/springframework/jdbc/datasource/SmartDataSource
instanceKlass java/util/concurrent/ConcurrentLinkedQueue$Itr
instanceKlass com/zaxxer/hikari/pool/ProxyDatabaseMetaData
instanceKlass org/apache/ibatis/executor/result/DefaultResultContext
instanceKlass org/apache/ibatis/executor/result/DefaultResultHandler
instanceKlass com/mysql/cj/jdbc/result/ResultSetMetaData$1
instanceKlass com/mysql/cj/jdbc/result/ResultSetMetaData
instanceKlass org/apache/ibatis/executor/resultset/ResultSetWrapper
instanceKlass com/mysql/cj/protocol/a/StringValueEncoder$1
instanceKlass org/apache/ibatis/executor/statement/StatementUtil
instanceKlass com/mysql/cj/NativeQueryBindValue
instanceKlass com/mysql/cj/BindValue
instanceKlass com/mysql/cj/NativeQueryBindings
instanceKlass com/mysql/cj/PreparedQuery
instanceKlass com/mysql/cj/jdbc/ParameterBindings
instanceKlass com/mysql/cj/QueryBindings
instanceKlass java/sql/RowId
instanceKlass java/sql/ParameterMetaData
instanceKlass java/sql/Ref
instanceKlass org/apache/ibatis/logging/jdbc/BaseJdbcLogger
instanceKlass org/springframework/jdbc/datasource/DataSourceUtils
instanceKlass org/apache/ibatis/executor/resultset/DefaultResultSetHandler
instanceKlass org/apache/ibatis/executor/resultset/ResultSetHandler
instanceKlass com/baomidou/mybatisplus/core/MybatisParameterHandler
instanceKlass org/apache/ibatis/executor/statement/BaseStatementHandler
instanceKlass org/apache/ibatis/executor/statement/RoutingStatementHandler$1
instanceKlass org/apache/ibatis/executor/statement/RoutingStatementHandler
instanceKlass org/apache/ibatis/reflection/SystemMetaObject$1
instanceKlass org/apache/ibatis/reflection/SystemMetaObject$NullObject
instanceKlass org/apache/ibatis/reflection/SystemMetaObject
instanceKlass org/apache/ibatis/reflection/invoker/GetFieldInvoker
instanceKlass org/apache/ibatis/reflection/invoker/SetFieldInvoker
instanceKlass org/apache/ibatis/reflection/MetaClass
instanceKlass org/apache/ibatis/reflection/ArrayUtil
instanceKlass com/baomidou/mybatisplus/core/toolkit/ParameterUtils
instanceKlass org/apache/ibatis/type/SimpleTypeRegistry
instanceKlass org/apache/ibatis/scripting/xmltags/TextSqlNode$BindingTokenParser
instanceKlass com/baomidou/mybatisplus/core/toolkit/support/ReflectLambdaMeta
instanceKlass org/apache/ibatis/ognl/AccessibleObjectHandlerJDK9Plus
instanceKlass java/lang/ProcessBuilder
instanceKlass org/apache/ibatis/ognl/internal/entry/GenericMethodParameterTypeCacheEntry
instanceKlass org/apache/ibatis/ognl/internal/entry/MethodCacheEntry
instanceKlass org/apache/ibatis/ognl/internal/entry/CacheEntry
instanceKlass com/sun/beans/finder/InstanceFinder
instanceKlass org/apache/ibatis/ognl/OgnlOps
instanceKlass org/apache/ibatis/ognl/internal/ClassCacheHandler
instanceKlass org/apache/ibatis/ognl/enhance/OrderedReturn
instanceKlass org/apache/ibatis/ognl/SimpleNode
instanceKlass org/apache/ibatis/ognl/NodeType
instanceKlass org/apache/ibatis/ognl/Token
instanceKlass org/apache/ibatis/ognl/OgnlParserTokenManager
instanceKlass org/apache/ibatis/ognl/JavaCharStream
instanceKlass org/apache/ibatis/ognl/OgnlParser$JJCalls
instanceKlass org/apache/ibatis/ognl/JJTOgnlParserState
instanceKlass org/apache/ibatis/ognl/Node
instanceKlass org/apache/ibatis/ognl/JavaSource
instanceKlass org/apache/ibatis/ognl/OgnlParser
instanceKlass org/apache/ibatis/ognl/OgnlParserConstants
instanceKlass org/apache/ibatis/ognl/OgnlParserTreeConstants
instanceKlass org/apache/ibatis/ognl/DefaultTypeConverter
instanceKlass org/apache/ibatis/ognl/TypeConverter
instanceKlass org/apache/ibatis/ognl/OgnlContext
instanceKlass org/apache/ibatis/ognl/Ognl
instanceKlass org/apache/ibatis/ognl/DefaultClassResolver
instanceKlass org/apache/ibatis/scripting/xmltags/OgnlMemberAccess
instanceKlass org/apache/ibatis/ognl/MemberAccess
instanceKlass org/apache/ibatis/scripting/xmltags/OgnlCache
instanceKlass org/apache/ibatis/session/ResultContext
instanceKlass org/apache/ibatis/session/defaults/DefaultSqlSession
instanceKlass org/apache/ibatis/plugin/Plugin
instanceKlass org/apache/ibatis/cache/TransactionalCacheManager
instanceKlass org/apache/ibatis/executor/CachingExecutor
instanceKlass org/apache/ibatis/executor/BaseExecutor
instanceKlass org/mybatis/spring/transaction/SpringManagedTransaction
instanceKlass org/mybatis/spring/SqlSessionUtils
instanceKlass com/baomidou/mybatisplus/core/override/MybatisMapperMethod$1
instanceKlass org/apache/ibatis/annotations/Param
instanceKlass org/apache/ibatis/reflection/ParamNameResolver
instanceKlass org/apache/ibatis/binding/MapperMethod$MethodSignature
instanceKlass org/apache/ibatis/binding/MapperMethod$SqlCommand
instanceKlass com/baomidou/mybatisplus/core/override/MybatisMapperMethod
instanceKlass com/baomidou/mybatisplus/core/override/MybatisMapperProxy$PlainMethodInvoker
instanceKlass java/lang/invoke/ClassSpecializer$Factory$1Var
instanceKlass sun/invoke/util/ValueConversions$1
instanceKlass sun/invoke/util/ValueConversions$WrapperCache
instanceKlass com/baomidou/mybatisplus/core/override/MybatisMapperProxy$DefaultMethodInvoker
instanceKlass com/baomidou/mybatisplus/core/conditions/segments/ColumnSegment
instanceKlass com/baomidou/mybatisplus/core/conditions/AbstractWrapper$DoSomething
instanceKlass com/baomidou/mybatisplus/core/toolkit/support/SFunction
instanceKlass com/baomidou/mybatisplus/core/conditions/segments/MergeSegments
instanceKlass com/baomidou/mybatisplus/core/conditions/SharedString
instanceKlass org/springframework/cglib/reflect/FastClassEmitter$2
instanceKlass org/springframework/cglib/core/EmitUtils$16
instanceKlass org/springframework/cglib/core/EmitUtils$15
instanceKlass org/springframework/aop/framework/ReflectiveMethodInvocation
instanceKlass org/springframework/aop/ProxyMethodInvocation
instanceKlass org/redisson/client/codec/LongCodec$1
instanceKlass org/redisson/client/protocol/ScoredEntry
instanceKlass org/redisson/client/protocol/decoder/MapScanResult
instanceKlass org/redisson/client/protocol/decoder/ListScanResult
instanceKlass org/redisson/ScanResult
instanceKlass io/netty/channel/AbstractChannelHandlerContext$WriteTask$1
instanceKlass io/netty/channel/AbstractChannelHandlerContext$WriteTask
instanceKlass org/redisson/command/RedisExecutor$1
instanceKlass org/redisson/command/RedisExecutor
instanceKlass org/redisson/connection/NodeSource
instanceKlass org/redisson/client/codec/ByteArrayCodec$2
instanceKlass org/redisson/client/codec/ByteArrayCodec$1
instanceKlass org/springframework/data/redis/connection/convert/Converters$DeserializingGeoResultsConverter
instanceKlass org/springframework/data/redis/connection/convert/Converters
instanceKlass org/springframework/data/redis/connection/DefaultStringRedisConnection$1
instanceKlass org/springframework/data/redis/connection/convert/MapConverter
instanceKlass org/springframework/data/redis/connection/convert/ListConverter
instanceKlass org/springframework/data/redis/connection/DefaultStringRedisConnection$StringTupleConverter
instanceKlass org/springframework/data/redis/connection/convert/SetConverter
instanceKlass org/springframework/data/redis/connection/StringRedisConnection$StringTuple
instanceKlass org/springframework/data/redis/connection/DefaultStringRedisConnection$TupleConverter
instanceKlass org/springframework/data/redis/connection/DefaultStringRedisConnection$SerializingConverter
instanceKlass org/springframework/data/redis/connection/DefaultStringRedisConnection$DeserializingConverter
instanceKlass org/springframework/data/redis/connection/DefaultStringRedisConnection
instanceKlass org/springframework/data/redis/connection/DecoratedRedisConnection
instanceKlass org/springframework/data/redis/connection/StringRedisConnection
instanceKlass org/redisson/spring/data/connection/PointDecoder
instanceKlass org/redisson/spring/data/connection/ObjectListReplayDecoder2
instanceKlass org/redisson/client/protocol/convertor/EmptyListConvertor
instanceKlass org/redisson/spring/data/connection/ObjectMapEntryReplayDecoder
instanceKlass org/redisson/spring/data/connection/SingleMapEntryDecoder
instanceKlass org/springframework/data/redis/connection/RedisZSetCommands$Tuple
instanceKlass org/redisson/spring/data/connection/ScoredSortedSingleReplayDecoder
instanceKlass org/redisson/spring/data/connection/RedissonConnection$6
instanceKlass org/redisson/spring/data/connection/RedissonConnection$5
instanceKlass org/redisson/spring/data/connection/GeoResultsDecoder
instanceKlass org/redisson/spring/data/connection/PropertiesListDecoder
instanceKlass org/redisson/spring/data/connection/PropertiesDecoder
instanceKlass org/redisson/spring/data/connection/ScoredSortedListReplayDecoder
instanceKlass org/redisson/spring/data/connection/ScoredSortedSetReplayDecoder
instanceKlass org/redisson/spring/data/connection/DataTypeConvertor
instanceKlass org/springframework/data/redis/connection/Subscription
instanceKlass org/springframework/transaction/support/TransactionSynchronizationUtils$ScopedProxyUnwrapper
instanceKlass org/springframework/core/InfrastructureProxy
instanceKlass org/springframework/transaction/support/TransactionSynchronizationUtils
instanceKlass org/springframework/transaction/support/TransactionSynchronizationManager
instanceKlass org/springframework/transaction/support/TransactionSynchronization
instanceKlass org/springframework/data/redis/core/RedisConnectionUtils
instanceKlass org/springframework/data/redis/core/AbstractOperations$ValueDeserializingRedisCallback
instanceKlass org/hibernate/validator/constraintvalidation/HibernateConstraintViolationBuilder
instanceKlass javax/validation/ConstraintValidatorContext$ConstraintViolationBuilder
instanceKlass org/hibernate/validator/internal/engine/constraintvalidation/ConstraintValidatorContextImpl
instanceKlass org/hibernate/validator/constraintvalidation/HibernateConstraintValidatorContext
instanceKlass org/hibernate/validator/internal/engine/constraintvalidation/ConstraintValidatorManagerImpl$CacheKey
instanceKlass org/hibernate/validator/internal/engine/valuecontext/ValueContext$ValueState
instanceKlass org/hibernate/validator/internal/engine/valuecontext/ValueContexts
instanceKlass org/hibernate/validator/internal/engine/path/NodeImpl
instanceKlass org/hibernate/validator/path/ContainerElementNode
instanceKlass org/hibernate/validator/path/PropertyNode
instanceKlass javax/validation/Path$ContainerElementNode
instanceKlass javax/validation/Path$CrossParameterNode
instanceKlass javax/validation/Path$ReturnValueNode
instanceKlass javax/validation/Path$ParameterNode
instanceKlass javax/validation/Path$BeanNode
instanceKlass javax/validation/Path$ConstructorNode
instanceKlass javax/validation/Path$MethodNode
instanceKlass javax/validation/Path$PropertyNode
instanceKlass org/hibernate/validator/internal/engine/path/PathImpl
instanceKlass javax/validation/MessageInterpolator$Context
instanceKlass org/hibernate/validator/internal/engine/validationcontext/AbstractValidationContext
instanceKlass org/hibernate/validator/internal/engine/validationcontext/ExecutableValidationContext
instanceKlass org/hibernate/validator/internal/engine/validationcontext/ValidationContextBuilder
instanceKlass org/hibernate/validator/internal/util/ConcurrentReferenceHashMap$KeyReference
instanceKlass org/hibernate/validator/internal/engine/groups/GroupWithInheritance
instanceKlass org/hibernate/validator/internal/engine/groups/Sequence
instanceKlass org/hibernate/validator/internal/engine/groups/ValidationOrder$DefaultSequenceValidationOrder
instanceKlass org/hibernate/validator/internal/engine/groups/Group
instanceKlass org/hibernate/validator/internal/engine/groups/ValidationOrder$DefaultGroupValidationOrder
instanceKlass org/hibernate/validator/internal/metadata/aggregated/BeanMetaDataImpl$DefaultGroupSequenceContext
instanceKlass org/hibernate/validator/internal/metadata/aggregated/BeanMetaDataImpl
instanceKlass javax/validation/metadata/ParameterDescriptor
instanceKlass org/hibernate/validator/internal/metadata/facets/Cascadable$Builder
instanceKlass javax/validation/metadata/ReturnValueDescriptor
instanceKlass javax/validation/metadata/ContainerDescriptor
instanceKlass javax/validation/metadata/CascadableDescriptor
instanceKlass org/hibernate/validator/internal/metadata/facets/Cascadable
instanceKlass org/hibernate/validator/internal/metadata/aggregated/ValidatableParametersMetaData
instanceKlass org/hibernate/validator/internal/metadata/aggregated/GroupConversionHelper
instanceKlass org/hibernate/validator/internal/metadata/aggregated/NonContainerCascadingMetaData
instanceKlass org/hibernate/validator/internal/metadata/aggregated/AbstractConstraintMetaData
instanceKlass com/fasterxml/classmate/Annotations
instanceKlass com/fasterxml/classmate/util/MethodKey
instanceKlass org/hibernate/validator/internal/util/privilegedactions/GetResolvedMemberMethods
instanceKlass com/fasterxml/classmate/ResolvedTypeWithMembers$AnnotationHandler
instanceKlass com/fasterxml/classmate/members/ResolvedMember
instanceKlass com/fasterxml/classmate/AnnotationConfiguration
instanceKlass com/fasterxml/classmate/ResolvedTypeWithMembers
instanceKlass com/fasterxml/classmate/members/HierarchicType
instanceKlass org/hibernate/validator/internal/util/ExecutableHelper$SimpleMethodFilter
instanceKlass com/fasterxml/classmate/MemberResolver
instanceKlass com/fasterxml/classmate/util/ResolvedTypeKey
instanceKlass com/fasterxml/classmate/util/ClassStack
instanceKlass org/hibernate/validator/internal/properties/Signature
instanceKlass org/hibernate/validator/internal/metadata/aggregated/ConstraintMetaData
instanceKlass org/hibernate/validator/internal/metadata/aggregated/BeanMetaDataBuilder$1
instanceKlass org/hibernate/validator/internal/metadata/aggregated/MetaDataBuilder
instanceKlass org/hibernate/validator/internal/metadata/aggregated/BeanMetaDataBuilder$BuilderDelegate
instanceKlass org/hibernate/validator/internal/metadata/provider/AnnotationMetaDataProvider$TypeArgumentFieldLocation
instanceKlass sun/reflect/annotation/TypeAnnotation$TypeAnnotationTargetInfo
instanceKlass javax/validation/ConstraintValidatorContext
instanceKlass org/hibernate/validator/internal/engine/constraintvalidation/ConstraintTree
instanceKlass org/hibernate/validator/internal/metadata/core/MetaConstraint$ValueExtractionPathNode
instanceKlass org/hibernate/validator/internal/metadata/core/MetaConstraint
instanceKlass org/hibernate/validator/internal/metadata/location/TypeArgumentConstraintLocation
instanceKlass org/hibernate/validator/internal/metadata/core/MetaConstraints
instanceKlass org/hibernate/validator/internal/util/privilegedactions/GetDeclaredField
instanceKlass org/hibernate/validator/internal/properties/javabean/JavaBeanField$FieldAccessor
instanceKlass org/hibernate/validator/engine/HibernateValidatorEnhancedBean
instanceKlass org/hibernate/validator/internal/metadata/location/AbstractPropertyConstraintLocation
instanceKlass org/hibernate/validator/internal/metadata/location/ConstraintLocation
instanceKlass javax/validation/OverridesAttribute$List
instanceKlass javax/validation/OverridesAttribute
instanceKlass javax/validation/valueextraction/Unwrapping$Skip
instanceKlass javax/validation/valueextraction/Unwrapping$Unwrap
instanceKlass javax/validation/Payload
instanceKlass org/hibernate/validator/internal/util/privilegedactions/GetAnnotationAttributes
instanceKlass org/hibernate/validator/internal/util/annotation/AnnotationDescriptor
instanceKlass javax/validation/ReportAsSingleViolation
instanceKlass org/hibernate/validator/internal/properties/javabean/JavaBeanField
instanceKlass org/hibernate/validator/internal/util/classhierarchy/Filters$InterfacesFilter
instanceKlass org/hibernate/validator/internal/util/classhierarchy/Filters$WeldProxyFilter
instanceKlass org/hibernate/validator/internal/util/classhierarchy/Filters
instanceKlass org/hibernate/validator/internal/util/classhierarchy/ClassHierarchyHelper
instanceKlass org/hibernate/validator/internal/util/classhierarchy/Filter
instanceKlass org/hibernate/validator/internal/metadata/aggregated/BeanMetaDataBuilder
instanceKlass org/springframework/beans/PropertyAccessorFactory
instanceKlass org/springframework/validation/DefaultMessageCodesResolver
instanceKlass org/springframework/validation/annotation/ValidationAnnotationUtils
instanceKlass org/springframework/validation/DefaultBindingErrorProcessor
instanceKlass org/springframework/validation/AbstractErrors
instanceKlass org/springframework/validation/BindingErrorProcessor
instanceKlass com/fasterxml/jackson/databind/util/LinkedNode
instanceKlass com/fasterxml/jackson/core/util/TextBuffer
instanceKlass com/fasterxml/jackson/core/util/JacksonFeatureSet
instanceKlass com/fasterxml/jackson/core/JsonStreamContext
instanceKlass com/fasterxml/jackson/core/json/ByteSourceJsonBootstrapper
instanceKlass java/util/concurrent/atomic/AtomicReferenceArray
instanceKlass com/fasterxml/jackson/core/util/BufferRecycler
instanceKlass com/fasterxml/jackson/core/util/BufferRecyclers
instanceKlass com/fasterxml/jackson/core/io/IOContext
instanceKlass com/fasterxml/jackson/core/io/ContentReference
instanceKlass org/springframework/http/converter/json/MappingJacksonInputMessage
instanceKlass org/springframework/util/StreamUtils
instanceKlass com/fasterxml/jackson/databind/deser/impl/ReadableObjectId$Referring
instanceKlass com/fasterxml/jackson/databind/deser/impl/BeanPropertyMap
instanceKlass com/fasterxml/jackson/annotation/JsonAlias
instanceKlass com/fasterxml/jackson/databind/util/ViewMatcher
instanceKlass com/fasterxml/jackson/databind/introspect/POJOPropertyBuilder$1
instanceKlass com/fasterxml/jackson/databind/introspect/POJOPropertyBuilder$4
instanceKlass com/fasterxml/jackson/databind/introspect/POJOPropertyBuilder$2
instanceKlass com/fasterxml/jackson/databind/deser/impl/NullsConstantProvider
instanceKlass com/fasterxml/jackson/databind/annotation/JsonTypeResolver
instanceKlass com/fasterxml/jackson/databind/util/IgnorePropertiesUtil
instanceKlass com/fasterxml/jackson/annotation/JsonIncludeProperties$Value
instanceKlass com/fasterxml/jackson/annotation/JsonIncludeProperties
instanceKlass com/fasterxml/jackson/annotation/JsonIgnoreProperties$Value
instanceKlass com/fasterxml/jackson/annotation/JsonIgnoreProperties
instanceKlass com/fasterxml/jackson/databind/deser/BeanDeserializerBuilder
instanceKlass com/fasterxml/jackson/databind/deser/BasicDeserializerFactory$CreatorCollectionState
instanceKlass com/fasterxml/jackson/databind/PropertyMetadata
instanceKlass com/fasterxml/jackson/annotation/JsonPropertyDescription
instanceKlass com/fasterxml/jackson/annotation/JsonPropertyOrder
instanceKlass com/fasterxml/jackson/databind/annotation/JsonNaming
instanceKlass com/fasterxml/jackson/annotation/JacksonInject
instanceKlass com/fasterxml/jackson/databind/introspect/POJOPropertyBuilder$6
instanceKlass com/fasterxml/jackson/databind/introspect/POJOPropertyBuilder$5
instanceKlass com/fasterxml/jackson/annotation/JsonGetter
instanceKlass com/fasterxml/jackson/databind/introspect/AnnotatedMethodMap
instanceKlass com/fasterxml/jackson/databind/introspect/AnnotatedMethodCollector$MethodBuilder
instanceKlass com/fasterxml/jackson/databind/introspect/MemberKey
instanceKlass com/fasterxml/jackson/databind/introspect/POJOPropertyBuilder$Linked
instanceKlass com/fasterxml/jackson/databind/AnnotationIntrospector$ReferenceProperty
instanceKlass com/fasterxml/jackson/databind/introspect/POJOPropertyBuilder$WithMember
instanceKlass com/fasterxml/jackson/annotation/JsonAutoDetect$1
instanceKlass com/fasterxml/jackson/annotation/JsonProperty
instanceKlass com/fasterxml/jackson/annotation/JsonSetter
instanceKlass com/fasterxml/jackson/annotation/JsonAnySetter
instanceKlass com/fasterxml/jackson/annotation/JsonAnyGetter
instanceKlass com/fasterxml/jackson/annotation/JsonValue
instanceKlass com/fasterxml/jackson/annotation/JsonKey
instanceKlass javax/validation/constraints/Size$List
instanceKlass javax/validation/constraints/NotBlank$List
instanceKlass com/fasterxml/jackson/databind/introspect/AnnotatedFieldCollector$FieldBuilder
instanceKlass com/fasterxml/jackson/databind/introspect/TypeResolutionContext$Basic
instanceKlass com/fasterxml/jackson/databind/introspect/AnnotationMap
instanceKlass com/fasterxml/jackson/databind/introspect/CollectorBase
instanceKlass com/fasterxml/jackson/databind/deser/impl/CreatorCollector
instanceKlass com/fasterxml/jackson/core/JsonLocation
instanceKlass com/fasterxml/jackson/databind/deser/impl/JDKValueInstantiators
instanceKlass com/fasterxml/jackson/databind/annotation/JsonValueInstantiator
instanceKlass com/fasterxml/jackson/databind/util/BeanUtil
instanceKlass com/fasterxml/jackson/databind/jsontype/impl/SubTypeValidator
instanceKlass com/fasterxml/jackson/databind/deser/std/JdkDeserializers
instanceKlass com/fasterxml/jackson/databind/ext/Java7Handlers
instanceKlass com/fasterxml/jackson/databind/ext/OptionalHandlerFactory
instanceKlass com/fasterxml/jackson/databind/util/ArrayIterator
instanceKlass com/fasterxml/jackson/annotation/JsonIdentityInfo
instanceKlass com/fasterxml/jackson/annotation/JsonAutoDetect
instanceKlass com/fasterxml/jackson/databind/introspect/POJOPropertiesCollector
instanceKlass com/fasterxml/jackson/databind/introspect/AnnotationCollector$OneAnnotation
instanceKlass com/fasterxml/jackson/annotation/JacksonAnnotationsInside
instanceKlass com/fasterxml/jackson/databind/type/ClassStack
instanceKlass org/springframework/web/servlet/mvc/method/annotation/AbstractMessageConverterMethodArgumentResolver$EmptyBodyCheckingHttpInputMessage
instanceKlass org/springframework/util/LinkedCaseInsensitiveMap$EntryIterator
instanceKlass org/apache/tomcat/util/http/NamesEnumerator
instanceKlass java/time/temporal/TemporalQueries$7
instanceKlass java/time/temporal/TemporalQueries$6
instanceKlass java/time/temporal/TemporalQueries$5
instanceKlass java/time/temporal/TemporalQueries$4
instanceKlass java/time/temporal/TemporalQueries$3
instanceKlass java/time/temporal/TemporalQueries$2
instanceKlass java/time/temporal/TemporalQueries$1
instanceKlass java/time/temporal/TemporalQueries
instanceKlass org/springframework/http/server/ServerHttpAsyncRequestControl
instanceKlass org/springframework/http/server/ServletServerHttpRequest
instanceKlass org/springframework/web/bind/annotation/MatrixVariable
instanceKlass org/springframework/web/bind/annotation/PathVariable
instanceKlass org/springframework/web/multipart/support/MultipartResolutionDelegate
instanceKlass org/springframework/web/bind/annotation/RequestPart
instanceKlass org/springframework/web/bind/annotation/RequestParam
instanceKlass org/springframework/web/bind/annotation/RequestBody
instanceKlass org/springframework/web/servlet/support/RequestContextUtils
instanceKlass org/springframework/web/bind/support/SimpleSessionStatus
instanceKlass org/springframework/web/bind/annotation/SessionAttributes
instanceKlass org/springframework/boot/actuate/metrics/web/servlet/LongTaskTimingHandlerInterceptor$LongTaskTimingContext
instanceKlass org/springframework/web/util/pattern/PathPattern$PathMatchInfo
instanceKlass org/springframework/web/servlet/handler/AbstractHandlerMethodMapping$Match
instanceKlass org/springframework/web/servlet/mvc/method/RequestMappingInfoHandlerMapping$PartialMatchHelper
instanceKlass org/springframework/web/cors/CorsUtils
instanceKlass org/springframework/web/util/UrlPathHelper$Servlet4Delegate
instanceKlass org/springframework/web/util/UriUtils
instanceKlass org/springframework/http/server/DefaultRequestPath
instanceKlass org/apache/catalina/core/ApplicationMapping$MappingImpl
instanceKlass org/apache/catalina/core/ApplicationMapping$1
instanceKlass org/springframework/web/util/ServletRequestPathUtils$Servlet4Delegate
instanceKlass org/springframework/web/util/ServletRequestPathUtils$ServletRequestPath
instanceKlass org/springframework/web/util/ServletRequestPathUtils
instanceKlass org/springframework/web/util/WebUtils
instanceKlass org/springframework/core/log/LogFormatUtils
instanceKlass org/springframework/web/servlet/FrameworkServlet$RequestBindingInterceptor
instanceKlass org/springframework/web/context/request/async/TimeoutDeferredResultProcessingInterceptor
instanceKlass org/springframework/web/context/request/async/TimeoutCallableProcessingInterceptor
instanceKlass org/springframework/web/context/request/async/AsyncWebRequest
instanceKlass org/springframework/web/context/request/async/WebAsyncUtils
instanceKlass org/springframework/web/servlet/LocaleContextResolver
instanceKlass org/springframework/context/i18n/SimpleLocaleContext
instanceKlass org/springframework/context/i18n/LocaleContextHolder
instanceKlass org/apache/tomcat/util/http/parser/AcceptLanguage
instanceKlass org/apache/catalina/util/TLSUtil
instanceKlass org/apache/catalina/connector/ResponseFacade
instanceKlass org/apache/catalina/core/ApplicationFilterFactory$1
instanceKlass org/apache/catalina/core/ApplicationDispatcher
instanceKlass org/apache/catalina/AsyncDispatcher
instanceKlass org/apache/catalina/core/ApplicationFilterChain
instanceKlass org/apache/catalina/core/ApplicationFilterFactory
instanceKlass org/apache/coyote/AbstractProcessor$1
instanceKlass javax/security/auth/message/config/AuthConfigFactory
instanceKlass org/apache/catalina/connector/RequestFacade
instanceKlass org/apache/catalina/util/SessionConfig
instanceKlass org/apache/tomcat/util/buf/UEncoder
instanceKlass org/apache/tomcat/util/collections/ConcurrentCache
instanceKlass org/apache/tomcat/util/http/parser/MediaTypeCache
instanceKlass org/apache/catalina/connector/Response
instanceKlass org/apache/catalina/core/ApplicationMapping
instanceKlass org/apache/catalina/mapper/MappingData
instanceKlass org/apache/catalina/util/ParameterMap
instanceKlass org/apache/tomcat/util/buf/ByteChunk$ByteInputChannel
instanceKlass org/apache/catalina/connector/Request$10
instanceKlass org/apache/catalina/connector/Request$9
instanceKlass org/apache/catalina/connector/Request$8
instanceKlass org/apache/catalina/connector/Request$7
instanceKlass org/apache/catalina/connector/Request$6
instanceKlass org/apache/catalina/connector/Request$5
instanceKlass org/apache/catalina/connector/Request$4
instanceKlass org/apache/catalina/connector/Request$3
instanceKlass org/apache/catalina/connector/Request$2
instanceKlass org/apache/catalina/connector/Request$1
instanceKlass org/apache/catalina/connector/Request$SpecialAttributeAdapter
instanceKlass org/apache/tomcat/util/http/fileupload/RequestContext
instanceKlass org/apache/tomcat/util/http/fileupload/FileItemFactory
instanceKlass javax/servlet/AsyncContext
instanceKlass org/apache/catalina/connector/Request
instanceKlass org/apache/tomcat/util/http/parser/Host
instanceKlass sun/nio/cs/ThreadLocalCoders$Cache
instanceKlass sun/nio/cs/ThreadLocalCoders
instanceKlass org/apache/tomcat/util/http/parser/TokenList
instanceKlass org/apache/tomcat/util/http/ValuesEnumerator
instanceKlass org/apache/tomcat/util/buf/Ascii
instanceKlass org/apache/coyote/http11/filters/GzipOutputFilter
instanceKlass org/apache/coyote/http11/filters/BufferedInputFilter
instanceKlass org/apache/coyote/http11/filters/VoidOutputFilter
instanceKlass org/apache/coyote/http11/filters/VoidInputFilter
instanceKlass org/apache/coyote/http11/filters/ChunkedOutputFilter
instanceKlass org/apache/coyote/http11/filters/ChunkedInputFilter
instanceKlass org/apache/coyote/http11/filters/IdentityOutputFilter
instanceKlass org/apache/coyote/http11/filters/IdentityInputFilter
instanceKlass org/apache/coyote/http11/Http11OutputBuffer$SocketOutputBuffer
instanceKlass org/apache/coyote/http11/Http11OutputBuffer
instanceKlass org/apache/coyote/http11/Http11InputBuffer$SocketInputBuffer
instanceKlass org/apache/coyote/http11/Http11InputBuffer$HeaderParseData
instanceKlass org/apache/coyote/http11/Http11InputBuffer
instanceKlass org/apache/tomcat/util/http/parser/HttpParser
instanceKlass org/apache/coyote/AsyncStateMachine
instanceKlass org/apache/coyote/RequestInfo
instanceKlass org/apache/tomcat/util/log/UserDataHelper
instanceKlass org/apache/tomcat/util/http/Parameters
instanceKlass org/apache/tomcat/util/http/ServerCookie
instanceKlass org/apache/tomcat/util/http/ServerCookies
instanceKlass org/apache/tomcat/util/http/MimeHeaderField
instanceKlass org/apache/tomcat/util/http/MimeHeaders
instanceKlass org/apache/tomcat/util/buf/AbstractChunk
instanceKlass org/apache/tomcat/util/buf/MessageBytes$MessageBytesFactory
instanceKlass org/apache/tomcat/util/buf/MessageBytes
instanceKlass org/apache/tomcat/util/net/ApplicationBufferHandler
instanceKlass org/apache/coyote/http11/OutputFilter
instanceKlass org/apache/coyote/http11/HttpOutputBuffer
instanceKlass org/apache/coyote/http11/InputFilter
instanceKlass org/apache/coyote/OutputBuffer
instanceKlass org/apache/coyote/InputBuffer
instanceKlass org/apache/coyote/AbstractProcessorLight
instanceKlass org/apache/coyote/ActionHook
instanceKlass org/apache/tomcat/util/net/NioEndpoint$PollerEvent
instanceKlass java/util/concurrent/Semaphore
instanceKlass org/apache/tomcat/util/net/WriteBuffer
instanceKlass org/apache/tomcat/util/net/SocketWrapperBase$3
instanceKlass org/apache/tomcat/util/net/SocketWrapperBase$2
instanceKlass org/apache/tomcat/util/net/SocketWrapperBase$1
instanceKlass org/apache/tomcat/util/net/SendfileDataBase
instanceKlass org/apache/tomcat/util/net/SocketWrapperBase$OperationState
instanceKlass org/apache/tomcat/util/net/SocketWrapperBase$CompletionCheck
instanceKlass org/apache/tomcat/util/net/SocketBufferHandler
instanceKlass org/apache/tomcat/PeriodicEventListener
instanceKlass com/baomidou/mybatisplus/core/toolkit/ObjectUtils
instanceKlass org/springframework/boot/CommandLineRunner
instanceKlass java/sql/Struct
instanceKlass java/sql/Array
instanceKlass java/sql/ShardingKey
instanceKlass com/zaxxer/hikari/pool/ProxyConnection$ClosedConnection
instanceKlass com/zaxxer/hikari/pool/ProxyResultSet
instanceKlass com/mysql/cj/result/DefaultValueFactory
instanceKlass com/mysql/cj/jdbc/EscapeProcessor
instanceKlass com/mysql/cj/QueryInfo
instanceKlass com/zaxxer/hikari/pool/ProxyStatement
instanceKlass com/mysql/cj/NativeQueryAttributesBindings
instanceKlass com/mysql/cj/CancelQueryTask
instanceKlass java/util/TimerTask
instanceKlass com/mysql/cj/QueryAttributesBindings
instanceKlass com/mysql/cj/AbstractQuery
instanceKlass com/zaxxer/hikari/pool/ProxyConnection
instanceKlass com/zaxxer/hikari/pool/ProxyFactory
instanceKlass com/zaxxer/hikari/pool/ProxyLeakTask
instanceKlass com/zaxxer/hikari/pool/HikariPool$HouseKeeper
instanceKlass com/zaxxer/hikari/pool/ProxyLeakTaskFactory
instanceKlass java/util/concurrent/ThreadPoolExecutor$CallerRunsPolicy
instanceKlass java/util/concurrent/ThreadPoolExecutor$DiscardOldestPolicy
instanceKlass com/zaxxer/hikari/metrics/micrometer/MicrometerMetricsTracker
instanceKlass com/zaxxer/hikari/pool/PoolBase$MetricsTrackerDelegate
instanceKlass com/zaxxer/hikari/pool/HikariPool$MaxLifetimeTask
instanceKlass com/mysql/cj/jdbc/ConnectionImpl$NetworkTimeoutSetter
instanceKlass com/mysql/cj/protocol/NetworkResources
instanceKlass java/sql/ResultSetMetaData
instanceKlass com/mysql/cj/LicenseConfiguration
instanceKlass com/mysql/cj/protocol/InternalDate
instanceKlass com/mysql/cj/result/StringValueFactory
instanceKlass com/mysql/cj/protocol/a/result/AbstractResultsetRows
instanceKlass com/mysql/cj/protocol/result/AbstractResultsetRow
instanceKlass com/mysql/cj/result/DefaultColumnDefinition$1
instanceKlass com/mysql/cj/protocol/a/MysqlTextValueDecoder
instanceKlass com/mysql/cj/protocol/ValueDecoder
instanceKlass com/mysql/cj/protocol/a/AbstractRowFactory
instanceKlass com/mysql/cj/result/DefaultColumnDefinition
instanceKlass com/mysql/cj/result/Field$1
instanceKlass com/mysql/cj/protocol/a/ColumnDefinitionReader$1
instanceKlass java/sql/SQLType
instanceKlass com/mysql/cj/util/LazyString
instanceKlass com/mysql/cj/result/Field
instanceKlass com/mysql/cj/protocol/a/ColumnDefinitionFactory
instanceKlass com/mysql/cj/protocol/a/ResultsetFactory
instanceKlass com/mysql/cj/protocol/a/NativeMessageBuilder
instanceKlass com/mysql/cj/protocol/a/MultiPacketReader
instanceKlass com/mysql/cj/protocol/a/TimeTrackingPacketReader
instanceKlass com/mysql/cj/protocol/a/TimeTrackingPacketSender
instanceKlass com/mysql/cj/protocol/a/NativeServerSessionStateController$NativeServerSessionStateChanges
instanceKlass com/mysql/cj/protocol/a/result/OkPacket
instanceKlass com/mysql/cj/protocol/a/NativeUtils
instanceKlass com/mysql/cj/protocol/a/PacketSplitter
instanceKlass com/mysql/cj/protocol/Security
instanceKlass com/mysql/cj/protocol/a/authentication/AuthenticationFidoClient
instanceKlass com/mysql/cj/protocol/a/authentication/AuthenticationOciClient
instanceKlass com/mysql/cj/protocol/a/authentication/AuthenticationKerberosClient
instanceKlass javax/security/auth/callback/Callback
instanceKlass javax/security/auth/login/Configuration
instanceKlass com/mysql/cj/protocol/a/authentication/AuthenticationLdapSaslClientPlugin
instanceKlass com/mysql/cj/protocol/a/authentication/MysqlOldPasswordPlugin
instanceKlass com/mysql/cj/protocol/a/authentication/Sha256PasswordPlugin
instanceKlass com/mysql/cj/protocol/a/authentication/MysqlClearPasswordPlugin
instanceKlass com/mysql/cj/protocol/a/authentication/MysqlNativePasswordPlugin
instanceKlass com/mysql/cj/protocol/AuthenticationPlugin
instanceKlass com/mysql/cj/protocol/a/NativePacketPayload$1
instanceKlass com/mysql/cj/protocol/a/NativeCapabilities
instanceKlass com/mysql/cj/protocol/a/NativePacketHeader
instanceKlass com/mysql/cj/Collation
instanceKlass java/nio/charset/Charset$ExtendedProviderHolder$1
instanceKlass java/nio/charset/Charset$ExtendedProviderHolder
instanceKlass com/mysql/cj/ServerVersion
instanceKlass com/mysql/cj/MysqlCharset
instanceKlass com/mysql/cj/CharsetMapping
instanceKlass com/mysql/cj/protocol/a/NativeServerSessionStateController
instanceKlass com/mysql/cj/protocol/ServerSessionStateController
instanceKlass com/mysql/cj/protocol/a/NativeServerSession
instanceKlass com/mysql/cj/protocol/a/BinaryResultsetReader
instanceKlass com/mysql/cj/protocol/a/TextResultsetReader
instanceKlass com/mysql/cj/protocol/a/ResultsetRowReader
instanceKlass com/mysql/cj/protocol/ResultsetRow
instanceKlass com/mysql/cj/protocol/a/ColumnDefinitionReader
instanceKlass com/mysql/cj/protocol/ProtocolEntityReader
instanceKlass com/mysql/cj/callback/MysqlCallback
instanceKlass com/mysql/cj/callback/MysqlCallbackHandler
instanceKlass com/mysql/cj/protocol/a/NativeAuthenticationProvider
instanceKlass com/mysql/cj/protocol/a/SimplePacketReader
instanceKlass com/mysql/cj/protocol/a/SimplePacketSender
instanceKlass com/mysql/cj/protocol/a/NativePacketPayload
instanceKlass com/mysql/cj/log/BaseMetricsHolder
instanceKlass com/mysql/cj/protocol/AbstractProtocol$2
instanceKlass com/mysql/cj/protocol/AbstractProtocol$1
instanceKlass com/mysql/cj/protocol/a/AbstractValueEncoder
instanceKlass com/mysql/cj/protocol/ValueEncoder
instanceKlass com/mysql/cj/MessageBuilder
instanceKlass com/mysql/cj/protocol/MessageHeader
instanceKlass com/mysql/cj/protocol/ServerSessionStateController$ServerSessionStateChanges
instanceKlass com/mysql/cj/CharsetSettings
instanceKlass com/mysql/cj/protocol/ServerCapabilities
instanceKlass com/mysql/cj/protocol/AuthenticationProvider
instanceKlass com/mysql/cj/protocol/ServerSession
instanceKlass com/mysql/cj/protocol/MessageReader
instanceKlass com/mysql/cj/protocol/MessageSender
instanceKlass com/mysql/cj/protocol/PacketReceivedTimeHolder
instanceKlass com/mysql/cj/protocol/AbstractProtocol
instanceKlass com/mysql/cj/protocol/Protocol$ProtocolEventHandler
instanceKlass com/mysql/cj/conf/RuntimeProperty$RuntimePropertyListener
instanceKlass com/mysql/cj/protocol/StandardSocketFactory
instanceKlass com/mysql/cj/protocol/PacketSentTimeHolder
instanceKlass com/mysql/cj/protocol/SocketFactory
instanceKlass com/mysql/cj/protocol/SocketMetadata
instanceKlass com/mysql/cj/protocol/AbstractSocketConnection
instanceKlass com/mysql/cj/NoSubInterceptorWrapper
instanceKlass java/util/LinkedList$LLSpliterator
instanceKlass com/mysql/cj/interceptors/QueryInterceptor
instanceKlass com/mysql/cj/jdbc/DatabaseMetaData$IteratorWithCleanup
instanceKlass com/mysql/cj/result/Row
instanceKlass com/mysql/cj/protocol/ResultsetRows
instanceKlass com/mysql/cj/result/RowList
instanceKlass com/mysql/cj/jdbc/DatabaseMetaData
instanceKlass com/mysql/cj/log/LogFactory
instanceKlass com/mysql/cj/log/NullLogger
instanceKlass com/mysql/cj/result/ValueFactory
instanceKlass com/mysql/cj/protocol/Message
instanceKlass com/mysql/cj/protocol/Protocol
instanceKlass com/mysql/cj/protocol/SocketConnection
instanceKlass com/mysql/cj/DataStoreMetadata
instanceKlass com/mysql/cj/CoreSession
instanceKlass com/mysql/cj/protocol/a/result/NativeResultset
instanceKlass com/mysql/cj/WarningListener
instanceKlass com/mysql/cj/jdbc/result/ResultSetInternalMethods
instanceKlass com/mysql/cj/protocol/Resultset
instanceKlass com/mysql/cj/protocol/ResultsetRowsOwner
instanceKlass com/mysql/cj/jdbc/result/ResultSetFactory
instanceKlass com/mysql/cj/conf/AbstractRuntimeProperty
instanceKlass com/mysql/cj/PerConnectionLRUFactory
instanceKlass com/mysql/cj/util/PerVmServerConfigCacheFactory
instanceKlass com/mysql/cj/CacheAdapterFactory
instanceKlass com/mysql/cj/conf/AbstractPropertyDefinition
instanceKlass com/mysql/cj/conf/PropertyDefinitions
instanceKlass com/mysql/cj/conf/RuntimeProperty
instanceKlass com/mysql/cj/conf/PropertyDefinition
instanceKlass com/mysql/cj/conf/DefaultPropertySet
instanceKlass com/mysql/cj/log/StandardLogger
instanceKlass com/mysql/cj/log/Log
instanceKlass com/mysql/cj/jdbc/result/CachedResultSetMetaData
instanceKlass com/mysql/cj/protocol/ColumnDefinition
instanceKlass com/mysql/cj/protocol/ProtocolEntity
instanceKlass java/sql/SQLXML
instanceKlass java/sql/Blob
instanceKlass java/sql/NClob
instanceKlass java/sql/Clob
instanceKlass com/mysql/cj/jdbc/StatementImpl
instanceKlass com/mysql/cj/jdbc/JdbcPreparedStatement
instanceKlass com/mysql/cj/jdbc/JdbcStatement
instanceKlass com/mysql/cj/Query
instanceKlass java/sql/Savepoint
instanceKlass com/mysql/cj/Session
instanceKlass java/sql/DatabaseMetaData
instanceKlass com/mysql/cj/protocol/ProtocolEntityFactory
instanceKlass com/mysql/cj/jdbc/IterateBlock
instanceKlass com/mysql/cj/exceptions/ExceptionInterceptor
instanceKlass com/mysql/cj/jdbc/ConnectionImpl
instanceKlass com/mysql/cj/Session$SessionEventListener
instanceKlass com/mysql/cj/jdbc/JdbcConnection
instanceKlass com/mysql/cj/TransactionEventHandler
instanceKlass com/mysql/cj/MysqlConnection
instanceKlass com/mysql/cj/jdbc/NonRegisteringDriver$1
instanceKlass java/math/MathContext
instanceKlass com/mysql/cj/Messages
instanceKlass com/mysql/cj/Constants
instanceKlass com/mysql/cj/util/Util
instanceKlass com/mysql/cj/conf/HostInfo
instanceKlass com/mysql/cj/conf/ConnectionUrlParser$Pair
instanceKlass com/mysql/cj/util/StringInspector
instanceKlass com/zaxxer/hikari/util/FastList
instanceKlass com/zaxxer/hikari/pool/PoolEntry
instanceKlass com/zaxxer/hikari/util/ClockSource$NanosecondClockSource
instanceKlass com/zaxxer/hikari/util/ClockSource$Factory
instanceKlass com/zaxxer/hikari/util/ClockSource
instanceKlass java/util/concurrent/ThreadPoolExecutor$DiscardPolicy
instanceKlass com/zaxxer/hikari/util/UtilityElf$DefaultThreadFactory
instanceKlass com/zaxxer/hikari/util/SuspendResumeLock
instanceKlass java/util/concurrent/SynchronousQueue$TransferQueue$QNode
instanceKlass com/zaxxer/hikari/util/ConcurrentBag
instanceKlass com/zaxxer/hikari/pool/HikariPool$PoolEntryCreator
instanceKlass com/zaxxer/hikari/pool/PoolBase$SynchronousExecutor
instanceKlass java/net/URLEncoder
instanceKlass java/net/URLDecoder
instanceKlass com/mysql/cj/util/StringUtils
instanceKlass com/mysql/cj/conf/ConnectionUrlParser
instanceKlass com/mysql/cj/conf/ConnectionUrl
instanceKlass com/mysql/cj/conf/DatabaseUrlContainer
instanceKlass java/sql/DriverManager$2
instanceKlass java/sql/DriverManager$1
instanceKlass com/zaxxer/hikari/util/DriverDataSource
instanceKlass com/zaxxer/hikari/SQLExceptionOverride
instanceKlass com/zaxxer/hikari/metrics/PoolStats
instanceKlass com/zaxxer/hikari/util/ConcurrentBag$IConcurrentBagEntry
instanceKlass com/zaxxer/hikari/pool/PoolBase$IMetricsTrackerDelegate
instanceKlass com/zaxxer/hikari/util/UtilityElf
instanceKlass javax/management/NotificationBroadcasterSupport$ListenerInfo
instanceKlass com/sun/jmx/interceptor/DefaultMBeanServerInterceptor$ListenerWrapper
instanceKlass io/micrometer/core/instrument/binder/tomcat/TomcatMetrics$1
instanceKlass com/sun/jmx/mbeanserver/Repository$ObjectNamePattern
instanceKlass jdk/internal/math/FDBigInteger
instanceKlass org/springframework/util/ConcurrentReferenceHashMap$EntryIterator
instanceKlass java/util/AbstractMap$1$1
instanceKlass org/springframework/context/support/LiveBeansView
instanceKlass org/springframework/context/support/LiveBeansViewMBean
instanceKlass java/time/LocalTime$1
instanceKlass java/time/LocalDate$1
instanceKlass java/time/ZonedDateTime$1
instanceKlass java/time/LocalDateTime$1
instanceKlass org/springframework/scheduling/support/SimpleTriggerContext
instanceKlass org/springframework/scheduling/TriggerContext
instanceKlass org/springframework/scheduling/support/DelegatingErrorHandlingRunnable
instanceKlass org/springframework/scheduling/support/TaskUtils$LoggingErrorHandler
instanceKlass org/springframework/scheduling/support/TaskUtils
instanceKlass org/apache/tomcat/util/net/Acceptor
instanceKlass org/apache/tomcat/util/collections/SynchronizedQueue
instanceKlass org/apache/tomcat/util/net/NioEndpoint$Poller
instanceKlass org/apache/tomcat/util/threads/ThreadPoolExecutor$RejectPolicy
instanceKlass org/apache/tomcat/util/threads/ThreadPoolExecutor$RejectedExecutionHandler
instanceKlass org/springframework/context/support/DefaultLifecycleProcessor$LifecycleGroupMember
instanceKlass javax/servlet/descriptor/JspConfigDescriptor
instanceKlass cn/hutool/core/lang/TypeReference
instanceKlass org/springframework/context/event/EventListener
instanceKlass org/springframework/aop/scope/ScopedObject
instanceKlass org/springframework/aop/RawTargetAccess
instanceKlass org/springframework/boot/actuate/endpoint/web/servlet/WebMvcEndpointHandlerMapping$WebMvcLinksHandler
instanceKlass org/springframework/boot/actuate/endpoint/web/servlet/AbstractWebMvcEndpointHandlerMapping$ServletWebOperationAdapter$FluxBodyConverter
instanceKlass org/springframework/boot/actuate/endpoint/web/servlet/AbstractWebMvcEndpointHandlerMapping$ServletWebOperationAdapter
instanceKlass org/springframework/boot/actuate/endpoint/web/EndpointLinksResolver
instanceKlass org/springframework/web/multipart/MultipartHttpServletRequest
instanceKlass org/springframework/transaction/support/TransactionCallback
instanceKlass org/springframework/transaction/support/AbstractPlatformTransactionManager$SuspendedResourcesHolder
instanceKlass org/springframework/transaction/support/AbstractTransactionStatus
instanceKlass org/springframework/jdbc/core/PreparedStatementCreatorFactory
instanceKlass org/springframework/jdbc/core/namedparam/ParsedSql
instanceKlass org/springframework/jdbc/core/namedparam/NamedParameterUtils
instanceKlass org/springframework/jdbc/core/namedparam/SqlParameterSource
instanceKlass java/sql/CallableStatement
instanceKlass org/springframework/jdbc/core/ParameterizedPreparedStatementSetter
instanceKlass org/springframework/jdbc/support/rowset/SqlRowSet
instanceKlass java/sql/PreparedStatement
instanceKlass org/springframework/jdbc/core/RowCallbackHandler
instanceKlass org/springframework/jdbc/core/CallableStatementCallback
instanceKlass org/springframework/jdbc/support/KeyHolder
instanceKlass org/springframework/data/keyvalue/core/KeyValuePersistenceExceptionTranslator
instanceKlass org/springframework/util/backoff/FixedBackOff$FixedBackOffExecution
instanceKlass org/springframework/data/redis/listener/SynchronizingMessageListener
instanceKlass org/springframework/data/redis/connection/SubscriptionListener$1
instanceKlass org/springframework/data/redis/listener/RedisMessageListenerContainer$DispatchMessageListener
instanceKlass org/springframework/data/redis/connection/MessageListener
instanceKlass org/springframework/data/redis/connection/SubscriptionListener
instanceKlass org/springframework/data/redis/connection/ConnectionUtils
instanceKlass org/springframework/util/backoff/BackOffExecution
instanceKlass org/springframework/util/backoff/FixedBackOff
instanceKlass org/springframework/data/redis/listener/RedisMessageListenerContainer$State
instanceKlass org/springframework/data/redis/listener/RedisMessageListenerContainer$Subscriber
instanceKlass org/springframework/util/backoff/BackOff
instanceKlass org/springframework/data/keyvalue/core/SpelSortAccessor
instanceKlass org/springframework/data/redis/core/RedisQueryEngine$RedisCriteriaAccessor
instanceKlass org/springframework/data/keyvalue/core/CriteriaAccessor
instanceKlass org/springframework/data/keyvalue/core/SortAccessor
instanceKlass org/springframework/data/keyvalue/core/query/KeyValueQuery
instanceKlass org/springframework/data/redis/core/convert/IndexedDataFactoryProvider$IndexedDataFactory
instanceKlass org/springframework/data/redis/core/convert/IndexedDataFactoryProvider
instanceKlass org/springframework/data/redis/domain/geo/GeoLocation
instanceKlass org/springframework/data/redis/core/convert/IndexedData
instanceKlass org/springframework/data/mapping/PropertyHandler
instanceKlass org/springframework/data/redis/core/convert/PathIndexResolver
instanceKlass org/springframework/expression/MethodResolver
instanceKlass org/springframework/data/spel/ExtensionAwareEvaluationContextProvider
instanceKlass org/springframework/data/redis/core/convert/KeyspaceConfiguration$KeyspaceSettings
instanceKlass org/springframework/data/redis/core/index/IndexDefinition
instanceKlass org/springframework/data/mapping/PersistentPropertyPaths
instanceKlass org/springframework/data/mapping/PropertyPath
instanceKlass org/springframework/context/support/DefaultLifecycleProcessor$LifecycleGroup
instanceKlass org/springframework/data/redis/listener/PatternTopic
instanceKlass org/springframework/data/redis/listener/ChannelTopic
instanceKlass org/springframework/data/redis/listener/Topic
instanceKlass org/springframework/data/redis/core/ReactiveRedisSessionCallback
instanceKlass org/springframework/data/redis/listener/ReactiveRedisMessageListenerContainer
instanceKlass org/springframework/data/redis/core/ReactiveRedisCallback
instanceKlass org/springframework/data/redis/core/DefaultReactiveZSetOperations
instanceKlass org/springframework/data/redis/core/DefaultReactiveValueOperations
instanceKlass org/springframework/data/redis/core/DefaultReactiveStreamOperations
instanceKlass org/springframework/data/redis/core/DefaultReactiveSetOperations
instanceKlass org/springframework/data/redis/core/DefaultReactiveListOperations
instanceKlass org/springframework/data/redis/core/DefaultReactiveHyperLogLogOperations
instanceKlass org/springframework/data/redis/core/DefaultReactiveHashOperations
instanceKlass org/springframework/data/redis/core/DefaultReactiveGeoOperations
instanceKlass org/springframework/data/redis/core/script/DefaultReactiveScriptExecutor
instanceKlass org/springframework/data/redis/core/ReactiveGeoOperations
instanceKlass org/springframework/data/redis/core/ReactiveValueOperations
instanceKlass org/springframework/data/redis/core/ReactiveListOperations
instanceKlass org/springframework/data/redis/core/ReactiveHashOperations
instanceKlass org/springframework/data/redis/core/ReactiveStreamOperations
instanceKlass org/springframework/data/redis/core/ReactiveHyperLogLogOperations
instanceKlass org/springframework/data/redis/core/ReactiveZSetOperations
instanceKlass org/springframework/data/redis/core/ReactiveSetOperations
instanceKlass org/springframework/data/redis/core/script/ReactiveScriptExecutor
instanceKlass org/springframework/data/redis/serializer/DefaultRedisSerializationContext
instanceKlass org/springframework/data/redis/serializer/DefaultRedisElementWriter
instanceKlass org/springframework/data/redis/serializer/DefaultRedisElementReader
instanceKlass org/springframework/data/redis/serializer/DefaultSerializationPair
instanceKlass org/springframework/data/redis/serializer/RedisElementReader
instanceKlass org/springframework/data/redis/serializer/RedisElementWriter
instanceKlass org/springframework/data/redis/serializer/RedisSerializerToSerializationPairAdapter
instanceKlass org/springframework/data/redis/serializer/RedisSerializationContext$SerializationPair
instanceKlass org/springframework/data/redis/serializer/DefaultRedisSerializationContext$DefaultRedisSerializationContextBuilder
instanceKlass org/springframework/data/redis/serializer/RedisSerializationContext$RedisSerializationContextBuilder
instanceKlass org/springframework/data/redis/serializer/RedisSerializationContext
instanceKlass org/springframework/web/util/UriTemplateHandler
instanceKlass org/springframework/boot/actuate/metrics/web/client/MetricsClientHttpRequestInterceptor
instanceKlass org/springframework/http/client/ClientHttpRequestInterceptor
instanceKlass org/springframework/http/client/ClientHttpResponse
instanceKlass io/micrometer/core/instrument/util/StringUtils
instanceKlass org/springframework/boot/autoconfigure/task/ScheduledBeanLazyInitializationExcludeFilter
instanceKlass org/springframework/boot/task/TaskSchedulerCustomizer
instanceKlass org/springframework/data/repository/core/support/RepositoryMethodInvocationListener$RepositoryMethodInvocation
instanceKlass org/springframework/boot/actuate/endpoint/web/annotation/RestControllerEndpoint
instanceKlass org/springframework/boot/actuate/endpoint/web/annotation/ControllerEndpoint
instanceKlass org/springframework/boot/actuate/info/JavaInfoContributor
instanceKlass org/springframework/boot/actuate/info/OsInfoContributor
instanceKlass org/springframework/boot/actuate/info/EnvironmentInfoContributor
instanceKlass org/springframework/boot/actuate/info/InfoPropertiesInfoContributor
instanceKlass org/springframework/boot/actuate/info/InfoContributor
instanceKlass org/springframework/boot/actuate/endpoint/web/servlet/SkipPathExtensionContentNegotiation
instanceKlass org/springframework/boot/actuate/endpoint/web/servlet/AbstractWebMvcEndpointHandlerMapping$LinksHandler
instanceKlass org/springframework/boot/actuate/endpoint/web/servlet/AbstractWebMvcEndpointHandlerMapping$OperationHandler
instanceKlass org/springframework/boot/actuate/endpoint/web/EndpointMapping
instanceKlass org/springframework/boot/actuate/endpoint/web/servlet/AbstractWebMvcEndpointHandlerMapping$ServletWebOperation
instanceKlass org/springframework/boot/actuate/endpoint/invoker/cache/CachingOperationInvoker$CacheKey
instanceKlass org/springframework/boot/actuate/endpoint/annotation/Selector
instanceKlass org/springframework/boot/actuate/endpoint/invoke/reflect/OperationMethodParameter
instanceKlass org/springframework/boot/actuate/endpoint/annotation/AbstractDiscoveredOperation
instanceKlass org/springframework/boot/actuate/endpoint/web/WebOperationRequestPredicate
instanceKlass org/springframework/boot/actuate/endpoint/web/WebEndpointResponse
instanceKlass org/springframework/boot/actuate/endpoint/invoker/cache/CachingOperationInvoker$CachedResponse
instanceKlass org/springframework/boot/actuate/endpoint/invoker/cache/CachingOperationInvoker
instanceKlass org/springframework/boot/actuate/endpoint/invoke/reflect/ReflectiveOperationInvoker
instanceKlass org/springframework/boot/actuate/endpoint/invoke/reflect/OperationMethodParameters
instanceKlass java/util/Collections$UnmodifiableMap$UnmodifiableEntrySet$UnmodifiableEntrySetSpliterator
instanceKlass org/springframework/boot/actuate/endpoint/AbstractExposableEndpoint
instanceKlass org/springframework/boot/actuate/endpoint/annotation/DiscoveredEndpoint
instanceKlass org/springframework/boot/actuate/endpoint/web/annotation/RequestPredicateFactory
instanceKlass org/springframework/boot/actuate/endpoint/invoke/OperationParameters
instanceKlass org/springframework/boot/actuate/autoconfigure/endpoint/EndpointIdTimeToLivePropertyFunction
instanceKlass org/springframework/boot/actuate/endpoint/web/WebOperation
instanceKlass org/springframework/boot/actuate/endpoint/invoke/convert/ConversionServiceParameterValueMapper
instanceKlass org/springframework/boot/actuate/endpoint/annotation/EndpointConverter
instanceKlass org/springframework/boot/actuate/health/HealthIndicatorReactiveAdapter
instanceKlass org/springframework/boot/actuate/health/HealthEndpointSupport$HealthResult
instanceKlass org/springframework/boot/actuate/endpoint/SecurityContext
instanceKlass org/springframework/boot/actuate/endpoint/Producible
instanceKlass org/springframework/boot/actuate/health/NamedContributor
instanceKlass org/springframework/boot/actuate/health/HealthContributorNameFactory
instanceKlass org/springframework/boot/actuate/health/DefaultContributorRegistry
instanceKlass org/springframework/boot/actuate/autoconfigure/health/HealthEndpointConfiguration$AdaptedReactiveHealthContributors$1
instanceKlass org/springframework/boot/actuate/health/CompositeHealthContributor
instanceKlass org/springframework/boot/actuate/autoconfigure/health/HealthEndpointConfiguration$AdaptedReactiveHealthContributors
instanceKlass org/springframework/data/redis/connection/ClusterInfo
instanceKlass org/springframework/boot/actuate/health/AbstractReactiveHealthIndicator
instanceKlass org/springframework/boot/actuate/health/ReactiveHealthIndicator
instanceKlass org/springframework/jdbc/core/PreparedStatementSetter
instanceKlass org/springframework/jdbc/core/SqlParameter
instanceKlass org/springframework/jdbc/core/BatchPreparedStatementSetter
instanceKlass org/springframework/jdbc/core/ResultSetExtractor
instanceKlass org/springframework/jdbc/core/PreparedStatementCallback
instanceKlass org/springframework/jdbc/core/CallableStatementCreator
instanceKlass java/sql/Statement
instanceKlass org/springframework/jdbc/core/StatementCallback
instanceKlass org/springframework/jdbc/core/PreparedStatementCreator
instanceKlass org/springframework/jdbc/core/RowMapper
instanceKlass org/springframework/boot/actuate/health/HealthComponent
instanceKlass org/springframework/boot/actuate/health/Health$Builder
instanceKlass org/springframework/boot/actuate/endpoint/web/WebServerNamespace
instanceKlass org/springframework/boot/actuate/health/AdditionalHealthEndpointPath
instanceKlass org/springframework/boot/actuate/autoconfigure/health/AutoConfiguredHealthEndpointGroup
instanceKlass org/springframework/boot/actuate/health/HealthEndpointGroup
instanceKlass org/springframework/boot/actuate/autoconfigure/health/AutoConfiguredHealthEndpointGroups
instanceKlass org/springframework/boot/actuate/health/SimpleHttpCodeStatusMapper
instanceKlass org/springframework/boot/actuate/health/SimpleStatusAggregator$StatusComparator
instanceKlass org/springframework/boot/actuate/health/Status
instanceKlass org/springframework/boot/actuate/health/SimpleStatusAggregator
instanceKlass org/springframework/boot/actuate/autoconfigure/health/HealthProperties$Status
instanceKlass org/springdoc/core/customizers/RouterOperationCustomizer
instanceKlass io/swagger/v3/oas/annotations/OpenAPIDefinition
instanceKlass com/fasterxml/jackson/annotation/JsonIgnore
instanceKlass org/springdoc/core/customizers/ServerBaseUrlCustomizer
instanceKlass org/springdoc/core/customizers/OpenApiBuilderCustomizer
instanceKlass org/springdoc/core/filters/GlobalOpenApiMethodFilter
instanceKlass org/springdoc/core/customizers/GlobalOperationCustomizer
instanceKlass org/springdoc/core/customizers/OperationCustomizer
instanceKlass org/springdoc/core/ControllerAdviceInfo
instanceKlass org/springframework/core/annotation/RepeatableContainers$1
instanceKlass org/springdoc/core/ParameterId
instanceKlass org/springframework/web/bind/annotation/RequestAttribute
instanceKlass org/springframework/web/bind/support/SessionStatus
instanceKlass org/springdoc/core/customizers/ParameterCustomizer
instanceKlass org/springframework/web/servlet/function/RouterFunctions$Visitor
instanceKlass org/springdoc/core/providers/SecurityOAuth2Provider
instanceKlass org/springdoc/core/SpringDocConfiguration$1
instanceKlass io/swagger/v3/oas/annotations/security/SecurityScheme
instanceKlass io/swagger/v3/oas/annotations/security/OAuthFlows
instanceKlass io/swagger/v3/oas/annotations/security/OAuthFlow
instanceKlass io/swagger/v3/oas/annotations/security/OAuthScope
instanceKlass org/springdoc/core/RequestBodyInfo
instanceKlass org/springdoc/core/ParameterInfo
instanceKlass org/springframework/web/multipart/MultipartRequest
instanceKlass org/springframework/web/multipart/MultipartFile
instanceKlass org/springdoc/core/providers/JavadocProvider
instanceKlass org/apache/commons/lang3/reflect/MemberUtils
instanceKlass org/apache/commons/lang3/Validate
instanceKlass org/apache/commons/lang3/reflect/FieldUtils
instanceKlass io/swagger/v3/core/jackson/TypeNameResolver
instanceKlass io/swagger/v3/core/jackson/AbstractModelConverter
instanceKlass io/swagger/v3/core/converter/ModelConverters
instanceKlass org/springdoc/core/converters/models/Pageable
instanceKlass org/springdoc/core/customizers/DataRestDelegatingMethodParameterCustomizer$DefaultSort
instanceKlass org/springdoc/core/customizers/DataRestDelegatingMethodParameterCustomizer
instanceKlass org/springdoc/core/providers/RepositoryRestConfigurationProvider
instanceKlass org/springdoc/core/converters/models/Sort
instanceKlass io/swagger/v3/core/converter/ModelConverterContext
instanceKlass io/swagger/v3/core/converter/AnnotatedType
instanceKlass io/lettuce/core/resource/SocketAddressResolver
instanceKlass io/lettuce/core/metrics/CommandLatencyCollector
instanceKlass io/lettuce/core/metrics/MetricCollector
instanceKlass reactor/core/publisher/Hooks
instanceKlass reactor/util/concurrent/MpscLinkedQueue$LinkedQueueNode
instanceKlass reactor/util/concurrent/Queues
instanceKlass reactor/core/publisher/FluxCreate$SerializedFluxSink
instanceKlass reactor/util/context/Context0
instanceKlass reactor/util/context/CoreContext
instanceKlass reactor/core/publisher/Operators$1
instanceKlass reactor/core/publisher/OnNextFailureStrategy
instanceKlass reactor/core/Fuseable$ConditionalSubscriber
instanceKlass reactor/core/publisher/Operators
instanceKlass reactor/util/context/Context
instanceKlass reactor/core/Disposables$AlwaysDisposable
instanceKlass reactor/core/Disposable$Composite
instanceKlass reactor/core/Disposable$Swap
instanceKlass reactor/core/Disposables
instanceKlass reactor/core/publisher/OperatorDisposables
instanceKlass reactor/util/context/ContextView
instanceKlass reactor/core/publisher/FluxCreate$1
instanceKlass reactor/core/publisher/InternalManySink
instanceKlass reactor/core/publisher/Sinks$Many
instanceKlass reactor/core/publisher/InnerProducer
instanceKlass reactor/core/publisher/FluxSink
instanceKlass reactor/core/publisher/ContextHolder
instanceKlass reactor/core/publisher/DirectInnerContainer
instanceKlass io/lettuce/core/event/jfr/JfrEventRecorder
instanceKlass io/lettuce/core/event/jfr/EventRecorder$RecordableEvent
instanceKlass io/lettuce/core/event/jfr/EventRecorderHolder
instanceKlass io/lettuce/core/event/jfr/EventRecorder
instanceKlass reactor/core/scheduler/SchedulerState
instanceKlass java/util/concurrent/Executors$DefaultThreadFactory
instanceKlass reactor/core/scheduler/Scheduler$Worker
instanceKlass reactor/core/scheduler/DelegateServiceScheduler
instanceKlass reactor/core/scheduler/SchedulerState$DisposeAwaiter
instanceKlass reactor/util/Loggers$Slf4JLogger
instanceKlass reactor/util/Logger
instanceKlass reactor/util/Loggers$Slf4JLoggerFactory
instanceKlass reactor/util/Loggers
instanceKlass reactor/core/scheduler/Schedulers$1
instanceKlass reactor/core/scheduler/Scheduler
instanceKlass reactor/core/scheduler/Schedulers$Factory
instanceKlass reactor/core/scheduler/Schedulers
instanceKlass io/lettuce/core/event/DefaultEventBus
instanceKlass io/lettuce/core/resource/DefaultEventLoopGroupProvider
instanceKlass io/lettuce/core/tracing/NoOpTracing$1
instanceKlass io/lettuce/core/tracing/Tracing$Endpoint
instanceKlass io/lettuce/core/tracing/TracerProvider
instanceKlass io/lettuce/core/tracing/TraceContextProvider
instanceKlass io/lettuce/core/tracing/Tracing
instanceKlass io/lettuce/core/internal/LettuceAssert
instanceKlass io/lettuce/core/event/DefaultEventPublisherOptions$Builder
instanceKlass io/lettuce/core/event/DefaultEventPublisherOptions
instanceKlass io/lettuce/core/metrics/DefaultCommandLatencyCollectorOptions$Builder
instanceKlass io/lettuce/core/metrics/CommandLatencyCollectorOptions$Builder
instanceKlass io/lettuce/core/metrics/DefaultCommandLatencyCollectorOptions
instanceKlass io/lettuce/core/resource/ThreadFactoryProvider
instanceKlass io/lettuce/core/event/EventPublisherOptions
instanceKlass io/lettuce/core/metrics/CommandLatencyCollectorOptions
instanceKlass io/lettuce/core/resource/EpollProvider
instanceKlass io/lettuce/core/resource/IOUringProvider
instanceKlass io/lettuce/core/resource/EventLoopResourcesWrapper
instanceKlass io/lettuce/core/resource/EventLoopResources
instanceKlass io/lettuce/core/resource/KqueueProvider
instanceKlass io/lettuce/core/resource/Transports$NativeTransports
instanceKlass io/lettuce/core/resource/Transports
instanceKlass io/lettuce/core/resource/AddressResolverGroupProvider$DefaultDnsAddressResolverGroupWrapper
instanceKlass io/lettuce/core/internal/LettuceClassUtils
instanceKlass io/lettuce/core/resource/AddressResolverGroupProvider
instanceKlass io/lettuce/core/resource/Delay$StatefulDelay
instanceKlass io/lettuce/core/resource/Delay
instanceKlass io/lettuce/core/resource/NettyCustomizer
instanceKlass io/lettuce/core/resource/DnsResolver
instanceKlass io/lettuce/core/event/metrics/MetricEventPublisher
instanceKlass io/lettuce/core/event/EventBus
instanceKlass io/lettuce/core/resource/EventLoopGroupProvider
instanceKlass io/lettuce/core/metrics/MicrometerOptions$Builder
instanceKlass com/baomidou/mybatisplus/extension/ddl/IDdl
instanceKlass org/springframework/web/servlet/view/ContentNegotiatingViewResolver$1
instanceKlass org/springframework/web/servlet/view/AbstractCachingViewResolver$CacheFilter
instanceKlass org/springframework/web/servlet/view/AbstractCachingViewResolver$1
instanceKlass org/springframework/web/servlet/view/DefaultRequestToViewNameTranslator
instanceKlass org/springframework/web/servlet/view/ViewResolverComposite
instanceKlass org/springframework/web/servlet/config/annotation/UrlBasedViewResolverRegistration
instanceKlass org/springframework/web/servlet/handler/HandlerExceptionResolverComposite
instanceKlass org/springframework/web/method/annotation/ExceptionHandlerMethodResolver
instanceKlass org/springframework/web/servlet/function/ServerResponse
instanceKlass org/springframework/web/servlet/function/ServerResponse$Context
instanceKlass org/springframework/web/servlet/resource/DefaultResourceTransformerChain
instanceKlass org/springframework/web/servlet/resource/DefaultResourceResolverChain
instanceKlass org/webjars/WebJarAssetLocator$WebJarInfo
instanceKlass java/io/RandomAccessFile$1
instanceKlass io/github/classgraph/PotentiallyUnmodifiableList$1
instanceKlass io/github/classgraph/ResourceList$1
instanceKlass io/github/classgraph/ResourceList$ResourceFilter
instanceKlass nonapi/io/github/classgraph/utils/URLPathEncoder
instanceKlass io/github/classgraph/Scanner$4
instanceKlass io/github/classgraph/Scanner$3
instanceKlass nonapi/io/github/classgraph/fastzipfilereader/NestedJarHandler$RecyclableInflater
instanceKlass nonapi/io/github/classgraph/recycler/Resettable
instanceKlass nonapi/io/github/classgraph/fastzipfilereader/FastZipEntry
instanceKlass nonapi/io/github/classgraph/utils/StringUtils
instanceKlass nonapi/io/github/classgraph/fileslice/reader/RandomAccessArrayReader
instanceKlass nonapi/io/github/classgraph/fileslice/reader/RandomAccessFileChannelReader
instanceKlass nonapi/io/github/classgraph/fastzipfilereader/ZipFileSlice
instanceKlass nonapi/io/github/classgraph/fileslice/reader/RandomAccessReader
instanceKlass nonapi/io/github/classgraph/fastzipfilereader/PhysicalZipFile
instanceKlass sun/nio/fs/WindowsUriSupport
instanceKlass io/github/classgraph/Resource
instanceKlass io/github/classgraph/ClasspathElement
instanceKlass io/github/classgraph/Scanner$2$1
instanceKlass sun/nio/fs/WindowsFileSystemProvider$1
instanceKlass sun/nio/fs/WindowsLinkSupport
instanceKlass nonapi/io/github/classgraph/concurrency/WorkQueue$1
instanceKlass nonapi/io/github/classgraph/concurrency/WorkQueue$WorkUnitWrapper
instanceKlass nonapi/io/github/classgraph/concurrency/WorkQueue
instanceKlass nonapi/io/github/classgraph/concurrency/SingletonMap$NewInstanceFactory
instanceKlass io/github/classgraph/Scanner$2
instanceKlass io/github/classgraph/Scanner$ClasspathEntryWorkUnit
instanceKlass nonapi/io/github/classgraph/classpath/ClasspathOrder$ClasspathEntry
instanceKlass nonapi/io/github/classgraph/classpath/SystemJarFinder$1
instanceKlass nonapi/io/github/classgraph/classpath/SystemJarFinder
instanceKlass nonapi/io/github/classgraph/utils/JarUtils
instanceKlass nonapi/io/github/classgraph/reflection/StandardReflectionDriver$1
instanceKlass java/util/AbstractMap$SimpleEntry
instanceKlass nonapi/io/github/classgraph/classpath/ClassLoaderFinder
instanceKlass nonapi/io/github/classgraph/classloaderhandler/FallbackClassLoaderHandler
instanceKlass nonapi/io/github/classgraph/classloaderhandler/ClassGraphClassLoaderHandler
instanceKlass nonapi/io/github/classgraph/classloaderhandler/URLClassLoaderHandler
instanceKlass nonapi/io/github/classgraph/classloaderhandler/JPMSClassLoaderHandler
instanceKlass nonapi/io/github/classgraph/classloaderhandler/ParentLastDelegationOrderTestClassLoaderHandler
instanceKlass nonapi/io/github/classgraph/classloaderhandler/UnoOneJarClassLoaderHandler
instanceKlass nonapi/io/github/classgraph/classloaderhandler/QuarkusClassLoaderHandler
instanceKlass nonapi/io/github/classgraph/classloaderhandler/PlexusClassWorldsClassRealmClassLoaderHandler
instanceKlass nonapi/io/github/classgraph/classloaderhandler/CxfContainerClassLoaderHandler
instanceKlass nonapi/io/github/classgraph/classloaderhandler/TomcatWebappClassLoaderBaseHandler
instanceKlass nonapi/io/github/classgraph/classloaderhandler/SpringBootRestartClassLoaderHandler
instanceKlass nonapi/io/github/classgraph/classloaderhandler/OSGiDefaultClassLoaderHandler
instanceKlass nonapi/io/github/classgraph/classloaderhandler/WebsphereTraditionalClassLoaderHandler
instanceKlass nonapi/io/github/classgraph/classloaderhandler/WebsphereLibertyClassLoaderHandler
instanceKlass nonapi/io/github/classgraph/classloaderhandler/WeblogicClassLoaderHandler
instanceKlass nonapi/io/github/classgraph/classloaderhandler/JBossClassLoaderHandler
instanceKlass nonapi/io/github/classgraph/classloaderhandler/FelixClassLoaderHandler
instanceKlass nonapi/io/github/classgraph/classloaderhandler/EquinoxContextFinderClassLoaderHandler
instanceKlass nonapi/io/github/classgraph/classloaderhandler/EquinoxClassLoaderHandler
instanceKlass nonapi/io/github/classgraph/classpath/ClassLoaderOrder
instanceKlass nonapi/io/github/classgraph/utils/LogNode
instanceKlass nonapi/io/github/classgraph/classloaderhandler/AntClassLoaderHandler
instanceKlass nonapi/io/github/classgraph/classloaderhandler/ClassLoaderHandler
instanceKlass nonapi/io/github/classgraph/classloaderhandler/ClassLoaderHandlerRegistry$ClassLoaderHandlerRegistryEntry
instanceKlass nonapi/io/github/classgraph/classloaderhandler/ClassLoaderHandlerRegistry
instanceKlass nonapi/io/github/classgraph/classpath/ClasspathOrder
instanceKlass io/github/classgraph/ModuleRef
instanceKlass nonapi/io/github/classgraph/reflection/ReflectionDriver$ClassMemberCache
instanceKlass nonapi/io/github/classgraph/concurrency/SingletonMap$SingletonHolder
instanceKlass java/lang/StackStreamFactory$FrameBuffer
instanceKlass java/lang/StackStreamFactory$1
instanceKlass java/lang/StackStreamFactory
instanceKlass nonapi/io/github/classgraph/classpath/CallStackReader$1
instanceKlass nonapi/io/github/classgraph/classpath/CallStackReader$2
instanceKlass nonapi/io/github/classgraph/classpath/CallStackReader
instanceKlass nonapi/io/github/classgraph/classpath/ModuleFinder
instanceKlass nonapi/io/github/classgraph/classpath/ClasspathFinder
instanceKlass nonapi/io/github/classgraph/fileslice/Slice
instanceKlass nonapi/io/github/classgraph/recycler/Recycler
instanceKlass nonapi/io/github/classgraph/fastzipfilereader/NestedJarHandler
instanceKlass nonapi/io/github/classgraph/utils/CollectionUtils
instanceKlass nonapi/io/github/classgraph/concurrency/WorkQueue$WorkUnitProcessor
instanceKlass io/github/classgraph/Scanner
instanceKlass nonapi/io/github/classgraph/concurrency/InterruptionChecker
instanceKlass nonapi/io/github/classgraph/concurrency/SimpleThreadFactory
instanceKlass nonapi/io/github/classgraph/utils/FastPathResolver
instanceKlass nonapi/io/github/classgraph/utils/FileUtils$2
instanceKlass nonapi/io/github/classgraph/utils/VersionFinder
instanceKlass java/security/DomainCombiner
instanceKlass nonapi/io/github/classgraph/reflection/ReflectionUtils$PrivilegedActionInvocationHandler
instanceKlass nonapi/io/github/classgraph/concurrency/SingletonMap
instanceKlass nonapi/io/github/classgraph/reflection/ReflectionDriver
instanceKlass nonapi/io/github/classgraph/reflection/ReflectionUtils
instanceKlass nonapi/io/github/classgraph/utils/FileUtils$1
instanceKlass nonapi/io/github/classgraph/utils/FileUtils
instanceKlass io/github/classgraph/ScanResult
instanceKlass io/github/classgraph/ModulePathInfo
instanceKlass nonapi/io/github/classgraph/scanspec/AcceptReject
instanceKlass nonapi/io/github/classgraph/scanspec/ScanSpec
instanceKlass io/github/classgraph/ClassGraph
instanceKlass org/springframework/web/HttpRequestHandler
instanceKlass org/springframework/web/servlet/resource/ResourceTransformerSupport
instanceKlass org/springframework/web/servlet/resource/CachingResourceTransformer
instanceKlass org/springframework/web/servlet/resource/AbstractResourceResolver
instanceKlass org/springframework/cache/Cache$ValueWrapper
instanceKlass org/springframework/web/servlet/function/HandlerFunction
instanceKlass org/springframework/web/servlet/function/ServerRequest
instanceKlass io/swagger/v3/core/filter/OpenAPISpecFilter
instanceKlass org/springdoc/core/providers/CloudFunctionProvider
instanceKlass org/springdoc/core/annotations/RouterOperation
instanceKlass org/springdoc/core/customizers/OpenApiLocaleCustomizer
instanceKlass org/springdoc/core/filters/OpenApiMethodFilter
instanceKlass org/springdoc/core/fn/RouterFunctionData
instanceKlass org/springdoc/core/MethodAttributes
instanceKlass org/springdoc/core/fn/RouterOperation
instanceKlass org/springdoc/core/providers/RepositoryRestResourceProvider
instanceKlass org/springdoc/core/fn/AbstractRouterFunctionVisitor
instanceKlass org/springframework/web/util/pattern/PathPattern$MatchingContext
instanceKlass org/springframework/http/server/DefaultPathContainer$DefaultPathSegment
instanceKlass org/springframework/web/servlet/handler/AbstractHandlerMethodMapping$MappingRegistration
instanceKlass org/springframework/web/servlet/mvc/method/RequestMappingInfo$DefaultBuilder
instanceKlass org/springframework/util/MimeTypeUtils
instanceKlass org/springframework/web/servlet/mvc/condition/AbstractMediaTypeExpression
instanceKlass org/springframework/web/servlet/mvc/condition/MediaTypeExpression
instanceKlass org/springframework/web/servlet/mvc/method/RequestMappingInfo$Builder
instanceKlass org/springframework/web/servlet/mvc/condition/AbstractRequestCondition
instanceKlass org/springframework/web/bind/annotation/CrossOrigin
instanceKlass org/springframework/web/servlet/mvc/method/RequestMappingInfo
instanceKlass org/springframework/web/servlet/mvc/condition/RequestCondition
instanceKlass org/springframework/web/servlet/mvc/method/RequestMappingInfo$BuilderConfiguration
instanceKlass org/springframework/web/servlet/mvc/method/RequestMappingInfoHandlerMethodMappingNamingStrategy
instanceKlass org/springframework/web/servlet/handler/AbstractHandlerMethodMapping$MappingRegistry
instanceKlass org/springframework/web/servlet/mvc/method/RequestMappingInfoHandlerMapping$HttpOptionsHandler
instanceKlass org/springframework/web/cors/CorsConfiguration$OriginPattern
instanceKlass org/springframework/web/servlet/handler/AbstractHandlerMethodMapping$EmptyHandler
instanceKlass org/springframework/web/servlet/handler/HandlerMethodMappingNamingStrategy
instanceKlass org/springframework/web/servlet/support/AbstractFlashMapManager
instanceKlass org/springframework/web/servlet/theme/AbstractThemeResolver
instanceKlass org/springframework/web/servlet/i18n/AcceptHeaderLocaleResolver
instanceKlass org/springframework/http/server/RequestPath
instanceKlass org/springframework/web/servlet/handler/RequestMatchResult
instanceKlass java/util/Comparators$NullComparator
instanceKlass org/springframework/http/server/DefaultPathContainer$DefaultSeparator
instanceKlass org/springframework/http/server/PathContainer$Separator
instanceKlass org/springframework/http/server/PathContainer$PathSegment
instanceKlass org/springframework/http/server/PathContainer$Element
instanceKlass org/springframework/http/server/DefaultPathContainer
instanceKlass org/springframework/http/server/PathContainer
instanceKlass org/springframework/web/util/pattern/PathPattern
instanceKlass org/springframework/web/util/pattern/PathElement
instanceKlass org/springframework/web/util/pattern/InternalPathPatternParser
instanceKlass org/springframework/web/servlet/handler/MappedInterceptor$PatternAdapter
instanceKlass org/springframework/web/servlet/handler/MappedInterceptor
instanceKlass org/springframework/web/servlet/resource/ResourceUrlProviderExposingInterceptor
instanceKlass org/springframework/web/servlet/handler/ConversionServiceExposingInterceptor
instanceKlass org/springframework/boot/actuate/metrics/web/servlet/LongTaskTimingHandlerInterceptor
instanceKlass org/springframework/web/servlet/config/annotation/InterceptorRegistration
instanceKlass org/springframework/boot/autoconfigure/web/servlet/WelcomePage
instanceKlass org/springframework/web/cors/DefaultCorsProcessor
instanceKlass org/springframework/web/cors/CorsProcessor
instanceKlass org/springframework/web/servlet/resource/ResourceResolverChain
instanceKlass org/springframework/web/servlet/mvc/method/annotation/ViewNameMethodReturnValueHandler
instanceKlass org/springframework/web/servlet/mvc/method/annotation/AsyncTaskMethodReturnValueHandler
instanceKlass org/springframework/util/concurrent/ListenableFutureCallback
instanceKlass org/springframework/util/concurrent/FailureCallback
instanceKlass org/springframework/util/concurrent/SuccessCallback
instanceKlass org/springframework/web/servlet/mvc/method/annotation/DeferredResultMethodReturnValueHandler
instanceKlass org/springframework/web/servlet/mvc/method/annotation/CallableMethodReturnValueHandler
instanceKlass org/springframework/web/servlet/mvc/method/annotation/HttpHeadersReturnValueHandler
instanceKlass org/springframework/web/servlet/mvc/method/annotation/StreamingResponseBodyReturnValueHandler
instanceKlass org/springframework/core/task/SyncTaskExecutor
instanceKlass org/springframework/web/servlet/mvc/method/annotation/ResponseBodyEmitter
instanceKlass org/springframework/web/servlet/mvc/method/annotation/ReactiveTypeHandler
instanceKlass org/springframework/web/servlet/mvc/method/annotation/ResponseBodyEmitter$Handler
instanceKlass org/springframework/web/servlet/mvc/method/annotation/ResponseBodyEmitterReturnValueHandler
instanceKlass org/springframework/web/servlet/mvc/method/annotation/ViewMethodReturnValueHandler
instanceKlass org/springframework/web/servlet/mvc/method/annotation/ModelAndViewMethodReturnValueHandler
instanceKlass org/springframework/web/servlet/mvc/method/annotation/PrincipalMethodArgumentResolver
instanceKlass org/springframework/web/servlet/mvc/method/annotation/UriComponentsBuilderMethodArgumentResolver
instanceKlass org/springframework/web/method/annotation/SessionStatusMethodArgumentResolver
instanceKlass org/springframework/web/method/annotation/ErrorsMethodArgumentResolver
instanceKlass org/springframework/web/method/annotation/MapMethodProcessor
instanceKlass org/springframework/web/method/annotation/ModelMethodProcessor
instanceKlass org/springframework/web/servlet/mvc/support/RedirectAttributes
instanceKlass org/springframework/ui/Model
instanceKlass org/springframework/web/servlet/mvc/method/annotation/RedirectAttributesMethodArgumentResolver
instanceKlass org/springframework/web/servlet/mvc/method/annotation/ServletResponseMethodArgumentResolver
instanceKlass org/springframework/web/servlet/mvc/method/annotation/ServletRequestMethodArgumentResolver
instanceKlass javax/servlet/http/PushBuilder
instanceKlass javax/servlet/http/Part
instanceKlass javax/servlet/http/HttpUpgradeHandler
instanceKlass javax/servlet/http/Cookie
instanceKlass javax/servlet/http/HttpServletMapping
instanceKlass org/springframework/web/method/annotation/RequestHeaderMapMethodArgumentResolver
instanceKlass org/springframework/web/servlet/mvc/method/annotation/RequestResponseBodyAdviceChain
instanceKlass org/springframework/core/io/support/ResourceRegion
instanceKlass org/springframework/core/ParameterizedTypeReference
instanceKlass org/springframework/http/server/ServerHttpRequest
instanceKlass org/springframework/http/HttpRequest
instanceKlass org/springframework/http/server/ServerHttpResponse
instanceKlass org/springframework/web/servlet/mvc/method/annotation/AbstractMessageConverterMethodArgumentResolver
instanceKlass org/springframework/validation/DataBinder
instanceKlass org/springframework/web/servlet/mvc/method/annotation/MatrixVariableMapMethodArgumentResolver
instanceKlass org/springframework/web/servlet/mvc/method/annotation/PathVariableMapMethodArgumentResolver
instanceKlass org/springframework/web/method/annotation/RequestParamMapMethodArgumentResolver
instanceKlass org/springframework/web/method/annotation/AbstractNamedValueMethodArgumentResolver$NamedValueInfo
instanceKlass org/springframework/web/method/annotation/AbstractNamedValueMethodArgumentResolver
instanceKlass org/springframework/web/bind/annotation/InitBinder
instanceKlass org/springframework/web/bind/annotation/ModelAttribute
instanceKlass org/springframework/web/method/HandlerTypePredicate$Builder
instanceKlass org/springframework/web/method/HandlerTypePredicate
instanceKlass org/springframework/web/method/support/HandlerMethodReturnValueHandlerComposite
instanceKlass org/springframework/web/method/support/HandlerMethodArgumentResolverComposite
instanceKlass org/springframework/http/CacheControl
instanceKlass org/springframework/web/method/annotation/ModelFactory
instanceKlass org/springframework/web/method/ControllerAdviceBean
instanceKlass org/springframework/web/method/annotation/SessionAttributesHandler
instanceKlass org/springframework/web/servlet/mvc/method/annotation/AbstractMappingJacksonResponseBodyAdvice
instanceKlass org/springframework/web/servlet/mvc/method/annotation/ResponseBodyAdvice
instanceKlass org/springframework/web/servlet/mvc/method/annotation/RequestBodyAdviceAdapter
instanceKlass org/springframework/web/servlet/mvc/method/annotation/RequestBodyAdvice
instanceKlass org/springframework/data/web/PageableDefault
instanceKlass org/springframework/data/domain/AbstractPageRequest
instanceKlass org/springframework/lang/NonNull
instanceKlass org/springframework/web/method/support/ModelAndViewContainer
instanceKlass org/springframework/data/web/SortDefault
instanceKlass org/springframework/data/web/SortDefault$SortDefaults
instanceKlass org/springframework/data/domain/Sort$Order
instanceKlass org/springframework/core/NestedExceptionUtils
instanceKlass com/fasterxml/jackson/databind/jsonschema/JsonSchema
instanceKlass com/fasterxml/jackson/databind/MappingIterator
instanceKlass com/fasterxml/jackson/annotation/JsonAutoDetect$Value
instanceKlass com/fasterxml/jackson/databind/cfg/ConstructorDetector
instanceKlass com/fasterxml/jackson/databind/jsonFormatVisitors/JsonFormatVisitorWrapper
instanceKlass com/fasterxml/jackson/databind/jsonFormatVisitors/JsonFormatVisitorWithSerializerProvider
instanceKlass com/fasterxml/jackson/databind/deser/DeserializationProblemHandler
instanceKlass com/fasterxml/jackson/core/io/CharacterEscapes
instanceKlass com/fasterxml/jackson/databind/ObjectWriter
instanceKlass com/fasterxml/jackson/databind/InjectableValues
instanceKlass com/fasterxml/jackson/core/FormatSchema
instanceKlass com/fasterxml/jackson/module/paramnames/ParameterExtractor
instanceKlass java/lang/SafeVarargs
instanceKlass org/springframework/data/geo/GeoModule$PolygonMixin
instanceKlass org/springframework/data/geo/Polygon
instanceKlass org/springframework/data/geo/GeoModule$CircleMixin
instanceKlass org/springframework/data/geo/Circle
instanceKlass org/springframework/data/geo/GeoModule$BoxMixin
instanceKlass org/springframework/data/geo/Box
instanceKlass org/springframework/data/geo/Shape
instanceKlass org/springframework/data/geo/GeoModule$PointMixin
instanceKlass org/springframework/data/geo/GeoModule$DistanceMixin
instanceKlass org/springframework/boot/jackson/JsonMixin
instanceKlass org/springframework/core/annotation/TypeMappedAnnotations$1
instanceKlass org/springframework/boot/jackson/JsonComponent
instanceKlass com/fasterxml/jackson/databind/jsontype/NamedType
instanceKlass com/fasterxml/jackson/databind/PropertyNamingStrategy
instanceKlass com/fasterxml/jackson/databind/deser/ValueInstantiator
instanceKlass com/fasterxml/jackson/module/paramnames/PackageVersion
instanceKlass org/springframework/core/convert/support/MapToMapConverter$MapEntry
instanceKlass java/util/EnumMap$EntryIterator$Entry
instanceKlass java/util/EnumMap$EnumMapIterator
instanceKlass org/springframework/http/HttpHeaders
instanceKlass org/springframework/web/bind/support/DefaultSessionAttributeStore
instanceKlass org/springframework/web/context/request/async/DeferredResultProcessingInterceptor
instanceKlass org/springframework/util/ConcurrencyThrottleSupport
instanceKlass org/springframework/util/concurrent/ListenableFuture
instanceKlass org/springframework/web/bind/support/DefaultDataBinderFactory
instanceKlass org/springframework/web/bind/support/WebDataBinderFactory
instanceKlass org/springframework/web/bind/support/SessionAttributeStore
instanceKlass org/springframework/beans/factory/config/NamedBeanHolder
instanceKlass org/springframework/beans/factory/NamedBean
instanceKlass org/springframework/boot/autoconfigure/validation/ValidatorAdapter
instanceKlass org/springframework/util/ConcurrentLruCache
instanceKlass org/springframework/data/repository/support/Repositories
instanceKlass org/springframework/data/repository/support/DomainClassConverter
instanceKlass org/springframework/data/geo/Point
instanceKlass org/springframework/data/geo/Distance
instanceKlass org/springframework/data/geo/Metric
instanceKlass org/springframework/boot/autoconfigure/web/format/DateTimeFormatters
instanceKlass org/springframework/web/context/request/NativeWebRequest
instanceKlass org/springframework/web/accept/HeaderContentNegotiationStrategy
instanceKlass org/springframework/web/accept/MappingMediaTypeFileExtensionResolver
instanceKlass org/springframework/web/accept/ContentNegotiationManagerFactoryBean
instanceKlass org/springframework/web/servlet/resource/ResourceTransformerChain
instanceKlass org/springdoc/ui/AbstractSwaggerIndexTransformer
instanceKlass com/fasterxml/jackson/core/FormatFeature
instanceKlass com/fasterxml/jackson/dataformat/yaml/util/StringQuotingChecker
instanceKlass io/swagger/v3/core/util/Yaml
instanceKlass io/swagger/v3/core/jackson/mixin/DiscriminatorMixin
instanceKlass io/swagger/v3/oas/models/media/Discriminator
instanceKlass io/swagger/v3/core/jackson/mixin/OpenAPIMixin
instanceKlass io/swagger/v3/core/jackson/mixin/LicenseMixin
instanceKlass io/swagger/v3/oas/models/info/License
instanceKlass io/swagger/v3/core/jackson/mixin/InfoMixin
instanceKlass io/swagger/v3/oas/models/info/Info
instanceKlass io/swagger/v3/core/jackson/mixin/ComponentsMixin
instanceKlass io/swagger/v3/oas/models/Components
instanceKlass io/swagger/v3/core/jackson/mixin/DateSchemaMixin
instanceKlass io/swagger/v3/core/jackson/mixin/SchemaMixin
instanceKlass io/swagger/v3/oas/models/headers/Header
instanceKlass io/swagger/v3/oas/models/parameters/RequestBody
instanceKlass io/swagger/v3/oas/models/responses/ApiResponse
instanceKlass io/swagger/v3/oas/models/media/XML
instanceKlass io/swagger/v3/oas/models/tags/Tag
instanceKlass io/swagger/v3/oas/models/servers/ServerVariable
instanceKlass io/swagger/v3/oas/models/servers/Server
instanceKlass io/swagger/v3/oas/models/PathItem
instanceKlass io/swagger/v3/core/jackson/mixin/OperationMixin
instanceKlass io/swagger/v3/oas/models/Operation
instanceKlass io/swagger/v3/oas/models/security/OAuthFlows
instanceKlass io/swagger/v3/oas/models/security/OAuthFlow
instanceKlass io/swagger/v3/core/jackson/mixin/MediaTypeMixin
instanceKlass io/swagger/v3/oas/models/media/MediaType
instanceKlass io/swagger/v3/oas/models/links/LinkParameter
instanceKlass io/swagger/v3/oas/models/links/Link
instanceKlass io/swagger/v3/oas/models/ExternalDocumentation
instanceKlass io/swagger/v3/core/jackson/mixin/ExampleMixin
instanceKlass io/swagger/v3/oas/models/examples/Example
instanceKlass io/swagger/v3/oas/models/media/EncodingProperty
instanceKlass io/swagger/v3/oas/models/media/Encoding
instanceKlass io/swagger/v3/oas/models/info/Contact
instanceKlass io/swagger/v3/core/jackson/mixin/ExtensionsMixin
instanceKlass io/swagger/v3/oas/models/security/SecurityScheme
instanceKlass io/swagger/v3/oas/models/parameters/Parameter
instanceKlass io/swagger/v3/core/util/Json
instanceKlass org/springframework/web/util/UriComponentsBuilder
instanceKlass org/springframework/web/util/UriBuilder
instanceKlass org/springframework/web/method/HandlerMethod
instanceKlass org/springframework/web/servlet/mvc/method/annotation/ResponseEntityExceptionHandler
instanceKlass org/springdoc/core/SwaggerUiConfigProperties$SyntaxHighlight
instanceKlass org/springdoc/core/SwaggerUiConfigProperties$Csrf
instanceKlass org/springdoc/core/AbstractSwaggerUiConfigProperties$SwaggerUrl
instanceKlass org/springdoc/core/providers/ActuatorProvider
instanceKlass org/springframework/web/servlet/config/annotation/ResourceChainRegistration
instanceKlass org/springframework/web/servlet/resource/ResourceResolver
instanceKlass org/springframework/web/servlet/config/annotation/WebMvcConfigurerComposite
instanceKlass org/springframework/boot/autoconfigure/web/servlet/WebMvcRegistrations
instanceKlass org/springframework/boot/web/error/ErrorAttributeOptions
instanceKlass org/springframework/boot/autoconfigure/web/WebProperties$Resources$Cache$Cachecontrol
instanceKlass org/springframework/boot/autoconfigure/web/WebProperties$Resources$Cache
instanceKlass org/springframework/boot/autoconfigure/web/WebProperties$Resources$Chain$Strategy$Content
instanceKlass org/springframework/boot/autoconfigure/web/WebProperties$Resources$Chain$Strategy$Fixed
instanceKlass org/springframework/boot/autoconfigure/web/WebProperties$Resources$Chain$Strategy
instanceKlass org/springframework/context/support/MessageSourceAccessor
instanceKlass org/springframework/boot/autoconfigure/web/servlet/error/ErrorMvcAutoConfiguration$StaticView
instanceKlass org/springframework/validation/beanvalidation/LocalValidatorFactoryBean$1
instanceKlass org/springframework/validation/beanvalidation/SpringConstraintValidatorFactory
instanceKlass org/springframework/validation/beanvalidation/LocaleContextMessageInterpolator
instanceKlass javax/validation/ConstraintViolation
instanceKlass org/springframework/boot/validation/MessageSourceMessageInterpolator
instanceKlass org/springframework/boot/validation/MessageInterpolatorFactory
instanceKlass org/springframework/context/support/DefaultMessageSourceResolvable
instanceKlass org/springframework/context/MessageSourceResolvable
instanceKlass org/springframework/core/task/TaskDecorator
instanceKlass org/springframework/boot/task/TaskExecutorCustomizer
instanceKlass java/lang/Character$Subset
instanceKlass org/apache/commons/lang3/StringUtils
instanceKlass org/springdoc/core/GroupedOpenApi$Builder
instanceKlass org/springframework/scheduling/config/ScheduledTask
instanceKlass org/springframework/scheduling/support/CronField
instanceKlass org/springframework/scheduling/support/CronExpression
instanceKlass org/springframework/scheduling/support/CronTrigger
instanceKlass org/springframework/scheduling/Trigger
instanceKlass org/springframework/scheduling/support/ScheduledMethodRunnable
instanceKlass com/example/fishing/dto/MerchantStaffResetPasswordDTO
instanceKlass com/example/fishing/dto/MerchantStaffStatusDTO
instanceKlass com/example/fishing/dto/MerchantStaffCreateDTO
instanceKlass com/example/fishing/dto/MerchantStaffUpdateDTO
instanceKlass com/example/fishing/dto/BatchSpotCreateDTO
instanceKlass com/example/fishing/dto/CheckinWithFeeDTO
instanceKlass com/example/fishing/vo/RevenueVO
instanceKlass com/example/fishing/dto/RevenueQuery
instanceKlass com/example/fishing/dto/TimeSlotDTO
instanceKlass com/example/fishing/vo/ShopOrderVO
instanceKlass com/example/fishing/dto/ShopOrderQuery
instanceKlass javax/validation/Constraint
instanceKlass com/example/fishing/dto/ShopProductQuery
instanceKlass com/example/fishing/entity/ShopProduct
instanceKlass com/example/fishing/dto/ShopOrderCreateDTO
instanceKlass sun/reflect/annotation/AnnotationInvocationHandler$1
instanceKlass org/springframework/web/servlet/SmartView
instanceKlass com/example/fishing/entity/ShareToken
instanceKlass com/example/fishing/vo/ShareBoardVO
instanceKlass com/example/fishing/entity/ShopOrderItem
instanceKlass com/example/fishing/entity/ShopOrder
instanceKlass org/apache/ibatis/reflection/TypeParameterResolver$ParameterizedTypeImpl
instanceKlass com/example/fishing/vo/RestaurantOrderVO
instanceKlass com/example/fishing/dto/RestaurantMenuDTO
instanceKlass com/example/fishing/dto/CreateRestaurantOrderDTO
instanceKlass com/example/fishing/dto/ReservationQuery
instanceKlass com/example/fishing/dto/ReservationDTO
instanceKlass com/example/fishing/entity/InviteCode
instanceKlass javax/annotation/Resources
instanceKlass org/springframework/security/crypto/bcrypt/BCryptPasswordEncoder
instanceKlass org/springframework/security/crypto/password/PasswordEncoder
instanceKlass com/example/fishing/dto/LoginDTO
instanceKlass com/example/fishing/dto/RegisterDTO
instanceKlass com/example/fishing/dto/FishingSpotDTO
instanceKlass com/example/fishing/dto/DrawQuery
instanceKlass com/example/fishing/entity/DrawResult
instanceKlass com/example/fishing/vo/CheckinResultVO
instanceKlass com/example/fishing/entity/TimeSlot
instanceKlass com/example/fishing/entity/Reservation
instanceKlass com/example/fishing/dto/CheckinDTO
instanceKlass sun/reflect/ReflectionFactory$1
instanceKlass sun/reflect/ReflectionFactory
instanceKlass org/springframework/objenesis/instantiator/sun/SunReflectionFactoryHelper
instanceKlass org/springframework/objenesis/instantiator/sun/SunReflectionFactoryInstantiator
instanceKlass org/springframework/objenesis/strategy/PlatformDescription
instanceKlass org/springframework/cglib/proxy/Enhancer$4
instanceKlass org/springframework/cglib/proxy/Enhancer$3
instanceKlass org/springframework/cglib/proxy/Enhancer$5
instanceKlass org/springframework/aop/ThrowsAdvice
instanceKlass org/springframework/aop/AfterReturningAdvice
instanceKlass org/springframework/aop/AfterAdvice
instanceKlass org/springframework/aop/MethodBeforeAdvice
instanceKlass org/springframework/aop/BeforeAdvice
instanceKlass org/springframework/aop/framework/AdvisedSupport$MethodCacheKey
instanceKlass org/springframework/aop/framework/CglibAopProxy$ProxyCallbackFilter
instanceKlass org/springframework/aop/framework/CglibAopProxy$HashCodeInterceptor
instanceKlass org/springframework/aop/framework/CglibAopProxy$EqualsInterceptor
instanceKlass org/springframework/aop/framework/CglibAopProxy$SerializableNoOp
instanceKlass org/springframework/aop/framework/CglibAopProxy$StaticDispatcher
instanceKlass org/springframework/aop/framework/CglibAopProxy$StaticUnadvisedInterceptor
instanceKlass org/springframework/aop/framework/CglibAopProxy$DynamicAdvisedInterceptor
instanceKlass org/springframework/aop/framework/CglibAopProxy$AdvisedDispatcher
instanceKlass org/springframework/aop/framework/CglibAopProxy
instanceKlass org/springframework/aop/target/SingletonTargetSource
instanceKlass org/springframework/transaction/interceptor/RollbackRuleAttribute
instanceKlass org/apache/ibatis/ognl/OgnlRuntime$ArgsCompatbilityReport
instanceKlass org/apache/ibatis/ognl/enhance/LocalReference
instanceKlass org/apache/ibatis/javassist/ClassPath
instanceKlass org/apache/ibatis/ognl/enhance/ExpressionCompiler
instanceKlass org/apache/ibatis/javassist/CtClass
instanceKlass org/apache/ibatis/javassist/ClassPool
instanceKlass org/apache/ibatis/ognl/NumericDefaults
instanceKlass org/apache/ibatis/ognl/NumericLiterals
instanceKlass org/apache/ibatis/ognl/NumericValues
instanceKlass org/apache/ibatis/ognl/NumericCasts
instanceKlass org/apache/ibatis/ognl/PrimitiveWrapperClasses
instanceKlass org/apache/ibatis/ognl/OgnlRuntime$ClassPropertyMethodCache
instanceKlass org/apache/ibatis/ognl/EvaluationPool
instanceKlass org/apache/ibatis/ognl/PrimitiveDefaults
instanceKlass org/apache/ibatis/ognl/PrimitiveTypes
instanceKlass org/apache/ibatis/ognl/internal/entry/MethodPermCacheEntryFactory
instanceKlass org/apache/ibatis/ognl/internal/entry/MethodAccessEntryValue
instanceKlass org/apache/ibatis/ognl/internal/entry/MethodAccessCacheEntryFactory
instanceKlass org/apache/ibatis/ognl/internal/entry/GenericMethodParameterTypeFactory
instanceKlass org/apache/ibatis/ognl/internal/entry/FieldCacheEntryFactory
instanceKlass org/apache/ibatis/ognl/internal/entry/PermissionCacheEntryFactory
instanceKlass org/apache/ibatis/ognl/internal/entry/MethodCacheEntryFactory
instanceKlass org/apache/ibatis/ognl/internal/entry/PropertyDescriptorCacheEntryFactory
instanceKlass org/apache/ibatis/ognl/ObjectNullHandler
instanceKlass org/apache/ibatis/ognl/NumberElementsAccessor
instanceKlass org/apache/ibatis/ognl/NumericTypes
instanceKlass org/apache/ibatis/ognl/EnumerationElementsAccessor
instanceKlass org/apache/ibatis/ognl/IteratorElementsAccessor
instanceKlass org/apache/ibatis/ognl/MapElementsAccessor
instanceKlass org/apache/ibatis/ognl/CollectionElementsAccessor
instanceKlass org/apache/ibatis/ognl/ObjectElementsAccessor
instanceKlass org/apache/ibatis/ognl/ArrayElementsAccessor
instanceKlass org/apache/ibatis/ognl/MapPropertyAccessor
instanceKlass org/apache/ibatis/ognl/ObjectPropertyAccessor
instanceKlass org/apache/ibatis/ognl/ObjectMethodAccessor
instanceKlass org/apache/ibatis/ognl/internal/HashMapCache
instanceKlass org/apache/ibatis/ognl/internal/ClassCache
instanceKlass org/apache/ibatis/ognl/internal/Cache
instanceKlass org/apache/ibatis/ognl/internal/HashMapCacheFactory
instanceKlass org/apache/ibatis/ognl/internal/entry/ClassCacheEntryFactory
instanceKlass org/apache/ibatis/ognl/internal/entry/CacheEntryFactory
instanceKlass org/apache/ibatis/ognl/internal/CacheFactory
instanceKlass org/apache/ibatis/ognl/OgnlCache
instanceKlass org/apache/ibatis/ognl/AccessibleObjectHandlerPreJDK9
instanceKlass org/apache/ibatis/ognl/AccessibleObjectHandler
instanceKlass org/apache/ibatis/ognl/ClassResolver
instanceKlass org/apache/ibatis/ognl/MethodAccessor
instanceKlass org/apache/ibatis/ognl/NullHandler
instanceKlass org/apache/ibatis/ognl/ElementsAccessor
instanceKlass org/apache/ibatis/ognl/enhance/OgnlExpressionCompiler
instanceKlass org/apache/ibatis/ognl/OgnlRuntime
instanceKlass org/apache/ibatis/scripting/xmltags/DynamicContext$ContextAccessor
instanceKlass org/apache/ibatis/ognl/PropertyAccessor
instanceKlass com/example/fishing/entity/RestaurantMenu
instanceKlass org/apache/ibatis/annotations/Options$List
instanceKlass org/apache/ibatis/annotations/Options
instanceKlass org/apache/ibatis/annotations/TypeDiscriminator
instanceKlass org/apache/ibatis/annotations/Results
instanceKlass org/apache/ibatis/annotations/Result
instanceKlass org/apache/ibatis/annotations/ConstructorArgs
instanceKlass org/apache/ibatis/annotations/Arg
instanceKlass org/apache/ibatis/annotations/ResultMap
instanceKlass com/baomidou/mybatisplus/extension/conditions/query/ChainQuery
instanceKlass com/baomidou/mybatisplus/core/conditions/update/Update
instanceKlass com/baomidou/mybatisplus/extension/conditions/update/ChainUpdate
instanceKlass com/baomidou/mybatisplus/extension/conditions/ChainWrapper
instanceKlass com/example/fishing/entity/CatchRecord
instanceKlass com/example/fishing/entity/Pond
instanceKlass com/example/fishing/entity/FishingSpot
instanceKlass com/baomidou/mybatisplus/core/conditions/interfaces/Func
instanceKlass com/baomidou/mybatisplus/core/conditions/interfaces/Join
instanceKlass com/baomidou/mybatisplus/core/conditions/interfaces/Nested
instanceKlass com/baomidou/mybatisplus/core/conditions/interfaces/Compare
instanceKlass com/baomidou/mybatisplus/core/conditions/query/Query
instanceKlass com/example/fishing/dto/CatchRecordDTO
instanceKlass org/springframework/data/redis/connection/SortParameters
instanceKlass org/springframework/data/redis/core/ScanOptions
instanceKlass org/springframework/data/redis/core/BulkMapper
instanceKlass org/springframework/data/redis/core/query/SortQuery
instanceKlass org/springframework/data/redis/core/script/RedisScript
instanceKlass org/springframework/data/redis/core/SessionCallback
instanceKlass org/springframework/data/redis/core/script/DefaultScriptExecutor
instanceKlass org/springframework/core/serializer/DefaultDeserializer
instanceKlass org/springframework/core/serializer/Deserializer
instanceKlass org/springframework/core/serializer/support/DeserializingConverter
instanceKlass org/springframework/core/serializer/DefaultSerializer
instanceKlass org/springframework/core/serializer/Serializer
instanceKlass org/springframework/core/serializer/support/SerializingConverter
instanceKlass org/springframework/data/redis/serializer/JdkSerializationRedisSerializer
instanceKlass org/springframework/data/redis/connection/RedisNode
instanceKlass org/springframework/data/redis/connection/NamedNode
instanceKlass org/springframework/data/redis/core/StreamObjectMapper$BinaryObjectHashMapperAdapter
instanceKlass org/springframework/data/mapping/Alias
instanceKlass org/springframework/data/convert/MappingContextTypeInformationMapper
instanceKlass org/springframework/data/convert/SimpleTypeInformationMapper
instanceKlass org/springframework/data/convert/TypeInformationMapper
instanceKlass org/springframework/data/util/CustomCollections$SearchableTypes
instanceKlass org/springframework/data/util/CustomCollections$EclipseCollections
instanceKlass org/springframework/data/util/CustomCollections$VavrCollections
instanceKlass org/springframework/data/util/CustomCollectionRegistrar
instanceKlass org/springframework/data/util/CustomCollections
instanceKlass org/springframework/data/redis/core/convert/DefaultRedisTypeMapper$BucketTypeAliasAccessor
instanceKlass org/springframework/data/convert/TypeAliasAccessor
instanceKlass org/springframework/data/convert/DefaultTypeMapper
instanceKlass org/springframework/util/comparator/ComparableComparator
instanceKlass org/springframework/util/comparator/NullSafeComparator
instanceKlass org/springframework/data/redis/hash/ObjectHashMapper$NoOpReferenceResolver
instanceKlass org/springframework/data/redis/hash/ObjectHashMapper$NoOpIndexResolver
instanceKlass org/springframework/data/redis/core/mapping/RedisMappingContext$ConfigAwareTimeToLiveAccessor
instanceKlass org/springframework/data/redis/core/mapping/RedisMappingContext$ConfigAwareKeySpaceResolver
instanceKlass org/springframework/data/mapping/model/InstantiationAwarePropertyAccessorFactory
instanceKlass org/springframework/data/mapping/model/ClassGeneratingPropertyAccessorFactory
instanceKlass org/springframework/data/mapping/model/ClassGeneratingEntityInstantiator$ObjectInstantiator
instanceKlass org/springframework/data/mapping/model/ClassGeneratingEntityInstantiator$ObjectInstantiatorClassGenerator
instanceKlass org/springframework/data/mapping/InstanceCreatorMetadata
instanceKlass org/springframework/data/mapping/model/ClassGeneratingEntityInstantiator
instanceKlass org/springframework/data/mapping/model/EntityInstantiator
instanceKlass org/springframework/data/mapping/model/EntityInstantiators
instanceKlass org/springframework/data/mapping/PersistentPropertyPath
instanceKlass org/springframework/data/mapping/context/PersistentPropertyPathFactory
instanceKlass java/util/WeakHashMap$HashIterator
instanceKlass org/springframework/data/convert/ConverterBuilder$ConverterAware
instanceKlass org/springframework/data/convert/ConverterBuilder$WritingConverterAware
instanceKlass org/springframework/data/convert/ConverterBuilder$ReadingConverterAware
instanceKlass org/springframework/data/convert/ConverterBuilder
instanceKlass org/springframework/data/convert/ReadingConverter
instanceKlass org/springframework/data/convert/WritingConverter
instanceKlass org/springframework/data/convert/CustomConversions$ConverterRegistration
instanceKlass org/springframework/data/convert/CustomConversions$ConverterRegistrationIntent
instanceKlass org/springframework/data/convert/CustomConversions$ConversionTargetsCache
instanceKlass org/springframework/data/convert/PropertyValueConverterFactories$CachingPropertyValueConverterFactory$Cache
instanceKlass org/springframework/data/convert/PropertyValueConverterFactories$CachingPropertyValueConverterFactory
instanceKlass org/springframework/data/convert/PropertyValueConverterFactories$SimplePropertyConverterFactory
instanceKlass org/springframework/data/convert/PropertyValueConverterFactory
instanceKlass org/springframework/data/convert/SimplePropertyValueConverterRegistry
instanceKlass org/springframework/data/convert/ValueConverterRegistry
instanceKlass org/springframework/data/convert/SimplePropertyValueConversions
instanceKlass org/springframework/data/convert/PropertyValueConversions
instanceKlass org/springframework/data/convert/PropertyValueConverterRegistrar
instanceKlass org/springframework/data/util/Predicates
instanceKlass org/springframework/data/convert/CustomConversions$ConverterConfiguration
instanceKlass org/springframework/data/convert/CustomConversions$StoreConversions
instanceKlass org/springframework/data/redis/core/convert/Jsr310Converters
instanceKlass org/springframework/data/redis/core/convert/BinaryConverters
instanceKlass org/springframework/data/redis/core/convert/BinaryConverters$BytesToEnumConverterFactory
instanceKlass org/springframework/data/redis/core/convert/BinaryConverters$BytesToNumberConverterFactory
instanceKlass org/springframework/data/redis/core/convert/BinaryConverters$StringBasedConverter
instanceKlass org/springframework/data/convert/JMoleculesConverters
instanceKlass org/springframework/data/convert/ThreeTenBackPortConverters
instanceKlass org/springframework/data/convert/JodaTimeConverters
instanceKlass org/springframework/data/redis/hash/ObjectHashMapper
instanceKlass org/springframework/data/redis/hash/HashObjectReader
instanceKlass org/springframework/data/redis/connection/stream/MapRecord
instanceKlass org/springframework/data/redis/core/StreamObjectMapper
instanceKlass org/springframework/data/redis/connection/stream/Record
instanceKlass org/springframework/data/redis/core/ZSetOperations$TypedTuple
instanceKlass org/springframework/data/redis/core/AbstractOperations
instanceKlass org/springframework/data/redis/serializer/StringRedisSerializer
instanceKlass org/springframework/data/redis/core/BoundZSetOperations
instanceKlass org/springframework/data/redis/core/BoundValueOperations
instanceKlass org/springframework/data/redis/core/BoundHashOperations
instanceKlass org/springframework/data/redis/core/BoundListOperations
instanceKlass org/springframework/data/redis/core/HashOperations
instanceKlass org/springframework/data/redis/core/BoundStreamOperations
instanceKlass org/springframework/data/redis/core/BoundGeoOperations
instanceKlass org/springframework/data/redis/core/BoundSetOperations
instanceKlass org/springframework/data/redis/core/BoundKeyOperations
instanceKlass org/springframework/data/redis/core/Cursor
instanceKlass org/springframework/data/redis/core/script/ScriptExecutor
instanceKlass org/springframework/data/redis/core/ClusterOperations
instanceKlass org/springframework/data/redis/core/HyperLogLogOperations
instanceKlass org/springframework/data/redis/core/GeoOperations
instanceKlass org/springframework/data/redis/core/ZSetOperations
instanceKlass org/springframework/data/redis/core/StreamOperations
instanceKlass org/springframework/data/redis/core/HashMapperProvider
instanceKlass org/springframework/data/redis/hash/HashMapper
instanceKlass org/springframework/data/redis/core/SetOperations
instanceKlass org/springframework/data/redis/core/ListOperations
instanceKlass org/springframework/data/redis/core/ValueOperations
instanceKlass org/redisson/spring/data/connection/RedissonExceptionConverter
instanceKlass org/springframework/data/redis/PassThroughExceptionTranslationStrategy
instanceKlass org/springframework/data/redis/connection/ReactiveRedisClusterConnection
instanceKlass org/springframework/data/redis/connection/ReactiveClusterCommands
instanceKlass org/springframework/data/redis/connection/RedisSentinelConnection
instanceKlass org/springframework/data/redis/connection/RedisSentinelCommands
instanceKlass org/springframework/data/redis/connection/RedisClusterConnection
instanceKlass org/springframework/data/redis/connection/RedisClusterServerCommands
instanceKlass org/springframework/data/redis/connection/RedisClusterCommands
instanceKlass org/springframework/data/redis/connection/ReactiveRedisConnection
instanceKlass org/springframework/data/redis/ExceptionTranslationStrategy
instanceKlass org/redisson/WriteBehindService
instanceKlass org/redisson/eviction/EvictionTask
instanceKlass org/redisson/eviction/EvictionScheduler
instanceKlass org/redisson/command/CommandAsyncService
instanceKlass org/redisson/codec/DefaultReferenceCodecProvider
instanceKlass org/redisson/api/RTransactionRx
instanceKlass org/redisson/api/RSemaphoreRx
instanceKlass org/redisson/api/RIdGeneratorRx
instanceKlass org/redisson/api/RTransferQueueRx
instanceKlass org/redisson/api/RBlockingDequeRx
instanceKlass org/redisson/api/RRingBufferRx
instanceKlass org/redisson/api/RReadWriteLockRx
instanceKlass org/redisson/api/RTopicRx
instanceKlass org/redisson/api/RPatternTopicRx
instanceKlass org/redisson/api/RReliableTopicRx
instanceKlass org/redisson/api/RShardedTopicRx
instanceKlass org/redisson/api/RFencedLockRx
instanceKlass org/redisson/api/RLocalCachedMapRx
instanceKlass org/redisson/api/RGeoRx
instanceKlass org/redisson/api/RSearchRx
instanceKlass org/redisson/api/RTimeSeriesRx
instanceKlass org/redisson/api/RJsonBucketRx
instanceKlass org/redisson/api/RBinaryStreamRx
instanceKlass org/redisson/api/RRateLimiterRx
instanceKlass org/redisson/api/RBucketsRx
instanceKlass org/redisson/api/RBatchRx
instanceKlass org/redisson/api/RPermitExpirableSemaphoreRx
instanceKlass org/redisson/api/RListMultimapCacheRx
instanceKlass org/redisson/api/RListMultimapRx
instanceKlass org/redisson/api/RSetMultimapCacheRx
instanceKlass org/redisson/api/RMultimapCacheRx
instanceKlass org/redisson/api/RSetMultimapRx
instanceKlass org/redisson/api/RMultimapRx
instanceKlass org/redisson/api/RLockRx
instanceKlass org/redisson/api/RAtomicDoubleRx
instanceKlass org/redisson/api/RStreamRx
instanceKlass org/redisson/api/RCountDownLatchRx
instanceKlass org/redisson/api/RScriptRx
instanceKlass org/redisson/api/RKeysRx
instanceKlass org/redisson/api/RFunctionRx
instanceKlass org/redisson/api/RTransactionReactive
instanceKlass org/redisson/api/RSemaphoreReactive
instanceKlass org/redisson/api/RIdGeneratorReactive
instanceKlass org/redisson/api/RTransferQueueReactive
instanceKlass org/redisson/api/RBlockingDequeReactive
instanceKlass org/redisson/api/RRingBufferReactive
instanceKlass org/redisson/api/RReadWriteLockReactive
instanceKlass org/redisson/api/RTopicReactive
instanceKlass org/redisson/api/RPatternTopicReactive
instanceKlass org/redisson/api/RReliableTopicReactive
instanceKlass org/redisson/api/RShardedTopicReactive
instanceKlass org/redisson/api/RFencedLockReactive
instanceKlass org/redisson/api/RLocalCachedMapReactive
instanceKlass org/redisson/api/RGeoReactive
instanceKlass org/redisson/api/RSearchReactive
instanceKlass org/redisson/api/RTimeSeriesReactive
instanceKlass org/redisson/api/RJsonBucketReactive
instanceKlass org/redisson/api/RBinaryStreamReactive
instanceKlass org/redisson/api/RRateLimiterReactive
instanceKlass org/redisson/api/RBucketsReactive
instanceKlass org/redisson/api/RBatchReactive
instanceKlass org/redisson/api/RPermitExpirableSemaphoreReactive
instanceKlass org/redisson/api/RListMultimapCacheReactive
instanceKlass org/redisson/api/RListMultimapReactive
instanceKlass org/redisson/api/RSetMultimapCacheReactive
instanceKlass org/redisson/api/RMultimapCacheReactive
instanceKlass org/redisson/api/RSetMultimapReactive
instanceKlass org/redisson/api/RMultimapReactive
instanceKlass org/redisson/api/RLockReactive
instanceKlass org/redisson/api/RAtomicDoubleReactive
instanceKlass org/redisson/api/RStreamReactive
instanceKlass org/redisson/api/RCountDownLatchReactive
instanceKlass org/redisson/api/RScriptReactive
instanceKlass org/redisson/api/RKeysReactive
instanceKlass org/redisson/api/RFunctionReactive
instanceKlass org/redisson/liveobject/core/RedissonObjectBuilder$CodecMethodRef
instanceKlass org/redisson/api/TransactionOptions
instanceKlass org/redisson/api/redisnode/RedisNodes
instanceKlass org/redisson/api/BatchOptions
instanceKlass org/redisson/api/LockOptions$BackOff
instanceKlass org/redisson/api/ExecutorOptions
instanceKlass org/redisson/api/MapOptions
instanceKlass org/redisson/ScanIterator
instanceKlass org/redisson/RedissonObject
instanceKlass org/redisson/codec/ReferenceCodecProvider
instanceKlass org/redisson/liveobject/core/RedissonObjectBuilder
instanceKlass org/redisson/client/RedisClient$1$1
instanceKlass org/redisson/client/RedisClient$2$1
instanceKlass io/netty/channel/ServerChannel
instanceKlass io/netty/handler/codec/CodecOutputList$CodecOutputLists
instanceKlass io/netty/handler/codec/CodecOutputList$1
instanceKlass io/netty/handler/codec/CodecOutputList$CodecOutputListRecycler
instanceKlass io/netty/channel/DefaultMaxMessagesRecvByteBufAllocator$MaxMessageHandle$1
instanceKlass io/netty/util/UncheckedBooleanSupplier
instanceKlass io/netty/util/BooleanSupplier
instanceKlass io/netty/channel/DefaultMaxMessagesRecvByteBufAllocator$MaxMessageHandle
instanceKlass io/netty/channel/RecvByteBufAllocator$ExtendedHandle
instanceKlass io/netty/util/internal/PromiseNotificationUtil
instanceKlass io/netty/buffer/PoolThreadCache$MemoryRegionCache$Entry
instanceKlass io/netty/buffer/PoolThreadCache$1
instanceKlass io/netty/channel/ChannelOutboundBuffer$Entry$1
instanceKlass io/netty/buffer/UnsafeByteBufUtil
instanceKlass io/netty/buffer/AbstractByteBufAllocator$1
instanceKlass io/netty/buffer/LongLongHashMap
instanceKlass io/netty/buffer/IntPriorityQueue
instanceKlass io/netty/buffer/PoolChunk
instanceKlass io/netty/buffer/PoolChunkMetric
instanceKlass io/netty/util/internal/shaded/org/jctools/queues/MessagePassingQueueUtil
instanceKlass io/netty/util/Recycler$LocalPool
instanceKlass io/netty/util/internal/shaded/org/jctools/queues/MessagePassingQueue$Consumer
instanceKlass io/netty/buffer/PooledUnsafeDirectByteBuf$1
instanceKlass io/netty/util/internal/ReferenceCountUpdater
instanceKlass io/netty/buffer/PoolThreadCache$FreeOnFinalize
instanceKlass io/netty/util/Recycler$EnhancedHandle
instanceKlass io/netty/util/Recycler$Handle
instanceKlass io/netty/util/internal/ObjectPool$Handle
instanceKlass io/netty/util/Recycler
instanceKlass io/netty/util/internal/ObjectPool
instanceKlass io/netty/buffer/PoolThreadCache$MemoryRegionCache$1
instanceKlass io/netty/util/internal/ObjectPool$ObjectCreator
instanceKlass io/netty/buffer/PoolThreadCache$MemoryRegionCache
instanceKlass org/redisson/client/protocol/QueueCommandHolder
instanceKlass io/netty/util/ReferenceCountUtil
instanceKlass io/netty/util/HashedWheelTimer$HashedWheelTimeout
instanceKlass org/redisson/client/ChannelName
instanceKlass io/netty/util/TimerTask
instanceKlass org/redisson/client/protocol/decoder/IndexInfoDecoder
instanceKlass org/redisson/client/codec/DoubleCodec$1
instanceKlass org/redisson/codec/CompositeCodec
instanceKlass org/redisson/client/protocol/convertor/JsonTypeConvertor
instanceKlass io/netty/channel/ChannelFutureListener$3
instanceKlass org/redisson/client/protocol/convertor/StringToListConvertor
instanceKlass io/netty/channel/ChannelFutureListener$2
instanceKlass org/redisson/client/protocol/decoder/SlotsDecoder
instanceKlass io/netty/channel/ChannelFutureListener$1
instanceKlass org/redisson/client/protocol/decoder/ListResultReplayDecoder
instanceKlass io/netty/channel/nio/AbstractNioChannel$AbstractNioUnsafe$2
instanceKlass org/redisson/client/protocol/decoder/RedisURIDecoder
instanceKlass io/netty/channel/nio/AbstractNioChannel$AbstractNioUnsafe$1
instanceKlass org/redisson/client/protocol/decoder/StringMapDataDecoder$1
instanceKlass org/redisson/client/protocol/decoder/StringMapDataDecoder
instanceKlass org/redisson/client/protocol/convertor/TimeObjectDecoder
instanceKlass io/netty/util/internal/SocketUtils$3
instanceKlass org/redisson/client/protocol/decoder/TimeLongObjectDecoder
instanceKlass org/redisson/client/protocol/decoder/ClusterNodesDecoder
instanceKlass io/netty/bootstrap/Bootstrap$3
instanceKlass org/redisson/client/protocol/pubsub/PubSubStatusDecoder
instanceKlass io/netty/util/concurrent/GenericProgressiveFutureListener
instanceKlass org/redisson/client/protocol/decoder/StringMapReplayDecoder
instanceKlass io/netty/resolver/AddressResolverGroup$1
instanceKlass org/redisson/client/protocol/convertor/BooleanNumberReplayConvertor
instanceKlass org/redisson/client/protocol/decoder/PendingEntryDecoder
instanceKlass org/redisson/client/protocol/decoder/PendingResultDecoder
instanceKlass io/netty/resolver/AbstractAddressResolver
instanceKlass org/redisson/client/protocol/convertor/StreamIdConvertor
instanceKlass org/redisson/client/protocol/decoder/AutoClaimDecoder
instanceKlass org/redisson/client/protocol/decoder/FastAutoClaimDecoder
instanceKlass io/netty/resolver/dns/DnsNameResolver$5
instanceKlass org/redisson/client/protocol/decoder/StreamConsumerInfoDecoder
instanceKlass org/redisson/client/protocol/decoder/StreamGroupInfoDecoder
instanceKlass org/redisson/client/protocol/decoder/StreamResultDecoder
instanceKlass org/redisson/client/protocol/decoder/MapEntriesDecoder
instanceKlass sun/nio/ch/DatagramSocketAdaptor$DatagramSockets
instanceKlass org/redisson/client/protocol/decoder/StreamIdDecoder
instanceKlass org/redisson/client/protocol/decoder/ObjectMapReplayDecoder2
instanceKlass org/redisson/client/protocol/convertor/EmptySetConvertor
instanceKlass org/redisson/client/protocol/convertor/EmptyMapConvertor
instanceKlass org/redisson/client/protocol/decoder/MapScanResultReplayDecoder
instanceKlass org/redisson/client/protocol/decoder/StringListReplayDecoder
instanceKlass org/redisson/client/protocol/convertor/InstantReplyConvertor
instanceKlass org/redisson/client/protocol/decoder/MapKeyDecoder
instanceKlass org/redisson/client/protocol/decoder/ObjectMapEntryReplayDecoder
instanceKlass org/redisson/client/protocol/convertor/BooleanNullReplayConvertor
instanceKlass org/redisson/client/protocol/decoder/StringDataDecoder
instanceKlass org/redisson/client/protocol/decoder/MapValueDecoder
instanceKlass sun/nio/ch/NativeSocketAddress
instanceKlass org/redisson/client/protocol/convertor/BooleanNullSafeReplayConvertor
instanceKlass sun/net/ResourceManager
instanceKlass java/net/DatagramSocket
instanceKlass org/redisson/client/protocol/convertor/TrueReplayConvertor
instanceKlass org/redisson/client/protocol/decoder/ScoredSortedSetPolledObjectDecoder
instanceKlass org/redisson/client/protocol/decoder/ListObjectDecoder
instanceKlass org/redisson/client/protocol/decoder/ListScanResultReplayDecoder
instanceKlass io/netty/resolver/dns/DnsQueryContextManager
instanceKlass org/redisson/client/protocol/decoder/ScoredEntryScanDecoder
instanceKlass io/netty/resolver/dns/DnsNameResolver$10
instanceKlass io/netty/resolver/dns/NameServerComparator
instanceKlass org/redisson/client/protocol/decoder/ScoredSortedSetScanReplayDecoder
instanceKlass io/netty/resolver/dns/DefaultAuthoritativeDnsServerCache
instanceKlass io/netty/resolver/dns/InflightNameResolver
instanceKlass org/redisson/client/protocol/decoder/CodecDecoder
instanceKlass org/redisson/client/codec/StringCodec$2
instanceKlass org/redisson/client/codec/StringCodec$1
instanceKlass org/redisson/client/protocol/decoder/ObjectDecoder
instanceKlass org/redisson/client/protocol/decoder/ListMultiDecoder2
instanceKlass io/netty/buffer/UnpooledByteBufAllocator$UnpooledByteBufAllocatorMetric
instanceKlass org/redisson/client/protocol/decoder/ObjectFirstScoreReplayDecoder
instanceKlass org/redisson/client/protocol/decoder/ScoredSortedSetReplayDecoder
instanceKlass org/redisson/client/protocol/decoder/RankedEntryDecoder
instanceKlass org/redisson/client/protocol/convertor/BooleanNotNullReplayConvertor
instanceKlass org/redisson/client/protocol/convertor/BooleanAmountReplayConvertor
instanceKlass org/redisson/client/protocol/decoder/ObjectSetReplayDecoder
instanceKlass org/redisson/client/protocol/decoder/ObjectMapReplayDecoder
instanceKlass org/redisson/client/protocol/convertor/BitsSizeReplayConvertor
instanceKlass org/redisson/client/protocol/convertor/VoidReplayConvertor
instanceKlass org/redisson/client/protocol/convertor/ShortReplayConvertor
instanceKlass org/redisson/client/protocol/convertor/ByteReplayConvertor
instanceKlass org/redisson/client/protocol/convertor/LongReplayConvertor
instanceKlass org/redisson/client/protocol/decoder/ListFirstObjectDecoder
instanceKlass org/redisson/client/protocol/convertor/TypeConvertor
instanceKlass org/redisson/client/protocol/convertor/IntegerReplayConvertor
instanceKlass org/redisson/client/protocol/decoder/Long2MultiDecoder
instanceKlass org/redisson/client/protocol/decoder/ObjectListReplayDecoder
instanceKlass org/redisson/client/protocol/convertor/DoubleReplayConvertor
instanceKlass io/netty/buffer/Unpooled
instanceKlass org/redisson/client/protocol/convertor/BooleanReplayConvertor
instanceKlass org/redisson/client/handler/State
instanceKlass org/redisson/client/protocol/convertor/EmptyConvertor
instanceKlass org/redisson/client/protocol/convertor/Convertor
instanceKlass io/netty/handler/codec/ByteToMessageDecoder$2
instanceKlass org/redisson/client/protocol/decoder/MultiDecoder
instanceKlass io/netty/handler/codec/ByteToMessageDecoder$1
instanceKlass io/netty/handler/codec/ByteToMessageDecoder$Cumulator
instanceKlass org/redisson/client/protocol/CommandsData
instanceKlass org/redisson/client/RedisClient$2
instanceKlass org/redisson/client/protocol/CommandData
instanceKlass org/redisson/client/protocol/QueueCommand
instanceKlass java/util/stream/Sink$ChainedLong
instanceKlass java/util/function/LongFunction
instanceKlass java/util/stream/Streams$RangeLongSpliterator
instanceKlass org/redisson/misc/CompletableFutureWrapper
instanceKlass org/redisson/client/protocol/RedisCommand
instanceKlass java/util/concurrent/ForkJoinTask$Aux
instanceKlass org/redisson/client/RedisClient$1
instanceKlass java/lang/invoke/ConstantBootstraps
instanceKlass io/netty/bootstrap/Bootstrap$1
instanceKlass io/netty/channel/AbstractChannel$AbstractUnsafe$1
instanceKlass io/netty/bootstrap/ChannelInitializerExtensions
instanceKlass io/netty/channel/ChannelHandler$Sharable
instanceKlass sun/nio/ch/SocketChannelImpl$DefaultOptionsHolder
instanceKlass io/netty/buffer/ByteBufUtil$2
instanceKlass io/netty/buffer/PooledByteBufAllocatorMetric
instanceKlass io/netty/buffer/PoolChunkList
instanceKlass io/netty/buffer/PoolChunkListMetric
instanceKlass io/netty/buffer/PoolSubpage
instanceKlass io/netty/buffer/PoolSubpageMetric
instanceKlass io/netty/buffer/PoolThreadCache
instanceKlass io/netty/buffer/SizeClasses
instanceKlass io/netty/buffer/PoolArenaMetric
instanceKlass io/netty/buffer/SizeClassesMetric
instanceKlass io/netty/buffer/PooledByteBufAllocator$1
instanceKlass io/netty/buffer/ByteBufAllocatorMetric
instanceKlass io/netty/util/ByteProcessor
instanceKlass io/netty/buffer/ByteBufUtil
instanceKlass io/netty/channel/RecvByteBufAllocator$Handle
instanceKlass io/netty/channel/DefaultMaxMessagesRecvByteBufAllocator
instanceKlass io/netty/channel/MaxMessagesRecvByteBufAllocator
instanceKlass io/netty/channel/WriteBufferWaterMark
instanceKlass io/netty/channel/DefaultMessageSizeEstimator$HandleImpl
instanceKlass io/netty/channel/DefaultMessageSizeEstimator
instanceKlass io/netty/channel/MessageSizeEstimator
instanceKlass io/netty/channel/DefaultChannelConfig
instanceKlass io/netty/channel/nio/AbstractNioByteChannel$1
instanceKlass io/netty/channel/nio/AbstractNioChannel$1
instanceKlass io/netty/channel/ChannelHandlerMask$Skip
instanceKlass io/netty/channel/ChannelHandlerMask$2
instanceKlass io/netty/channel/ChannelHandlerMask
instanceKlass io/netty/channel/AbstractChannelHandlerContext$Tasks
instanceKlass io/netty/channel/VoidChannelPromise$1
instanceKlass io/netty/channel/MessageSizeEstimator$Handle
instanceKlass io/netty/channel/ChannelProgressivePromise
instanceKlass io/netty/channel/ChannelProgressiveFuture
instanceKlass io/netty/channel/DefaultChannelPipeline$PendingHandlerCallback
instanceKlass io/netty/channel/AbstractChannelHandlerContext
instanceKlass io/netty/util/ResourceLeakHint
instanceKlass io/netty/channel/ChannelHandlerContext
instanceKlass io/netty/channel/DefaultChannelPipeline
instanceKlass io/netty/channel/ChannelOutboundBuffer$Entry
instanceKlass java/util/concurrent/atomic/AtomicLongFieldUpdater$CASUpdater$1
instanceKlass java/util/concurrent/atomic/AtomicLongFieldUpdater
instanceKlass io/netty/channel/ChannelOutboundBuffer
instanceKlass io/netty/util/internal/SocketUtils$13
instanceKlass io/netty/util/internal/MacAddressUtil
instanceKlass java/lang/ProcessHandleImpl
instanceKlass java/lang/ProcessHandle$Info
instanceKlass java/lang/ProcessHandle
instanceKlass io/netty/channel/DefaultChannelId
instanceKlass io/netty/channel/ChannelFlushPromiseNotifier$FlushCheckpoint
instanceKlass io/netty/channel/socket/nio/SelectorProviderUtil
instanceKlass io/netty/channel/FileRegion
instanceKlass io/netty/buffer/ByteBuf
instanceKlass io/netty/buffer/ByteBufConvertible
instanceKlass io/netty/channel/ChannelMetadata
instanceKlass org/redisson/connection/IdleConnectionWatcher$Entry
instanceKlass org/redisson/connection/ClientConnectionsEntry
instanceKlass io/netty/bootstrap/Bootstrap$ExternalAddressResolver
instanceKlass io/netty/bootstrap/AbstractBootstrapConfig
instanceKlass io/netty/bootstrap/AbstractBootstrap
instanceKlass io/netty/channel/group/VoidChannelGroupFuture
instanceKlass io/netty/channel/group/DefaultChannelGroup$1
instanceKlass io/netty/channel/group/ChannelGroupFuture
instanceKlass io/netty/channel/ChannelFutureListener
instanceKlass io/netty/channel/group/ChannelGroup
instanceKlass org/redisson/client/RedisClient
instanceKlass org/redisson/client/RedisClientConfig
instanceKlass java/net/spi/URLStreamHandlerProvider
instanceKlass java/net/URL$1
instanceKlass java/net/URL$2
instanceKlass org/redisson/misc/RedisURI
instanceKlass org/redisson/connection/pool/ConnectionPool
instanceKlass org/redisson/connection/balancer/LoadBalancerManager
instanceKlass org/redisson/client/RedisConnection
instanceKlass org/redisson/client/protocol/RedisCommands
instanceKlass org/redisson/PubSubEntry
instanceKlass org/redisson/pubsub/PublishSubscribe
instanceKlass org/redisson/client/RedisPubSubListener
instanceKlass org/redisson/api/listener/MessageListener
instanceKlass org/redisson/pubsub/PublishSubscribeService
instanceKlass java/nio/channels/spi/AbstractSelector$1
instanceKlass io/netty/util/internal/ThreadExecutorMap$2
instanceKlass io/netty/util/concurrent/SingleThreadEventExecutor$4
instanceKlass io/netty/util/internal/shaded/org/jctools/queues/LinkedArrayQueueUtil
instanceKlass org/redisson/connection/IdleConnectionWatcher
instanceKlass io/netty/util/concurrent/FastThreadLocalRunnable
instanceKlass io/netty/util/concurrent/ImmediateExecutor
instanceKlass io/netty/util/HashedWheelTimer$HashedWheelBucket
instanceKlass io/netty/util/HashedWheelTimer$Worker
instanceKlass io/netty/util/ResourceLeakTracker
instanceKlass io/netty/util/ResourceLeak
instanceKlass io/netty/util/ResourceLeakDetector
instanceKlass io/netty/util/ResourceLeakDetectorFactory
instanceKlass io/netty/util/HashedWheelTimer
instanceKlass org/redisson/cluster/ClusterSlotRange
instanceKlass org/redisson/client/FailedConnectionDetector
instanceKlass org/redisson/connection/balancer/RoundRobinLoadBalancer
instanceKlass org/redisson/client/FailedNodeDetector
instanceKlass org/redisson/connection/balancer/LoadBalancer
instanceKlass io/netty/util/Timer
instanceKlass org/redisson/connection/MasterSlaveEntry
instanceKlass org/redisson/connection/MasterSlaveConnectionManager
instanceKlass org/redisson/connection/ServiceManager$2
instanceKlass io/netty/resolver/dns/DefaultDnsCnameCache
instanceKlass io/netty/resolver/dns/Cache$1
instanceKlass io/netty/resolver/dns/DnsCacheEntry
instanceKlass io/netty/resolver/dns/Cache
instanceKlass io/netty/resolver/dns/DefaultDnsCache
instanceKlass io/netty/channel/socket/SocketChannelConfig
instanceKlass io/netty/channel/socket/DuplexChannelConfig
instanceKlass io/netty/channel/socket/DatagramChannelConfig
instanceKlass io/netty/channel/ChannelConfig
instanceKlass java/nio/channels/MulticastChannel
instanceKlass io/netty/channel/nio/AbstractNioChannel$NioUnsafe
instanceKlass io/netty/channel/AbstractChannel$AbstractUnsafe
instanceKlass io/netty/channel/ChannelId
instanceKlass io/netty/channel/ChannelPipeline
instanceKlass io/netty/channel/ChannelInboundInvoker
instanceKlass io/netty/channel/Channel$Unsafe
instanceKlass io/netty/util/Attribute
instanceKlass io/netty/channel/ReflectiveChannelFactory
instanceKlass io/netty/resolver/dns/NoopDnsQueryLifecycleObserverFactory
instanceKlass io/netty/util/CharsetUtil
instanceKlass io/netty/resolver/HostsFileEntriesProvider$ParserImpl
instanceKlass io/netty/resolver/HostsFileEntriesProvider$Parser
instanceKlass io/netty/resolver/HostsFileEntriesProvider
instanceKlass io/netty/resolver/DefaultHostsFileEntriesResolver
instanceKlass io/netty/resolver/HostsFileEntriesResolver
instanceKlass io/netty/handler/codec/dns/DnsQueryEncoder
instanceKlass io/netty/handler/codec/dns/DnsQuery
instanceKlass io/netty/handler/codec/dns/DefaultDnsRecordEncoder
instanceKlass io/netty/handler/codec/dns/DnsRecordEncoder
instanceKlass io/netty/channel/ChannelOutboundHandler
instanceKlass io/netty/handler/codec/dns/DnsResponse
instanceKlass io/netty/handler/codec/dns/DnsMessage
instanceKlass io/netty/channel/DefaultAddressedEnvelope
instanceKlass io/netty/channel/AddressedEnvelope
instanceKlass io/netty/buffer/ByteBufHolder
instanceKlass io/netty/util/ReferenceCounted
instanceKlass io/netty/util/internal/TypeParameterMatcher
instanceKlass io/netty/handler/codec/dns/DnsQuestion
instanceKlass io/netty/handler/codec/dns/DefaultDnsRecordDecoder
instanceKlass io/netty/handler/codec/dns/DnsRecordDecoder
instanceKlass io/netty/handler/codec/dns/DnsResponseDecoder
instanceKlass io/netty/resolver/dns/UnixResolverOptions$Builder
instanceKlass io/netty/resolver/dns/UnixResolverOptions
instanceKlass io/netty/resolver/dns/UnixResolverDnsServerAddressStreamProvider
instanceKlass javax/security/cert/Certificate
instanceKlass java/security/cert/X509Extension
instanceKlass io/netty/util/AsciiString
instanceKlass io/netty/util/internal/EmptyArrays
instanceKlass io/netty/util/NetUtil$SoMaxConnAction
instanceKlass io/netty/util/NetUtilInitializations$NetworkIfaceAndInetAddress
instanceKlass io/netty/util/internal/SocketUtils$11
instanceKlass io/netty/util/NetUtilInitializations
instanceKlass io/netty/util/NetUtil
instanceKlass io/netty/util/internal/MathUtil
instanceKlass io/netty/util/collection/IntObjectHashMap$1
instanceKlass io/netty/util/collection/IntObjectHashMap
instanceKlass io/netty/util/collection/IntObjectMap
instanceKlass io/netty/handler/codec/dns/DnsRecordType
instanceKlass io/netty/handler/codec/dns/DnsRecord
instanceKlass io/netty/util/ConstantPool
instanceKlass io/netty/util/AbstractConstant
instanceKlass io/netty/util/Constant
instanceKlass io/netty/resolver/dns/DnsQueryContext
instanceKlass io/netty/resolver/dns/DnsQueryLifecycleObserver
instanceKlass io/netty/channel/ChannelHandlerAdapter
instanceKlass io/netty/channel/ChannelInboundHandler
instanceKlass io/netty/channel/RecvByteBufAllocator
instanceKlass io/netty/channel/ChannelHandler
instanceKlass io/netty/resolver/AddressResolver
instanceKlass io/netty/resolver/SimpleNameResolver
instanceKlass io/netty/resolver/NameResolver
instanceKlass io/netty/resolver/dns/AuthoritativeDnsServerCache
instanceKlass io/netty/channel/ChannelFactory
instanceKlass io/netty/bootstrap/ChannelFactory
instanceKlass io/netty/resolver/dns/DnsQueryLifecycleObserverFactory
instanceKlass io/netty/resolver/dns/DnsNameResolverBuilder
instanceKlass io/netty/resolver/dns/SingletonDnsServerAddresses$1
instanceKlass io/netty/resolver/dns/DnsServerAddressStream
instanceKlass io/netty/resolver/dns/DnsServerAddresses
instanceKlass io/netty/util/internal/SocketUtils$10
instanceKlass io/netty/util/internal/SocketUtils
instanceKlass com/sun/jndi/dns/CT
instanceKlass com/sun/jndi/dns/DnsName
instanceKlass com/sun/jndi/dns/NameNode
instanceKlass com/sun/jndi/dns/DnsNameParser
instanceKlass javax/naming/NameImpl
instanceKlass javax/naming/CompositeName
instanceKlass javax/naming/directory/Attributes
instanceKlass javax/naming/directory/Attribute
instanceKlass javax/naming/Name
instanceKlass javax/naming/NameParser
instanceKlass sun/net/dns/ResolverConfiguration$Options
instanceKlass sun/net/dns/ResolverConfiguration
instanceKlass com/sun/jndi/toolkit/url/Uri$1
instanceKlass com/sun/jndi/toolkit/ctx/PartialCompositeContext
instanceKlass javax/naming/spi/Resolver
instanceKlass com/sun/jndi/toolkit/url/Uri
instanceKlass com/sun/jndi/dns/DnsContextFactory
instanceKlass javax/naming/spi/InitialContextFactory
instanceKlass io/netty/resolver/dns/DirContextUtils
instanceKlass io/netty/resolver/dns/DefaultDnsServerAddressStreamProvider
instanceKlass io/netty/resolver/dns/DnsServerAddressStreamProviders$DefaultProviderHolder$1
instanceKlass io/netty/resolver/dns/DnsServerAddressStreamProvider
instanceKlass io/netty/resolver/dns/DnsServerAddressStreamProviders$DefaultProviderHolder
instanceKlass io/netty/resolver/dns/DnsServerAddressStreamProviders
instanceKlass io/netty/channel/socket/DatagramChannel
instanceKlass io/netty/util/DefaultAttributeMap
instanceKlass io/netty/channel/socket/SocketChannel
instanceKlass io/netty/channel/socket/DuplexChannel
instanceKlass io/netty/channel/Channel
instanceKlass io/netty/channel/ChannelOutboundInvoker
instanceKlass io/netty/util/AttributeMap
instanceKlass io/netty/util/concurrent/MultithreadEventExecutorGroup$1
instanceKlass io/netty/util/concurrent/DefaultEventExecutorChooserFactory$PowerOfTwoEventExecutorChooser
instanceKlass io/netty/channel/nio/NioEventLoop$SelectorTuple
instanceKlass io/netty/channel/nio/NioEventLoop$4
instanceKlass java/nio/channels/SelectionKey
instanceKlass io/netty/channel/nio/NioEventLoop$3
instanceKlass java/nio/BufferMismatch
instanceKlass java/nio/channels/spi/AbstractInterruptibleChannel$1
instanceKlass sun/nio/ch/Interruptible
instanceKlass sun/nio/ch/SelChImpl
instanceKlass sun/nio/ch/UnixDomainSocketsUtil
instanceKlass sun/nio/ch/UnixDomainSockets
instanceKlass sun/nio/ch/PipeImpl$Initializer$LoopbackConnector
instanceKlass sun/nio/ch/PipeImpl$Initializer
instanceKlass java/nio/channels/Pipe
instanceKlass sun/nio/ch/WEPoll
instanceKlass sun/nio/ch/Util$2
instanceKlass io/netty/channel/nio/NioEventLoop$1
instanceKlass io/netty/util/internal/ThreadExecutorMap$1
instanceKlass io/netty/util/internal/shaded/org/jctools/util/UnsafeRefArrayAccess
instanceKlass io/netty/util/internal/shaded/org/jctools/util/Pow2
instanceKlass io/netty/util/internal/shaded/org/jctools/util/RangeUtil
instanceKlass io/netty/util/internal/shaded/org/jctools/util/UnsafeAccess
instanceKlass io/netty/util/internal/PlatformDependent$Mpsc$1
instanceKlass io/netty/util/internal/PlatformDependent$Mpsc
instanceKlass io/netty/channel/DefaultSelectStrategy
instanceKlass io/netty/channel/SelectStrategy
instanceKlass io/netty/util/internal/PlatformDependent$4
instanceKlass io/netty/util/internal/CleanerJava9$1
instanceKlass io/netty/util/internal/CleanerJava9
instanceKlass io/netty/util/internal/PlatformDependent$2
instanceKlass io/netty/util/internal/PlatformDependent$1
instanceKlass io/netty/util/internal/PlatformDependent0$9
instanceKlass io/netty/util/internal/PlatformDependent0$7
instanceKlass io/netty/util/internal/PlatformDependent0$6
instanceKlass io/netty/util/internal/PlatformDependent0$5
instanceKlass io/netty/util/internal/PlatformDependent0$4
instanceKlass io/netty/util/internal/PlatformDependent0$3
instanceKlass io/netty/util/internal/PlatformDependent0$2
instanceKlass io/netty/util/internal/ReflectionUtil
instanceKlass sun/misc/Unsafe
instanceKlass io/netty/util/internal/PlatformDependent0$1
instanceKlass io/netty/util/internal/PlatformDependent0
instanceKlass io/netty/util/internal/shaded/org/jctools/queues/SupportsIterator
instanceKlass io/netty/util/internal/shaded/org/jctools/queues/QueueProgressIndicators
instanceKlass io/netty/util/internal/shaded/org/jctools/queues/IndexedQueueSizeUtil$IndexedQueue
instanceKlass io/netty/util/internal/shaded/org/jctools/queues/MessagePassingQueue
instanceKlass io/netty/util/internal/LongCounter
instanceKlass io/netty/util/internal/PlatformDependent$ThreadLocalRandomProvider
instanceKlass io/netty/util/internal/Cleaner
instanceKlass io/netty/util/internal/PlatformDependent
instanceKlass io/netty/util/concurrent/SingleThreadEventExecutor$1
instanceKlass java/nio/channels/Selector
instanceKlass io/netty/util/IntSupplier
instanceKlass io/netty/channel/ChannelPromise
instanceKlass io/netty/channel/ChannelFuture
instanceKlass io/netty/util/concurrent/ThreadProperties
instanceKlass io/netty/util/concurrent/EventExecutorChooserFactory$EventExecutorChooser
instanceKlass io/netty/util/concurrent/DefaultEventExecutorChooserFactory
instanceKlass io/netty/util/concurrent/ThreadPerTaskExecutor
instanceKlass io/netty/util/concurrent/RejectedExecutionHandlers$1
instanceKlass io/netty/util/concurrent/RejectedExecutionHandler
instanceKlass io/netty/util/concurrent/RejectedExecutionHandlers
instanceKlass io/netty/channel/DefaultSelectStrategyFactory
instanceKlass io/netty/channel/SelectStrategyFactory
instanceKlass sun/nio/ch/DefaultSelectorProvider
instanceKlass java/nio/channels/spi/SelectorProvider$Holder
instanceKlass java/nio/channels/spi/SelectorProvider
instanceKlass io/netty/util/NettyRuntime$AvailableProcessorsHolder
instanceKlass io/netty/channel/EventLoop
instanceKlass io/netty/util/concurrent/EventExecutorChooserFactory
instanceKlass io/netty/util/concurrent/FutureListener
instanceKlass io/netty/util/concurrent/AbstractEventExecutorGroup
instanceKlass org/slf4j/helpers/FormattingTuple
instanceKlass org/slf4j/helpers/MessageFormatter
instanceKlass org/redisson/Version
instanceKlass org/redisson/api/DefaultNatMapper
instanceKlass org/redisson/api/NatMapper
instanceKlass org/redisson/ElementsSubscribeService
instanceKlass io/netty/util/internal/ThreadExecutorMap$3
instanceKlass io/netty/util/internal/UnpaddedInternalThreadLocalMap
instanceKlass io/netty/util/internal/ThreadExecutorMap
instanceKlass io/netty/util/internal/StringUtil
instanceKlass io/netty/util/concurrent/DefaultThreadFactory
instanceKlass io/netty/util/concurrent/GlobalEventExecutor$TaskRunner
instanceKlass io/netty/util/concurrent/GlobalEventExecutor$1
instanceKlass io/netty/util/concurrent/PromiseTask$SentinelRunnable
instanceKlass io/netty/util/internal/ThrowableUtil
instanceKlass io/netty/util/concurrent/DefaultFutureListeners
instanceKlass io/netty/util/concurrent/DefaultPromise$CauseHolder
instanceKlass java/util/concurrent/atomic/AtomicReferenceFieldUpdater$AtomicReferenceFieldUpdaterImpl$1
instanceKlass java/util/concurrent/atomic/AtomicReferenceFieldUpdater
instanceKlass io/netty/util/internal/PriorityQueueNode
instanceKlass io/netty/util/internal/SystemPropertyUtil
instanceKlass io/netty/util/concurrent/AbstractScheduledEventExecutor$2
instanceKlass io/netty/util/concurrent/AbstractScheduledEventExecutor$1
instanceKlass io/netty/util/internal/PriorityQueue
instanceKlass io/netty/util/concurrent/ScheduledFuture
instanceKlass io/netty/util/concurrent/OrderedEventExecutor
instanceKlass io/netty/util/concurrent/AbstractFuture
instanceKlass io/netty/util/internal/ObjectUtil
instanceKlass io/netty/util/internal/logging/Slf4JLoggerFactory$NopInstanceHolder
instanceKlass io/netty/util/internal/logging/AbstractInternalLogger
instanceKlass io/netty/util/internal/logging/InternalLogger
instanceKlass io/netty/util/internal/logging/InternalLoggerFactory
instanceKlass io/netty/util/concurrent/FastThreadLocal
instanceKlass io/netty/util/concurrent/ProgressivePromise
instanceKlass io/netty/util/concurrent/ProgressiveFuture
instanceKlass io/netty/util/concurrent/Promise
instanceKlass io/netty/util/concurrent/Future
instanceKlass java/util/UUID$Holder
instanceKlass org/redisson/connection/ConnectionEventsHub
instanceKlass org/redisson/cache/CachedValue
instanceKlass org/redisson/cache/ExpirableValue
instanceKlass org/redisson/cache/AbstractCacheMap
instanceKlass org/redisson/cache/Cache
instanceKlass org/redisson/connection/ServiceManager$1
instanceKlass io/netty/util/concurrent/GenericFutureListener
instanceKlass io/netty/util/concurrent/EventExecutor
instanceKlass org/redisson/api/RFuture
instanceKlass io/netty/util/Timeout
instanceKlass org/redisson/connection/ConnectionListener
instanceKlass io/netty/channel/EventLoopGroup
instanceKlass io/netty/util/concurrent/EventExecutorGroup
instanceKlass org/redisson/connection/ServiceManager
instanceKlass com/fasterxml/jackson/databind/ser/FilterProvider
instanceKlass org/redisson/connection/ConnectionManager
instanceKlass org/redisson/config/ConfigSupport
instanceKlass org/redisson/codec/Kryo5Codec$5
instanceKlass org/redisson/codec/Kryo5Codec$4
instanceKlass org/redisson/codec/BaseEventCodec
instanceKlass org/redisson/client/codec/BitSetCodec
instanceKlass org/redisson/codec/JsonCodec
instanceKlass com/esotericsoftware/kryo/Serializer
instanceKlass org/objenesis/strategy/InstantiatorStrategy
instanceKlass com/esotericsoftware/kryo/util/Pool
instanceKlass org/redisson/client/protocol/Encoder
instanceKlass org/redisson/client/protocol/Decoder
instanceKlass org/redisson/client/codec/BaseCodec
instanceKlass org/redisson/QueueTransferService
instanceKlass org/redisson/api/RSetRx
instanceKlass org/redisson/api/RSetCacheRx
instanceKlass org/redisson/api/RMapCacheRx
instanceKlass org/redisson/api/RMapRx
instanceKlass org/redisson/api/RListRx
instanceKlass org/redisson/api/RLexSortedSetRx
instanceKlass org/redisson/api/RScoredSortedSetRx
instanceKlass org/redisson/api/RSortableRx
instanceKlass org/redisson/api/RHyperLogLogRx
instanceKlass org/redisson/api/RDequeRx
instanceKlass org/redisson/api/RBucketRx
instanceKlass org/redisson/api/RBlockingQueueRx
instanceKlass org/redisson/api/RQueueRx
instanceKlass org/redisson/api/RCollectionRx
instanceKlass org/redisson/api/RBitSetRx
instanceKlass org/redisson/api/RAtomicLongRx
instanceKlass org/redisson/api/RExpirableRx
instanceKlass org/redisson/api/RObjectRx
instanceKlass org/redisson/api/RSetReactive
instanceKlass org/redisson/api/RSetCacheReactive
instanceKlass org/redisson/api/RMapCacheReactive
instanceKlass org/redisson/api/RMapReactive
instanceKlass org/redisson/api/RListReactive
instanceKlass org/redisson/api/RLexSortedSetReactive
instanceKlass org/redisson/api/RScoredSortedSetReactive
instanceKlass org/redisson/api/RSortableReactive
instanceKlass org/redisson/api/RHyperLogLogReactive
instanceKlass org/redisson/api/RDequeReactive
instanceKlass org/redisson/api/RBucketReactive
instanceKlass org/redisson/api/RBlockingQueueReactive
instanceKlass org/redisson/api/RQueueReactive
instanceKlass org/redisson/api/RCollectionReactive
instanceKlass org/redisson/api/RBitSetReactive
instanceKlass org/redisson/api/RAtomicLongReactive
instanceKlass org/redisson/api/RExpirableReactive
instanceKlass org/redisson/api/RObjectReactive
instanceKlass org/redisson/misc/BiHashMap
instanceKlass org/redisson/RedissonReference
instanceKlass org/redisson/api/RTransaction
instanceKlass org/redisson/api/RSemaphore
instanceKlass org/redisson/api/RSemaphoreAsync
instanceKlass org/redisson/api/RBitSet
instanceKlass org/redisson/api/RBitSetAsync
instanceKlass org/redisson/api/RBloomFilter
instanceKlass org/redisson/api/redisnode/BaseRedisNodes
instanceKlass org/redisson/api/RIdGenerator
instanceKlass org/redisson/api/RIdGeneratorAsync
instanceKlass org/redisson/api/RTransferQueue
instanceKlass org/redisson/api/RTransferQueueAsync
instanceKlass java/util/concurrent/TransferQueue
instanceKlass org/redisson/api/RRingBuffer
instanceKlass org/redisson/api/RRingBufferAsync
instanceKlass org/redisson/api/RLongAdder
instanceKlass org/redisson/api/RAtomicLong
instanceKlass org/redisson/api/RAtomicLongAsync
instanceKlass org/redisson/api/RReadWriteLock
instanceKlass org/redisson/api/RDelayedQueue
instanceKlass org/redisson/api/RPatternTopic
instanceKlass org/redisson/api/RReliableTopic
instanceKlass org/redisson/api/RReliableTopicAsync
instanceKlass org/redisson/api/RShardedTopic
instanceKlass org/redisson/api/RShardedTopicAsync
instanceKlass org/redisson/api/RTopic
instanceKlass org/redisson/api/RTopicAsync
instanceKlass org/redisson/api/RFencedLock
instanceKlass org/redisson/api/RFencedLockAsync
instanceKlass org/redisson/api/RLexSortedSet
instanceKlass org/redisson/api/RSortedSet
instanceKlass org/redisson/api/RLexSortedSetAsync
instanceKlass org/redisson/api/RSetCache
instanceKlass org/redisson/api/RSetCacheAsync
instanceKlass org/redisson/api/RLocalCachedMap
instanceKlass org/redisson/api/RList
instanceKlass org/redisson/api/RListAsync
instanceKlass org/redisson/api/RMapCache
instanceKlass org/redisson/api/RMapCacheAsync
instanceKlass org/redisson/api/RGeo
instanceKlass org/redisson/api/RGeoAsync
instanceKlass org/redisson/api/RScoredSortedSet
instanceKlass org/redisson/api/RScoredSortedSetAsync
instanceKlass org/redisson/api/RSearch
instanceKlass org/redisson/api/RSearchAsync
instanceKlass org/redisson/api/RHyperLogLog
instanceKlass org/redisson/api/RHyperLogLogAsync
instanceKlass org/redisson/api/RTimeSeries
instanceKlass org/redisson/api/RTimeSeriesAsync
instanceKlass org/redisson/api/RJsonBucket
instanceKlass org/redisson/api/RJsonBucketAsync
instanceKlass org/redisson/api/RBinaryStream
instanceKlass org/redisson/api/RBucket
instanceKlass org/redisson/api/RBucketAsync
instanceKlass org/redisson/api/RRateLimiter
instanceKlass org/redisson/api/RRateLimiterAsync
instanceKlass org/redisson/api/RBuckets
instanceKlass org/redisson/api/RBucketsAsync
instanceKlass org/redisson/api/RBatch
instanceKlass org/redisson/api/RRemoteService
instanceKlass org/redisson/api/RPriorityBlockingQueue
instanceKlass org/redisson/api/RPriorityBlockingDeque
instanceKlass org/redisson/api/RPriorityDeque
instanceKlass org/redisson/api/RPriorityQueue
instanceKlass org/redisson/api/RBlockingDeque
instanceKlass org/redisson/api/RBlockingDequeAsync
instanceKlass org/redisson/api/RDeque
instanceKlass org/redisson/api/RDequeAsync
instanceKlass java/util/concurrent/BlockingDeque
instanceKlass org/redisson/api/RLiveObjectService
instanceKlass org/redisson/api/RPermitExpirableSemaphore
instanceKlass org/redisson/api/RPermitExpirableSemaphoreAsync
instanceKlass org/redisson/api/RBoundedBlockingQueue
instanceKlass org/redisson/api/RBoundedBlockingQueueAsync
instanceKlass org/redisson/api/RBlockingQueue
instanceKlass org/redisson/api/RBlockingQueueAsync
instanceKlass org/redisson/api/RListMultimapCache
instanceKlass org/redisson/api/RListMultimap
instanceKlass org/redisson/api/ClusterNodesGroup
instanceKlass org/redisson/api/NodesGroup
instanceKlass org/redisson/api/RSetMultimapCache
instanceKlass org/redisson/api/RMultimapCache
instanceKlass org/redisson/api/RMultimapCacheAsync
instanceKlass org/redisson/api/RSetMultimap
instanceKlass org/redisson/api/RMultimap
instanceKlass org/redisson/api/RMultimapAsync
instanceKlass org/redisson/api/RSet
instanceKlass org/redisson/api/RSortable
instanceKlass org/redisson/api/RSetAsync
instanceKlass org/redisson/api/RSortableAsync
instanceKlass org/redisson/api/RLock
instanceKlass org/redisson/api/RLockAsync
instanceKlass org/redisson/api/RDoubleAdder
instanceKlass org/redisson/api/RAtomicDouble
instanceKlass org/redisson/api/RAtomicDoubleAsync
instanceKlass org/redisson/api/RStream
instanceKlass org/redisson/api/RStreamAsync
instanceKlass org/redisson/api/RScheduledExecutorService
instanceKlass org/redisson/api/RScheduledExecutorServiceAsync
instanceKlass org/redisson/api/RExecutorService
instanceKlass org/redisson/api/RExecutorServiceAsync
instanceKlass org/redisson/api/RCountDownLatch
instanceKlass org/redisson/api/RCountDownLatchAsync
instanceKlass org/redisson/api/RScript
instanceKlass org/redisson/api/RScriptAsync
instanceKlass org/redisson/api/RKeys
instanceKlass org/redisson/api/RKeysAsync
instanceKlass org/redisson/api/RMap
instanceKlass org/redisson/api/RDestroyable
instanceKlass org/redisson/api/RMapAsync
instanceKlass org/redisson/api/RFunction
instanceKlass org/redisson/api/RFunctionAsync
instanceKlass org/redisson/api/RQueue
instanceKlass org/redisson/api/RQueueAsync
instanceKlass org/redisson/api/RCollectionAsync
instanceKlass org/redisson/api/RExpirable
instanceKlass org/redisson/api/RExpirableAsync
instanceKlass org/redisson/api/RObject
instanceKlass org/redisson/api/RObjectAsync
instanceKlass org/redisson/command/CommandAsyncExecutor
instanceKlass org/redisson/config/DefaultCommandMapper
instanceKlass org/redisson/config/CommandMapper
instanceKlass org/redisson/api/DefaultNameMapper
instanceKlass org/redisson/api/NameMapper
instanceKlass java/util/concurrent/ForkJoinTask
instanceKlass java/util/concurrent/CompletableFuture$AsynchronousCompletionTask
instanceKlass java/util/concurrent/CompletableFuture$AltResult
instanceKlass org/redisson/config/Credentials
instanceKlass org/redisson/client/DefaultCredentialsResolver
instanceKlass org/redisson/config/CredentialsResolver
instanceKlass org/redisson/misc/AsyncSemaphore
instanceKlass io/netty/resolver/AddressResolverGroup
instanceKlass io/netty/resolver/dns/DnsCnameCache
instanceKlass io/netty/resolver/dns/DnsCache
instanceKlass org/redisson/connection/SequentialDnsAddressResolverFactory
instanceKlass org/redisson/client/DefaultNettyHook
instanceKlass org/redisson/client/codec/Codec
instanceKlass org/redisson/connection/AddressResolverGroupFactory
instanceKlass org/redisson/client/NettyHook
instanceKlass org/redisson/config/Config
instanceKlass java/time/Duration$1
instanceKlass org/springframework/boot/convert/DurationUnit
instanceKlass org/springframework/boot/convert/DurationFormat
instanceKlass org/springframework/boot/autoconfigure/data/redis/RedisProperties$Lettuce$Cluster$Refresh
instanceKlass org/springframework/boot/autoconfigure/data/redis/RedisProperties$Lettuce$Cluster
instanceKlass org/redisson/spring/starter/RedissonAutoConfigurationCustomizer
instanceKlass com/baomidou/mybatisplus/core/MybatisConfiguration$StrictMap$Ambiguity
instanceKlass com/example/fishing/entity/MerchantStaff
instanceKlass com/baomidou/mybatisplus/core/override/MybatisMapperProxy$MapperMethodInvoker
instanceKlass com/baomidou/mybatisplus/core/override/MybatisMapperProxy
instanceKlass org/apache/ibatis/scripting/xmltags/ForEachSqlNode
instanceKlass org/apache/ibatis/builder/StaticSqlSource
instanceKlass org/apache/ibatis/mapping/ParameterMapping
instanceKlass org/apache/ibatis/mapping/ParameterMapping$Builder
instanceKlass org/apache/ibatis/reflection/property/PropertyTokenizer
instanceKlass org/apache/ibatis/reflection/wrapper/BaseWrapper
instanceKlass org/apache/ibatis/reflection/wrapper/ObjectWrapper
instanceKlass org/apache/ibatis/reflection/MetaObject
instanceKlass org/apache/ibatis/scripting/defaults/RawSqlSource
instanceKlass org/apache/ibatis/scripting/xmltags/ChooseSqlNode
instanceKlass org/apache/ibatis/scripting/xmltags/VarDeclSqlNode
instanceKlass org/apache/ibatis/mapping/ResultMap
instanceKlass org/apache/ibatis/mapping/ResultMap$Builder
instanceKlass org/apache/ibatis/mapping/ParameterMap
instanceKlass org/apache/ibatis/mapping/ParameterMap$Builder
instanceKlass org/apache/ibatis/mapping/MappedStatement$Builder
instanceKlass org/apache/ibatis/scripting/xmltags/DynamicSqlSource
instanceKlass org/apache/ibatis/scripting/xmltags/DynamicContext
instanceKlass org/apache/ibatis/scripting/xmltags/TrimSqlNode
instanceKlass org/apache/ibatis/scripting/xmltags/ExpressionEvaluator
instanceKlass org/apache/ibatis/scripting/xmltags/IfSqlNode
instanceKlass org/apache/ibatis/scripting/xmltags/MixedSqlNode
instanceKlass org/apache/ibatis/scripting/xmltags/StaticTextSqlNode
instanceKlass org/apache/ibatis/scripting/xmltags/TextSqlNode$DynamicCheckerTokenParser
instanceKlass org/apache/ibatis/scripting/xmltags/TextSqlNode
instanceKlass com/baomidou/mybatisplus/core/MybatisXMLScriptBuilder$BindHandler
instanceKlass com/baomidou/mybatisplus/core/MybatisXMLScriptBuilder$OtherwiseHandler
instanceKlass com/baomidou/mybatisplus/core/MybatisXMLScriptBuilder$ChooseHandler
instanceKlass com/baomidou/mybatisplus/core/MybatisXMLScriptBuilder$IfHandler
instanceKlass com/baomidou/mybatisplus/core/MybatisXMLScriptBuilder$ForEachHandler
instanceKlass com/baomidou/mybatisplus/core/MybatisXMLScriptBuilder$SetHandler
instanceKlass com/baomidou/mybatisplus/core/MybatisXMLScriptBuilder$WhereHandler
instanceKlass com/baomidou/mybatisplus/core/MybatisXMLScriptBuilder$TrimHandler
instanceKlass com/baomidou/mybatisplus/core/MybatisXMLScriptBuilder$NodeHandler
instanceKlass org/apache/ibatis/parsing/GenericTokenParser
instanceKlass org/apache/ibatis/parsing/PropertyParser$VariableTokenHandler
instanceKlass org/apache/ibatis/parsing/PropertyParser
instanceKlass com/sun/org/apache/xerces/internal/dom/CharacterDataImpl$1
instanceKlass org/apache/ibatis/parsing/XNode
instanceKlass com/sun/org/apache/xerces/internal/dom/NamedNodeMapImpl
instanceKlass org/w3c/dom/NamedNodeMap
instanceKlass com/sun/org/apache/xml/internal/dtm/ref/DTMNodeIterator
instanceKlass org/w3c/dom/traversal/NodeIterator
instanceKlass com/sun/org/apache/xml/internal/dtm/DTMAxisTraverser
instanceKlass com/sun/org/apache/xml/internal/dtm/Axis
instanceKlass com/sun/org/apache/xpath/internal/objects/Comparator
instanceKlass com/sun/org/apache/xml/internal/dtm/ref/dom2dtm/DOM2DTMdefaultNamespaceDeclarationNode
instanceKlass org/xml/sax/helpers/LocatorImpl
instanceKlass org/xml/sax/Locator
instanceKlass com/sun/org/apache/xml/internal/utils/TreeWalker
instanceKlass com/sun/org/apache/xml/internal/utils/SuballocatedIntVector
instanceKlass com/sun/org/apache/xml/internal/dtm/ref/DTMDefaultBase
instanceKlass com/sun/org/apache/xml/internal/dtm/ref/DTMNodeProxy
instanceKlass org/w3c/dom/DocumentFragment
instanceKlass org/w3c/dom/Comment
instanceKlass org/w3c/dom/ProcessingInstruction
instanceKlass org/w3c/dom/Attr
instanceKlass org/w3c/dom/Text
instanceKlass org/w3c/dom/CharacterData
instanceKlass com/sun/org/apache/xml/internal/dtm/ref/ExpandedNameTable$HashEntry
instanceKlass com/sun/org/apache/xml/internal/dtm/ref/ExtendedType
instanceKlass com/sun/org/apache/xml/internal/dtm/ref/ExpandedNameTable
instanceKlass org/xml/sax/helpers/DefaultHandler
instanceKlass org/xml/sax/ContentHandler
instanceKlass org/xml/sax/DTDHandler
instanceKlass com/sun/org/apache/xml/internal/dtm/DTM
instanceKlass com/sun/org/apache/xml/internal/utils/XMLStringFactory
instanceKlass com/sun/org/apache/xpath/internal/XPathContext$XPathExpressionContext
instanceKlass com/sun/org/apache/xalan/internal/extensions/ExpressionContext
instanceKlass com/sun/org/apache/xml/internal/utils/NodeVector
instanceKlass com/sun/org/apache/xpath/internal/VariableStack
instanceKlass com/sun/org/apache/xml/internal/utils/IntVector
instanceKlass com/sun/org/apache/xml/internal/dtm/DTMManager
instanceKlass com/sun/org/apache/xpath/internal/axes/IteratorPool
instanceKlass com/sun/org/apache/xpath/internal/axes/SubContextList
instanceKlass com/sun/org/apache/xpath/internal/axes/PathComponent
instanceKlass com/sun/org/apache/xml/internal/dtm/DTMIterator
instanceKlass com/sun/org/apache/xpath/internal/axes/WalkerFactory
instanceKlass com/sun/org/apache/xpath/internal/compiler/OpMapVector
instanceKlass com/sun/org/apache/xpath/internal/compiler/Lexer
instanceKlass com/sun/org/apache/xml/internal/utils/ObjectVector
instanceKlass com/sun/org/apache/xpath/internal/compiler/OpMap
instanceKlass com/sun/org/apache/xpath/internal/compiler/XPathParser
instanceKlass com/sun/org/apache/xml/internal/utils/DefaultErrorHandler
instanceKlass com/sun/org/apache/xpath/internal/Expression
instanceKlass com/sun/org/apache/xpath/internal/XPathVisitable
instanceKlass com/sun/org/apache/xpath/internal/ExpressionNode
instanceKlass javax/xml/transform/SourceLocator
instanceKlass com/sun/org/apache/xpath/internal/compiler/FunctionTable
instanceKlass com/sun/org/apache/xpath/internal/XPath
instanceKlass com/sun/org/apache/xpath/internal/ExpressionOwner
instanceKlass javax/xml/namespace/QName
instanceKlass javax/xml/xpath/XPathConstants
instanceKlass com/sun/org/apache/xerces/internal/impl/Constants$ArrayEnumeration
instanceKlass com/sun/org/apache/xerces/internal/impl/Constants
instanceKlass com/sun/org/apache/xerces/internal/util/XMLChar
instanceKlass com/sun/org/apache/xerces/internal/dom/DeferredDocumentImpl$RefCount
instanceKlass com/sun/org/apache/xerces/internal/dom/NodeListCache
instanceKlass org/w3c/dom/TypeInfo
instanceKlass org/w3c/dom/ElementTraversal
instanceKlass org/w3c/dom/Element
instanceKlass org/w3c/dom/DocumentType
instanceKlass com/sun/org/apache/xerces/internal/dom/NodeImpl
instanceKlass org/w3c/dom/events/EventTarget
instanceKlass org/w3c/dom/NodeList
instanceKlass org/w3c/dom/Document
instanceKlass org/w3c/dom/ranges/DocumentRange
instanceKlass org/w3c/dom/events/DocumentEvent
instanceKlass org/w3c/dom/traversal/DocumentTraversal
instanceKlass com/sun/org/apache/xerces/internal/dom/DeferredNode
instanceKlass com/sun/org/apache/xerces/internal/util/XMLSymbols
instanceKlass com/sun/xml/internal/stream/util/BufferAllocator
instanceKlass com/sun/xml/internal/stream/util/ThreadLocalBufferAllocator
instanceKlass com/sun/xml/internal/stream/Entity
instanceKlass com/sun/org/apache/xerces/internal/utils/XMLLimitAnalyzer
instanceKlass com/sun/org/apache/xerces/internal/xni/parser/XMLInputSource
instanceKlass com/sun/org/apache/xerces/internal/util/ErrorHandlerWrapper
instanceKlass com/sun/org/apache/xerces/internal/xni/parser/XMLErrorHandler
instanceKlass org/apache/ibatis/parsing/XPathParser$1
instanceKlass com/sun/org/apache/xerces/internal/impl/ExternalSubsetResolver
instanceKlass com/sun/org/apache/xerces/internal/util/EntityResolverWrapper
instanceKlass org/xml/sax/ext/EntityResolver2
instanceKlass com/sun/org/apache/xerces/internal/util/FeatureState
instanceKlass com/sun/org/apache/xerces/internal/util/PropertyState
instanceKlass com/sun/org/apache/xerces/internal/impl/msg/XMLMessageFormatter
instanceKlass com/sun/org/apache/xerces/internal/util/MessageFormatter
instanceKlass com/sun/org/apache/xerces/internal/impl/XMLVersionDetector
instanceKlass com/sun/org/apache/xerces/internal/impl/validation/ValidationManager
instanceKlass com/sun/org/apache/xerces/internal/impl/dv/dtd/NMTOKENDatatypeValidator
instanceKlass com/sun/org/apache/xerces/internal/impl/dv/dtd/NOTATIONDatatypeValidator
instanceKlass com/sun/org/apache/xerces/internal/impl/dv/dtd/ENTITYDatatypeValidator
instanceKlass com/sun/org/apache/xerces/internal/impl/dv/dtd/ListDatatypeValidator
instanceKlass com/sun/org/apache/xerces/internal/impl/dv/dtd/IDREFDatatypeValidator
instanceKlass com/sun/org/apache/xerces/internal/impl/dv/dtd/IDDatatypeValidator
instanceKlass com/sun/org/apache/xerces/internal/impl/dv/dtd/StringDatatypeValidator
instanceKlass com/sun/org/apache/xerces/internal/impl/dv/DatatypeValidator
instanceKlass com/sun/org/apache/xerces/internal/impl/dv/DTDDVFactory
instanceKlass com/sun/org/apache/xerces/internal/impl/dtd/DTDGrammarBucket
instanceKlass com/sun/org/apache/xerces/internal/impl/dtd/XMLAttributeDecl
instanceKlass com/sun/org/apache/xerces/internal/impl/dtd/XMLSimpleType
instanceKlass com/sun/org/apache/xerces/internal/impl/dtd/XMLElementDecl
instanceKlass com/sun/org/apache/xerces/internal/impl/validation/ValidationState
instanceKlass com/sun/org/apache/xerces/internal/impl/dv/ValidationContext
instanceKlass com/sun/org/apache/xerces/internal/impl/dtd/XMLDTDValidator
instanceKlass com/sun/org/apache/xerces/internal/impl/RevalidationHandler
instanceKlass com/sun/org/apache/xerces/internal/impl/dtd/XMLDTDValidatorFilter
instanceKlass com/sun/org/apache/xerces/internal/xni/parser/XMLDocumentFilter
instanceKlass com/sun/org/apache/xerces/internal/impl/dtd/XMLEntityDecl
instanceKlass com/sun/org/apache/xerces/internal/impl/dtd/XMLDTDProcessor
instanceKlass com/sun/org/apache/xerces/internal/xni/parser/XMLDTDContentModelFilter
instanceKlass com/sun/org/apache/xerces/internal/xni/parser/XMLDTDFilter
instanceKlass com/sun/org/apache/xerces/internal/xni/parser/XMLDTDScanner
instanceKlass com/sun/org/apache/xerces/internal/xni/parser/XMLDTDContentModelSource
instanceKlass com/sun/org/apache/xerces/internal/xni/parser/XMLDTDSource
instanceKlass com/sun/org/apache/xerces/internal/xni/grammars/XMLDTDDescription
instanceKlass com/sun/org/apache/xerces/internal/xni/grammars/XMLGrammarDescription
instanceKlass com/sun/org/apache/xerces/internal/impl/XMLDocumentScannerImpl$TrailingMiscDriver
instanceKlass com/sun/org/apache/xerces/internal/impl/XMLDocumentScannerImpl$PrologDriver
instanceKlass com/sun/org/apache/xerces/internal/impl/XMLDocumentScannerImpl$XMLDeclDriver
instanceKlass com/sun/org/apache/xerces/internal/util/NamespaceSupport
instanceKlass com/sun/org/apache/xerces/internal/xni/NamespaceContext
instanceKlass com/sun/org/apache/xerces/internal/util/XMLAttributesImpl$Attribute
instanceKlass com/sun/org/apache/xerces/internal/util/XMLAttributesImpl
instanceKlass com/sun/org/apache/xerces/internal/xni/XMLAttributes
instanceKlass com/sun/org/apache/xerces/internal/impl/XMLDocumentFragmentScannerImpl$FragmentContentDriver
instanceKlass com/sun/org/apache/xerces/internal/impl/XMLDocumentFragmentScannerImpl$Driver
instanceKlass com/sun/org/apache/xerces/internal/impl/XMLDocumentFragmentScannerImpl$ElementStack2
instanceKlass com/sun/org/apache/xerces/internal/xni/QName
instanceKlass com/sun/org/apache/xerces/internal/impl/XMLDocumentFragmentScannerImpl$ElementStack
instanceKlass com/sun/org/apache/xerces/internal/xni/XMLString
instanceKlass com/sun/org/apache/xerces/internal/impl/XMLScanner
instanceKlass com/sun/xml/internal/stream/XMLBufferListener
instanceKlass com/sun/org/apache/xerces/internal/impl/XMLEntityHandler
instanceKlass com/sun/org/apache/xerces/internal/xni/parser/XMLDocumentScanner
instanceKlass com/sun/org/apache/xerces/internal/xni/parser/XMLDocumentSource
instanceKlass com/sun/org/apache/xerces/internal/impl/XMLErrorReporter
instanceKlass com/sun/org/apache/xerces/internal/impl/XMLEntityScanner
instanceKlass com/sun/org/apache/xerces/internal/xni/XMLLocator
instanceKlass com/sun/xml/internal/stream/XMLEntityStorage
instanceKlass com/sun/org/apache/xerces/internal/util/AugmentationsImpl$AugmentationsItemsContainer
instanceKlass com/sun/org/apache/xerces/internal/util/AugmentationsImpl
instanceKlass com/sun/org/apache/xerces/internal/xni/Augmentations
instanceKlass com/sun/org/apache/xerces/internal/util/XMLResourceIdentifierImpl
instanceKlass com/sun/org/apache/xerces/internal/xni/XMLResourceIdentifier
instanceKlass com/sun/org/apache/xerces/internal/impl/XMLEntityManager
instanceKlass com/sun/org/apache/xerces/internal/xni/parser/XMLEntityResolver
instanceKlass com/sun/org/apache/xerces/internal/xni/parser/XMLComponent
instanceKlass com/sun/org/apache/xerces/internal/util/SymbolTable$Entry
instanceKlass com/sun/org/apache/xerces/internal/util/SymbolTable
instanceKlass javax/xml/parsers/SAXParserFactory
instanceKlass jdk/xml/internal/JdkXmlUtils
instanceKlass com/sun/org/apache/xerces/internal/util/ParserConfigurationSettings
instanceKlass com/sun/org/apache/xerces/internal/parsers/XML11Configurable
instanceKlass com/sun/org/apache/xerces/internal/xni/parser/XMLPullParserConfiguration
instanceKlass com/sun/org/apache/xerces/internal/xni/parser/XMLParserConfiguration
instanceKlass com/sun/org/apache/xerces/internal/xni/parser/XMLComponentManager
instanceKlass com/sun/org/apache/xerces/internal/parsers/XMLParser
instanceKlass com/sun/org/apache/xerces/internal/xni/XMLDTDContentModelHandler
instanceKlass com/sun/org/apache/xerces/internal/xni/XMLDTDHandler
instanceKlass com/sun/org/apache/xerces/internal/xni/XMLDocumentHandler
instanceKlass javax/xml/parsers/DocumentBuilder
instanceKlass com/sun/org/apache/xerces/internal/jaxp/JAXPConstants
instanceKlass com/sun/org/apache/xerces/internal/utils/XMLSecurityPropertyManager
instanceKlass com/sun/org/apache/xerces/internal/utils/XMLSecurityManager
instanceKlass javax/xml/parsers/FactoryFinder$1
instanceKlass javax/xml/parsers/FactoryFinder
instanceKlass javax/xml/parsers/DocumentBuilderFactory
instanceKlass com/sun/org/apache/xpath/internal/jaxp/XPathImplUtil
instanceKlass javax/xml/xpath/XPath
instanceKlass javax/xml/xpath/XPathFactoryFinder$2
instanceKlass javax/xml/xpath/XPathFactoryFinder
instanceKlass javax/xml/xpath/XPathFactory
instanceKlass org/apache/ibatis/builder/xml/XMLMapperEntityResolver
instanceKlass org/apache/ibatis/parsing/XPathParser
instanceKlass org/apache/ibatis/parsing/TokenHandler
instanceKlass com/baomidou/mybatisplus/core/toolkit/sql/SqlInjectionUtils
instanceKlass org/apache/ibatis/executor/keygen/Jdbc3KeyGenerator
instanceKlass com/baomidou/mybatisplus/core/toolkit/sql/SqlScriptUtils
instanceKlass org/apache/ibatis/executor/keygen/NoKeyGenerator
instanceKlass java/util/stream/SpinedBuffer$1Splitr
instanceKlass com/baomidou/mybatisplus/core/injector/AbstractMethod
instanceKlass com/baomidou/mybatisplus/core/toolkit/support/ColumnCache
instanceKlass com/baomidou/mybatisplus/core/toolkit/support/LambdaMeta
instanceKlass com/baomidou/mybatisplus/core/toolkit/LambdaUtils
instanceKlass com/baomidou/mybatisplus/annotation/Version
instanceKlass com/baomidou/mybatisplus/core/metadata/TableFieldInfo
instanceKlass com/baomidou/mybatisplus/annotation/OrderBy
instanceKlass com/baomidou/mybatisplus/annotation/TableLogic
instanceKlass com/baomidou/mybatisplus/annotation/TableId
instanceKlass com/baomidou/mybatisplus/annotation/TableField
instanceKlass org/apache/ibatis/reflection/TypeParameterResolver
instanceKlass org/apache/ibatis/reflection/property/PropertyNamer
instanceKlass org/apache/ibatis/reflection/invoker/MethodInvoker
instanceKlass org/apache/ibatis/reflection/invoker/Invoker
instanceKlass org/apache/ibatis/reflection/Reflector
instanceKlass com/baomidou/mybatisplus/core/metadata/TableInfo
instanceKlass com/baomidou/mybatisplus/core/toolkit/Constants
instanceKlass com/baomidou/mybatisplus/core/toolkit/StringPool
instanceKlass com/baomidou/mybatisplus/core/metadata/TableInfoHelper
instanceKlass com/example/fishing/entity/SysUser
instanceKlass com/baomidou/mybatisplus/core/toolkit/reflect/SpringReflectionHelper
instanceKlass com/baomidou/mybatisplus/core/toolkit/reflect/GenericTypeUtils
instanceKlass com/baomidou/mybatisplus/core/toolkit/ClassUtils
instanceKlass com/baomidou/mybatisplus/core/toolkit/ReflectionKit
instanceKlass org/apache/ibatis/annotations/DeleteProvider$List
instanceKlass org/apache/ibatis/annotations/Update$List
instanceKlass org/apache/ibatis/annotations/Insert$List
instanceKlass org/apache/ibatis/annotations/InsertProvider$List
instanceKlass org/apache/ibatis/annotations/UpdateProvider$List
instanceKlass org/apache/ibatis/annotations/Delete$List
instanceKlass org/apache/ibatis/annotations/Lang
instanceKlass org/apache/ibatis/annotations/SelectProvider$List
instanceKlass sun/reflect/annotation/AnnotationSupport
instanceKlass com/baomidou/mybatisplus/core/MybatisMapperAnnotationBuilder$AnnotationWrapper
instanceKlass com/baomidou/mybatisplus/core/metadata/IPage
instanceKlass com/baomidou/mybatisplus/core/conditions/Wrapper
instanceKlass com/baomidou/mybatisplus/core/conditions/ISqlSegment
instanceKlass com/baomidou/mybatisplus/annotation/InterceptorIgnore
instanceKlass com/baomidou/mybatisplus/core/plugins/InterceptorIgnoreHelper
instanceKlass org/apache/ibatis/annotations/CacheNamespaceRef
instanceKlass org/apache/ibatis/annotations/CacheNamespace
instanceKlass org/apache/ibatis/executor/ErrorContext
instanceKlass org/apache/ibatis/builder/BaseBuilder
instanceKlass org/apache/ibatis/annotations/DeleteProvider
instanceKlass org/apache/ibatis/annotations/InsertProvider
instanceKlass org/apache/ibatis/annotations/UpdateProvider
instanceKlass org/apache/ibatis/annotations/SelectProvider
instanceKlass org/apache/ibatis/annotations/Delete
instanceKlass org/apache/ibatis/annotations/Insert
instanceKlass org/apache/ibatis/annotations/Update
instanceKlass org/apache/ibatis/builder/annotation/MethodResolver
instanceKlass org/apache/ibatis/executor/keygen/KeyGenerator
instanceKlass org/apache/ibatis/builder/annotation/MapperAnnotationBuilder
instanceKlass com/baomidou/mybatisplus/core/override/MybatisMapperProxyFactory
instanceKlass org/apache/ibatis/cursor/Cursor
instanceKlass org/mybatis/spring/SqlSessionTemplate$SqlSessionInterceptor
instanceKlass org/springframework/jdbc/support/SQLExceptionTranslator
instanceKlass org/mybatis/spring/MyBatisExceptionTranslator
instanceKlass org/springframework/boot/sql/init/AbstractScriptDatabaseInitializer$ScriptLocationResolver
instanceKlass org/springframework/jdbc/datasource/init/ResourceDatabasePopulator
instanceKlass org/springframework/boot/sql/init/DatabaseInitializationSettings
instanceKlass org/springframework/boot/autoconfigure/sql/init/SettingsCreator
instanceKlass com/baomidou/mybatisplus/core/MybatisPlusVersion
instanceKlass com/baomidou/mybatisplus/extension/toolkit/SqlHelper
instanceKlass org/apache/ibatis/session/defaults/DefaultSqlSessionFactory
instanceKlass com/baomidou/mybatisplus/core/toolkit/IdWorker
instanceKlass com/baomidou/mybatisplus/core/toolkit/Sequence
instanceKlass com/baomidou/mybatisplus/core/incrementer/DefaultIdentifierGenerator$DefaultInstance
instanceKlass com/baomidou/mybatisplus/core/incrementer/DefaultIdentifierGenerator
instanceKlass com/baomidou/mybatisplus/core/toolkit/CollectionUtils
instanceKlass org/apache/ibatis/session/SqlSessionFactoryBuilder
instanceKlass org/apache/ibatis/transaction/Transaction
instanceKlass org/mybatis/spring/transaction/SpringManagedTransactionFactory
instanceKlass org/apache/ibatis/mapping/Environment
instanceKlass com/baomidou/mybatisplus/core/toolkit/Assert
instanceKlass com/baomidou/mybatisplus/core/handlers/CompositeEnumTypeHandler
instanceKlass org/apache/ibatis/mapping/SqlSource
instanceKlass org/apache/ibatis/scripting/xmltags/SqlNode
instanceKlass org/apache/ibatis/executor/parameter/ParameterHandler
instanceKlass org/apache/ibatis/util/MapUtil
instanceKlass org/apache/ibatis/executor/loader/cglib/CglibProxyFactory
instanceKlass org/apache/ibatis/logging/nologging/NoLoggingImpl
instanceKlass org/apache/ibatis/logging/jdk14/Jdk14LoggingImpl
instanceKlass org/apache/ibatis/logging/log4j2/Log4j2Impl
instanceKlass org/apache/ibatis/logging/log4j/Log4jImpl
instanceKlass org/apache/ibatis/logging/commons/JakartaCommonsLoggingImpl
instanceKlass org/apache/ibatis/scripting/xmltags/XMLLanguageDriver
instanceKlass org/apache/ibatis/mapping/VendorDatabaseIdProvider
instanceKlass org/apache/ibatis/cache/decorators/WeakCache
instanceKlass org/apache/ibatis/cache/decorators/SoftCache
instanceKlass org/apache/ibatis/cache/decorators/LruCache
instanceKlass org/apache/ibatis/cache/decorators/FifoCache
instanceKlass org/apache/ibatis/cache/impl/PerpetualCache
instanceKlass org/apache/ibatis/cache/Cache
instanceKlass org/apache/ibatis/datasource/unpooled/UnpooledDataSourceFactory
instanceKlass org/apache/ibatis/datasource/jndi/JndiDataSourceFactory
instanceKlass org/apache/ibatis/datasource/DataSourceFactory
instanceKlass org/apache/ibatis/transaction/managed/ManagedTransactionFactory
instanceKlass org/apache/ibatis/transaction/jdbc/JdbcTransactionFactory
instanceKlass org/apache/ibatis/scripting/LanguageDriverRegistry
instanceKlass java/sql/ResultSet
instanceKlass org/apache/ibatis/type/TypeAliasRegistry
instanceKlass org/apache/ibatis/type/MappedJdbcTypes
instanceKlass org/apache/ibatis/type/TypeReference
instanceKlass org/apache/ibatis/type/TypeHandlerRegistry
instanceKlass org/apache/ibatis/plugin/InterceptorChain
instanceKlass org/apache/ibatis/io/ResolverUtil$Test
instanceKlass org/apache/ibatis/javassist/util/proxy/ProxyFactory$3
instanceKlass org/apache/ibatis/javassist/util/proxy/ProxyFactory$2
instanceKlass org/apache/ibatis/javassist/util/proxy/ProxyFactory$1
instanceKlass org/apache/ibatis/javassist/util/proxy/MethodHandler
instanceKlass org/apache/ibatis/javassist/bytecode/AttributeInfo
instanceKlass org/apache/ibatis/javassist/util/proxy/ProxyFactory$UniqueName
instanceKlass org/apache/ibatis/javassist/util/proxy/ProxyFactory$ClassLoaderProvider
instanceKlass org/apache/ibatis/javassist/util/proxy/ProxyFactory
instanceKlass org/apache/ibatis/executor/loader/javassist/JavassistProxyFactory
instanceKlass org/apache/ibatis/reflection/wrapper/DefaultObjectWrapperFactory
instanceKlass org/apache/ibatis/reflection/factory/DefaultObjectFactory
instanceKlass org/apache/ibatis/reflection/DefaultReflectorFactory
instanceKlass org/apache/ibatis/binding/MapperRegistry
instanceKlass org/apache/ibatis/executor/loader/ProxyFactory
instanceKlass org/apache/ibatis/reflection/wrapper/ObjectWrapperFactory
instanceKlass org/apache/ibatis/reflection/factory/ObjectFactory
instanceKlass org/apache/ibatis/reflection/ReflectorFactory
instanceKlass org/apache/ibatis/transaction/TransactionFactory
instanceKlass org/apache/ibatis/plugin/Invocation
instanceKlass net/sf/jsqlparser/expression/Alias
instanceKlass net/sf/jsqlparser/schema/MultiPartName
instanceKlass net/sf/jsqlparser/parser/ASTNodeAccessImpl
instanceKlass net/sf/jsqlparser/statement/select/SelectItem
instanceKlass net/sf/jsqlparser/expression/Expression
instanceKlass net/sf/jsqlparser/Model
instanceKlass net/sf/jsqlparser/parser/ASTNodeAccess
instanceKlass com/baomidou/mybatisplus/extension/plugins/inner/PaginationInnerInterceptor
instanceKlass org/springframework/cglib/reflect/FastClassEmitter$4
instanceKlass org/springframework/cglib/core/Block
instanceKlass org/springframework/cglib/core/EmitUtils$14
instanceKlass org/springframework/cglib/core/EmitUtils$13
instanceKlass org/springframework/cglib/core/EmitUtils$12
instanceKlass org/springframework/cglib/core/EmitUtils$11
instanceKlass org/springframework/cglib/core/EmitUtils$10
instanceKlass org/springframework/cglib/reflect/FastClassEmitter$GetIndexCallback
instanceKlass org/springframework/cglib/reflect/FastClassEmitter$3
instanceKlass org/springframework/cglib/reflect/FastClassEmitter$1
instanceKlass org/springframework/cglib/reflect/FastClass
instanceKlass org/springframework/cglib/proxy/MethodProxy$FastClassInfo
instanceKlass com/baomidou/mybatisplus/core/incrementer/IKeyGenerator
instanceKlass java/util/function/IntUnaryOperator
instanceKlass org/springframework/boot/convert/LenientObjectToEnumConverterFactory$LenientToEnumConverter
instanceKlass com/baomidou/mybatisplus/core/handlers/MetaObjectHandler
instanceKlass com/baomidou/mybatisplus/core/incrementer/IdentifierGenerator
instanceKlass org/apache/ibatis/io/VFS
instanceKlass org/apache/ibatis/logging/stdout/StdOutImpl
instanceKlass com/baomidou/mybatisplus/core/config/GlobalConfig$DbConfig
instanceKlass com/baomidou/mybatisplus/core/config/GlobalConfig$2
instanceKlass com/baomidou/mybatisplus/core/config/GlobalConfig$1
instanceKlass com/baomidou/mybatisplus/core/injector/AbstractSqlInjector
instanceKlass com/baomidou/mybatisplus/core/handlers/PostInitTableInfoHandler
instanceKlass com/baomidou/mybatisplus/core/handlers/AnnotationHandler
instanceKlass com/baomidou/mybatisplus/core/injector/ISqlInjector
instanceKlass com/baomidou/mybatisplus/core/toolkit/GlobalConfigUtils
instanceKlass com/baomidou/mybatisplus/autoconfigure/SqlSessionFactoryBeanCustomizer
instanceKlass com/baomidou/mybatisplus/autoconfigure/ConfigurationCustomizer
instanceKlass org/apache/ibatis/mapping/DatabaseIdProvider
instanceKlass org/apache/ibatis/type/TypeHandler
instanceKlass org/springframework/core/convert/support/StringToNumberConverterFactory$StringToNumber
instanceKlass org/springframework/core/SerializableTypeWrapper$FieldTypeProvider
instanceKlass org/springframework/beans/factory/annotation/InitDestroyAnnotationBeanPostProcessor$LifecycleElement
instanceKlass io/jsonwebtoken/Claims
instanceKlass io/jsonwebtoken/ClaimsMutator
instanceKlass com/example/fishing/common/Result
instanceKlass org/springframework/beans/factory/SmartFactoryBean
instanceKlass org/springframework/context/weaving/LoadTimeWeaverAware
instanceKlass org/springframework/boot/web/servlet/context/WebServerStartStopLifecycle
instanceKlass org/springframework/boot/web/context/WebServerGracefulShutdownLifecycle
instanceKlass org/apache/naming/ContextAccessController
instanceKlass org/apache/naming/StringManager
instanceKlass org/apache/naming/ContextBindings
instanceKlass org/apache/catalina/mapper/WrapperMappingInfo
instanceKlass java/util/concurrent/ForkJoinPool$WorkQueue
instanceKlass java/util/concurrent/ForkJoinPool$DefaultCommonPoolForkJoinWorkerThreadFactory
instanceKlass java/util/concurrent/ForkJoinPool$1
instanceKlass java/util/concurrent/ForkJoinPool$DefaultForkJoinWorkerThreadFactory
instanceKlass java/util/concurrent/ForkJoinPool$ForkJoinWorkerThreadFactory
instanceKlass org/apache/catalina/mapper/Mapper$ContextList
instanceKlass org/apache/catalina/core/ContainerBase$ContainerBackgroundProcessor
instanceKlass org/apache/tomcat/util/threads/Constants
instanceKlass org/apache/tomcat/util/threads/TaskThread$WrappingRunnable
instanceKlass org/apache/catalina/core/ContainerBase$ContainerBackgroundProcessorMonitor
instanceKlass io/micrometer/core/instrument/Timer$Sample
instanceKlass org/springframework/boot/actuate/metrics/web/servlet/WebMvcMetricsFilter$TimingContext
instanceKlass org/apache/catalina/util/Introspection
instanceKlass org/apache/catalina/core/ApplicationFilterConfig
instanceKlass javax/servlet/HttpConstraintElement
instanceKlass org/apache/catalina/core/StandardContext$NoPluggabilityServletContext
instanceKlass org/apache/tomcat/websocket/server/WsContextListener
instanceKlass org/apache/tomcat/websocket/server/WsSessionListener
instanceKlass javax/servlet/GenericFilter
instanceKlass java/nio/channels/CompletionHandler
instanceKlass javax/websocket/SendHandler
instanceKlass org/apache/tomcat/websocket/server/WsWriteTimeout
instanceKlass org/apache/tomcat/websocket/WsExtension
instanceKlass javax/websocket/Extension
instanceKlass org/apache/tomcat/websocket/Constants
instanceKlass javax/websocket/CloseReason
instanceKlass javax/websocket/HandshakeResponse
instanceKlass javax/websocket/Session
instanceKlass javax/websocket/EndpointConfig
instanceKlass org/apache/tomcat/websocket/WsRemoteEndpointImplBase
instanceKlass javax/websocket/RemoteEndpoint
instanceKlass org/apache/tomcat/websocket/AsyncChannelWrapper
instanceKlass org/apache/tomcat/websocket/ClientEndpointHolder
instanceKlass javax/websocket/CloseReason$CloseCode
instanceKlass org/apache/tomcat/websocket/WsWebSocketContainer
instanceKlass org/apache/tomcat/websocket/BackgroundProcess
instanceKlass org/apache/catalina/core/ApplicationServletRegistration
instanceKlass org/apache/tomcat/util/modeler/Util
instanceKlass org/apache/catalina/core/StandardWrapperFacade
instanceKlass org/apache/catalina/core/ApplicationFilterRegistration
instanceKlass org/apache/tomcat/util/descriptor/web/Constants
instanceKlass org/springframework/boot/web/servlet/ServletContextInitializerBeans$ServletListenerRegistrationBeanAdapter
instanceKlass javax/servlet/ServletContextListener
instanceKlass javax/servlet/http/HttpSessionListener
instanceKlass javax/servlet/http/HttpSessionIdListener
instanceKlass javax/servlet/http/HttpSessionAttributeListener
instanceKlass javax/servlet/ServletRequestAttributeListener
instanceKlass javax/servlet/ServletContextAttributeListener
instanceKlass org/apache/catalina/loader/WebappClassLoaderBase$CombinedEnumeration
instanceKlass org/springframework/http/HttpInputMessage
instanceKlass org/springframework/http/server/PathContainer$Options
instanceKlass javax/servlet/FilterChain
instanceKlass javax/servlet/FilterConfig
instanceKlass org/springframework/boot/web/servlet/ServletContextInitializerBeans$FilterRegistrationBeanAdapter
instanceKlass org/springframework/boot/web/servlet/ServletContextInitializerBeans$ServletRegistrationBeanAdapter
instanceKlass org/springframework/boot/actuate/endpoint/web/annotation/ServletEndpoint
instanceKlass org/springframework/boot/actuate/endpoint/annotation/EndpointDiscoverer$ExtensionBean
instanceKlass org/springframework/boot/actuate/endpoint/annotation/EndpointDiscoverer$EndpointBean
instanceKlass org/springframework/boot/actuate/endpoint/annotation/EndpointDiscoverer$OperationKey
instanceKlass org/springframework/boot/actuate/endpoint/Operation
instanceKlass org/springframework/boot/actuate/endpoint/annotation/DeleteOperation
instanceKlass org/springframework/boot/actuate/endpoint/annotation/WriteOperation
instanceKlass org/springframework/boot/actuate/endpoint/annotation/ReadOperation
instanceKlass org/springframework/boot/actuate/endpoint/invoke/OperationInvoker
instanceKlass org/springframework/boot/actuate/endpoint/invoke/reflect/OperationMethod
instanceKlass org/springframework/boot/actuate/endpoint/invoke/OperationParameter
instanceKlass org/springframework/boot/actuate/autoconfigure/endpoint/web/MappingWebEndpointPathMapper
instanceKlass io/micrometer/core/instrument/distribution/HistogramSnapshot
instanceKlass java/util/function/DoubleSupplier
instanceKlass io/micrometer/core/instrument/util/TimeUtils$1
instanceKlass io/micrometer/core/instrument/util/TimeUtils
instanceKlass io/micrometer/core/instrument/distribution/CountAtBucket
instanceKlass org/springframework/boot/actuate/endpoint/annotation/DiscoveredOperationsFactory
instanceKlass io/micrometer/core/instrument/distribution/ValueAtPercentile
instanceKlass io/micrometer/core/instrument/distribution/HistogramGauges
instanceKlass io/micrometer/core/instrument/distribution/TimeWindowMax
instanceKlass io/micrometer/core/instrument/distribution/NoopHistogram
instanceKlass io/micrometer/core/instrument/distribution/Histogram
instanceKlass io/micrometer/core/instrument/distribution/DistributionStatisticConfig$Builder
instanceKlass java/util/stream/ReduceOps$8ReducingSink
instanceKlass java/util/stream/Sink$OfLong
instanceKlass java/util/function/LongConsumer
instanceKlass java/util/function/LongBinaryOperator
instanceKlass org/springframework/boot/actuate/metrics/web/servlet/WebMvcTagsContributor
instanceKlass java/util/stream/LongStream
instanceKlass java/util/TreeMap$TreeMapSpliterator
instanceKlass com/sun/management/internal/GarbageCollectionNotifInfoCompositeData$1
instanceKlass javax/management/openmbean/TabularDataSupport
instanceKlass com/sun/management/internal/GcInfoCompositeData$2
instanceKlass com/sun/management/internal/GcInfoCompositeData$1
instanceKlass io/micrometer/core/instrument/Metrics$More
instanceKlass sun/management/MappedMXBeanType$CompositeDataMXBeanType$2
instanceKlass sun/management/MappedMXBeanType$CompositeDataMXBeanType$1
instanceKlass sun/management/MappedMXBeanType
instanceKlass sun/management/LazyCompositeData
instanceKlass com/sun/management/internal/GcInfoBuilder
instanceKlass io/micrometer/core/instrument/Metrics
instanceKlass org/springframework/boot/jdbc/metadata/AbstractDataSourcePoolMetadata
instanceKlass org/springframework/boot/actuate/metrics/jdbc/DataSourcePoolMetrics$CachingDataSourcePoolMetadataProvider
instanceKlass org/springframework/boot/jdbc/metadata/CompositeDataSourcePoolMetadataProvider
instanceKlass org/springframework/boot/actuate/metrics/jdbc/DataSourcePoolMetrics
instanceKlass com/zaxxer/hikari/metrics/IMetricsTracker
instanceKlass com/zaxxer/hikari/metrics/micrometer/MicrometerMetricsTrackerFactory
instanceKlass org/springframework/jdbc/datasource/DelegatingDataSource
instanceKlass org/springframework/boot/jdbc/DataSourceUnwrapper
instanceKlass io/micrometer/core/instrument/StrongReferenceGaugeFunction
instanceKlass io/micrometer/core/instrument/binder/system/DiskSpaceMetrics
instanceKlass io/micrometer/core/instrument/MeterRegistry$1
instanceKlass io/micrometer/core/instrument/TimeGauge$Builder
instanceKlass io/micrometer/core/instrument/FunctionCounter$Builder
instanceKlass io/micrometer/core/instrument/Tags$ArrayIterator
instanceKlass io/micrometer/core/instrument/ImmutableTag
instanceKlass io/micrometer/core/instrument/simple/SimpleMeterRegistry$1
instanceKlass io/micrometer/core/instrument/Counter$Builder
instanceKlass io/micrometer/core/util/internal/logging/WarnThenDebugLogger
instanceKlass io/micrometer/core/instrument/AbstractMeter
instanceKlass io/micrometer/core/instrument/Gauge$Builder
instanceKlass java/util/stream/Sink$OfDouble
instanceKlass java/util/function/DoubleConsumer
instanceKlass java/util/function/ObjDoubleConsumer
instanceKlass java/util/stream/DoubleStream
instanceKlass com/zaxxer/hikari/pool/PoolBase
instanceKlass com/zaxxer/hikari/util/ConcurrentBag$IBagStateListener
instanceKlass java/sql/ShardingKeyBuilder
instanceKlass java/sql/ConnectionBuilder
instanceKlass java/sql/DriverInfo
instanceKlass java/sql/DriverManager
instanceKlass java/util/concurrent/Executors$DelegatedExecutorService
instanceKlass com/mysql/cj/jdbc/AbandonedConnectionCleanupThread
instanceKlass com/mysql/cj/jdbc/JdbcPropertySet
instanceKlass com/mysql/cj/conf/PropertySet
instanceKlass com/zaxxer/hikari/HikariPoolMXBean
instanceKlass com/mysql/cj/jdbc/NonRegisteringDriver
instanceKlass java/sql/Driver
instanceKlass org/springframework/boot/autoconfigure/jdbc/DataSourceConfiguration
instanceKlass org/springframework/jdbc/core/ConnectionCallback
instanceKlass com/zaxxer/hikari/metrics/MetricsTrackerFactory
instanceKlass io/micrometer/core/instrument/Tags
instanceKlass com/sun/management/UnixOperatingSystemMXBean
instanceKlass io/micrometer/core/instrument/binder/logging/LogbackMetrics$1
instanceKlass sun/management/NotificationEmitterSupport$ListenerInfo
instanceKlass java/math/MutableBigInteger
instanceKlass java/util/concurrent/atomic/AtomicIntegerFieldUpdater$AtomicIntegerFieldUpdaterImpl$1
instanceKlass java/util/concurrent/atomic/AtomicIntegerFieldUpdater
instanceKlass io/micrometer/core/instrument/distribution/TimeWindowSum
instanceKlass io/micrometer/core/instrument/binder/jvm/JvmGcMetrics$GcMetricsNotificationListener
instanceKlass java/lang/invoke/SerializedLambda
instanceKlass io/micrometer/core/instrument/binder/jvm/JvmMemory
instanceKlass com/sun/management/GarbageCollectionNotificationInfo
instanceKlass io/micrometer/core/util/internal/logging/AbstractInternalLogger
instanceKlass io/micrometer/core/util/internal/logging/InternalLogger
instanceKlass io/micrometer/core/util/internal/logging/InternalLoggerFactory
instanceKlass io/micrometer/core/instrument/config/MeterFilter$9
instanceKlass org/springframework/boot/actuate/autoconfigure/metrics/OnlyOnceLoggingDenyMeterFilter
instanceKlass org/springframework/boot/actuate/autoconfigure/metrics/ServiceLevelObjectiveBoundary
instanceKlass org/springframework/boot/actuate/autoconfigure/metrics/PropertiesMeterFilter$1
instanceKlass io/micrometer/core/instrument/search/Search
instanceKlass io/micrometer/core/instrument/search/RequiredSearch
instanceKlass io/micrometer/core/instrument/distribution/DistributionStatisticConfig
instanceKlass io/micrometer/core/instrument/internal/Mergeable
instanceKlass java/util/function/ToDoubleFunction
instanceKlass io/micrometer/core/instrument/Meter$Id
instanceKlass io/micrometer/core/instrument/Measurement
instanceKlass io/micrometer/core/instrument/Tag
instanceKlass io/micrometer/core/instrument/config/validate/Validated$Invalid
instanceKlass java/util/stream/Streams$2
instanceKlass java/util/stream/Streams$ConcatSpliterator
instanceKlass io/micrometer/core/instrument/config/validate/Validated$Either
instanceKlass io/micrometer/core/instrument/config/validate/Validated$Valid
instanceKlass io/micrometer/core/instrument/config/validate/Validated$None
instanceKlass io/micrometer/core/instrument/config/MeterRegistryConfigValidator
instanceKlass io/micrometer/core/instrument/config/NamingConvention$4
instanceKlass io/micrometer/core/instrument/config/NamingConvention$3
instanceKlass io/micrometer/core/instrument/config/NamingConvention$2
instanceKlass io/micrometer/core/instrument/config/NamingConvention$1
instanceKlass io/micrometer/core/instrument/config/NamingConvention
instanceKlass io/micrometer/core/instrument/distribution/pause/NoPauseDetector
instanceKlass io/micrometer/core/instrument/MeterRegistry$More
instanceKlass io/micrometer/core/instrument/MeterRegistry$Config
instanceKlass io/micrometer/core/instrument/DistributionSummary
instanceKlass io/micrometer/core/instrument/Timer
instanceKlass io/micrometer/core/instrument/LongTaskTimer
instanceKlass io/micrometer/core/instrument/distribution/HistogramSupport
instanceKlass io/micrometer/core/instrument/FunctionTimer
instanceKlass io/micrometer/core/instrument/FunctionCounter
instanceKlass io/micrometer/core/instrument/Counter
instanceKlass io/micrometer/core/instrument/TimeGauge
instanceKlass io/micrometer/core/instrument/Gauge
instanceKlass io/micrometer/core/instrument/Meter
instanceKlass io/micrometer/core/instrument/distribution/pause/PauseDetector
instanceKlass io/micrometer/core/instrument/Clock$1
instanceKlass io/micrometer/core/lang/Nullable
instanceKlass io/micrometer/core/instrument/config/validate/Validated
instanceKlass org/springframework/boot/actuate/autoconfigure/metrics/export/properties/PropertiesConfigAdapter
instanceKlass org/springframework/boot/actuate/autoconfigure/metrics/MetricsProperties$System$Diskspace
instanceKlass org/springframework/boot/actuate/autoconfigure/metrics/MetricsProperties$Data$Repository
instanceKlass org/springframework/boot/actuate/autoconfigure/metrics/MetricsProperties$Web$Server$ServerRequest
instanceKlass org/springframework/boot/actuate/autoconfigure/metrics/MetricsProperties$Web$Server
instanceKlass org/springframework/boot/actuate/metrics/AutoTimer$1
instanceKlass io/micrometer/core/instrument/AbstractTimerBuilder
instanceKlass org/springframework/boot/actuate/autoconfigure/metrics/AutoTimeProperties
instanceKlass org/springframework/boot/actuate/autoconfigure/metrics/MetricsProperties$Web$Client$ClientRequest
instanceKlass org/springframework/boot/actuate/autoconfigure/metrics/MetricsProperties$Web$Client
instanceKlass org/springframework/boot/web/servlet/ServletContextInitializerBeans$RegistrationBeanAdapter
instanceKlass org/springframework/web/context/support/ServletContextScope
instanceKlass org/apache/tomcat/InstanceManagerBindings
instanceKlass org/apache/catalina/core/DefaultInstanceManager$AnnotationCacheEntry
instanceKlass org/apache/catalina/core/DefaultInstanceManager
instanceKlass org/apache/catalina/Session
instanceKlass org/apache/tomcat/util/buf/UriUtil
instanceKlass org/apache/catalina/webresources/StandardRoot$1
instanceKlass org/apache/catalina/webresources/StandardRoot$BaseLocation
instanceKlass java/util/stream/Nodes$ArrayNode
instanceKlass com/sun/security/sasl/Provider$1
instanceKlass org/jcp/xml/dsig/internal/dom/XMLDSigRI$2
instanceKlass org/jcp/xml/dsig/internal/dom/XMLDSigRI$1
instanceKlass sun/security/pkcs11/SunPKCS11$Descriptor
instanceKlass javax/security/auth/callback/CallbackHandler
instanceKlass com/sun/security/sasl/gsskerb/JdkSASL$1
instanceKlass sun/security/mscapi/SunMSCAPI$2
instanceKlass sun/security/mscapi/SunMSCAPI$1
instanceKlass sun/security/jgss/SunProvider$1
instanceKlass sun/security/smartcardio/SunPCSC$1
instanceKlass java/security/spec/ECFieldF2m
instanceKlass sun/security/util/ObjectIdentifier
instanceKlass sun/security/util/ByteArrayTagOrder
instanceKlass sun/security/util/ByteArrayLexOrder
instanceKlass sun/security/util/DerEncoder
instanceKlass java/security/spec/ECParameterSpec
instanceKlass java/security/spec/AlgorithmParameterSpec
instanceKlass java/security/spec/ECPoint
instanceKlass java/security/spec/EllipticCurve
instanceKlass java/security/spec/ECFieldFp
instanceKlass java/security/spec/ECField
instanceKlass sun/security/util/CurveDB
instanceKlass sun/security/ec/SunEC$1
instanceKlass sun/security/jca/ProviderConfig$ProviderLoader
instanceKlass sun/security/jca/ProviderConfig$3
instanceKlass sun/security/rsa/SunRsaSignEntries
instanceKlass org/apache/tomcat/util/http/ConcurrentDateFormat
instanceKlass org/apache/tomcat/util/http/FastHttpDateFormat
instanceKlass javax/security/auth/message/MessageInfo
instanceKlass javax/security/auth/message/config/RegistrationListener
instanceKlass org/apache/catalina/Authenticator
instanceKlass org/apache/tomcat/util/descriptor/web/FilterDef
instanceKlass org/apache/catalina/startup/WebAnnotationSet
instanceKlass org/apache/catalina/security/SecurityUtil
instanceKlass org/apache/catalina/webresources/EmptyResource
instanceKlass org/apache/tomcat/util/compat/JrePlatform
instanceKlass org/apache/catalina/webresources/CachedResource
instanceKlass org/apache/catalina/util/Extension
instanceKlass org/apache/catalina/util/ManifestResource
instanceKlass sun/security/util/ManifestEntryVerifier
instanceKlass java/security/CodeSigner
instanceKlass java/util/jar/JarVerifier
instanceKlass org/apache/catalina/util/ExtensionValidator
instanceKlass org/apache/tomcat/util/http/CookieProcessorBase
instanceKlass org/apache/tomcat/util/http/RequestUtil
instanceKlass org/apache/catalina/webresources/TomcatURLStreamHandlerFactory
instanceKlass org/apache/catalina/WebResource
instanceKlass org/apache/catalina/webresources/Cache
instanceKlass org/apache/catalina/WebResourceSet
instanceKlass org/apache/catalina/core/ApplicationSessionCookieConfig
instanceKlass org/apache/catalina/core/ApplicationContextFacade
instanceKlass javax/servlet/RequestDispatcher
instanceKlass javax/servlet/FilterRegistration$Dynamic
instanceKlass javax/servlet/FilterRegistration
instanceKlass javax/servlet/SessionCookieConfig
instanceKlass org/apache/catalina/core/ApplicationContext
instanceKlass org/apache/catalina/util/ContextName
instanceKlass org/apache/catalina/core/ContainerBase$StartChild
instanceKlass org/apache/catalina/realm/X509SubjectDnRetriever
instanceKlass java/util/logging/LogRecord
instanceKlass org/apache/tomcat/util/threads/ScheduledThreadPoolExecutor
instanceKlass org/apache/tomcat/util/threads/TaskThreadFactory
instanceKlass org/apache/catalina/util/ServerInfo
instanceKlass org/apache/catalina/connector/CoyoteAdapter
instanceKlass org/apache/catalina/Executor
instanceKlass org/apache/catalina/mbeans/MBeanUtils
instanceKlass org/apache/catalina/mbeans/MBeanFactory
instanceKlass org/apache/tomcat/util/buf/StringCache
instanceKlass org/springframework/boot/web/embedded/tomcat/DisableReferenceClearingContextCustomizer
instanceKlass org/springframework/boot/web/embedded/tomcat/TomcatServletWebServerFactory$DisablePersistSessionListener
instanceKlass org/springframework/boot/web/embedded/tomcat/TomcatStarter
instanceKlass org/apache/catalina/core/StandardHost$MemoryLeakTrackingListener
instanceKlass org/springframework/boot/web/servlet/server/AbstractServletWebServerFactory$SessionConfiguringInitializer
instanceKlass org/springframework/boot/web/embedded/tomcat/TomcatServletWebServerFactory$StaticResourceConfigurer
instanceKlass java/util/EventListenerProxy
instanceKlass org/apache/tomcat/util/security/PermissionCheck
instanceKlass org/apache/juli/WebappProperties
instanceKlass org/apache/tomcat/InstrumentableClassLoader
instanceKlass org/apache/tomcat/util/scan/StandardJarScanner
instanceKlass org/apache/tomcat/util/scan/StandardJarScanFilter
instanceKlass org/apache/catalina/util/CharsetMapper
instanceKlass org/apache/catalina/startup/Tomcat$FixContextListener
instanceKlass org/apache/catalina/util/URLEncoder
instanceKlass org/apache/catalina/core/StandardContext$ContextFilterMaps
instanceKlass org/apache/catalina/util/ErrorPageSupport
instanceKlass org/apache/tomcat/util/descriptor/web/XmlEncodingBase
instanceKlass org/apache/tomcat/util/descriptor/web/ApplicationParameter
instanceKlass org/apache/catalina/core/StandardContext$1
instanceKlass org/apache/catalina/SessionIdGenerator
instanceKlass org/apache/tomcat/InstanceManager
instanceKlass org/apache/tomcat/JarScanner
instanceKlass org/apache/catalina/ThreadBindingListener
instanceKlass org/apache/catalina/Globals
instanceKlass org/apache/catalina/realm/RealmBase$AllRolesMode
instanceKlass org/apache/catalina/realm/DigestCredentialHandlerBase
instanceKlass org/apache/catalina/realm/X509UsernameRetriever
instanceKlass org/apache/catalina/CredentialHandler
instanceKlass org/apache/catalina/AccessLog
instanceKlass org/apache/catalina/Pipeline
instanceKlass org/apache/tomcat/util/threads/LimitLatch
instanceKlass org/springframework/boot/web/embedded/tomcat/CompressionConnectorCustomizer
instanceKlass org/apache/tomcat/util/net/SocketWrapperBase
instanceKlass org/apache/tomcat/util/net/SSLImplementation
instanceKlass org/apache/tomcat/util/buf/CharsetUtil
instanceKlass org/apache/tomcat/util/buf/CharsetCache
instanceKlass org/apache/tomcat/util/buf/B2CConverter
instanceKlass org/apache/coyote/Response
instanceKlass org/apache/coyote/Request
instanceKlass org/apache/tomcat/util/net/SSLHostConfig
instanceKlass org/apache/tomcat/util/XReflectionIntrospectionUtils
instanceKlass org/apache/tomcat/util/IntrospectionUtils
instanceKlass org/apache/catalina/ContainerListener
instanceKlass org/apache/catalina/mapper/Mapper$MapElement
instanceKlass org/apache/catalina/mapper/Mapper
instanceKlass org/apache/tomcat/util/file/ConfigFileLoader
instanceKlass org/apache/tomcat/util/file/ConfigurationSource$1
instanceKlass org/apache/catalina/startup/CatalinaBaseConfigurationSource
instanceKlass org/apache/tomcat/util/descriptor/web/ResourceBase
instanceKlass org/apache/tomcat/util/descriptor/web/Injectable
instanceKlass org/apache/tomcat/util/descriptor/web/NamingResources
instanceKlass java/beans/PropertyChangeListener
instanceKlass java/beans/ChangeListenerMap
instanceKlass java/beans/PropertyChangeSupport
instanceKlass org/apache/coyote/CompressionConfig
instanceKlass org/apache/tomcat/util/collections/SynchronizedStack
instanceKlass org/apache/tomcat/util/modeler/BaseModelMBean
instanceKlass javax/management/modelmbean/ModelMBeanNotificationBroadcaster
instanceKlass org/apache/coyote/AbstractProtocol$ConnectionHandler
instanceKlass org/apache/tomcat/util/net/SocketProperties
instanceKlass org/apache/tomcat/util/net/NioChannel
instanceKlass org/apache/tomcat/util/net/SocketProcessorBase
instanceKlass org/apache/tomcat/util/net/AbstractEndpoint
instanceKlass org/apache/coyote/Processor
instanceKlass org/apache/tomcat/util/net/AbstractEndpoint$Handler
instanceKlass org/apache/tomcat/util/buf/UDecoder
instanceKlass org/apache/coyote/Adapter
instanceKlass java/io/DeleteOnExitHook$1
instanceKlass java/io/DeleteOnExitHook
instanceKlass sun/nio/fs/WindowsPath$1
instanceKlass java/nio/file/TempFileHelper
instanceKlass org/apache/tomcat/util/ExceptionUtils
instanceKlass javax/net/ssl/SSLSession
instanceKlass javax/net/ssl/SSLEngineResult
instanceKlass javax/net/ssl/SSLEngine
instanceKlass java/security/AlgorithmConstraints
instanceKlass javax/net/ssl/SSLParameters
instanceKlass java/nio/channels/NetworkChannel
instanceKlass java/net/ContentHandlerFactory
instanceKlass java/net/FileNameMap
instanceKlass org/apache/tomcat/util/compat/JreCompat
instanceKlass org/apache/catalina/Realm
instanceKlass org/apache/catalina/Contained
instanceKlass org/apache/catalina/Wrapper
instanceKlass org/apache/catalina/Service
instanceKlass org/apache/tomcat/util/file/ConfigurationSource
instanceKlass org/apache/catalina/Server
instanceKlass org/apache/tomcat/util/modeler/FeatureInfo
instanceKlass org/apache/tomcat/util/modeler/NoDescriptorRegistry$NoJmxMBeanServer
instanceKlass org/apache/tomcat/util/modeler/ManagedBean
instanceKlass org/apache/tomcat/util/modeler/Registry
instanceKlass org/apache/tomcat/util/modeler/RegistryMBean
instanceKlass javax/servlet/ServletRegistration$Dynamic
instanceKlass org/springframework/boot/web/servlet/MultipartConfigFactory
instanceKlass org/springframework/boot/context/properties/source/UnboundElementsSourceFilter
instanceKlass javax/servlet/Registration$Dynamic
instanceKlass org/springframework/web/context/request/AbstractRequestAttributes
instanceKlass org/springframework/web/context/request/async/WebAsyncManager
instanceKlass org/springframework/web/servlet/ModelAndView
instanceKlass org/springframework/web/servlet/HandlerExecutionChain
instanceKlass javax/servlet/http/HttpServletRequest
instanceKlass org/springframework/web/context/request/async/CallableProcessingInterceptor
instanceKlass org/springframework/context/i18n/LocaleContext
instanceKlass javax/servlet/AsyncListener
instanceKlass javax/servlet/http/HttpServletResponse
instanceKlass org/springframework/boot/context/properties/PropertyMapper$NullPointerExceptionSafeSupplier
instanceKlass org/springframework/boot/context/properties/PropertyMapper$Source
instanceKlass org/springframework/boot/context/properties/PropertyMapper$SourceOperator
instanceKlass org/springframework/boot/context/properties/PropertyMapper
instanceKlass org/springframework/boot/util/LambdaSafe$InvocationResult
instanceKlass org/springframework/boot/util/LambdaSafe$GenericTypeFilter
instanceKlass org/springframework/boot/util/LambdaSafe$Filter
instanceKlass org/springframework/boot/util/LambdaSafe$LambdaSafeCallback
instanceKlass org/springframework/boot/util/LambdaSafe
instanceKlass org/springframework/beans/factory/annotation/BeanFactoryAnnotationUtils
instanceKlass org/springframework/boot/context/properties/ConversionServiceDeducer$ConverterBeans
instanceKlass org/springframework/boot/context/properties/ConversionServiceDeducer
instanceKlass org/springframework/beans/factory/support/DefaultListableBeanFactory$1
instanceKlass org/springframework/boot/context/properties/ConfigurationPropertiesBindHandlerAdvisor
instanceKlass org/springframework/core/annotation/SynthesizedMergedAnnotationInvocationHandler
instanceKlass org/springframework/boot/context/properties/NestedConfigurationProperty
instanceKlass org/springframework/boot/autoconfigure/web/ServerProperties$Undertow$Options
instanceKlass org/springframework/boot/autoconfigure/web/ServerProperties$Undertow$Threads
instanceKlass org/springframework/boot/autoconfigure/web/ServerProperties$Undertow$Accesslog
instanceKlass org/springframework/boot/autoconfigure/web/ServerProperties$Jetty$Threads
instanceKlass org/springframework/boot/autoconfigure/web/ServerProperties$Jetty$Accesslog
instanceKlass org/springframework/boot/autoconfigure/web/ServerProperties$Tomcat$Remoteip
instanceKlass org/springframework/boot/autoconfigure/web/ServerProperties$Tomcat$Mbeanregistry
instanceKlass org/springframework/boot/autoconfigure/web/ServerProperties$Tomcat$Resource
instanceKlass org/springframework/boot/autoconfigure/web/ServerProperties$Tomcat$Threads
instanceKlass org/springframework/boot/autoconfigure/web/ServerProperties$Tomcat$Accesslog
instanceKlass org/springframework/boot/autoconfigure/web/ServerProperties$Reactive$Session
instanceKlass org/springframework/boot/web/servlet/server/Encoding
instanceKlass org/springframework/boot/autoconfigure/web/ErrorProperties$Whitelabel
instanceKlass org/springframework/boot/web/servlet/WebListenerRegistrar
instanceKlass org/springframework/boot/web/servlet/server/CookieSameSiteSupplier
instanceKlass org/springframework/boot/web/server/ErrorPage
instanceKlass org/springframework/boot/web/server/SslStoreProvider
instanceKlass org/apache/catalina/Valve
instanceKlass org/apache/coyote/AbstractProtocol
instanceKlass org/springframework/boot/web/embedded/tomcat/TomcatWebServer
instanceKlass org/apache/catalina/Engine
instanceKlass org/apache/catalina/util/LifecycleBase
instanceKlass org/apache/catalina/JmxEnabled
instanceKlass org/apache/coyote/ProtocolHandler
instanceKlass org/apache/catalina/Host
instanceKlass org/springframework/boot/web/embedded/tomcat/TldPatterns
instanceKlass org/apache/tomcat/jni/Library
instanceKlass org/apache/catalina/core/AprStatus
instanceKlass java/util/ResourceBundle$Control$2
instanceKlass java/util/ResourceBundle$CacheKeyReference
instanceKlass java/util/ResourceBundle$CacheKey
instanceKlass java/util/ImmutableCollections$Access$1
instanceKlass jdk/internal/access/JavaUtilCollectionAccess
instanceKlass java/util/ImmutableCollections$Access
instanceKlass java/util/spi/ResourceBundleControlProvider
instanceKlass java/util/ResourceBundle$ResourceBundleControlProviderHolder
instanceKlass org/apache/tomcat/util/res/StringManager
instanceKlass org/apache/juli/logging/DirectJDKLog
instanceKlass org/apache/juli/logging/Log
instanceKlass org/apache/juli/logging/LogFactory
instanceKlass org/apache/catalina/core/AprLifecycleListener
instanceKlass org/springframework/boot/web/servlet/server/StaticResourceJars
instanceKlass org/springframework/boot/web/servlet/server/DocumentRoot
instanceKlass org/springframework/boot/web/servlet/server/Jsp
instanceKlass org/springframework/boot/web/server/MimeMappings$Mapping
instanceKlass org/springframework/boot/web/server/MimeMappings
instanceKlass org/springframework/boot/web/servlet/server/SessionStoreDirectory
instanceKlass org/springframework/boot/web/server/Cookie
instanceKlass org/springframework/boot/web/servlet/server/Session
instanceKlass org/apache/tomcat/JarScanFilter
instanceKlass org/apache/tomcat/util/http/CookieProcessor
instanceKlass org/springframework/boot/web/server/WebServer
instanceKlass org/apache/catalina/Context
instanceKlass org/apache/tomcat/ContextBind
instanceKlass org/apache/catalina/Container
instanceKlass org/apache/catalina/Loader
instanceKlass org/apache/catalina/LifecycleListener
instanceKlass org/apache/catalina/WebResourceRoot
instanceKlass org/apache/catalina/Lifecycle
instanceKlass org/springframework/boot/web/embedded/tomcat/TomcatProtocolHandlerCustomizer
instanceKlass org/springframework/boot/web/embedded/tomcat/TomcatContextCustomizer
instanceKlass org/springframework/boot/web/embedded/tomcat/TomcatConnectorCustomizer
instanceKlass org/springframework/ui/context/Theme
instanceKlass org/springframework/ui/context/support/ResourceBundleThemeSource
instanceKlass org/springframework/ui/context/HierarchicalThemeSource
instanceKlass org/springframework/ui/context/support/UiApplicationContextUtils
instanceKlass org/springframework/context/support/MessageSourceSupport
instanceKlass org/springframework/context/HierarchicalMessageSource
instanceKlass org/springframework/data/projection/MethodInterceptorFactory
instanceKlass org/springframework/data/projection/DefaultMethodInvokingMethodInterceptor
instanceKlass org/springframework/data/util/NullableWrapper
instanceKlass org/springframework/data/util/StreamUtils
instanceKlass org/springframework/data/util/NullableWrapperConverters$WrapperType
instanceKlass org/springframework/data/util/NullableWrapperConverters$AbstractWrapperTypeConverter
instanceKlass org/springframework/data/util/NullableWrapperConverters
instanceKlass org/springframework/data/convert/Jsr310Converters
instanceKlass org/springframework/data/projection/ProjectionInformation
instanceKlass org/springframework/data/projection/ProxyProjectionFactory
instanceKlass org/springframework/data/projection/ProjectionFactory
instanceKlass org/springframework/validation/BindingResult
instanceKlass org/springframework/validation/Errors
instanceKlass org/springframework/web/method/annotation/ModelAttributeMethodProcessor
instanceKlass org/springframework/web/method/support/HandlerMethodReturnValueHandler
instanceKlass org/springframework/boot/actuate/autoconfigure/metrics/data/MetricsRepositoryMethodInvocationListenerBeanPostProcessor$MetricsRepositoryFactoryCustomizer
instanceKlass org/springframework/util/function/SingletonSupplier
instanceKlass org/springframework/data/repository/core/support/RepositoryFactoryCustomizer
instanceKlass org/springframework/boot/actuate/health/HealthEndpointGroupsPostProcessor
instanceKlass org/springframework/core/MethodClassKey
instanceKlass org/springframework/aop/IntroductionAwareMethodMatcher
instanceKlass org/springframework/transaction/interceptor/TransactionalProxy
instanceKlass org/springframework/transaction/interceptor/TransactionAttributeSourcePointcut$TransactionAttributeSourceClassFilter
instanceKlass org/springframework/aop/TrueClassFilter
instanceKlass org/springframework/aop/support/StaticMethodMatcher
instanceKlass org/springframework/transaction/interceptor/TransactionAspectSupport$ReactiveTransactionSupport
instanceKlass org/springframework/transaction/interceptor/TransactionAspectSupport$ThrowableHolder
instanceKlass org/springframework/transaction/interceptor/TransactionAspectSupport$CoroutinesInvocationCallback
instanceKlass org/springframework/transaction/TransactionStatus
instanceKlass org/springframework/transaction/SavepointManager
instanceKlass org/springframework/transaction/TransactionExecution
instanceKlass org/springframework/transaction/interceptor/TransactionAspectSupport$TransactionInfo
instanceKlass io/reactivex/rxjava3/core/CompletableObserver
instanceKlass io/reactivex/rxjava3/internal/fuseable/FuseToMaybe
instanceKlass io/reactivex/rxjava3/core/MaybeObserver
instanceKlass io/reactivex/rxjava3/internal/fuseable/HasUpstreamSingleSource
instanceKlass io/reactivex/rxjava3/core/SingleObserver
instanceKlass io/reactivex/rxjava3/internal/fuseable/FuseToObservable
instanceKlass io/reactivex/rxjava3/internal/fuseable/HasUpstreamObservableSource
instanceKlass io/reactivex/rxjava3/core/Observer
instanceKlass io/reactivex/rxjava3/core/Observable
instanceKlass io/reactivex/rxjava3/core/ObservableSource
instanceKlass io/reactivex/rxjava3/internal/fuseable/HasUpstreamCompletableSource
instanceKlass io/reactivex/rxjava3/internal/fuseable/HasUpstreamMaybeSource
instanceKlass io/reactivex/rxjava3/functions/Consumer
instanceKlass io/reactivex/rxjava3/disposables/Disposable
instanceKlass io/reactivex/rxjava3/operators/ScalarSupplier
instanceKlass io/reactivex/rxjava3/core/Completable
instanceKlass io/reactivex/rxjava3/core/CompletableSource
instanceKlass io/reactivex/rxjava3/functions/Supplier
instanceKlass io/reactivex/rxjava3/core/Maybe
instanceKlass io/reactivex/rxjava3/core/MaybeSource
instanceKlass io/reactivex/rxjava3/internal/fuseable/FuseToFlowable
instanceKlass io/reactivex/rxjava3/core/Single
instanceKlass io/reactivex/rxjava3/core/SingleSource
instanceKlass io/reactivex/rxjava3/internal/fuseable/HasUpstreamPublisher
instanceKlass io/reactivex/rxjava3/core/FlowableSubscriber
instanceKlass org/springframework/core/ReactiveAdapterRegistry$RxJava3Registrar
instanceKlass reactor/adapter/JdkFlowAdapter$PublisherAsFlowPublisher
instanceKlass reactor/util/function/Tuple2
instanceKlass reactor/util/function/Tuples
instanceKlass reactor/adapter/JdkFlowAdapter
instanceKlass org/springframework/core/ReactiveAdapterRegistry$ReactorJdkFlowAdapterRegistrar
instanceKlass java/util/concurrent/CompletableFuture
instanceKlass org/springframework/core/ReactiveTypeDescriptor
instanceKlass org/reactivestreams/Subscription
instanceKlass org/reactivestreams/Processor
instanceKlass reactor/core/Disposable
instanceKlass reactor/core/CoreSubscriber
instanceKlass reactor/core/publisher/AssemblyOp
instanceKlass reactor/core/publisher/FluxOnAssembly$AssemblySnapshot
instanceKlass reactor/core/Fuseable$ScalarCallable
instanceKlass org/reactivestreams/Subscriber
instanceKlass reactor/core/publisher/SourceProducer
instanceKlass reactor/core/Fuseable
instanceKlass reactor/core/publisher/SignalPeek
instanceKlass reactor/core/publisher/OptimizableOperator
instanceKlass reactor/core/Scannable
instanceKlass org/springframework/core/ReactiveAdapterRegistry$ReactorRegistrar
instanceKlass io/reactivex/rxjava3/core/Flowable
instanceKlass java/util/concurrent/Flow$Publisher
instanceKlass org/springframework/core/ReactiveAdapter
instanceKlass org/springframework/core/ReactiveAdapterRegistry
instanceKlass org/springframework/transaction/interceptor/TransactionAspectSupport$InvocationCallback
instanceKlass org/springframework/transaction/annotation/SpringTransactionAnnotationParser
instanceKlass org/springframework/transaction/annotation/TransactionAnnotationParser
instanceKlass org/springframework/transaction/interceptor/TransactionAttribute
instanceKlass org/springframework/transaction/interceptor/AbstractFallbackTransactionAttributeSource
instanceKlass org/springframework/aop/IntroductionAdvisor
instanceKlass org/springframework/aop/IntroductionInfo
instanceKlass org/springframework/core/MethodIntrospector
instanceKlass org/springframework/core/MethodIntrospector$MetadataLookup
instanceKlass org/springframework/aop/framework/autoproxy/ProxyCreationContext
instanceKlass org/springframework/transaction/annotation/TransactionManagementConfigurer
instanceKlass org/springframework/beans/factory/annotation/InjectionMetadata$InjectedElement
instanceKlass org/springframework/beans/PropertyDescriptorUtils
instanceKlass org/springframework/boot/actuate/autoconfigure/metrics/MeterRegistryConfigurer
instanceKlass org/springframework/boot/actuate/autoconfigure/metrics/MeterRegistryCustomizer
instanceKlass org/springframework/dao/support/PersistenceExceptionTranslationInterceptor
instanceKlass org/springframework/stereotype/Repository
instanceKlass org/springframework/aop/support/ClassFilters$IntersectionClassFilter
instanceKlass org/springframework/aop/support/ClassFilters
instanceKlass org/springframework/aop/support/ComposablePointcut
instanceKlass org/springframework/aop/TruePointcut
instanceKlass org/springframework/validation/beanvalidation/MethodValidationInterceptor
instanceKlass org/springframework/aop/TrueMethodMatcher
instanceKlass org/springframework/aop/support/annotation/AnnotationClassFilter
instanceKlass org/springframework/aop/MethodMatcher
instanceKlass org/springframework/aop/ClassFilter
instanceKlass org/springframework/aop/support/annotation/AnnotationMatchingPointcut
instanceKlass org/springframework/validation/annotation/Validated
instanceKlass java/util/stream/SortedOps
instanceKlass org/springframework/beans/factory/support/DefaultListableBeanFactory$FactoryAwareOrderSourceProvider
instanceKlass org/springframework/aop/Pointcut
instanceKlass org/springframework/beans/factory/support/DefaultListableBeanFactory$DependencyObjectProvider
instanceKlass org/springframework/beans/factory/support/DefaultListableBeanFactory$BeanObjectProvider
instanceKlass org/springframework/aop/Advisor$1
instanceKlass javax/validation/metadata/BeanDescriptor
instanceKlass javax/validation/metadata/ElementDescriptor
instanceKlass org/aopalliance/intercept/MethodInvocation
instanceKlass org/aopalliance/intercept/Invocation
instanceKlass org/aopalliance/intercept/Joinpoint
instanceKlass org/springframework/aop/framework/JdkDynamicAopProxy
instanceKlass org/springframework/aop/framework/AopProxy
instanceKlass org/springframework/aop/framework/DefaultAopProxyFactory
instanceKlass org/springframework/aop/framework/DefaultAdvisorChainFactory
instanceKlass org/springframework/aop/target/EmptyTargetSource
instanceKlass org/springframework/aop/framework/AopProxyFactory
instanceKlass org/springframework/aop/framework/AdvisorChainFactory
instanceKlass org/springframework/context/annotation/ContextAnnotationAutowireCandidateResolver$1
instanceKlass org/springframework/core/annotation/SynthesizedAnnotation
instanceKlass org/springframework/util/MethodInvoker
instanceKlass java/lang/Class$EnclosingMethodInfo
instanceKlass org/springframework/beans/factory/support/ConstructorResolver$ConstructorPropertiesChecker
instanceKlass org/springframework/beans/factory/support/AutowireUtils
instanceKlass org/springframework/core/annotation/AnnotatedElementUtils$AnnotatedElementForAnnotations
instanceKlass org/springframework/beans/factory/support/ConstructorResolver$ArgumentsHolder
instanceKlass org/springframework/scheduling/config/Task
instanceKlass org/springframework/scheduling/config/ScheduledTaskRegistrar
instanceKlass org/springframework/boot/context/properties/ConfigurationPropertiesBean
instanceKlass org/springframework/core/convert/support/NumberToNumberConverterFactory$NumberToNumber
instanceKlass sun/reflect/generics/reflectiveObjects/GenericArrayTypeImpl
instanceKlass org/springframework/beans/factory/annotation/InjectionMetadata
instanceKlass org/springframework/aop/framework/adapter/ThrowsAdviceAdapter
instanceKlass org/springframework/aop/framework/adapter/AfterReturningAdviceAdapter
instanceKlass org/springframework/aop/framework/adapter/MethodBeforeAdviceAdapter
instanceKlass org/springframework/aop/framework/adapter/AdvisorAdapter
instanceKlass org/springframework/aop/framework/adapter/DefaultAdvisorAdapterRegistry
instanceKlass org/springframework/aop/framework/adapter/GlobalAdvisorAdapterRegistry
instanceKlass org/springframework/aop/framework/autoproxy/TargetSourceCreator
instanceKlass org/springframework/aop/framework/adapter/AdvisorAdapterRegistry
instanceKlass org/springframework/aop/framework/autoproxy/BeanFactoryAdvisorRetrievalHelper
instanceKlass org/springframework/beans/factory/annotation/Lookup
instanceKlass org/springframework/boot/context/properties/ConfigurationPropertiesJsr303Validator
instanceKlass org/springframework/boot/context/properties/PropertySourcesDeducer
instanceKlass org/springframework/jndi/JndiTemplate
instanceKlass javax/annotation/PreDestroy
instanceKlass org/springframework/beans/factory/annotation/InitDestroyAnnotationBeanPostProcessor$LifecycleMetadata
instanceKlass org/springframework/beans/factory/support/MethodOverride
instanceKlass org/springframework/context/support/PostProcessorRegistrationDelegate$BeanPostProcessorChecker
instanceKlass org/springframework/boot/convert/Delimiter
instanceKlass org/springdoc/core/SpringDocConfigProperties$ModelConverters$PolymorphicConverter
instanceKlass org/springdoc/core/SpringDocConfigProperties$ModelConverters$PageableConverter
instanceKlass org/springdoc/core/SpringDocConfigProperties$ModelConverters$DeprecatingConverter
instanceKlass org/springdoc/core/SpringDocConfigProperties$Groups
instanceKlass org/springframework/boot/context/properties/bind/JavaBeanBinder$BeanSupplier
instanceKlass org/springframework/boot/context/properties/bind/JavaBeanBinder$BeanProperty
instanceKlass java/lang/invoke/MethodHandleImpl$ArrayAccessor
instanceKlass java/lang/invoke/MethodHandleImpl$2
instanceKlass java/lang/invoke/MethodHandleImpl$LoopClauses
instanceKlass java/lang/invoke/MethodHandleImpl$CasesHolder
instanceKlass java/lang/invoke/MethodHandleImpl$BindCaller
instanceKlass org/springdoc/core/SpringDocConfigProperties$GroupConfig
instanceKlass org/springdoc/core/SpringDocConfigProperties$ApiDocs
instanceKlass org/springdoc/core/SpringDocConfigProperties$ModelConverters$SortConverter
instanceKlass org/springdoc/core/SpringDocConfigProperties$ModelConverters
instanceKlass org/springdoc/core/SpringDocConfigProperties$Webjars
instanceKlass org/springdoc/core/SpringDocConfigProperties$Cache
instanceKlass org/springdoc/core/SpringdocBeanFactoryConfigurer
instanceKlass java/util/concurrent/CompletionStage
instanceKlass org/springframework/http/HttpEntity
instanceKlass org/springdoc/core/converters/ConverterUtils
instanceKlass org/springframework/web/context/request/async/DeferredResult
instanceKlass com/fasterxml/jackson/core/type/TypeReference
instanceKlass org/springdoc/core/SpringDocUtils
instanceKlass org/springframework/context/expression/CachedExpressionEvaluator
instanceKlass io/micrometer/core/lang/NonNullFields
instanceKlass io/micrometer/core/lang/NonNullApi
instanceKlass org/springframework/boot/actuate/endpoint/annotation/EndpointExtension
instanceKlass org/springframework/boot/actuate/endpoint/web/annotation/EndpointWebExtension
instanceKlass org/apache/ibatis/mapping/BoundSql
instanceKlass org/apache/ibatis/cache/CacheKey
instanceKlass org/apache/ibatis/session/ResultHandler
instanceKlass org/apache/ibatis/session/RowBounds
instanceKlass org/apache/ibatis/mapping/MappedStatement
instanceKlass org/apache/ibatis/executor/Executor
instanceKlass java/sql/Connection
instanceKlass org/apache/ibatis/executor/statement/StatementHandler
instanceKlass org/apache/ibatis/plugin/Signature
instanceKlass org/apache/ibatis/plugin/Intercepts
instanceKlass org/springframework/boot/sql/init/dependency/DependsOnDatabaseInitialization
instanceKlass org/springframework/boot/sql/init/dependency/AbstractBeansOfTypeDependsOnDatabaseInitializationDetector
instanceKlass org/springframework/boot/sql/init/dependency/AnnotationDependsOnDatabaseInitializationDetector
instanceKlass org/springframework/boot/sql/init/dependency/DependsOnDatabaseInitializationDetector
instanceKlass org/springframework/boot/jdbc/AbstractDataSourceInitializer
instanceKlass org/springframework/boot/autoconfigure/flyway/FlywayMigrationInitializer
instanceKlass org/springframework/boot/sql/init/dependency/BeansOfTypeDetector
instanceKlass org/springframework/boot/sql/init/dependency/DatabaseInitializationDependencyConfigurer$DependsOnDatabaseInitializationPostProcessor$InitializerBeanNames
instanceKlass org/springframework/boot/sql/init/dependency/AbstractBeansOfTypeDatabaseInitializerDetector
instanceKlass org/springframework/boot/sql/init/dependency/DatabaseInitializerDetector
instanceKlass org/springframework/context/annotation/ConfigurationClassPostProcessor$ImportAwareBeanPostProcessor
instanceKlass org/springframework/cglib/proxy/Enhancer$EnhancerFactoryData
instanceKlass org/springframework/cglib/proxy/MethodProxy$CreateInfo
instanceKlass org/springframework/cglib/proxy/MethodProxy
instanceKlass org/springframework/cglib/core/EmitUtils$6
instanceKlass java/util/DualPivotQuicksort
instanceKlass org/springframework/cglib/core/EmitUtils$5
instanceKlass org/springframework/cglib/proxy/MethodInterceptorGenerator$2
instanceKlass org/springframework/cglib/proxy/Enhancer$6
instanceKlass org/springframework/cglib/proxy/BridgeMethodResolver
instanceKlass org/springframework/cglib/core/MethodInfoTransformer
instanceKlass org/springframework/cglib/proxy/Enhancer$2
instanceKlass org/springframework/cglib/core/DuplicatesPredicate
instanceKlass org/springframework/cglib/core/RejectModifierPredicate
instanceKlass org/springframework/cglib/core/MethodWrapper$MethodWrapperKey
instanceKlass org/springframework/cglib/core/MethodWrapper
instanceKlass org/springframework/cglib/proxy/Factory
instanceKlass org/springframework/cglib/core/VisibilityPredicate
instanceKlass org/springframework/cglib/transform/TransformingClassGenerator
instanceKlass org/springframework/cglib/proxy/ProxyRefDispatcher
instanceKlass org/springframework/cglib/proxy/FixedValueGenerator
instanceKlass org/springframework/cglib/proxy/FixedValue
instanceKlass org/springframework/cglib/proxy/DispatcherGenerator
instanceKlass org/springframework/cglib/proxy/Dispatcher
instanceKlass org/springframework/cglib/proxy/LazyLoaderGenerator
instanceKlass org/springframework/cglib/proxy/LazyLoader
instanceKlass org/springframework/cglib/proxy/InvocationHandlerGenerator
instanceKlass org/springframework/cglib/proxy/InvocationHandler
instanceKlass org/springframework/cglib/proxy/MethodInterceptorGenerator$1
instanceKlass org/springframework/cglib/proxy/MethodInterceptorGenerator
instanceKlass org/springframework/cglib/proxy/NoOpGenerator
instanceKlass org/springframework/cglib/proxy/CallbackGenerator
instanceKlass org/springframework/cglib/proxy/CallbackInfo
instanceKlass org/springframework/cglib/core/ClassNameReader
instanceKlass org/springframework/cglib/core/DebuggingClassWriter$1
instanceKlass org/springframework/asm/Handler
instanceKlass org/springframework/cglib/core/EmitUtils$9
instanceKlass org/springframework/cglib/core/EmitUtils$8
instanceKlass org/springframework/cglib/core/Local
instanceKlass org/springframework/cglib/core/EmitUtils$7
instanceKlass org/springframework/asm/Edge
instanceKlass org/springframework/cglib/core/ClassEmitter$FieldInfo
instanceKlass org/springframework/cglib/core/LocalVariablesSorter$State
instanceKlass org/springframework/asm/Frame
instanceKlass org/springframework/cglib/core/EmitUtils$ArrayDelimiters
instanceKlass org/springframework/cglib/core/ProcessArrayCallback
instanceKlass org/springframework/asm/Label
instanceKlass org/springframework/cglib/core/EmitUtils$ParameterTyper
instanceKlass org/springframework/cglib/core/EmitUtils
instanceKlass org/springframework/cglib/core/ReflectUtils$4
instanceKlass org/springframework/cglib/core/ReflectUtils$5
instanceKlass org/springframework/cglib/core/ReflectUtils$3
instanceKlass org/springframework/cglib/core/ReflectUtils$2
instanceKlass org/springframework/cglib/core/ReflectUtils$1
instanceKlass org/springframework/cglib/core/MethodInfo
instanceKlass org/springframework/cglib/core/ReflectUtils
instanceKlass org/springframework/cglib/core/ClassInfo
instanceKlass org/springframework/asm/ByteVector
instanceKlass org/springframework/asm/Symbol
instanceKlass org/springframework/asm/SymbolTable
instanceKlass org/springframework/asm/RecordComponentVisitor
instanceKlass org/springframework/asm/ModuleVisitor
instanceKlass org/springframework/asm/FieldVisitor
instanceKlass org/springframework/cglib/core/AsmApi
instanceKlass org/springframework/cglib/core/Constants
instanceKlass org/springframework/cglib/core/internal/LoadingCache$2
instanceKlass org/springframework/cglib/core/internal/LoadingCache$1
instanceKlass org/springframework/cglib/core/internal/LoadingCache
instanceKlass org/springframework/cglib/core/AbstractClassGenerator$ClassLoaderData$3
instanceKlass org/springframework/cglib/core/AbstractClassGenerator$ClassLoaderData$1
instanceKlass org/springframework/cglib/core/AbstractClassGenerator$ClassLoaderData$2
instanceKlass org/springframework/cglib/core/internal/Function
instanceKlass org/springframework/cglib/core/AbstractClassGenerator$ClassLoaderData
instanceKlass org/springframework/cglib/core/internal/CustomizerRegistry
instanceKlass org/springframework/cglib/core/DefaultNamingPolicy
instanceKlass org/springframework/cglib/core/DefaultGeneratorStrategy
instanceKlass org/springframework/cglib/core/KeyFactory$4
instanceKlass org/springframework/cglib/core/KeyFactory$3
instanceKlass org/springframework/cglib/core/KeyFactory$2
instanceKlass org/springframework/cglib/core/KeyFactory$1
instanceKlass org/springframework/cglib/core/Signature
instanceKlass org/springframework/cglib/core/CollectionUtils
instanceKlass org/springframework/cglib/core/TypeUtils
instanceKlass org/springframework/cglib/core/HashCodeCustomizer
instanceKlass org/springframework/cglib/core/FieldTypeCustomizer
instanceKlass org/springframework/cglib/core/Customizer
instanceKlass org/springframework/cglib/core/KeyFactory
instanceKlass org/springframework/cglib/proxy/Enhancer$EnhancerKey
instanceKlass org/springframework/cglib/core/AbstractClassGenerator$Source
instanceKlass org/springframework/cglib/proxy/Enhancer$1
instanceKlass org/springframework/cglib/core/ObjectSwitchCallback
instanceKlass org/springframework/cglib/proxy/CallbackGenerator$Context
instanceKlass org/springframework/cglib/core/ProcessSwitchCallback
instanceKlass org/springframework/cglib/core/Transformer
instanceKlass org/springframework/cglib/core/Predicate
instanceKlass org/springframework/cglib/core/KeyFactoryCustomizer
instanceKlass org/springframework/cglib/core/AbstractClassGenerator
instanceKlass org/springframework/cglib/core/ClassGenerator
instanceKlass org/springframework/context/annotation/ConfigurationClassEnhancer$EnhancedConfiguration
instanceKlass org/springframework/aop/framework/autoproxy/AutoProxyUtils
instanceKlass org/springframework/objenesis/instantiator/ObjectInstantiator
instanceKlass org/springframework/objenesis/strategy/BaseInstantiatorStrategy
instanceKlass org/springframework/objenesis/strategy/InstantiatorStrategy
instanceKlass org/springframework/objenesis/SpringObjenesis
instanceKlass org/springframework/objenesis/Objenesis
instanceKlass org/springframework/context/annotation/ConfigurationClassEnhancer$ConditionalCallbackFilter
instanceKlass org/springframework/cglib/proxy/NoOp$1
instanceKlass org/springframework/cglib/proxy/NoOp
instanceKlass org/springframework/context/annotation/ConfigurationClassEnhancer$BeanFactoryAwareMethodInterceptor
instanceKlass org/springframework/context/annotation/ConfigurationClassEnhancer$BeanMethodInterceptor
instanceKlass org/springframework/context/annotation/ConfigurationClassEnhancer$ConditionalCallback
instanceKlass org/springframework/cglib/proxy/MethodInterceptor
instanceKlass org/springframework/cglib/proxy/Callback
instanceKlass org/springframework/cglib/proxy/CallbackFilter
instanceKlass org/springframework/cglib/core/GeneratorStrategy
instanceKlass org/springframework/cglib/core/NamingPolicy
instanceKlass org/springframework/context/annotation/ConfigurationClassEnhancer
instanceKlass com/example/fishing/mapper/TimeSlotMapper
instanceKlass com/example/fishing/mapper/SysUserMapper
instanceKlass com/example/fishing/mapper/ShopProductMapper
instanceKlass com/example/fishing/mapper/ShopOrderMapper
instanceKlass com/example/fishing/mapper/ShopOrderItemMapper
instanceKlass com/example/fishing/mapper/ShareTokenMapper
instanceKlass com/example/fishing/mapper/RestaurantMenuMapper
instanceKlass com/example/fishing/mapper/ReservationMapper
instanceKlass com/example/fishing/mapper/PondMapper
instanceKlass com/example/fishing/mapper/MerchantStaffMapper
instanceKlass com/example/fishing/mapper/InviteCodeMapper
instanceKlass com/example/fishing/mapper/FishingSpotMapper
instanceKlass com/example/fishing/mapper/DrawResultMapper
instanceKlass com/example/fishing/mapper/CatchRecordMapper
instanceKlass com/baomidou/mybatisplus/core/mapper/BaseMapper
instanceKlass com/baomidou/mybatisplus/core/mapper/Mapper
instanceKlass org/apache/ibatis/io/ClassLoaderWrapper
instanceKlass org/apache/ibatis/io/Resources
instanceKlass org/slf4j/helpers/BasicMarker
instanceKlass org/slf4j/helpers/BasicMarkerFactory
instanceKlass org/slf4j/impl/StaticMarkerBinder
instanceKlass org/slf4j/spi/MarkerFactoryBinder
instanceKlass org/slf4j/IMarkerFactory
instanceKlass org/slf4j/MarkerFactory
instanceKlass org/apache/ibatis/logging/slf4j/Slf4jLocationAwareLoggerImpl
instanceKlass org/slf4j/Marker
instanceKlass org/apache/ibatis/logging/slf4j/Slf4jImpl
instanceKlass org/apache/ibatis/logging/Log
instanceKlass org/apache/ibatis/logging/LogFactory
instanceKlass org/mybatis/logging/Logger
instanceKlass org/mybatis/logging/LoggerFactory
instanceKlass org/springframework/beans/factory/config/BeanDefinitionVisitor
instanceKlass org/springframework/util/DefaultPropertiesPersister
instanceKlass org/springframework/beans/factory/support/ConstructorResolver
instanceKlass org/springframework/beans/Mergeable
instanceKlass org/springframework/beans/factory/config/RuntimeBeanNameReference
instanceKlass org/springframework/boot/actuate/autoconfigure/web/server/ManagementContextAutoConfiguration
instanceKlass org/springframework/boot/actuate/autoconfigure/web/server/ManagementContextAutoConfiguration$SameManagementContextConfiguration
instanceKlass org/springframework/boot/actuate/autoconfigure/web/server/ManagementContextAutoConfiguration$SameManagementContextConfiguration$EnableSameManagementContextConfiguration
instanceKlass org/springframework/web/cors/CorsConfiguration
instanceKlass org/springframework/boot/autoconfigure/jdbc/JdbcProperties$Template
instanceKlass org/springframework/boot/autoconfigure/data/web/SpringDataWebProperties$Pageable
instanceKlass org/springframework/boot/autoconfigure/data/web/SpringDataWebProperties$Sort
instanceKlass org/springframework/data/keyvalue/core/KeyValueCallback
instanceKlass org/springframework/data/keyvalue/core/IdentifierGenerator
instanceKlass org/springframework/data/redis/core/RedisKeyValueAdapter$RedisUpdateObject
instanceKlass org/springframework/data/redis/core/TimeToLive
instanceKlass org/springframework/data/redis/listener/RedisMessageListenerContainer
instanceKlass org/springframework/data/util/CloseableIterator
instanceKlass org/springframework/data/redis/core/RedisCallback
instanceKlass org/springframework/data/keyvalue/core/QueryEngine
instanceKlass org/springframework/data/redis/core/PartialUpdate$PropertyUpdate
instanceKlass org/springframework/data/mapping/Association
instanceKlass org/springframework/data/redis/core/convert/Bucket
instanceKlass org/springframework/data/redis/core/PartialUpdate
instanceKlass org/springframework/data/mapping/PersistentPropertyAccessor
instanceKlass org/springframework/data/redis/core/convert/RedisData
instanceKlass org/springframework/data/mapping/model/ParameterValueProvider
instanceKlass org/springframework/data/mapping/model/PropertyValueProvider
instanceKlass org/springframework/data/redis/core/convert/IndexResolver
instanceKlass org/springframework/data/redis/core/convert/RedisTypeMapper
instanceKlass org/springframework/data/convert/TypeMapper
instanceKlass org/springframework/data/mapping/model/Property
instanceKlass org/springframework/data/mapping/model/AbstractPersistentProperty
instanceKlass org/springframework/data/redis/core/mapping/RedisPersistentEntity
instanceKlass org/springframework/data/redis/core/TimeToLiveAccessor
instanceKlass org/springframework/data/keyvalue/core/mapping/KeySpaceResolver
instanceKlass org/springframework/data/mapping/PersistentProperty
instanceKlass org/springframework/data/keyvalue/core/mapping/KeyValuePersistentEntity
instanceKlass org/springframework/data/mapping/model/MutablePersistentEntity
instanceKlass org/springframework/data/mapping/model/SimpleTypeHolder
instanceKlass org/springframework/util/ReflectionUtils$FieldCallback
instanceKlass org/springframework/data/mapping/PersistentEntity
instanceKlass org/springframework/data/util/TypeInformation
instanceKlass org/springframework/data/spel/EvaluationContextProvider
instanceKlass org/springframework/data/mapping/model/PersistentPropertyAccessorFactory
instanceKlass org/springframework/boot/autoconfigure/task/TaskSchedulingProperties$Shutdown
instanceKlass org/springframework/boot/autoconfigure/task/TaskSchedulingProperties$Pool
instanceKlass org/springframework/boot/actuate/autoconfigure/endpoint/web/WebEndpointProperties$Discovery
instanceKlass org/springframework/boot/actuate/autoconfigure/endpoint/web/WebEndpointProperties$Exposure
instanceKlass org/springframework/boot/actuate/autoconfigure/info/InfoContributorProperties$Git
instanceKlass org/springframework/boot/autoconfigure/info/ProjectInfoProperties$Build
instanceKlass org/springframework/boot/autoconfigure/info/ProjectInfoProperties$Git
instanceKlass org/springframework/boot/actuate/autoconfigure/health/HealthEndpointProperties$Logging
instanceKlass org/springframework/boot/autoconfigure/data/redis/RedisProperties$Jedis
instanceKlass org/springframework/boot/autoconfigure/data/redis/RedisProperties$Lettuce
instanceKlass org/springframework/boot/autoconfigure/data/redis/RedisProperties$Cluster
instanceKlass org/springframework/boot/actuate/autoconfigure/metrics/MetricsProperties$Distribution
instanceKlass org/springframework/boot/actuate/autoconfigure/metrics/MetricsProperties$System
instanceKlass org/springframework/boot/actuate/autoconfigure/metrics/MetricsProperties$Web
instanceKlass org/springframework/boot/actuate/autoconfigure/metrics/MetricsProperties$Graphql
instanceKlass org/springframework/boot/actuate/autoconfigure/metrics/MetricsProperties$Data
instanceKlass com/baomidou/mybatisplus/autoconfigure/MybatisPlusProperties$CoreConfiguration
instanceKlass org/springframework/boot/autoconfigure/jdbc/DataSourceProperties$Xa
instanceKlass org/springframework/boot/autoconfigure/web/WebProperties$Resources
instanceKlass org/springframework/boot/autoconfigure/task/TaskExecutionProperties$Shutdown
instanceKlass org/springframework/boot/autoconfigure/task/TaskExecutionProperties$Pool
instanceKlass org/springframework/boot/context/properties/DeprecatedConfigurationProperty
instanceKlass org/springframework/boot/autoconfigure/web/servlet/WebMvcProperties$View
instanceKlass org/springframework/boot/autoconfigure/web/servlet/WebMvcProperties$Servlet
instanceKlass org/springframework/boot/autoconfigure/web/servlet/WebMvcProperties$Async
instanceKlass org/springframework/boot/autoconfigure/web/servlet/WebMvcProperties$Pathmatch
instanceKlass org/springframework/boot/autoconfigure/web/servlet/WebMvcProperties$Contentnegotiation
instanceKlass org/springframework/boot/autoconfigure/web/servlet/WebMvcProperties$Format
instanceKlass org/springframework/boot/autoconfigure/web/ServerProperties$Servlet
instanceKlass org/springframework/boot/autoconfigure/web/ServerProperties$Reactive
instanceKlass org/springframework/boot/autoconfigure/web/ServerProperties$Netty
instanceKlass org/springframework/boot/web/server/Http2
instanceKlass org/springframework/boot/web/server/Ssl
instanceKlass org/springframework/boot/autoconfigure/web/ServerProperties$Undertow
instanceKlass org/springframework/boot/autoconfigure/web/ServerProperties$Jetty
instanceKlass org/springframework/boot/web/server/Compression
instanceKlass org/springframework/boot/autoconfigure/web/ServerProperties$Tomcat
instanceKlass org/springframework/boot/autoconfigure/web/ErrorProperties
instanceKlass org/springframework/boot/actuate/autoconfigure/web/server/ManagementServerProperties
instanceKlass org/springframework/boot/actuate/autoconfigure/endpoint/web/servlet/WebMvcEndpointManagementContextConfiguration
instanceKlass org/springframework/boot/actuate/autoconfigure/endpoint/web/CorsEndpointProperties
instanceKlass org/springframework/boot/actuate/endpoint/web/ExposableServletEndpoint
instanceKlass org/springframework/boot/actuate/autoconfigure/endpoint/web/ServletEndpointManagementContextConfiguration
instanceKlass org/springframework/boot/actuate/endpoint/web/ServletEndpointRegistrar
instanceKlass org/springframework/boot/actuate/autoconfigure/endpoint/web/ServletEndpointManagementContextConfiguration$WebMvcServletEndpointManagementContextConfiguration
instanceKlass org/springframework/web/multipart/commons/CommonsFileUploadSupport
instanceKlass org/springframework/boot/autoconfigure/web/servlet/MultipartAutoConfiguration
instanceKlass org/springframework/boot/autoconfigure/web/servlet/HttpEncodingAutoConfiguration$LocaleCharsetMappingsCustomizer
instanceKlass org/springframework/boot/autoconfigure/web/servlet/MultipartProperties
instanceKlass org/springframework/boot/autoconfigure/web/servlet/HttpEncodingAutoConfiguration
instanceKlass org/springframework/boot/autoconfigure/web/embedded/EmbeddedWebServerFactoryCustomizerAutoConfiguration
instanceKlass org/springframework/boot/autoconfigure/web/embedded/TomcatWebServerFactoryCustomizer
instanceKlass org/springframework/boot/autoconfigure/web/embedded/EmbeddedWebServerFactoryCustomizerAutoConfiguration$TomcatWebServerFactoryCustomizerConfiguration
instanceKlass org/springframework/transaction/reactive/TransactionalOperator
instanceKlass org/springframework/transaction/ReactiveTransactionManager
instanceKlass org/springframework/transaction/support/DefaultTransactionDefinition
instanceKlass org/springframework/transaction/TransactionDefinition
instanceKlass org/springframework/boot/autoconfigure/transaction/TransactionProperties
instanceKlass org/springframework/boot/autoconfigure/transaction/PlatformTransactionManagerCustomizer
instanceKlass org/springframework/boot/autoconfigure/transaction/TransactionAutoConfiguration$TransactionTemplateConfiguration
instanceKlass org/springframework/transaction/support/TransactionOperations
instanceKlass org/springframework/boot/autoconfigure/jdbc/DataSourceTransactionManagerAutoConfiguration
instanceKlass org/springframework/boot/autoconfigure/transaction/TransactionManagerCustomizers
instanceKlass org/springframework/transaction/support/AbstractPlatformTransactionManager
instanceKlass org/springframework/transaction/support/ResourceTransactionManager
instanceKlass org/springframework/boot/autoconfigure/transaction/TransactionAutoConfiguration
instanceKlass org/springframework/boot/autoconfigure/jdbc/DataSourceTransactionManagerAutoConfiguration$JdbcTransactionManagerConfiguration
instanceKlass org/springframework/boot/autoconfigure/sql/init/DataSourceInitializationConfiguration
instanceKlass org/springframework/boot/autoconfigure/sql/init/R2dbcInitializationConfiguration
instanceKlass org/springframework/boot/autoconfigure/sql/init/SqlInitializationProperties
instanceKlass org/springframework/boot/sql/init/AbstractScriptDatabaseInitializer
instanceKlass org/springframework/boot/autoconfigure/netty/NettyAutoConfiguration
instanceKlass org/springframework/boot/autoconfigure/jdbc/JdbcTemplateAutoConfiguration
instanceKlass org/springframework/jdbc/core/namedparam/NamedParameterJdbcTemplate
instanceKlass org/springframework/boot/autoconfigure/netty/NettyProperties
instanceKlass org/springframework/boot/sql/init/dependency/DatabaseInitializationDependencyConfigurer$DependsOnDatabaseInitializationPostProcessor
instanceKlass org/springframework/boot/autoconfigure/jdbc/NamedParameterJdbcTemplateConfiguration
instanceKlass org/springframework/jdbc/core/namedparam/NamedParameterJdbcOperations
instanceKlass org/springframework/boot/autoconfigure/jdbc/JdbcProperties
instanceKlass org/springframework/boot/autoconfigure/jdbc/JdbcTemplateConfiguration
instanceKlass org/springframework/boot/autoconfigure/data/web/SpringDataWebAutoConfiguration
instanceKlass org/springframework/data/web/config/SpringDataJacksonConfiguration
instanceKlass org/springframework/data/web/config/SortHandlerMethodArgumentResolverCustomizer
instanceKlass org/springframework/data/web/SortHandlerMethodArgumentResolverSupport
instanceKlass org/springframework/data/web/SortArgumentResolver
instanceKlass org/springframework/data/web/config/ProjectingArgumentResolverRegistrar$ProjectingArgumentResolverBeanPostProcessor
instanceKlass org/springframework/data/web/config/PageableHandlerMethodArgumentResolverCustomizer
instanceKlass org/springframework/boot/autoconfigure/data/rest/RepositoryRestMvcAutoConfiguration
instanceKlass org/springframework/data/redis/core/convert/ReferenceResolverImpl
instanceKlass org/springframework/data/redis/core/convert/ReferenceResolver
instanceKlass org/springframework/boot/autoconfigure/data/redis/RedisRepositoriesAutoConfiguration
instanceKlass org/springframework/util/StopWatch$TaskInfo
instanceKlass org/springframework/data/repository/NoRepositoryBean
instanceKlass org/springframework/data/repository/RepositoryDefinition
instanceKlass org/springframework/data/util/LazyStreamable
instanceKlass org/springframework/util/StopWatch
instanceKlass org/springframework/data/util/Lazy
instanceKlass org/springframework/data/repository/config/ImplementationLookupConfiguration
instanceKlass org/springframework/data/repository/config/RepositoryConfigurationSourceSupport$SpringImplementationDetectionConfiguration
instanceKlass org/springframework/data/repository/config/CustomRepositoryImplementationDetector
instanceKlass org/springframework/data/repository/config/FragmentMetadata
instanceKlass org/springframework/data/repository/config/RepositoryBeanDefinitionBuilder
instanceKlass org/springframework/data/keyvalue/core/KeyValueTemplate
instanceKlass org/springframework/data/keyvalue/core/KeyValueOperations
instanceKlass org/springframework/data/keyvalue/core/AbstractKeyValueAdapter
instanceKlass org/springframework/data/keyvalue/core/KeyValueAdapter
instanceKlass org/springframework/data/redis/core/convert/MappingRedisConverter
instanceKlass org/springframework/data/redis/core/convert/RedisConverter
instanceKlass org/springframework/data/convert/EntityConverter
instanceKlass org/springframework/data/convert/EntityWriter
instanceKlass org/springframework/data/convert/EntityReader
instanceKlass org/springframework/data/convert/CustomConversions
instanceKlass org/springframework/beans/factory/config/ConstructorArgumentValues$ValueHolder
instanceKlass org/springframework/beans/factory/config/ConstructorArgumentValues
instanceKlass org/springframework/data/redis/core/convert/MappingConfiguration
instanceKlass org/springframework/data/mapping/context/AbstractMappingContext
instanceKlass org/springframework/data/mapping/context/MappingContext
instanceKlass org/springframework/data/repository/config/RepositoryConfiguration
instanceKlass org/springframework/data/repository/config/RepositoryConfigurationExtensionSupport
instanceKlass org/springframework/data/repository/core/support/RepositoryFactorySupport
instanceKlass org/springframework/data/repository/query/parser/AbstractQueryCreator
instanceKlass org/springframework/data/keyvalue/repository/query/KeyValuePartTreeQuery
instanceKlass org/springframework/data/repository/query/RepositoryQuery
instanceKlass org/springframework/data/repository/config/RepositoryBeanDefinitionRegistrarSupport
instanceKlass org/springframework/data/repository/config/RepositoryBeanNameGenerator
instanceKlass org/springframework/data/config/ConfigurationUtils
instanceKlass org/springframework/data/repository/config/ImplementationDetectionConfiguration
instanceKlass org/springframework/data/keyvalue/repository/config/QueryCreatorType
instanceKlass org/springframework/data/redis/core/index/IndexConfiguration
instanceKlass org/springframework/data/redis/core/index/ConfigurableIndexDefinitionProvider
instanceKlass org/springframework/data/redis/core/index/IndexDefinitionRegistry
instanceKlass org/springframework/data/redis/core/index/IndexDefinitionProvider
instanceKlass org/springframework/data/redis/core/convert/KeyspaceConfiguration
instanceKlass org/springframework/data/repository/config/DefaultRepositoryBaseClass
instanceKlass org/springframework/boot/autoconfigure/data/redis/RedisRepositoriesRegistrar$EnableRedisRepositoriesConfiguration
instanceKlass org/springframework/data/repository/config/RepositoryConfigurationDelegate
instanceKlass org/springframework/data/repository/core/support/RepositoryFactoryBeanSupport
instanceKlass org/springframework/data/repository/core/support/RepositoryFactoryInformation
instanceKlass org/springframework/boot/autoconfigure/dao/PersistenceExceptionTranslationAutoConfiguration
instanceKlass org/springframework/context/support/DefaultLifecycleProcessor
instanceKlass org/springframework/boot/autoconfigure/context/LifecycleAutoConfiguration
instanceKlass org/springframework/boot/autoconfigure/context/ConfigurationPropertiesAutoConfiguration
instanceKlass org/springframework/boot/autoconfigure/aop/AopAutoConfiguration
instanceKlass org/springframework/boot/autoconfigure/aop/AopAutoConfiguration$ClassProxyingConfiguration
instanceKlass org/springframework/boot/autoconfigure/context/LifecycleProperties
instanceKlass org/springframework/boot/actuate/autoconfigure/health/AbstractCompositeHealthContributorConfiguration
instanceKlass org/springframework/boot/autoconfigure/data/redis/RedisReactiveAutoConfiguration
instanceKlass org/springframework/boot/actuate/metrics/web/tomcat/TomcatMetricsBinder
instanceKlass org/springframework/boot/actuate/autoconfigure/metrics/web/tomcat/TomcatMetricsAutoConfiguration
instanceKlass org/springframework/boot/actuate/metrics/web/servlet/DefaultWebMvcTagsProvider
instanceKlass org/springframework/boot/actuate/autoconfigure/metrics/web/servlet/WebMvcMetricsAutoConfiguration$MetricsWebMvcConfigurer
instanceKlass org/springframework/boot/actuate/autoconfigure/metrics/web/servlet/WebMvcMetricsAutoConfiguration
instanceKlass org/springframework/boot/actuate/metrics/web/servlet/WebMvcTagsProvider
instanceKlass org/springframework/boot/actuate/autoconfigure/metrics/web/client/HttpClientMetricsAutoConfiguration
instanceKlass org/springframework/boot/actuate/metrics/web/client/MetricsRestTemplateCustomizer
instanceKlass org/springframework/boot/web/client/RestTemplateCustomizer
instanceKlass org/springframework/boot/actuate/metrics/web/client/DefaultRestTemplateExchangeTagsProvider
instanceKlass org/springframework/boot/actuate/autoconfigure/metrics/web/client/WebClientMetricsConfiguration
instanceKlass org/springframework/boot/actuate/autoconfigure/metrics/web/client/RestTemplateMetricsConfiguration
instanceKlass org/springframework/boot/actuate/metrics/web/client/RestTemplateExchangeTagsProvider
instanceKlass org/springframework/boot/autoconfigure/web/client/RestTemplateAutoConfiguration
instanceKlass org/springframework/boot/autoconfigure/web/client/RestTemplateBuilderConfigurer
instanceKlass org/springframework/boot/autoconfigure/http/HttpMessageConvertersAutoConfiguration
instanceKlass org/springframework/boot/autoconfigure/http/JsonbHttpMessageConvertersConfiguration
instanceKlass org/springframework/boot/autoconfigure/http/GsonHttpMessageConvertersConfiguration
instanceKlass org/springframework/boot/autoconfigure/http/JacksonHttpMessageConvertersConfiguration
instanceKlass org/springframework/boot/autoconfigure/jsonb/JsonbAutoConfiguration
instanceKlass org/springframework/boot/autoconfigure/gson/GsonAutoConfiguration
instanceKlass org/springframework/boot/autoconfigure/http/JacksonHttpMessageConvertersConfiguration$MappingJackson2HttpMessageConverterConfiguration
instanceKlass org/springframework/boot/autoconfigure/http/HttpMessageConvertersAutoConfiguration$StringHttpMessageConverterConfiguration
instanceKlass org/springframework/boot/actuate/autoconfigure/metrics/task/TaskExecutorMetricsAutoConfiguration
instanceKlass org/springframework/boot/LazyInitializationExcludeFilter
instanceKlass org/springframework/boot/task/TaskSchedulerBuilder
instanceKlass org/springframework/boot/autoconfigure/task/TaskSchedulingAutoConfiguration
instanceKlass org/springframework/scheduling/annotation/SchedulingConfigurer
instanceKlass org/springframework/boot/autoconfigure/task/TaskSchedulingProperties
instanceKlass org/springframework/boot/actuate/autoconfigure/metrics/startup/StartupTimeMetricsListenerAutoConfiguration
instanceKlass org/springframework/boot/actuate/metrics/startup/StartupTimeMetricsListener
instanceKlass org/springframework/boot/actuate/autoconfigure/metrics/jdbc/DataSourcePoolMetricsAutoConfiguration
instanceKlass org/springframework/boot/actuate/autoconfigure/metrics/jdbc/DataSourcePoolMetricsAutoConfiguration$DataSourcePoolMetadataMetricsConfiguration$DataSourcePoolMetadataMeterBinder
instanceKlass org/springframework/boot/actuate/autoconfigure/metrics/jdbc/DataSourcePoolMetricsAutoConfiguration$DataSourcePoolMetadataMetricsConfiguration
instanceKlass org/springframework/boot/actuate/autoconfigure/metrics/jdbc/DataSourcePoolMetricsAutoConfiguration$HikariDataSourceMetricsConfiguration$HikariDataSourceMeterBinder
instanceKlass org/springframework/boot/actuate/autoconfigure/metrics/jdbc/DataSourcePoolMetricsAutoConfiguration$HikariDataSourceMetricsConfiguration
instanceKlass org/springframework/boot/actuate/autoconfigure/metrics/integration/IntegrationMetricsAutoConfiguration
instanceKlass org/springframework/boot/autoconfigure/integration/IntegrationAutoConfiguration
instanceKlass org/springframework/boot/actuate/autoconfigure/metrics/data/MetricsRepositoryMethodInvocationListenerBeanPostProcessor
instanceKlass org/springframework/boot/actuate/metrics/data/DefaultRepositoryTagsProvider
instanceKlass org/springframework/boot/actuate/metrics/AutoTimer
instanceKlass org/springframework/boot/actuate/metrics/data/MetricsRepositoryMethodInvocationListener
instanceKlass org/springframework/data/repository/core/support/RepositoryMethodInvocationListener
instanceKlass org/springframework/boot/actuate/autoconfigure/metrics/data/RepositoryMetricsAutoConfiguration
instanceKlass org/springframework/boot/actuate/metrics/data/RepositoryTagsProvider
instanceKlass org/springframework/boot/actuate/metrics/system/DiskSpaceMetricsBinder
instanceKlass io/micrometer/core/instrument/binder/system/FileDescriptorMetrics
instanceKlass io/micrometer/core/instrument/binder/system/ProcessorMetrics
instanceKlass org/springframework/boot/actuate/autoconfigure/metrics/SystemMetricsAutoConfiguration
instanceKlass io/micrometer/core/instrument/binder/system/UptimeMetrics
instanceKlass org/springframework/boot/actuate/autoconfigure/metrics/LogbackMetricsAutoConfiguration
instanceKlass io/micrometer/core/instrument/binder/logging/LogbackMetrics
instanceKlass jdk/internal/access/foreign/MemorySegmentProxy
instanceKlass io/micrometer/core/instrument/binder/jvm/JvmMemoryMetrics
instanceKlass io/micrometer/core/instrument/binder/jvm/JvmThreadMetrics
instanceKlass io/micrometer/core/instrument/binder/jvm/ClassLoaderMetrics
instanceKlass io/micrometer/core/instrument/binder/jvm/JvmHeapPressureMetrics
instanceKlass org/springframework/boot/actuate/autoconfigure/metrics/JvmMetricsAutoConfiguration
instanceKlass io/micrometer/core/instrument/binder/jvm/JvmGcMetrics
instanceKlass org/springframework/boot/actuate/autoconfigure/jdbc/DataSourceHealthContributorAutoConfiguration
instanceKlass org/springframework/boot/actuate/autoconfigure/jdbc/DataSourceHealthIndicatorProperties
instanceKlass org/springframework/boot/actuate/health/AbstractHealthIndicator
instanceKlass org/springframework/boot/actuate/health/HealthIndicator
instanceKlass org/springframework/boot/actuate/autoconfigure/system/DiskSpaceHealthContributorAutoConfiguration
instanceKlass org/springframework/boot/actuate/endpoint/web/annotation/ExposableControllerEndpoint
instanceKlass org/springframework/boot/actuate/autoconfigure/system/DiskSpaceHealthIndicatorProperties
instanceKlass org/springframework/boot/actuate/autoconfigure/health/HealthContributorAutoConfiguration
instanceKlass org/springframework/boot/actuate/endpoint/web/PathMappedEndpoints
instanceKlass org/springframework/boot/actuate/endpoint/web/annotation/ControllerEndpointsSupplier
instanceKlass org/springframework/boot/actuate/endpoint/web/PathMapper
instanceKlass org/springframework/boot/actuate/autoconfigure/endpoint/web/WebEndpointAutoConfiguration
instanceKlass org/springframework/boot/actuate/endpoint/annotation/EndpointDiscoverer
instanceKlass org/springframework/boot/actuate/endpoint/web/EndpointMediaTypes
instanceKlass org/springframework/boot/actuate/autoconfigure/endpoint/web/WebEndpointAutoConfiguration$WebEndpointServletConfiguration
instanceKlass org/springframework/boot/actuate/endpoint/web/annotation/ServletEndpointsSupplier
instanceKlass org/springframework/boot/actuate/endpoint/invoker/cache/CachingOperationInvokerAdvisor
instanceKlass org/springframework/boot/actuate/endpoint/invoke/OperationInvokerAdvisor
instanceKlass org/springframework/boot/actuate/autoconfigure/endpoint/EndpointAutoConfiguration
instanceKlass org/springframework/boot/actuate/endpoint/invoke/ParameterValueMapper
instanceKlass org/springframework/boot/actuate/autoconfigure/info/InfoContributorAutoConfiguration
instanceKlass org/springframework/boot/actuate/autoconfigure/health/HealthEndpointAutoConfiguration
instanceKlass org/springframework/boot/actuate/endpoint/web/ExposableWebEndpoint
instanceKlass org/springframework/boot/actuate/endpoint/web/PathMappedEndpoint
instanceKlass org/springframework/boot/info/InfoProperties
instanceKlass org/springframework/boot/actuate/autoconfigure/info/InfoContributorProperties
instanceKlass org/springframework/boot/autoconfigure/info/ProjectInfoAutoConfiguration
instanceKlass org/springframework/boot/autoconfigure/info/ProjectInfoProperties
instanceKlass org/springframework/boot/actuate/autoconfigure/health/HealthEndpointReactiveWebExtensionConfiguration
instanceKlass org/springframework/boot/actuate/autoconfigure/health/HealthEndpointWebExtensionConfiguration
instanceKlass org/springframework/boot/actuate/endpoint/web/WebEndpointsSupplier
instanceKlass org/springframework/boot/actuate/endpoint/EndpointsSupplier
instanceKlass org/springframework/boot/actuate/autoconfigure/health/HealthEndpointWebExtensionConfiguration$MvcAdditionalHealthEndpointPathsConfiguration
instanceKlass org/springframework/boot/actuate/health/ReactiveHealthContributor
instanceKlass org/springframework/boot/actuate/health/HealthContributor
instanceKlass org/springframework/boot/actuate/autoconfigure/health/ReactiveHealthEndpointConfiguration
instanceKlass org/springframework/boot/actuate/health/ReactiveHealthContributorRegistry
instanceKlass org/springframework/boot/actuate/autoconfigure/health/HealthEndpointConfiguration$HealthEndpointGroupsBeanPostProcessor
instanceKlass org/springframework/boot/actuate/autoconfigure/health/HealthProperties
instanceKlass org/springframework/boot/actuate/health/HealthEndpointGroups
instanceKlass org/springframework/boot/actuate/health/HealthContributorRegistry
instanceKlass org/springframework/boot/actuate/health/ContributorRegistry
instanceKlass org/springframework/boot/actuate/health/NamedContributors
instanceKlass org/springframework/boot/actuate/health/HttpCodeStatusMapper
instanceKlass org/springframework/boot/actuate/autoconfigure/health/HealthEndpointConfiguration
instanceKlass org/springframework/boot/actuate/autoconfigure/web/servlet/ServletManagementContextFactory
instanceKlass org/springframework/boot/actuate/autoconfigure/web/ManagementContextFactory
instanceKlass org/springframework/boot/actuate/autoconfigure/web/servlet/ManagementServletContext
instanceKlass org/springframework/boot/actuate/autoconfigure/web/servlet/ServletManagementContextAutoConfiguration
instanceKlass org/springframework/boot/actuate/autoconfigure/availability/AvailabilityHealthContributorAutoConfiguration
instanceKlass org/springframework/boot/availability/ApplicationAvailabilityBean
instanceKlass org/springframework/boot/actuate/health/StatusAggregator
instanceKlass org/springframework/boot/autoconfigure/availability/ApplicationAvailabilityAutoConfiguration
instanceKlass org/springframework/boot/availability/ApplicationAvailability
instanceKlass org/springdoc/webmvc/ui/SwaggerWebMvcConfigurer
instanceKlass org/springdoc/webmvc/ui/SwaggerConfigResource
instanceKlass org/springdoc/webmvc/ui/SwaggerUiHome
instanceKlass org/springdoc/webmvc/ui/SwaggerIndexTransformer
instanceKlass org/springframework/web/servlet/resource/ResourceTransformer
instanceKlass org/springdoc/webmvc/ui/SwaggerConfig
instanceKlass org/springdoc/ui/AbstractSwaggerWelcome
instanceKlass org/springdoc/core/providers/SpringWebProvider
instanceKlass org/springdoc/webmvc/core/SpringDocWebMvcConfiguration
instanceKlass io/swagger/v3/core/filter/SpecFilter
instanceKlass org/springdoc/webmvc/core/SpringDocWebMvcConfiguration$SpringDocWebMvcRouterConfiguration
instanceKlass org/springdoc/webmvc/core/SpringDocWebMvcConfiguration$SpringDocWebMvcActuatorConfiguration
instanceKlass org/springdoc/webmvc/core/RouterFunctionWebMvcProvider
instanceKlass org/springdoc/core/providers/RouterFunctionProvider
instanceKlass org/springframework/expression/common/ExpressionUtils
instanceKlass org/springframework/expression/spel/ExpressionState
instanceKlass org/springframework/expression/spel/standard/SpelExpression
instanceKlass org/springframework/expression/spel/standard/Token
instanceKlass org/springframework/expression/spel/standard/Tokenizer
instanceKlass org/springframework/expression/spel/ast/SpelNodeImpl
instanceKlass org/springframework/expression/spel/SpelNode
instanceKlass org/springdoc/core/GenericResponseService
instanceKlass org/springdoc/core/AbstractRequestService
instanceKlass org/springdoc/webmvc/core/MultipleOpenApiSupportConfiguration
instanceKlass org/springdoc/webmvc/api/MultipleOpenApiResource
instanceKlass org/springdoc/core/SwaggerUiOAuthProperties
instanceKlass org/springdoc/core/AbstractSwaggerUiConfigProperties
instanceKlass org/springdoc/core/OperationService
instanceKlass org/springdoc/core/RequestBodyService
instanceKlass org/springdoc/core/GenericParameterService
instanceKlass org/springdoc/core/SpringDocProviders
instanceKlass org/springdoc/core/OpenAPIService
instanceKlass org/springdoc/core/SecurityService
instanceKlass org/springdoc/core/converters/ModelConverterRegistrar
instanceKlass org/springdoc/core/converters/SchemaPropertyDeprecatingConverter
instanceKlass org/springdoc/core/converters/PolymorphicModelConverter
instanceKlass org/springdoc/core/customizers/GlobalOpenApiCustomizer
instanceKlass org/springdoc/core/customizers/OpenApiCustomiser
instanceKlass org/springdoc/core/converters/ResponseSupportConverter
instanceKlass org/springdoc/core/converters/FileSupportConverter
instanceKlass org/springdoc/core/converters/AdditionalModelsConverter
instanceKlass org/springdoc/core/converters/PropertyCustomizingConverter
instanceKlass org/springdoc/core/PropertyResolverUtils
instanceKlass org/springdoc/core/ReturnTypeParser
instanceKlass io/swagger/v3/oas/models/media/Schema
instanceKlass org/springdoc/core/customizers/PropertyCustomizer
instanceKlass org/springdoc/core/SpringDocConfiguration
instanceKlass org/springdoc/core/providers/WebConversionServiceProvider
instanceKlass org/springdoc/core/SpringDocConfiguration$WebConversionServiceConfiguration
instanceKlass org/springdoc/core/SpringDocConfiguration$SpringDocPageableConfiguration
instanceKlass org/springdoc/core/converters/PageableOpenAPIConverter
instanceKlass org/springdoc/core/SpringDocConfiguration$SpringDocSpringDataWebPropertiesProvider
instanceKlass org/springdoc/core/providers/SpringDataWebPropertiesProvider
instanceKlass org/springdoc/core/customizers/DelegatingMethodParameterCustomizer
instanceKlass org/springdoc/core/SpringDocConfiguration$SpringDocSortConfiguration
instanceKlass io/swagger/v3/core/util/ObjectMapperFactory
instanceKlass org/springdoc/core/converters/SortOpenAPIConverter
instanceKlass org/springdoc/core/SpringDocConfiguration$SpringDocWebFluxSupportConfiguration
instanceKlass org/springdoc/core/SpringDocConfiguration$OpenApiResourceAdvice
instanceKlass org/springdoc/core/SpringDocConfigProperties
instanceKlass org/springdoc/core/converters/WebFluxSupportConverter
instanceKlass io/swagger/v3/core/converter/ModelConverter
instanceKlass org/springframework/data/redis/connection/RedisStandaloneConfiguration
instanceKlass org/springframework/data/redis/connection/RedisConfiguration$WithHostAndPort
instanceKlass org/springframework/data/redis/connection/RedisClusterConfiguration
instanceKlass org/springframework/data/redis/connection/RedisConfiguration$ClusterConfiguration
instanceKlass org/springframework/boot/autoconfigure/data/redis/RedisProperties$Sentinel
instanceKlass org/springframework/boot/autoconfigure/data/redis/RedisConnectionConfiguration$ConnectionInfo
instanceKlass org/springframework/data/redis/connection/RedisSentinelConfiguration
instanceKlass org/springframework/data/redis/connection/RedisConfiguration$SentinelConfiguration
instanceKlass org/springframework/data/redis/connection/RedisConfiguration$WithPassword
instanceKlass org/springframework/data/redis/connection/RedisConfiguration$WithAuthentication
instanceKlass org/springframework/data/redis/connection/RedisConfiguration$WithDatabaseIndex
instanceKlass org/springframework/data/redis/connection/RedisConfiguration
instanceKlass io/lettuce/core/resource/DefaultClientResources
instanceKlass org/springframework/data/redis/connection/lettuce/LettuceClientConfiguration
instanceKlass io/lettuce/core/resource/DefaultClientResources$Builder
instanceKlass io/lettuce/core/ClientOptions
instanceKlass org/springframework/data/redis/connection/lettuce/LettuceConnectionFactory
instanceKlass org/springframework/boot/autoconfigure/data/redis/LettuceClientConfigurationBuilderCustomizer
instanceKlass org/springframework/data/redis/connection/lettuce/LettuceClientConfiguration$LettuceClientConfigurationBuilder
instanceKlass org/springframework/boot/autoconfigure/data/redis/RedisProperties$Pool
instanceKlass io/lettuce/core/ClientOptions$Builder
instanceKlass org/springframework/boot/autoconfigure/data/redis/RedisConnectionConfiguration
instanceKlass io/lettuce/core/resource/ClientResources
instanceKlass org/redisson/spring/data/connection/RedissonConnectionFactory
instanceKlass org/redisson/api/RedissonReactiveClient
instanceKlass org/redisson/api/RedissonRxClient
instanceKlass org/redisson/config/BaseConfig
instanceKlass org/redisson/spring/starter/RedissonAutoConfiguration
instanceKlass io/lettuce/core/resource/ClientResources$Builder
instanceKlass org/springframework/boot/autoconfigure/data/redis/ClientResourcesBuilderCustomizer
instanceKlass org/springframework/boot/autoconfigure/data/redis/RedisProperties
instanceKlass org/redisson/spring/starter/RedissonProperties
instanceKlass org/springframework/boot/actuate/autoconfigure/metrics/redis/LettuceMetricsAutoConfiguration
instanceKlass io/lettuce/core/metrics/MicrometerOptions
instanceKlass org/springframework/boot/autoconfigure/data/redis/RedisAutoConfiguration
instanceKlass org/springframework/boot/actuate/autoconfigure/metrics/CompositeMeterRegistryConfiguration
instanceKlass org/springframework/boot/actuate/autoconfigure/metrics/NoOpMeterRegistryConfiguration
instanceKlass org/springframework/boot/actuate/autoconfigure/metrics/export/simple/SimpleMetricsExportAutoConfiguration
instanceKlass io/micrometer/core/instrument/simple/SimpleConfig
instanceKlass io/micrometer/core/instrument/config/MeterRegistryConfig
instanceKlass org/springframework/boot/actuate/autoconfigure/metrics/export/simple/SimpleProperties
instanceKlass org/springframework/boot/actuate/autoconfigure/metrics/MeterRegistryPostProcessor
instanceKlass org/springframework/boot/actuate/autoconfigure/metrics/PropertiesMeterFilter
instanceKlass io/micrometer/core/instrument/config/MeterFilter
instanceKlass org/springframework/boot/actuate/autoconfigure/metrics/MetricsAutoConfiguration
instanceKlass org/springframework/boot/autoconfigure/jackson/JacksonAutoConfiguration
instanceKlass org/springframework/boot/actuate/autoconfigure/metrics/MetricsProperties
instanceKlass org/springframework/boot/actuate/autoconfigure/metrics/CompositeMeterRegistryAutoConfiguration
instanceKlass org/springframework/boot/autoconfigure/jackson/JacksonAutoConfiguration$JacksonObjectMapperConfiguration
instanceKlass org/springframework/boot/autoconfigure/jackson/JacksonAutoConfiguration$ParameterNamesModuleConfiguration
instanceKlass org/springframework/boot/autoconfigure/jackson/JacksonAutoConfiguration$JacksonObjectMapperBuilderConfiguration
instanceKlass org/springframework/boot/autoconfigure/jackson/JacksonAutoConfiguration$Jackson2ObjectMapperBuilderCustomizerConfiguration$StandardJackson2ObjectMapperBuilderCustomizer
instanceKlass org/springframework/boot/autoconfigure/jackson/Jackson2ObjectMapperBuilderCustomizer
instanceKlass org/springframework/boot/autoconfigure/jackson/JacksonAutoConfiguration$Jackson2ObjectMapperBuilderCustomizerConfiguration
instanceKlass org/springframework/boot/autoconfigure/jackson/JacksonProperties
instanceKlass com/baomidou/mybatisplus/autoconfigure/MybatisPlusPropertiesCustomizer
instanceKlass com/baomidou/mybatisplus/autoconfigure/DdlApplicationRunner
instanceKlass com/baomidou/mybatisplus/core/config/GlobalConfig
instanceKlass com/baomidou/mybatisplus/extension/spring/MybatisSqlSessionFactoryBean
instanceKlass org/apache/ibatis/session/Configuration
instanceKlass org/mybatis/spring/SqlSessionTemplate
instanceKlass org/apache/ibatis/session/SqlSession
instanceKlass com/baomidou/mybatisplus/autoconfigure/MybatisPlusAutoConfiguration
instanceKlass com/baomidou/mybatisplus/autoconfigure/MybatisPlusProperties
instanceKlass com/baomidou/mybatisplus/autoconfigure/MybatisPlusLanguageDriverAutoConfiguration
instanceKlass org/springframework/boot/autoconfigure/jdbc/DataSourceAutoConfiguration
instanceKlass org/springframework/boot/jdbc/metadata/DataSourcePoolMetadata
instanceKlass org/springframework/boot/autoconfigure/jdbc/metadata/DataSourcePoolMetadataProvidersConfiguration$HikariPoolDataSourceMetadataProviderConfiguration
instanceKlass org/springframework/boot/autoconfigure/jdbc/DataSourceAutoConfiguration$PooledDataSourceConfiguration
instanceKlass org/springframework/boot/autoconfigure/jdbc/DataSourceJmxConfiguration$Hikari
instanceKlass org/springframework/boot/autoconfigure/jdbc/metadata/DataSourcePoolMetadataProvidersConfiguration
instanceKlass org/springframework/boot/autoconfigure/sql/init/SqlInitializationAutoConfiguration
instanceKlass org/springframework/boot/autoconfigure/jdbc/DataSourceJmxConfiguration
instanceKlass org/springframework/boot/autoconfigure/jdbc/DataSourceConfiguration$Generic
instanceKlass org/springframework/boot/autoconfigure/jdbc/DataSourceConfiguration$OracleUcp
instanceKlass org/springframework/boot/autoconfigure/jdbc/DataSourceConfiguration$Dbcp2
instanceKlass org/springframework/boot/autoconfigure/jdbc/DataSourceConfiguration$Tomcat
instanceKlass org/springframework/boot/autoconfigure/jdbc/DataSourceProperties
instanceKlass org/springframework/boot/autoconfigure/jdbc/DataSourceConfiguration$Hikari
instanceKlass javax/sql/XADataSource
instanceKlass cn/hutool/extra/spring/SpringUtil
instanceKlass org/springframework/boot/autoconfigure/web/servlet/WebMvcAutoConfiguration$ResourceChainResourceHandlerRegistrationCustomizer
instanceKlass org/springframework/boot/autoconfigure/web/servlet/WebMvcAutoConfiguration$ResourceHandlerRegistrationCustomizer
instanceKlass org/springframework/boot/autoconfigure/web/servlet/WebMvcAutoConfiguration$ResourceChainCustomizerConfiguration
instanceKlass org/springframework/web/context/request/RequestContextListener
instanceKlass javax/servlet/ServletRequestListener
instanceKlass org/springframework/boot/autoconfigure/http/HttpMessageConverters
instanceKlass org/springframework/web/servlet/config/annotation/ResourceHandlerRegistration
instanceKlass org/springframework/validation/MessageCodeFormatter
instanceKlass org/springframework/boot/web/servlet/filter/OrderedFilter
instanceKlass org/springframework/boot/autoconfigure/web/servlet/WebMvcAutoConfiguration$WebMvcAutoConfigurationAdapter
instanceKlass org/springframework/lang/Nullable
instanceKlass org/springframework/web/util/pattern/PathPatternParser
instanceKlass org/springframework/web/util/UrlPathHelper
instanceKlass org/springframework/web/method/support/CompositeUriComponentsContributor
instanceKlass org/springframework/web/method/support/UriComponentsContributor
instanceKlass org/springframework/web/servlet/mvc/HttpRequestHandlerAdapter
instanceKlass org/springframework/web/servlet/handler/HandlerMappingIntrospector
instanceKlass org/springframework/web/cors/CorsConfigurationSource
instanceKlass org/springframework/web/servlet/mvc/SimpleControllerHandlerAdapter
instanceKlass org/springframework/web/servlet/function/support/HandlerFunctionAdapter
instanceKlass javax/servlet/ServletContext
instanceKlass org/springframework/web/servlet/config/annotation/ViewResolverRegistry
instanceKlass org/springframework/validation/MessageCodesResolver
instanceKlass org/springframework/web/servlet/config/annotation/ContentNegotiationConfigurer
instanceKlass org/springframework/web/servlet/config/annotation/ResourceHandlerRegistry
instanceKlass org/springframework/web/servlet/config/annotation/DefaultServletHandlerConfigurer
instanceKlass org/springframework/web/servlet/config/annotation/AsyncSupportConfigurer
instanceKlass org/springframework/web/servlet/config/annotation/ViewControllerRegistry
instanceKlass org/springframework/web/servlet/config/annotation/PathMatchConfigurer
instanceKlass org/springframework/web/servlet/config/annotation/InterceptorRegistry
instanceKlass org/springframework/web/servlet/config/annotation/CorsRegistry
instanceKlass org/springframework/web/bind/support/ConfigurableWebBindingInitializer
instanceKlass org/springframework/web/servlet/handler/AbstractHandlerExceptionResolver
instanceKlass org/springframework/boot/autoconfigure/web/servlet/WebMvcAutoConfiguration$WelcomePageHandlerMappingFactory
instanceKlass org/springframework/web/accept/ContentNegotiationManager
instanceKlass org/springframework/web/accept/MediaTypeFileExtensionResolver
instanceKlass org/springframework/web/accept/ContentNegotiationStrategy
instanceKlass org/springframework/web/servlet/HandlerAdapter
instanceKlass org/springframework/web/servlet/resource/ResourceUrlProvider
instanceKlass org/springframework/web/servlet/ThemeResolver
instanceKlass org/springframework/web/servlet/FlashMapManager
instanceKlass org/springframework/web/servlet/RequestToViewNameTranslator
instanceKlass org/springframework/web/bind/support/WebBindingInitializer
instanceKlass org/springframework/web/servlet/LocaleResolver
instanceKlass org/springframework/boot/web/servlet/error/DefaultErrorAttributes
instanceKlass org/springframework/web/servlet/HandlerExceptionResolver
instanceKlass org/springframework/boot/autoconfigure/web/servlet/error/ErrorMvcAutoConfiguration$ErrorPageCustomizer
instanceKlass org/springframework/boot/web/server/ErrorPageRegistrar
instanceKlass org/springframework/boot/autoconfigure/web/servlet/error/AbstractErrorController
instanceKlass org/springframework/boot/autoconfigure/web/servlet/error/ErrorMvcAutoConfiguration$PreserveErrorControllerTargetClassPostProcessor
instanceKlass org/springframework/boot/autoconfigure/web/servlet/error/ErrorMvcAutoConfiguration
instanceKlass org/springframework/boot/autoconfigure/web/servlet/error/DefaultErrorViewResolver
instanceKlass org/springframework/boot/web/servlet/error/ErrorAttributes
instanceKlass org/springframework/boot/autoconfigure/web/servlet/WebMvcAutoConfiguration
instanceKlass org/springframework/boot/autoconfigure/web/servlet/error/ErrorViewResolver
instanceKlass org/springframework/boot/autoconfigure/web/servlet/error/ErrorMvcAutoConfiguration$DefaultErrorViewResolverConfiguration
instanceKlass org/springframework/boot/autoconfigure/web/WebProperties
instanceKlass org/springframework/web/servlet/View
instanceKlass org/springframework/boot/autoconfigure/web/servlet/error/ErrorMvcAutoConfiguration$WhitelabelErrorViewConfiguration
instanceKlass org/springframework/web/servlet/ViewResolver
instanceKlass org/springframework/validation/beanvalidation/SpringValidatorAdapter
instanceKlass org/springframework/validation/SmartValidator
instanceKlass org/springframework/boot/autoconfigure/validation/ValidationAutoConfiguration
instanceKlass org/springframework/boot/autoconfigure/task/TaskExecutionAutoConfiguration
instanceKlass org/springframework/boot/autoconfigure/web/servlet/DispatcherServletAutoConfiguration
instanceKlass org/springframework/boot/autoconfigure/web/servlet/DispatcherServletPath
instanceKlass org/springframework/boot/task/TaskExecutorBuilder
instanceKlass org/springframework/boot/autoconfigure/task/TaskExecutionProperties
instanceKlass org/springframework/aop/scope/ScopedProxyUtils
instanceKlass org/springframework/boot/autoconfigure/web/servlet/DispatcherServletAutoConfiguration$DispatcherServletRegistrationConfiguration
instanceKlass org/springframework/boot/autoconfigure/web/servlet/DispatcherServletAutoConfiguration$DispatcherServletConfiguration
instanceKlass org/springframework/boot/autoconfigure/web/servlet/WebMvcProperties
instanceKlass org/springframework/boot/web/server/ErrorPageRegistrarBeanPostProcessor
instanceKlass org/springframework/boot/autoconfigure/web/servlet/TomcatServletWebServerFactoryCustomizer
instanceKlass org/springframework/boot/autoconfigure/web/servlet/ServletWebServerFactoryCustomizer
instanceKlass org/springframework/boot/web/server/AbstractConfigurableWebServerFactory
instanceKlass org/springframework/boot/web/servlet/server/ConfigurableServletWebServerFactory
instanceKlass org/springframework/boot/web/servlet/WebListenerRegistry
instanceKlass org/springframework/boot/web/embedded/tomcat/ConfigurableTomcatWebServerFactory
instanceKlass org/springframework/boot/web/server/ConfigurableWebServerFactory
instanceKlass org/springframework/boot/web/server/ErrorPageRegistry
instanceKlass org/springframework/boot/web/server/WebServerFactoryCustomizerBeanPostProcessor
instanceKlass org/springframework/boot/context/properties/ConstructorBinding
instanceKlass org/springframework/boot/context/properties/ConfigurationPropertiesBindConstructorProvider
instanceKlass org/springframework/boot/context/properties/ConfigurationPropertiesBeanRegistrar
instanceKlass org/springframework/boot/validation/beanvalidation/MethodValidationExcludeFilter
instanceKlass org/springframework/boot/context/properties/BoundConfigurationProperties
instanceKlass org/springframework/boot/context/properties/ConfigurationPropertiesBinder$Factory
instanceKlass org/springframework/validation/Validator
instanceKlass org/springframework/boot/context/properties/ConfigurationPropertiesBinder
instanceKlass org/springframework/boot/context/properties/ConfigurationPropertiesBindingPostProcessor
instanceKlass org/springframework/boot/autoconfigure/web/servlet/ServletWebServerFactoryConfiguration$EmbeddedUndertow
instanceKlass org/springframework/boot/autoconfigure/web/servlet/ServletWebServerFactoryConfiguration$EmbeddedJetty
instanceKlass org/springframework/boot/autoconfigure/web/servlet/ServletWebServerFactoryConfiguration$EmbeddedTomcat
instanceKlass org/springframework/boot/autoconfigure/web/ServerProperties
instanceKlass org/springframework/boot/autoconfigure/websocket/servlet/WebSocketServletAutoConfiguration
instanceKlass org/springframework/boot/autoconfigure/websocket/servlet/TomcatWebSocketServletWebServerCustomizer
instanceKlass org/springframework/boot/web/server/WebServerFactoryCustomizer
instanceKlass org/springframework/boot/autoconfigure/websocket/servlet/WebSocketServletAutoConfiguration$TomcatWebSocketConfiguration
instanceKlass org/springframework/boot/web/servlet/server/ServletWebServerFactory
instanceKlass org/springframework/boot/web/server/WebServerFactory
instanceKlass org/springframework/boot/autoconfigure/web/servlet/ServletWebServerFactoryAutoConfiguration
instanceKlass org/springframework/boot/autoconfigure/context/PropertyPlaceholderAutoConfiguration
instanceKlass org/springdoc/core/GroupedOpenApi
instanceKlass io/swagger/v3/oas/models/OpenAPI
instanceKlass org/springframework/data/redis/core/RedisAccessor
instanceKlass org/springframework/data/redis/serializer/RedisSerializer
instanceKlass com/baomidou/mybatisplus/extension/plugins/MybatisPlusInterceptor
instanceKlass org/apache/ibatis/plugin/Interceptor
instanceKlass org/springframework/context/annotation/BeanAnnotationHelper
instanceKlass org/springframework/transaction/event/TransactionalEventListenerFactory
instanceKlass org/springframework/aop/support/AbstractPointcutAdvisor
instanceKlass org/springframework/aop/PointcutAdvisor
instanceKlass org/springframework/aop/Advisor
instanceKlass org/springframework/transaction/interceptor/TransactionAspectSupport
instanceKlass org/aopalliance/intercept/MethodInterceptor
instanceKlass org/aopalliance/intercept/Interceptor
instanceKlass org/springframework/transaction/interceptor/TransactionAttributeSource
instanceKlass org/aopalliance/aop/Advice
instanceKlass org/springframework/boot/autoconfigure/condition/OnBeanCondition$MatchResult
instanceKlass org/springframework/core/io/support/PropertiesLoaderSupport
instanceKlass org/mybatis/spring/mapper/MapperScannerConfigurer
instanceKlass org/springframework/boot/autoconfigure/AutoConfigurationPackages$BasePackages
instanceKlass org/springframework/boot/autoconfigure/AutoConfigurationPackages
instanceKlass org/springframework/boot/autoconfigure/AutoConfigurationPackages$PackageImports
instanceKlass org/springframework/aop/config/AopConfigUtils
instanceKlass org/springframework/beans/factory/annotation/RequiredAnnotationBeanPostProcessor
instanceKlass org/springframework/context/annotation/ConfigurationClassBeanDefinitionReader$TrackedConditionEvaluator
instanceKlass org/springframework/web/servlet/config/annotation/WebMvcConfigurationSupport
instanceKlass org/springframework/web/servlet/config/annotation/EnableWebMvc
instanceKlass org/springframework/boot/actuate/autoconfigure/web/server/ManagementContextConfigurationImportSelector$ManagementConfiguration
instanceKlass org/springframework/boot/actuate/autoconfigure/web/ManagementContextConfiguration
instanceKlass org/springframework/context/annotation/ConfigurationClassParser$DefaultDeferredImportSelectorGroup
instanceKlass org/springframework/boot/actuate/autoconfigure/web/server/ManagementContextConfigurationImportSelector
instanceKlass org/springframework/boot/actuate/autoconfigure/web/server/EnableManagementContext
instanceKlass org/springframework/boot/autoconfigure/condition/ConditionalOnWarDeployment
instanceKlass org/springframework/boot/autoconfigure/condition/ConditionalOnNotWarDeployment
instanceKlass org/springframework/jdbc/datasource/init/DatabasePopulator
instanceKlass org/springframework/boot/sql/init/dependency/DatabaseInitializationDependencyConfigurer
instanceKlass org/springframework/data/querydsl/QuerydslUtils
instanceKlass org/springframework/data/web/config/SpringDataJacksonModules
instanceKlass org/springframework/data/web/config/SpringDataWebConfiguration
instanceKlass org/springframework/data/web/config/ProjectingArgumentResolverRegistrar
instanceKlass org/springframework/data/web/config/EnableSpringDataWebSupport$QuerydslActivator
instanceKlass org/springframework/data/web/config/EnableSpringDataWebSupport$SpringDataWebConfigurationImportSelector
instanceKlass org/springframework/data/web/config/EnableSpringDataWebSupport
instanceKlass org/springframework/data/repository/config/RepositoryConfigurationExtension
instanceKlass org/springframework/data/repository/config/RepositoryConfigurationSourceSupport
instanceKlass org/springframework/data/repository/config/RepositoryConfigurationSource
instanceKlass org/springframework/boot/autoconfigure/data/AbstractRepositoryConfigurationSourceSupport
instanceKlass org/springframework/boot/actuate/web/mappings/MappingsEndpoint
instanceKlass org/springframework/boot/actuate/trace/http/HttpTraceEndpoint
instanceKlass org/springframework/boot/context/metrics/buffering/BufferingApplicationStartup
instanceKlass org/springframework/boot/autoconfigure/security/ConditionalOnDefaultWebSecurity
instanceKlass org/springframework/boot/actuate/scheduling/ScheduledTasksEndpoint
instanceKlass org/springframework/boot/web/client/RestTemplateBuilder
instanceKlass org/springframework/boot/jdbc/metadata/DataSourcePoolMetadataProvider
instanceKlass org/springframework/cache/ehcache/EhCacheCache
instanceKlass javax/cache/CacheManager
instanceKlass org/springframework/cache/support/AbstractValueAdaptingCache
instanceKlass org/springframework/boot/actuate/metrics/MetricsEndpoint
instanceKlass org/springframework/boot/actuate/management/ThreadDumpEndpoint
instanceKlass org/springframework/boot/actuate/management/HeapDumpWebEndpoint
instanceKlass org/springframework/boot/actuate/logging/LoggersEndpoint
instanceKlass org/springframework/boot/actuate/endpoint/annotation/DiscovererEndpointFilter
instanceKlass org/springframework/boot/actuate/endpoint/annotation/FilteredEndpoint
instanceKlass org/springframework/boot/actuate/endpoint/web/annotation/WebEndpoint
instanceKlass org/springframework/boot/actuate/logging/LogFileWebEndpoint
instanceKlass org/springframework/boot/actuate/autoconfigure/health/ConditionalOnEnabledHealthIndicator
instanceKlass org/springframework/boot/actuate/env/EnvironmentEndpoint
instanceKlass org/springframework/boot/actuate/context/properties/ConfigurationPropertiesReportEndpoint
instanceKlass org/springframework/boot/actuate/context/ShutdownEndpoint
instanceKlass org/springframework/boot/actuate/autoconfigure/condition/ConditionsReportEndpoint
instanceKlass org/springframework/boot/autoconfigure/condition/ConditionalOnCloudPlatform
instanceKlass org/springframework/boot/actuate/info/InfoEndpoint
instanceKlass org/springframework/boot/actuate/autoconfigure/info/ConditionalOnEnabledInfoContributor
instanceKlass org/springframework/boot/actuate/health/HealthEndpointSupport
instanceKlass org/springframework/boot/actuate/cache/CachesEndpoint
instanceKlass org/springframework/boot/actuate/beans/BeansEndpoint
instanceKlass org/springframework/boot/actuate/autoconfigure/endpoint/expose/IncludeExcludeEndpointFilter$EndpointPatterns
instanceKlass org/springframework/boot/actuate/endpoint/ExposableEndpoint
instanceKlass org/springframework/boot/actuate/autoconfigure/endpoint/expose/IncludeExcludeEndpointFilter
instanceKlass org/springframework/boot/actuate/endpoint/EndpointFilter
instanceKlass org/springframework/boot/actuate/endpoint/EndpointId
instanceKlass org/springframework/boot/actuate/endpoint/annotation/Endpoint
instanceKlass org/springframework/boot/actuate/audit/AuditEventsEndpoint
instanceKlass org/springframework/boot/actuate/autoconfigure/endpoint/condition/ConditionalOnAvailableEndpoint
instanceKlass org/springframework/web/servlet/function/RouterFunction
instanceKlass org/springframework/boot/autoconfigure/condition/ConditionalOnExpression
instanceKlass org/springframework/boot/web/reactive/context/ConfigurableReactiveWebApplicationContext
instanceKlass org/springframework/boot/web/reactive/context/ReactiveWebApplicationContext
instanceKlass org/springframework/context/support/ApplicationObjectSupport
instanceKlass org/springframework/web/servlet/handler/MatchableHandlerMapping
instanceKlass org/springframework/web/servlet/HandlerMapping
instanceKlass org/springframework/boot/actuate/autoconfigure/endpoint/web/WebEndpointProperties
instanceKlass org/springframework/data/domain/Pageable
instanceKlass org/springframework/boot/autoconfigure/data/web/SpringDataWebProperties
instanceKlass org/springframework/data/domain/Sort
instanceKlass org/springframework/data/util/Streamable
instanceKlass org/springframework/boot/actuate/autoconfigure/web/server/ConditionalOnManagementPort
instanceKlass org/springframework/web/bind/annotation/ResponseStatus
instanceKlass io/swagger/v3/oas/annotations/Hidden
instanceKlass org/redisson/spring/cache/RedissonCache
instanceKlass org/springframework/boot/actuate/metrics/cache/CacheMeterBinderProvider
instanceKlass org/springframework/cache/support/AbstractCacheManager
instanceKlass javax/cache/Caching
instanceKlass org/springframework/cache/Cache
instanceKlass org/springframework/boot/autoconfigure/cache/NoOpCacheConfiguration
instanceKlass org/springframework/boot/autoconfigure/cache/SimpleCacheConfiguration
instanceKlass org/springframework/boot/autoconfigure/cache/Cache2kCacheConfiguration
instanceKlass org/springframework/boot/autoconfigure/cache/CaffeineCacheConfiguration
instanceKlass org/springframework/boot/autoconfigure/cache/RedisCacheConfiguration
instanceKlass org/springframework/boot/autoconfigure/cache/CouchbaseCacheConfiguration
instanceKlass org/springframework/boot/autoconfigure/cache/JCacheCacheConfiguration
instanceKlass org/springframework/boot/autoconfigure/cache/InfinispanCacheConfiguration
instanceKlass org/springframework/boot/autoconfigure/cache/HazelcastCacheConfiguration
instanceKlass org/springframework/boot/autoconfigure/cache/EhCacheCacheConfiguration
instanceKlass org/springframework/boot/autoconfigure/cache/GenericCacheConfiguration
instanceKlass org/springframework/boot/autoconfigure/cache/CacheConfigurations
instanceKlass org/springframework/boot/autoconfigure/cache/CacheAutoConfiguration$CacheConfigurationImportSelector
instanceKlass org/springframework/data/redis/connection/AbstractRedisConnection
instanceKlass org/springframework/data/redis/connection/DefaultedRedisConnection
instanceKlass org/springframework/data/redis/connection/RedisConnection
instanceKlass org/springframework/data/redis/connection/RedisCommands
instanceKlass org/springframework/data/redis/connection/RedisHyperLogLogCommands
instanceKlass org/springframework/data/redis/connection/RedisGeoCommands
instanceKlass org/springframework/data/redis/connection/RedisScriptingCommands
instanceKlass org/springframework/data/redis/connection/RedisStreamCommands
instanceKlass org/springframework/data/redis/connection/RedisServerCommands
instanceKlass org/springframework/data/redis/connection/RedisConnectionCommands
instanceKlass org/springframework/data/redis/connection/RedisPubSubCommands
instanceKlass org/springframework/data/redis/connection/RedisTxCommands
instanceKlass org/springframework/data/redis/connection/RedisHashCommands
instanceKlass org/springframework/data/redis/connection/RedisZSetCommands
instanceKlass org/springframework/data/redis/connection/RedisSetCommands
instanceKlass org/springframework/data/redis/connection/RedisListCommands
instanceKlass org/springframework/data/redis/connection/RedisStringCommands
instanceKlass org/springframework/data/redis/connection/RedisKeyCommands
instanceKlass org/redisson/Redisson
instanceKlass org/redisson/api/RedissonClient
instanceKlass org/springframework/boot/actuate/autoconfigure/metrics/export/ConditionalOnEnabledMetricsExport
instanceKlass com/baomidou/mybatisplus/autoconfigure/MybatisPlusAutoConfiguration$AutoConfiguredMapperScannerRegistrar
instanceKlass org/springframework/boot/jdbc/DataSourceBuilder$MappedDataSourceProperty
instanceKlass org/springframework/boot/jdbc/DataSourceBuilder$Setter
instanceKlass org/springframework/boot/jdbc/DataSourceBuilder$Getter
instanceKlass com/zaxxer/hikari/HikariConfig
instanceKlass com/zaxxer/hikari/HikariConfigMXBean
instanceKlass org/springframework/boot/jdbc/DataSourceBuilder$MappedDataSourceProperties
instanceKlass org/springframework/boot/jdbc/DataSourceBuilder$DataSourceProperties
instanceKlass org/springframework/boot/jdbc/DataSourceBuilder
instanceKlass org/springframework/boot/autoconfigure/condition/AbstractNestedCondition$MemberOutcomes
instanceKlass org/springframework/boot/autoconfigure/condition/AbstractNestedCondition$MemberMatchOutcomes
instanceKlass org/springframework/boot/autoconfigure/condition/AbstractNestedCondition$MemberConditions
instanceKlass org/webjars/WebJarAssetLocator
instanceKlass org/springframework/boot/autoconfigure/web/WebProperties$Resources$Chain
instanceKlass org/springframework/boot/autoconfigure/web/ConditionalOnEnabledResourceChain
instanceKlass org/springframework/boot/autoconfigure/web/servlet/JspTemplateAvailabilityProvider
instanceKlass org/springframework/boot/autoconfigure/thymeleaf/ThymeleafTemplateAvailabilityProvider
instanceKlass org/springframework/boot/autoconfigure/mustache/MustacheTemplateAvailabilityProvider
instanceKlass org/springframework/boot/autoconfigure/template/PathBasedTemplateAvailabilityProvider$TemplateAvailabilityProperties
instanceKlass org/springframework/boot/autoconfigure/template/PathBasedTemplateAvailabilityProvider
instanceKlass org/springframework/boot/autoconfigure/template/TemplateAvailabilityProviders$NoTemplateAvailabilityProvider
instanceKlass org/springframework/boot/autoconfigure/template/TemplateAvailabilityProvider
instanceKlass org/springframework/boot/autoconfigure/template/TemplateAvailabilityProviders
instanceKlass org/springframework/boot/autoconfigure/validation/PrimaryDefaultValidatorPostProcessor
instanceKlass org/springframework/boot/autoconfigure/condition/ConditionalOnResource
instanceKlass com/example/fishing/service/TimeSlotService
instanceKlass com/example/fishing/service/SysUserService
instanceKlass com/example/fishing/service/ShopProductService
instanceKlass com/example/fishing/service/ShopOrderService
instanceKlass com/example/fishing/service/impl/ShareServiceImpl
instanceKlass com/example/fishing/service/ShareService
instanceKlass com/example/fishing/service/impl/RevenueServiceImpl
instanceKlass com/example/fishing/service/RevenueService
instanceKlass com/example/fishing/service/impl/RestaurantOrderServiceImpl
instanceKlass com/example/fishing/service/RestaurantOrderService
instanceKlass com/example/fishing/service/impl/RestaurantMenuServiceImpl
instanceKlass com/example/fishing/service/RestaurantMenuService
instanceKlass com/example/fishing/service/ReservationService
instanceKlass com/example/fishing/service/impl/PondServiceImpl
instanceKlass com/example/fishing/service/PondService
instanceKlass com/example/fishing/service/impl/MerchantStaffServiceImpl
instanceKlass com/example/fishing/service/MerchantStaffService
instanceKlass com/example/fishing/service/FishingSpotService
instanceKlass com/example/fishing/service/DrawResultService
instanceKlass com/example/fishing/service/impl/CheckinServiceImpl
instanceKlass com/example/fishing/service/CheckinService
instanceKlass com/baomidou/mybatisplus/extension/service/impl/ServiceImpl
instanceKlass com/example/fishing/service/CatchRecordService
instanceKlass com/baomidou/mybatisplus/extension/service/IService
instanceKlass com/example/fishing/service/impl/CaptchaServiceImpl
instanceKlass com/example/fishing/service/CaptchaService
instanceKlass com/example/fishing/job/ExpireReservationJob
instanceKlass com/example/fishing/interceptor/LoginInterceptor
instanceKlass org/springframework/web/servlet/HandlerInterceptor
instanceKlass com/example/fishing/controller/merchant/MerchantBaseController
instanceKlass com/example/fishing/controller/admin/UserController
instanceKlass com/example/fishing/controller/admin/AdminTimeSlotController
instanceKlass com/example/fishing/controller/admin/AdminRevenueController
instanceKlass com/example/fishing/controller/admin/AdminReservationController
instanceKlass com/example/fishing/controller/admin/AdminFishingSpotController
instanceKlass com/example/fishing/controller/admin/AdminDrawController
instanceKlass com/example/fishing/controller/TimeSlotController
instanceKlass com/example/fishing/controller/ShopController
instanceKlass com/example/fishing/controller/SharePageController
instanceKlass com/example/fishing/controller/ShareController
instanceKlass com/example/fishing/controller/RestaurantController
instanceKlass com/example/fishing/controller/ReservationController
instanceKlass com/example/fishing/controller/PondPublicController
instanceKlass com/example/fishing/controller/PondController
instanceKlass com/example/fishing/controller/LoginController
instanceKlass com/example/fishing/controller/HealthController
instanceKlass com/example/fishing/controller/FishingSpotController
instanceKlass com/example/fishing/controller/DrawController
instanceKlass com/example/fishing/controller/CustomErrorController
instanceKlass org/springframework/boot/web/servlet/error/ErrorController
instanceKlass com/example/fishing/controller/CheckinController
instanceKlass com/example/fishing/controller/CatchRecordController
instanceKlass com/example/fishing/controller/CaptchaController
instanceKlass com/example/fishing/config/WebMvcConfig
instanceKlass com/example/fishing/config/SpringDocConfig
instanceKlass com/example/fishing/config/SchemaMigrationRunner
instanceKlass org/springframework/boot/ApplicationRunner
instanceKlass org/springframework/boot/Runner
instanceKlass com/example/fishing/config/RedissonConfig
instanceKlass com/example/fishing/config/RedisConfig
instanceKlass com/example/fishing/config/MybatisPlusConfig
instanceKlass com/example/fishing/common/JwtUtil
instanceKlass com/example/fishing/common/GlobalExceptionHandler
instanceKlass org/apache/coyote/UpgradeProtocol
instanceKlass org/springframework/boot/autoconfigure/web/servlet/ServletWebServerFactoryAutoConfiguration$BeanPostProcessorsRegistrar
instanceKlass org/springframework/boot/autoconfigure/condition/OnPropertyCondition$Spec
instanceKlass org/springframework/boot/web/servlet/RegistrationBean
instanceKlass org/springframework/boot/web/servlet/ServletContextInitializer
instanceKlass org/springframework/boot/autoconfigure/web/servlet/ConditionalOnMissingFilterBean
instanceKlass org/apache/tomcat/websocket/server/WsSci
instanceKlass javax/servlet/ServletContainerInitializer
instanceKlass org/apache/catalina/startup/Tomcat
instanceKlass org/springframework/boot/autoconfigure/condition/OnWebApplicationCondition$1
instanceKlass org/springframework/core/annotation/MergedAnnotationCollectors
instanceKlass org/springframework/core/annotation/MergedAnnotationPredicates$UniquePredicate
instanceKlass org/springframework/core/annotation/MergedAnnotationPredicates
instanceKlass org/springframework/context/annotation/DeferredImportSelector$Group$Entry
instanceKlass org/springframework/boot/autoconfigure/AutoConfigureOrder
instanceKlass org/springframework/boot/autoconfigure/BackgroundPreinitializer$CharsetInitializer
instanceKlass org/springframework/boot/autoconfigure/condition/ConditionalOnMissingClass
instanceKlass org/springframework/boot/context/properties/ConfigurationProperties
instanceKlass com/fasterxml/jackson/databind/deser/ValueInstantiators$Base
instanceKlass org/springframework/boot/autoconfigure/condition/ConditionalOnProperty
instanceKlass com/fasterxml/jackson/databind/util/ArrayBuilders
instanceKlass org/springframework/boot/autoconfigure/AutoConfigureAfter
instanceKlass org/springframework/boot/autoconfigure/condition/ConditionalOnMissingBean
instanceKlass org/springframework/boot/context/properties/EnableConfigurationPropertiesRegistrar
instanceKlass com/fasterxml/jackson/databind/ObjectMapper$1
instanceKlass org/springframework/boot/context/properties/EnableConfigurationProperties
instanceKlass org/springframework/boot/autoconfigure/AutoConfigureBefore
instanceKlass com/fasterxml/jackson/datatype/jdk8/PackageVersion
instanceKlass org/springframework/boot/autoconfigure/AutoConfigurationSorter$AutoConfigurationClass
instanceKlass org/springframework/boot/autoconfigure/AutoConfigurationSorter$AutoConfigurationClasses
instanceKlass org/springframework/boot/autoconfigure/AutoConfigurationSorter
instanceKlass com/fasterxml/jackson/databind/module/SimpleKeyDeserializers
instanceKlass java/util/function/ToLongFunction
instanceKlass com/fasterxml/jackson/databind/ser/Serializers$Base
instanceKlass com/fasterxml/jackson/databind/type/ClassKey
instanceKlass com/fasterxml/jackson/databind/deser/Deserializers$Base
instanceKlass org/springframework/boot/autoconfigure/condition/ConditionEvaluationReportAutoConfigurationImportListener
instanceKlass org/springframework/boot/autoconfigure/AutoConfigurationImportListener
instanceKlass org/springframework/boot/actuate/trace/http/HttpTraceRepository
instanceKlass io/micrometer/core/instrument/Clock
instanceKlass org/springframework/boot/actuate/audit/AuditEventRepository
instanceKlass org/springframework/cache/interceptor/AbstractCacheInvoker
instanceKlass org/springframework/boot/autoconfigure/condition/ConditionalOnSingleCandidate
instanceKlass com/fasterxml/jackson/datatype/jsr310/deser/InstantDeserializer$FromDecimalArguments
instanceKlass com/baomidou/mybatisplus/extension/plugins/inner/InnerInterceptor
instanceKlass com/fasterxml/jackson/datatype/jsr310/deser/InstantDeserializer$FromIntegerArguments
instanceKlass org/springframework/boot/autoconfigure/condition/ConditionalOnBean
instanceKlass org/springframework/boot/autoconfigure/condition/ConditionalOnWebApplication
instanceKlass org/springframework/boot/autoconfigure/condition/ConditionEvaluationReport$ConditionAndOutcome
instanceKlass com/fasterxml/jackson/core/Version
instanceKlass org/springframework/boot/autoconfigure/condition/ConditionEvaluationReport$ConditionAndOutcomes
instanceKlass org/springframework/data/redis/connection/RedisConnectionFactory
instanceKlass com/fasterxml/jackson/core/util/VersionUtil
instanceKlass org/apache/catalina/Manager
instanceKlass io/micrometer/core/instrument/binder/tomcat/TomcatMetrics
instanceKlass com/fasterxml/jackson/datatype/jsr310/PackageVersion
instanceKlass io/micrometer/core/instrument/binder/jetty/JettyServerThreadPoolMetrics
instanceKlass io/micrometer/core/instrument/binder/jvm/ExecutorServiceMetrics
instanceKlass io/lettuce/core/AbstractRedisClient
instanceKlass com/fasterxml/jackson/databind/type/TypeModifier
instanceKlass com/fasterxml/jackson/databind/ser/BeanSerializerModifier
instanceKlass com/fasterxml/jackson/databind/ser/Serializers
instanceKlass com/fasterxml/jackson/databind/cfg/SerializerFactoryConfig
instanceKlass io/lettuce/core/metrics/MicrometerCommandLatencyRecorder
instanceKlass io/lettuce/core/metrics/CommandLatencyRecorder
instanceKlass com/fasterxml/jackson/databind/ser/std/StdJdkSerializers
instanceKlass org/springframework/data/repository/Repository
instanceKlass io/micrometer/core/annotation/Timed
instanceKlass io/micrometer/core/instrument/binder/logging/Log4j2Metrics
instanceKlass io/micrometer/core/instrument/binder/kafka/KafkaMetrics
instanceKlass io/netty/buffer/AbstractByteBufAllocator
instanceKlass io/micrometer/core/instrument/binder/MeterBinder
instanceKlass io/netty/buffer/ByteBufAllocator
instanceKlass io/micrometer/core/instrument/MeterRegistry
instanceKlass com/fasterxml/jackson/databind/ser/std/NumberSerializers
instanceKlass io/netty/buffer/ByteBufAllocatorMetricProvider
instanceKlass io/netty/util/NettyRuntime
instanceKlass javax/activation/MimeType
instanceKlass javax/servlet/ServletRegistration
instanceKlass javax/servlet/Registration
instanceKlass org/springframework/mail/javamail/JavaMailSenderImpl
instanceKlass org/springframework/jmx/support/MBeanRegistrationSupport
instanceKlass org/springframework/mail/javamail/JavaMailSender
instanceKlass org/springframework/mail/MailSender
instanceKlass org/springframework/jdbc/datasource/AbstractDataSource
instanceKlass org/springframework/jmx/export/MBeanExportOperations
instanceKlass org/springframework/jdbc/support/JdbcAccessor
instanceKlass org/springframework/jdbc/core/JdbcOperations
instanceKlass org/springframework/http/codec/CodecConfigurer
instanceKlass com/fasterxml/jackson/databind/deser/DeserializerCache
instanceKlass org/springframework/oxm/Unmarshaller
instanceKlass org/springframework/oxm/Marshaller
instanceKlass org/springframework/data/web/PageableHandlerMethodArgumentResolverSupport
instanceKlass javax/websocket/server/ServerContainer
instanceKlass javax/websocket/WebSocketContainer
instanceKlass org/springframework/web/servlet/config/annotation/WebMvcConfigurer
instanceKlass org/springframework/data/web/PageableArgumentResolver
instanceKlass com/fasterxml/jackson/databind/KeyDeserializer
instanceKlass org/springframework/web/multipart/support/StandardServletMultipartResolver
instanceKlass com/fasterxml/jackson/databind/deser/std/StdKeyDeserializers
instanceKlass org/springframework/web/method/support/HandlerMethodArgumentResolver
instanceKlass org/springframework/web/multipart/MultipartResolver
instanceKlass org/springframework/data/redis/repository/configuration/EnableRedisRepositories
instanceKlass javax/servlet/MultipartConfigElement
instanceKlass com/fasterxml/jackson/databind/deser/KeyDeserializers
instanceKlass org/springframework/data/redis/core/ReactiveRedisTemplate
instanceKlass com/fasterxml/jackson/databind/deser/ValueInstantiators
instanceKlass com/fasterxml/jackson/databind/AbstractTypeResolver
instanceKlass com/fasterxml/jackson/databind/deser/BeanDeserializerModifier
instanceKlass org/springframework/web/filter/GenericFilterBean
instanceKlass com/fasterxml/jackson/databind/cfg/DeserializerFactoryConfig
instanceKlass javax/servlet/Filter
instanceKlass com/fasterxml/jackson/databind/PropertyName
instanceKlass javax/servlet/GenericServlet
instanceKlass com/fasterxml/jackson/databind/deser/Deserializers
instanceKlass org/springframework/data/redis/core/ReactiveRedisOperations
instanceKlass javax/servlet/ServletConfig
instanceKlass com/fasterxml/jackson/annotation/ObjectIdGenerator
instanceKlass org/springframework/data/redis/connection/ReactiveRedisConnectionFactory
instanceKlass org/springframework/dao/support/PersistenceExceptionTranslator
instanceKlass reactor/core/publisher/Flux
instanceKlass org/springframework/web/server/session/WebSessionManager
instanceKlass reactor/core/publisher/Mono
instanceKlass com/fasterxml/jackson/databind/deser/ResolvableDeserializer
instanceKlass com/fasterxml/jackson/databind/deser/ValueInstantiator$Gettable
instanceKlass com/fasterxml/jackson/databind/deser/ContextualDeserializer
instanceKlass com/fasterxml/jackson/databind/JsonDeserializer
instanceKlass com/fasterxml/jackson/databind/deser/NullValueProvider
instanceKlass com/fasterxml/jackson/databind/ser/SerializerCache
instanceKlass com/fasterxml/jackson/databind/ser/ResolvableSerializer
instanceKlass com/fasterxml/jackson/databind/ser/ContextualSerializer
instanceKlass reactor/core/CorePublisher
instanceKlass org/reactivestreams/Publisher
instanceKlass org/springframework/http/ReactiveHttpInputMessage
instanceKlass org/springframework/data/redis/core/RedisOperations
instanceKlass org/springframework/http/codec/LoggingCodecSupport
instanceKlass com/fasterxml/jackson/databind/jsonschema/SchemaAware
instanceKlass org/springframework/http/codec/HttpMessageReader
instanceKlass javax/naming/ldap/LdapContext
instanceKlass javax/naming/directory/DirContext
instanceKlass org/springframework/http/server/reactive/HttpHandler
instanceKlass com/fasterxml/jackson/databind/JsonSerializer
instanceKlass org/springframework/http/client/support/HttpAccessor
instanceKlass com/fasterxml/jackson/databind/jsonFormatVisitors/JsonFormatVisitable
instanceKlass org/springframework/aop/framework/ProxyConfig
instanceKlass com/fasterxml/jackson/databind/node/JsonNodeFactory
instanceKlass org/springframework/cache/CacheManager
instanceKlass javax/sql/DataSource
instanceKlass java/sql/Wrapper
instanceKlass javax/sql/CommonDataSource
instanceKlass org/mybatis/spring/SqlSessionFactoryBean
instanceKlass org/springframework/web/client/RestOperations
instanceKlass com/fasterxml/jackson/databind/node/JsonNodeCreator
instanceKlass org/springframework/transaction/PlatformTransactionManager
instanceKlass org/springframework/transaction/TransactionManager
instanceKlass org/springframework/scheduling/TaskScheduler
instanceKlass com/fasterxml/jackson/databind/cfg/ContextAttributes
instanceKlass org/apache/ibatis/session/SqlSessionFactory
instanceKlass org/apache/ibatis/scripting/LanguageDriver
instanceKlass org/springframework/util/CustomizableThreadCreator
instanceKlass com/fasterxml/jackson/core/util/Separators
instanceKlass com/fasterxml/jackson/core/util/DefaultPrettyPrinter$NopIndenter
instanceKlass org/springframework/boot/autoconfigure/condition/ConditionMessage$ItemsBuilder
instanceKlass org/springframework/boot/autoconfigure/condition/ConditionMessage$Builder
instanceKlass com/fasterxml/jackson/databind/cfg/ConfigFeature
instanceKlass org/springframework/boot/autoconfigure/condition/ConditionMessage
instanceKlass org/springframework/scheduling/SchedulingTaskExecutor
instanceKlass org/springframework/core/task/AsyncListenableTaskExecutor
instanceKlass org/springframework/core/task/AsyncTaskExecutor
instanceKlass com/fasterxml/jackson/databind/cfg/ConfigOverride
instanceKlass org/springframework/core/task/TaskExecutor
instanceKlass org/springframework/boot/autoconfigure/condition/ConditionalOnClass
instanceKlass com/fasterxml/jackson/annotation/JsonFormat$Features
instanceKlass com/fasterxml/jackson/annotation/JsonFormat$Value
instanceKlass org/springframework/boot/autoconfigure/condition/ConditionOutcome
instanceKlass org/springframework/boot/autoconfigure/condition/OnClassCondition$ThreadedOutcomesResolver
instanceKlass com/fasterxml/jackson/databind/cfg/CoercionConfig
instanceKlass org/springframework/boot/autoconfigure/condition/OnClassCondition$StandardOutcomesResolver
instanceKlass org/springframework/boot/autoconfigure/AutoConfigurationMetadataLoader$PropertiesAutoConfigurationMetadata
instanceKlass com/fasterxml/jackson/databind/cfg/CoercionConfigs
instanceKlass com/fasterxml/jackson/databind/introspect/VisibilityChecker$Std
instanceKlass com/fasterxml/jackson/annotation/JsonSetter$Value
instanceKlass org/springframework/boot/autoconfigure/AutoConfigurationMetadata
instanceKlass org/springframework/boot/autoconfigure/AutoConfigurationMetadataLoader
instanceKlass org/springframework/boot/autoconfigure/AutoConfigurationImportSelector$ConfigurationClassFilter
instanceKlass com/fasterxml/jackson/annotation/JsonInclude$Value
instanceKlass com/fasterxml/jackson/annotation/JacksonAnnotationValue
instanceKlass org/springframework/boot/autoconfigure/condition/OnClassCondition$OutcomesResolver
instanceKlass com/fasterxml/jackson/databind/cfg/ConfigOverrides
instanceKlass org/springframework/boot/autoconfigure/condition/OnBeanCondition$Spec
instanceKlass org/springframework/boot/autoconfigure/condition/SpringBootCondition
instanceKlass com/fasterxml/jackson/databind/introspect/AnnotatedClass$Creators
instanceKlass com/fasterxml/jackson/databind/introspect/AnnotationCollector$NoAnnotations
instanceKlass com/fasterxml/jackson/databind/util/Annotations
instanceKlass com/fasterxml/jackson/databind/introspect/AnnotationCollector
instanceKlass org/springframework/context/annotation/ConfigurationCondition
instanceKlass com/fasterxml/jackson/databind/introspect/AnnotatedClassResolver
instanceKlass org/springframework/boot/autoconfigure/AutoConfigurationImportFilter
instanceKlass com/fasterxml/jackson/databind/BeanDescription
instanceKlass org/springframework/context/annotation/ConfigurationClassParser$DeferredImportSelectorGrouping
instanceKlass com/fasterxml/jackson/databind/cfg/MapperConfig
instanceKlass org/springframework/boot/autoconfigure/AutoConfigurationImportSelector$AutoConfigurationGroup
instanceKlass com/fasterxml/jackson/databind/introspect/SimpleMixInResolver
instanceKlass org/springframework/context/annotation/DeferredImportSelector$Group
instanceKlass com/fasterxml/jackson/databind/introspect/ClassIntrospector$MixInResolver
instanceKlass com/fasterxml/jackson/databind/util/RootNameLookup
instanceKlass org/springframework/context/annotation/ConfigurationClassParser$DeferredImportSelectorGroupingHandler
instanceKlass com/fasterxml/jackson/core/sym/ByteQuadsCanonicalizer$TableInfo
instanceKlass com/fasterxml/jackson/core/sym/ByteQuadsCanonicalizer
instanceKlass org/springframework/boot/autoconfigure/AutoConfigurationImportSelector$AutoConfigurationEntry
instanceKlass org/springframework/core/type/StandardMethodMetadata
instanceKlass com/fasterxml/jackson/core/sym/CharsToNameCanonicalizer$Bucket
instanceKlass org/springframework/core/annotation/AnnotatedElementUtils
instanceKlass com/fasterxml/jackson/core/sym/CharsToNameCanonicalizer$TableInfo
instanceKlass java/util/concurrent/atomic/AtomicReference
instanceKlass com/fasterxml/jackson/core/sym/CharsToNameCanonicalizer
instanceKlass com/fasterxml/jackson/core/io/CharTypes
instanceKlass org/springframework/scheduling/annotation/ScheduledAnnotationBeanPostProcessor
instanceKlass com/fasterxml/jackson/core/io/JsonStringEncoder
instanceKlass org/springframework/scheduling/config/ScheduledTaskHolder
instanceKlass com/fasterxml/jackson/core/io/SerializedString
instanceKlass com/fasterxml/jackson/core/util/DefaultPrettyPrinter
instanceKlass com/fasterxml/jackson/core/util/Instantiatable
instanceKlass com/fasterxml/jackson/core/util/JacksonFeature
instanceKlass com/fasterxml/jackson/core/async/ByteArrayFeeder
instanceKlass com/fasterxml/jackson/core/async/NonBlockingInputFeeder
instanceKlass com/fasterxml/jackson/core/TSFBuilder
instanceKlass com/fasterxml/jackson/core/SerializableString
instanceKlass com/fasterxml/jackson/databind/introspect/AccessorNamingStrategy
instanceKlass com/fasterxml/jackson/core/Base64Variant
instanceKlass com/fasterxml/jackson/core/Base64Variants
instanceKlass org/springframework/context/annotation/ConfigurationMethod
instanceKlass com/fasterxml/jackson/databind/type/TypeBindings
instanceKlass com/fasterxml/jackson/databind/type/TypeParser
instanceKlass org/springframework/beans/factory/annotation/Autowired
instanceKlass com/fasterxml/jackson/databind/type/TypeFactory
instanceKlass org/springframework/transaction/annotation/AbstractTransactionManagementConfiguration
instanceKlass org/springframework/context/annotation/ImportAware
instanceKlass org/springframework/context/annotation/AutoProxyRegistrar
instanceKlass org/springframework/transaction/annotation/TransactionManagementConfigurationSelector$1
instanceKlass com/fasterxml/jackson/databind/cfg/BaseSettings
instanceKlass com/fasterxml/jackson/databind/util/LRUMap
instanceKlass com/fasterxml/jackson/databind/util/LookupCache
instanceKlass java/beans/ConstructorProperties
instanceKlass com/fasterxml/jackson/databind/util/ClassUtil$Ctor
instanceKlass com/fasterxml/jackson/databind/util/ClassUtil
instanceKlass com/fasterxml/jackson/databind/ext/Java7Support
instanceKlass com/fasterxml/jackson/annotation/JsonMerge
instanceKlass com/fasterxml/jackson/databind/annotation/JsonDeserialize
instanceKlass com/fasterxml/jackson/annotation/JsonManagedReference
instanceKlass com/fasterxml/jackson/annotation/JsonBackReference
instanceKlass com/fasterxml/jackson/annotation/JsonUnwrapped
instanceKlass com/fasterxml/jackson/annotation/JsonRawValue
instanceKlass com/fasterxml/jackson/annotation/JsonTypeInfo
instanceKlass com/fasterxml/jackson/annotation/JsonView
instanceKlass com/fasterxml/jackson/databind/annotation/JsonSerialize
instanceKlass org/springframework/core/annotation/MergedAnnotationsCollection$AnnotationsSpliterator
instanceKlass com/fasterxml/jackson/databind/introspect/ConcreteBeanPropertyBase
instanceKlass com/fasterxml/jackson/databind/BeanProperty
instanceKlass com/fasterxml/jackson/databind/introspect/BeanPropertyDefinition
instanceKlass com/fasterxml/jackson/databind/util/Named
instanceKlass com/fasterxml/jackson/databind/introspect/Annotated
instanceKlass com/fasterxml/jackson/databind/introspect/TypeResolutionContext
instanceKlass com/fasterxml/jackson/core/type/ResolvedType
instanceKlass com/fasterxml/jackson/core/JsonParser
instanceKlass org/springframework/transaction/annotation/Transactional
instanceKlass org/springframework/stereotype/Service
instanceKlass com/fasterxml/jackson/databind/JsonSerializable$Base
instanceKlass com/fasterxml/jackson/databind/JsonSerializable
instanceKlass com/fasterxml/jackson/core/TreeNode
instanceKlass com/fasterxml/jackson/databind/Module$SetupContext
instanceKlass com/fasterxml/jackson/databind/jsontype/TypeResolverBuilder
instanceKlass com/fasterxml/jackson/databind/introspect/VisibilityChecker
instanceKlass org/apache/ibatis/annotations/Select$List
instanceKlass com/fasterxml/jackson/databind/introspect/ClassIntrospector
instanceKlass org/apache/ibatis/annotations/Select
instanceKlass org/apache/ibatis/annotations/Mapper
instanceKlass com/fasterxml/jackson/databind/jsontype/PolymorphicTypeValidator
instanceKlass org/springframework/scheduling/annotation/Schedules
instanceKlass com/fasterxml/jackson/databind/introspect/AccessorNamingStrategy$Provider
instanceKlass org/springframework/scheduling/annotation/Scheduled
instanceKlass com/fasterxml/jackson/databind/AnnotationIntrospector
instanceKlass com/baomidou/mybatisplus/annotation/TableName
instanceKlass com/fasterxml/jackson/databind/ser/SerializerFactory
instanceKlass com/fasterxml/jackson/annotation/JacksonAnnotation
instanceKlass com/fasterxml/jackson/databind/deser/DeserializerFactory
instanceKlass com/fasterxml/jackson/annotation/JsonFormat
instanceKlass com/fasterxml/jackson/databind/DatabindContext
instanceKlass com/fasterxml/jackson/databind/jsontype/SubtypeResolver
instanceKlass com/fasterxml/jackson/core/TokenStreamFactory
instanceKlass com/fasterxml/jackson/databind/cfg/HandlerInstantiator
instanceKlass com/fasterxml/jackson/databind/Module
instanceKlass org/springframework/http/converter/json/Jackson2ObjectMapperBuilder
instanceKlass org/springframework/web/bind/annotation/DeleteMapping
instanceKlass com/fasterxml/jackson/core/PrettyPrinter
instanceKlass com/fasterxml/jackson/core/util/DefaultPrettyPrinter$Indenter
instanceKlass org/springframework/http/converter/GenericHttpMessageConverter
instanceKlass org/springframework/web/bind/annotation/PutMapping
instanceKlass org/springframework/web/bind/annotation/PostMapping
instanceKlass io/swagger/v3/oas/annotations/security/SecurityRequirements
instanceKlass io/swagger/v3/oas/annotations/responses/ApiResponses
instanceKlass io/swagger/v3/oas/annotations/servers/Servers
instanceKlass io/swagger/v3/oas/annotations/servers/ServerVariable
instanceKlass io/swagger/v3/oas/annotations/links/LinkParameter
instanceKlass io/swagger/v3/oas/annotations/links/Link
instanceKlass io/swagger/v3/oas/annotations/Parameters
instanceKlass io/swagger/v3/oas/annotations/media/SchemaProperties
instanceKlass io/swagger/v3/oas/annotations/headers/Header
instanceKlass jdk/xml/internal/JdkProperty
instanceKlass io/swagger/v3/oas/annotations/media/DependentSchemas
instanceKlass jdk/xml/internal/XMLSecurityManager
instanceKlass com/sun/org/apache/xalan/internal/utils/FeaturePropertyBase
instanceKlass jdk/xml/internal/JdkXmlFeatures
instanceKlass io/swagger/v3/oas/annotations/media/DependentSchema
instanceKlass io/swagger/v3/oas/annotations/media/SchemaProperty
instanceKlass jdk/xml/internal/JdkConstants
instanceKlass io/swagger/v3/oas/annotations/media/Encoding
instanceKlass javax/xml/catalog/CatalogFeatures$Builder
instanceKlass javax/xml/catalog/CatalogFeatures
instanceKlass jdk/xml/internal/TransformErrorListener
instanceKlass javax/xml/transform/ErrorListener
instanceKlass com/sun/org/apache/xalan/internal/xsltc/compiler/SourceLoader
instanceKlass javax/xml/transform/FactoryFinder$1
instanceKlass io/swagger/v3/oas/annotations/media/ExampleObject
instanceKlass io/swagger/v3/oas/annotations/media/Content
instanceKlass io/swagger/v3/oas/annotations/media/ArraySchema
instanceKlass io/swagger/v3/oas/annotations/servers/Server
instanceKlass io/swagger/v3/oas/annotations/responses/ApiResponse
instanceKlass io/swagger/v3/oas/annotations/parameters/RequestBody
instanceKlass io/swagger/v3/oas/annotations/Parameter
instanceKlass io/swagger/v3/oas/annotations/security/SecurityRequirement
instanceKlass io/swagger/v3/oas/annotations/Operation
instanceKlass jdk/xml/internal/SecuritySupport
instanceKlass javax/xml/transform/FactoryFinder
instanceKlass javax/xml/transform/TransformerFactory
instanceKlass javax/xml/transform/stream/StreamSource
instanceKlass javax/xml/transform/stax/StAXSource
instanceKlass javax/xml/transform/sax/SAXSource
instanceKlass javax/xml/transform/dom/DOMSource
instanceKlass javax/xml/stream/XMLResolver
instanceKlass sun/invoke/util/VerifyAccess$1
instanceKlass org/w3c/dom/Node
instanceKlass org/springframework/web/bind/annotation/GetMapping
instanceKlass javax/xml/transform/Result
instanceKlass org/springframework/web/bind/annotation/Mapping
instanceKlass org/springframework/web/bind/annotation/RequestMapping
instanceKlass org/apache/commons/logging/impl/NoOpLog
instanceKlass org/springframework/stereotype/Controller
instanceKlass org/springframework/core/log/CompositeLog
instanceKlass org/springframework/web/bind/annotation/RestController
instanceKlass io/swagger/v3/oas/annotations/tags/Tags
instanceKlass org/springframework/core/log/LogDelegateFactory
instanceKlass io/swagger/v3/oas/annotations/tags/Tag
instanceKlass org/springframework/http/HttpLogging
instanceKlass org/springframework/http/converter/AbstractHttpMessageConverter
instanceKlass com/fasterxml/jackson/core/JsonGenerator
instanceKlass com/fasterxml/jackson/core/TreeCodec
instanceKlass org/springframework/boot/context/annotation/ImportCandidates
instanceKlass org/springframework/boot/autoconfigure/AutoConfiguration
instanceKlass com/fasterxml/jackson/core/Versioned
instanceKlass org/springframework/context/annotation/Bean
instanceKlass org/springframework/context/annotation/AdviceModeImportSelector
instanceKlass javax/xml/bind/Binder
instanceKlass org/springframework/util/MimeType$SpecificityComparator
instanceKlass org/springframework/transaction/annotation/EnableTransactionManagement
instanceKlass io/swagger/v3/oas/annotations/extensions/Extensions
instanceKlass io/swagger/v3/oas/annotations/extensions/ExtensionProperty
instanceKlass io/swagger/v3/oas/annotations/media/DependentRequiredMap
instanceKlass org/springframework/util/LinkedCaseInsensitiveMap
instanceKlass io/swagger/v3/oas/annotations/OpenAPI31
instanceKlass io/swagger/v3/oas/annotations/ExternalDocumentation
instanceKlass io/swagger/v3/oas/annotations/media/DiscriminatorMapping
instanceKlass io/swagger/v3/oas/annotations/media/DependentRequired
instanceKlass org/springframework/util/MimeType
instanceKlass io/swagger/v3/oas/annotations/extensions/Extension
instanceKlass io/swagger/v3/oas/annotations/StringToClassMapItem
instanceKlass io/swagger/v3/oas/annotations/media/Schema
instanceKlass javax/annotation/PostConstruct
instanceKlass org/springframework/web/bind/annotation/ExceptionHandler
instanceKlass org/springframework/core/type/classreading/SimpleMethodMetadataReadingVisitor$Source
instanceKlass org/springframework/http/HttpOutputMessage
instanceKlass org/springframework/http/HttpMessage
instanceKlass org/springframework/http/converter/FormHttpMessageConverter
instanceKlass org/springframework/web/bind/annotation/ResponseBody
instanceKlass org/springframework/http/converter/HttpMessageConverter
instanceKlass org/springframework/boot/autoconfigure/BackgroundPreinitializer$MessageConverterInitializer
instanceKlass org/springframework/web/bind/annotation/ControllerAdvice
instanceKlass org/hibernate/validator/internal/engine/validationcontext/ValidatorScopedContext
instanceKlass org/springframework/web/bind/annotation/RestControllerAdvice
instanceKlass javax/validation/groups/Default
instanceKlass javax/validation/valueextraction/ValueExtractor$ValueReceiver
instanceKlass org/hibernate/validator/internal/engine/validationcontext/BaseBeanValidationContext
instanceKlass org/hibernate/validator/internal/engine/validationcontext/ValidationContext
instanceKlass java/lang/StrictMath
instanceKlass org/hibernate/validator/internal/engine/valuecontext/ValueContext
instanceKlass javax/validation/Path$Node
instanceKlass javax/validation/Path
instanceKlass org/springframework/core/type/classreading/SimpleAnnotationMetadata
instanceKlass org/hibernate/validator/internal/engine/ValidatorImpl
instanceKlass org/springframework/core/annotation/MergedAnnotationsCollection
instanceKlass javax/validation/executable/ExecutableValidator
instanceKlass org/hibernate/validator/group/GroupSequenceProvider
instanceKlass javax/validation/GroupSequence
instanceKlass org/hibernate/validator/internal/metadata/raw/BeanConfiguration
instanceKlass org/hibernate/validator/internal/util/privilegedactions/GetDeclaredConstructors
instanceKlass java/lang/reflect/AnnotatedWildcardType
instanceKlass org/springframework/core/type/classreading/SimpleMethodMetadata
instanceKlass org/hibernate/validator/internal/properties/javabean/JavaBeanHelper$JavaBeanPropertyImpl
instanceKlass org/springframework/core/type/MethodMetadata
instanceKlass org/hibernate/validator/spi/nodenameprovider/JavaBeanProperty
instanceKlass org/hibernate/validator/internal/properties/PropertyAccessor
instanceKlass org/springframework/asm/Type
instanceKlass org/hibernate/validator/internal/metadata/provider/AnnotationMetaDataProvider$TypeArgumentExecutableParameterLocation
instanceKlass org/hibernate/validator/internal/metadata/core/AnnotationProcessingOptionsImpl$ExecutableParameterKey
instanceKlass org/hibernate/validator/internal/properties/javabean/JavaBeanParameter
instanceKlass org/springframework/asm/AnnotationVisitor
instanceKlass org/hibernate/validator/internal/metadata/raw/AbstractConstrainedElement
instanceKlass org/hibernate/validator/internal/metadata/raw/ConstrainedElement
instanceKlass org/springframework/core/type/classreading/SimpleAnnotationMetadataReadingVisitor$Source
instanceKlass org/springframework/asm/Context
instanceKlass org/springframework/asm/Attribute
instanceKlass org/hibernate/validator/internal/util/TypeVariables
instanceKlass org/hibernate/validator/internal/metadata/aggregated/CascadingMetaData
instanceKlass org/springframework/asm/ClassReader
instanceKlass org/hibernate/validator/internal/metadata/aggregated/CascadingMetaDataBuilder
instanceKlass javax/validation/groups/ConvertGroup$List
instanceKlass javax/validation/groups/ConvertGroup
instanceKlass javax/validation/Valid
instanceKlass java/lang/reflect/AnnotatedArrayType
instanceKlass java/lang/reflect/AnnotatedParameterizedType
instanceKlass sun/reflect/annotation/AnnotatedTypeFactory$AnnotatedTypeBaseImpl
instanceKlass sun/reflect/annotation/AnnotatedTypeFactory
instanceKlass org/springframework/asm/MethodVisitor
instanceKlass sun/reflect/annotation/TypeAnnotation$LocationInfo$Location
instanceKlass sun/reflect/annotation/TypeAnnotation$LocationInfo
instanceKlass sun/reflect/annotation/TypeAnnotation
instanceKlass sun/reflect/annotation/TypeAnnotationParser
instanceKlass org/springframework/core/type/classreading/SimpleMetadataReader
instanceKlass org/hibernate/validator/internal/metadata/provider/AnnotationMetaDataProvider$TypeArgumentReturnValueLocation
instanceKlass org/hibernate/validator/internal/metadata/descriptor/ConstraintDescriptorImpl
instanceKlass jdk/internal/loader/BootLoader$PackageHelper
instanceKlass org/hibernate/validator/internal/metadata/location/ConstraintLocation$1
instanceKlass org/hibernate/validator/internal/properties/javabean/JavaBeanHelper$JavaBeanConstrainableExecutable
instanceKlass org/hibernate/validator/internal/util/privilegedactions/GetDeclaredMethods
instanceKlass org/hibernate/validator/internal/util/privilegedactions/GetDeclaredFields
instanceKlass org/springframework/util/AntPathMatcher$AntPathStringMatcher
instanceKlass org/hibernate/validator/internal/properties/Field
instanceKlass org/hibernate/validator/internal/metadata/provider/AnnotationMetaDataProvider$TypeArgumentLocation
instanceKlass org/hibernate/validator/internal/metadata/provider/AnnotationMetaDataProvider
instanceKlass org/hibernate/validator/internal/metadata/provider/ProgrammaticMetaDataProvider
instanceKlass org/hibernate/validator/internal/metadata/provider/MetaDataProvider
instanceKlass org/hibernate/validator/internal/metadata/aggregated/BeanMetaData
instanceKlass org/hibernate/validator/internal/metadata/facets/Validatable
instanceKlass org/hibernate/validator/internal/metadata/BeanMetaDataManagerImpl
instanceKlass org/springframework/context/annotation/ParserStrategyUtils
instanceKlass org/springframework/context/annotation/TypeFilterUtils$1
instanceKlass org/springframework/context/annotation/TypeFilterUtils
instanceKlass org/hibernate/validator/internal/engine/ValidatorFactoryImpl$BeanMetaDataManagerKey
instanceKlass org/hibernate/validator/internal/util/StringHelper
instanceKlass org/springframework/context/annotation/PropertySource
instanceKlass org/springframework/context/annotation/PropertySources
instanceKlass org/hibernate/validator/internal/metadata/core/AnnotationProcessingOptionsImpl
instanceKlass org/hibernate/validator/internal/metadata/core/AnnotationProcessingOptions
instanceKlass org/hibernate/validator/cfg/context/ConstraintDefinitionContext
instanceKlass org/springframework/context/annotation/ConfigurationClass
instanceKlass org/hibernate/validator/cfg/context/TypeConstraintMappingContext
instanceKlass org/hibernate/validator/cfg/context/AnnotationIgnoreOptions
instanceKlass org/hibernate/validator/cfg/context/AnnotationProcessingOptions
instanceKlass org/springframework/context/annotation/ComponentScanAnnotationParser
instanceKlass org/hibernate/validator/cfg/context/ConstructorTarget
instanceKlass org/hibernate/validator/cfg/context/MethodTarget
instanceKlass org/hibernate/validator/cfg/context/PropertyTarget
instanceKlass org/springframework/context/annotation/ConfigurationClassParser$SourceClass
instanceKlass org/hibernate/validator/cfg/context/ConstraintMappingTarget
instanceKlass org/hibernate/validator/cfg/context/ConstraintDefinitionTarget
instanceKlass org/hibernate/validator/cfg/context/TypeTarget
instanceKlass org/springframework/context/annotation/ConfigurationClassParser$DeferredImportSelectorHandler
instanceKlass org/hibernate/validator/cfg/context/Constrainable
instanceKlass org/hibernate/validator/internal/cfg/context/DefaultConstraintMapping
instanceKlass org/springframework/context/annotation/ConfigurationClassParser$DeferredImportSelectorHolder
instanceKlass org/hibernate/validator/internal/engine/ValidatorFactoryConfigurationHelper$DefaultConstraintMappingBuilder
instanceKlass org/hibernate/validator/internal/engine/ServiceLoaderBasedConstraintMappingContributor
instanceKlass org/springframework/core/io/support/DefaultPropertySourceFactory
instanceKlass org/hibernate/validator/internal/metadata/DefaultBeanMetaDataClassNormalizer
instanceKlass org/springframework/beans/factory/parsing/Problem
instanceKlass org/hibernate/validator/internal/util/logging/formatter/ClassObjectFormatter
instanceKlass org/springframework/context/annotation/ImportRegistry
instanceKlass org/hibernate/validator/internal/properties/DefaultGetterPropertySelectionStrategy
instanceKlass org/springframework/core/io/support/PropertySourceFactory
instanceKlass org/springframework/context/annotation/ConfigurationClassParser
instanceKlass org/hibernate/validator/internal/properties/Getter
instanceKlass org/hibernate/validator/internal/properties/Property
instanceKlass org/hibernate/validator/spi/nodenameprovider/Property
instanceKlass org/hibernate/validator/spi/properties/ConstrainableExecutable
instanceKlass org/hibernate/validator/internal/properties/javabean/JavaBeanExecutable
instanceKlass org/hibernate/validator/internal/properties/javabean/JavaBeanAnnotatedConstrainable
instanceKlass org/hibernate/validator/internal/properties/javabean/JavaBeanAnnotatedElement
instanceKlass org/springframework/beans/BeanMetadataAttribute
instanceKlass org/hibernate/validator/internal/properties/Callable
instanceKlass org/hibernate/validator/internal/properties/Constrainable
instanceKlass org/springframework/aop/framework/AopInfrastructureBean
instanceKlass org/springframework/context/annotation/ImportResource
instanceKlass org/hibernate/validator/internal/properties/javabean/JavaBeanHelper
instanceKlass org/springframework/core/Conventions
instanceKlass org/springframework/context/annotation/ConfigurationClassUtils
instanceKlass com/fasterxml/classmate/Filter
instanceKlass org/hibernate/validator/internal/util/ExecutableHelper
instanceKlass org/hibernate/validator/internal/engine/ConstraintCreationContext
instanceKlass org/springframework/beans/AbstractNestablePropertyAccessor$PropertyTokenHolder
instanceKlass org/springframework/beans/factory/config/TypedStringValue
instanceKlass com/fasterxml/classmate/util/ResolvedTypeCache
instanceKlass com/fasterxml/classmate/util/ClassKey
instanceKlass org/springframework/context/annotation/ConfigurationClassBeanDefinitionReader
instanceKlass com/fasterxml/classmate/TypeBindings
instanceKlass com/fasterxml/classmate/members/RawMember
instanceKlass org/springframework/core/convert/Property
instanceKlass com/fasterxml/classmate/ResolvedType
instanceKlass com/fasterxml/classmate/TypeResolver
instanceKlass org/hibernate/validator/internal/util/TypeResolutionHelper
instanceKlass org/hibernate/validator/internal/constraintvalidators/hv/URLValidator
instanceKlass org/hibernate/validator/constraints/URL
instanceKlass org/hibernate/validator/internal/constraintvalidators/hv/UniqueElementsValidator
instanceKlass org/hibernate/validator/constraints/UniqueElements
instanceKlass org/hibernate/validator/constraints/br/TituloEleitoral
instanceKlass org/hibernate/validator/constraints/ScriptAssert
instanceKlass org/springframework/core/BridgeMethodResolver
instanceKlass org/hibernate/validator/internal/constraintvalidators/hv/ru/INNValidator
instanceKlass org/hibernate/validator/constraints/ru/INN
instanceKlass java/beans/WeakIdentityMap
instanceKlass org/hibernate/validator/constraints/pl/REGON
instanceKlass java/beans/ThreadGroupContext
instanceKlass org/hibernate/validator/constraints/Range
instanceKlass org/hibernate/validator/constraints/pl/PESEL
instanceKlass java/beans/SimpleBeanInfo
instanceKlass java/beans/Transient
instanceKlass org/hibernate/validator/internal/constraintvalidators/hv/AbstractScriptAssertValidator
instanceKlass org/hibernate/validator/constraints/ParameterScriptAssert
instanceKlass jdk/internal/vm/annotation/IntrinsicCandidate
instanceKlass java/beans/BeanProperty
instanceKlass org/hibernate/validator/constraints/NotEmpty
instanceKlass com/sun/beans/WildcardTypeImpl
instanceKlass org/hibernate/validator/internal/constraintvalidators/hv/NotBlankValidator
instanceKlass org/hibernate/validator/constraints/NotBlank
instanceKlass com/sun/beans/introspect/PropertyInfo
instanceKlass com/sun/beans/introspect/EventSetInfo
instanceKlass org/hibernate/validator/constraints/pl/NIP
instanceKlass org/hibernate/validator/internal/constraintvalidators/hv/NormalizedValidator
instanceKlass org/hibernate/validator/constraints/Normalized
instanceKlass com/sun/beans/WeakCache
instanceKlass com/sun/beans/TypeResolver
instanceKlass java/beans/MethodRef
instanceKlass com/sun/beans/introspect/MethodInfo$MethodOrder
instanceKlass org/hibernate/validator/constraints/Mod11Check
instanceKlass com/sun/beans/introspect/MethodInfo
instanceKlass com/sun/beans/util/Cache$Ref
instanceKlass com/sun/beans/util/Cache$CacheEntry
instanceKlass org/hibernate/validator/constraints/Mod10Check
instanceKlass com/sun/beans/util/Cache
instanceKlass com/sun/beans/introspect/ClassInfo
instanceKlass javax/swing/SwingContainer
instanceKlass java/beans/JavaBean
instanceKlass com/sun/beans/finder/ClassFinder
instanceKlass org/hibernate/validator/constraints/ModCheck
instanceKlass org/hibernate/validator/internal/constraintvalidators/hv/ModCheckBase
instanceKlass org/springframework/beans/ExtendedBeanInfo
instanceKlass org/hibernate/validator/constraints/LuhnCheck
instanceKlass org/hibernate/validator/internal/constraintvalidators/hv/CodePointLengthValidator
instanceKlass org/hibernate/validator/constraints/CodePointLength
instanceKlass java/beans/BeanInfo
instanceKlass org/hibernate/validator/internal/constraintvalidators/hv/LengthValidator
instanceKlass org/springframework/beans/ExtendedBeanInfoFactory
instanceKlass org/hibernate/validator/constraints/Length
instanceKlass org/springframework/beans/BeanInfoFactory
instanceKlass org/hibernate/validator/internal/constraintvalidators/hv/ISBNValidator
instanceKlass org/hibernate/validator/constraints/ISBN
instanceKlass org/springframework/beans/CachedIntrospectionResults
instanceKlass org/hibernate/validator/constraints/Email
instanceKlass org/hibernate/validator/internal/constraintvalidators/hv/EANValidator
instanceKlass org/hibernate/validator/constraints/EAN
instanceKlass org/springframework/beans/PropertyAccessorUtils
instanceKlass org/hibernate/validator/internal/constraintvalidators/hv/time/DurationMinValidator
instanceKlass org/hibernate/validator/constraints/time/DurationMin
instanceKlass org/hibernate/validator/internal/constraintvalidators/hv/time/DurationMaxValidator
instanceKlass org/hibernate/validator/constraints/time/DurationMax
instanceKlass org/hibernate/validator/constraints/CreditCardNumber
instanceKlass org/springframework/beans/factory/support/DisposableBeanAdapter
instanceKlass org/hibernate/validator/internal/constraintvalidators/hv/br/CPFValidator
instanceKlass org/hibernate/validator/constraints/br/CPF
instanceKlass org/hibernate/validator/internal/constraintvalidators/hv/br/CNPJValidator
instanceKlass org/hibernate/validator/constraints/br/CNPJ
instanceKlass javax/validation/constraints/Size
instanceKlass org/springframework/expression/spel/support/StandardTypeConverter
instanceKlass org/springframework/expression/spel/support/StandardTypeLocator
instanceKlass org/springframework/context/expression/BeanFactoryResolver
instanceKlass org/springframework/context/expression/EnvironmentAccessor
instanceKlass org/springframework/context/expression/MapAccessor
instanceKlass org/springframework/expression/spel/CompilablePropertyAccessor
instanceKlass org/springframework/asm/Opcodes
instanceKlass org/hibernate/validator/internal/constraintvalidators/bv/size/SizeValidatorForArraysOfPrimitives
instanceKlass org/springframework/context/expression/BeanFactoryAccessor
instanceKlass org/hibernate/validator/internal/constraintvalidators/bv/size/SizeValidatorForMap
instanceKlass org/hibernate/validator/internal/constraintvalidators/bv/size/SizeValidatorForArray
instanceKlass org/springframework/expression/spel/support/ReflectivePropertyAccessor
instanceKlass org/hibernate/validator/internal/constraintvalidators/bv/size/SizeValidatorForCollection
instanceKlass org/hibernate/validator/internal/constraintvalidators/bv/size/SizeValidatorForCharSequence
instanceKlass javax/validation/constraints/PositiveOrZero
instanceKlass org/springframework/context/expression/BeanExpressionContextAccessor
instanceKlass org/hibernate/validator/internal/constraintvalidators/bv/number/sign/PositiveOrZeroValidatorForCharSequence
instanceKlass org/springframework/expression/TypedValue
instanceKlass org/hibernate/validator/internal/constraintvalidators/bv/number/sign/PositiveOrZeroValidatorForNumber
instanceKlass org/hibernate/validator/internal/constraintvalidators/bv/number/sign/PositiveOrZeroValidatorForByte
instanceKlass org/springframework/expression/spel/support/StandardOperatorOverloader
instanceKlass org/hibernate/validator/internal/constraintvalidators/bv/number/sign/PositiveOrZeroValidatorForShort
instanceKlass org/hibernate/validator/internal/constraintvalidators/bv/number/sign/PositiveOrZeroValidatorForInteger
instanceKlass org/springframework/expression/spel/support/StandardTypeComparator
instanceKlass org/hibernate/validator/internal/constraintvalidators/bv/number/sign/PositiveOrZeroValidatorForLong
instanceKlass org/springframework/expression/OperatorOverloader
instanceKlass org/hibernate/validator/internal/constraintvalidators/bv/number/sign/PositiveOrZeroValidatorForFloat
instanceKlass org/springframework/expression/TypeComparator
instanceKlass org/hibernate/validator/internal/constraintvalidators/bv/number/sign/PositiveOrZeroValidatorForDouble
instanceKlass org/hibernate/validator/internal/constraintvalidators/bv/number/sign/PositiveOrZeroValidatorForBigInteger
instanceKlass org/springframework/expression/spel/support/StandardEvaluationContext
instanceKlass org/hibernate/validator/internal/constraintvalidators/bv/number/sign/PositiveOrZeroValidatorForBigDecimal
instanceKlass javax/validation/constraints/Positive
instanceKlass org/hibernate/validator/internal/constraintvalidators/bv/number/sign/PositiveValidatorForCharSequence
instanceKlass org/hibernate/validator/internal/constraintvalidators/bv/number/sign/PositiveValidatorForNumber
instanceKlass org/springframework/expression/common/LiteralExpression
instanceKlass org/hibernate/validator/internal/constraintvalidators/bv/number/sign/PositiveValidatorForByte
instanceKlass org/hibernate/validator/internal/constraintvalidators/bv/number/sign/PositiveValidatorForShort
instanceKlass org/hibernate/validator/internal/constraintvalidators/bv/number/sign/PositiveValidatorForInteger
instanceKlass org/hibernate/validator/internal/constraintvalidators/bv/number/sign/PositiveValidatorForLong
instanceKlass org/springframework/beans/factory/config/AutowiredPropertyMarker
instanceKlass org/hibernate/validator/internal/constraintvalidators/bv/number/sign/PositiveValidatorForFloat
instanceKlass org/hibernate/validator/internal/constraintvalidators/bv/number/sign/PositiveValidatorForDouble
instanceKlass org/springframework/beans/factory/support/BeanDefinitionValueResolver
instanceKlass org/hibernate/validator/internal/constraintvalidators/bv/number/sign/PositiveValidatorForBigInteger
instanceKlass org/hibernate/validator/internal/constraintvalidators/bv/number/sign/PositiveValidatorForBigDecimal
instanceKlass org/hibernate/validator/internal/constraintvalidators/bv/PatternValidator
instanceKlass javax/validation/constraints/Pattern
instanceKlass javax/management/openmbean/CompositeDataSupport
instanceKlass javax/validation/constraints/PastOrPresent
instanceKlass org/xml/sax/InputSource
instanceKlass org/springframework/beans/AbstractNestablePropertyAccessor$PropertyHandler
instanceKlass javax/validation/constraints/Past
instanceKlass org/hibernate/validator/internal/constraintvalidators/bv/NullValidator
instanceKlass javax/validation/constraints/Null
instanceKlass org/hibernate/validator/internal/constraintvalidators/bv/NotNullValidator
instanceKlass javax/validation/constraints/NotNull
instanceKlass sun/reflect/generics/tree/ShortSignature
instanceKlass sun/reflect/generics/tree/IntSignature
instanceKlass sun/reflect/generics/tree/FloatSignature
instanceKlass sun/reflect/generics/tree/DoubleSignature
instanceKlass org/springframework/beans/factory/parsing/PassThroughSourceExtractor
instanceKlass sun/reflect/generics/tree/BooleanSignature
instanceKlass javax/validation/constraints/NotEmpty
instanceKlass org/hibernate/validator/internal/constraintvalidators/bv/notempty/NotEmptyValidatorForArraysOfShort
instanceKlass org/hibernate/validator/internal/constraintvalidators/bv/notempty/NotEmptyValidatorForArraysOfLong
instanceKlass org/hibernate/validator/internal/constraintvalidators/bv/notempty/NotEmptyValidatorForArraysOfInt
instanceKlass org/hibernate/validator/internal/constraintvalidators/bv/notempty/NotEmptyValidatorForArraysOfFloat
instanceKlass org/springframework/beans/factory/support/NullBean
instanceKlass org/hibernate/validator/internal/constraintvalidators/bv/notempty/NotEmptyValidatorForArraysOfDouble
instanceKlass org/hibernate/validator/internal/constraintvalidators/bv/notempty/NotEmptyValidatorForArraysOfChar
instanceKlass org/hibernate/validator/internal/constraintvalidators/bv/notempty/NotEmptyValidatorForArraysOfByte
instanceKlass org/hibernate/validator/internal/constraintvalidators/bv/notempty/NotEmptyValidatorForArraysOfBoolean
instanceKlass org/hibernate/validator/internal/constraintvalidators/bv/notempty/NotEmptyValidatorForMap
instanceKlass org/springframework/beans/factory/support/AbstractBeanFactory$BeanPostProcessorCache
instanceKlass org/hibernate/validator/internal/constraintvalidators/bv/notempty/NotEmptyValidatorForArray
instanceKlass org/hibernate/validator/internal/constraintvalidators/bv/notempty/NotEmptyValidatorForCollection
instanceKlass org/hibernate/validator/internal/constraintvalidators/bv/notempty/NotEmptyValidatorForCharSequence
instanceKlass org/hibernate/validator/internal/constraintvalidators/bv/NotBlankValidator
instanceKlass javax/validation/constraints/NotBlank
instanceKlass javax/validation/constraints/NegativeOrZero
instanceKlass org/hibernate/validator/internal/constraintvalidators/bv/number/sign/NegativeOrZeroValidatorForCharSequence
instanceKlass org/hibernate/validator/internal/constraintvalidators/bv/number/sign/NegativeOrZeroValidatorForNumber
instanceKlass org/hibernate/validator/internal/constraintvalidators/bv/number/sign/NegativeOrZeroValidatorForByte
instanceKlass org/hibernate/validator/internal/constraintvalidators/bv/number/sign/NegativeOrZeroValidatorForShort
instanceKlass org/springframework/beans/factory/config/RuntimeBeanReference
instanceKlass org/hibernate/validator/internal/constraintvalidators/bv/number/sign/NegativeOrZeroValidatorForInteger
instanceKlass org/springframework/beans/factory/config/BeanReference
instanceKlass org/hibernate/validator/internal/constraintvalidators/bv/number/sign/NegativeOrZeroValidatorForLong
instanceKlass org/hibernate/validator/internal/constraintvalidators/bv/number/sign/NegativeOrZeroValidatorForFloat
instanceKlass org/hibernate/validator/internal/constraintvalidators/bv/number/sign/NegativeOrZeroValidatorForDouble
instanceKlass org/springframework/beans/MutablePropertyValues
instanceKlass org/hibernate/validator/internal/constraintvalidators/bv/number/sign/NegativeOrZeroValidatorForBigInteger
instanceKlass org/hibernate/validator/internal/constraintvalidators/bv/number/sign/NegativeOrZeroValidatorForBigDecimal
instanceKlass javax/validation/constraints/Negative
instanceKlass org/springframework/beans/factory/support/BeanDefinitionBuilder
instanceKlass org/hibernate/validator/internal/constraintvalidators/bv/number/sign/NegativeValidatorForCharSequence
instanceKlass org/hibernate/validator/internal/constraintvalidators/bv/number/sign/NegativeValidatorForNumber
instanceKlass org/hibernate/validator/internal/constraintvalidators/bv/number/sign/NegativeValidatorForByte
instanceKlass org/hibernate/validator/internal/constraintvalidators/bv/number/sign/NegativeValidatorForShort
instanceKlass org/hibernate/validator/internal/constraintvalidators/bv/number/sign/NegativeValidatorForInteger
instanceKlass org/hibernate/validator/internal/constraintvalidators/bv/number/sign/NegativeValidatorForLong
instanceKlass org/springframework/boot/autoconfigure/SharedMetadataReaderFactoryContextInitializer$SharedMetadataReaderFactoryBean
instanceKlass org/hibernate/validator/internal/constraintvalidators/bv/number/sign/NegativeValidatorForFloat
instanceKlass org/hibernate/validator/internal/constraintvalidators/bv/number/sign/NegativeValidatorForDouble
instanceKlass org/hibernate/validator/internal/constraintvalidators/bv/number/sign/NegativeValidatorForBigInteger
instanceKlass org/hibernate/validator/internal/constraintvalidators/bv/number/sign/NegativeValidatorForBigDecimal
instanceKlass org/springframework/context/support/PostProcessorRegistrationDelegate
instanceKlass javax/validation/constraints/Min
instanceKlass org/springframework/web/context/support/WebApplicationContextUtils$WebRequestObjectFactory
instanceKlass org/springframework/web/context/request/WebRequest
instanceKlass org/springframework/web/context/request/RequestAttributes
instanceKlass org/springframework/web/context/support/WebApplicationContextUtils$SessionObjectFactory
instanceKlass javax/servlet/http/HttpSession
instanceKlass org/hibernate/validator/internal/constraintvalidators/bv/number/bound/AbstractMinValidator
instanceKlass org/springframework/web/context/support/WebApplicationContextUtils$ResponseObjectFactory
instanceKlass javax/servlet/ServletResponse
instanceKlass javax/validation/constraints/Max
instanceKlass org/springframework/web/context/support/WebApplicationContextUtils$RequestObjectFactory
instanceKlass javax/servlet/ServletRequest
instanceKlass org/springframework/web/context/request/AbstractRequestAttributesScope
instanceKlass org/springframework/boot/web/servlet/context/ServletWebServerApplicationContext$ExistingWebApplicationScopes
instanceKlass org/springframework/web/context/ServletContextAware
instanceKlass org/hibernate/validator/internal/constraintvalidators/bv/number/bound/AbstractMaxValidator
instanceKlass org/springframework/web/context/support/ServletContextAwareProcessor
instanceKlass org/springframework/context/support/ApplicationListenerDetector
instanceKlass javax/validation/constraints/FutureOrPresent
instanceKlass org/springframework/context/MessageSourceAware
instanceKlass org/springframework/context/ApplicationEventPublisherAware
instanceKlass org/springframework/beans/factory/config/BeanExpressionContext
instanceKlass org/springframework/beans/factory/config/EmbeddedValueResolver
instanceKlass org/springframework/util/StringValueResolver
instanceKlass org/springframework/context/support/ApplicationContextAwareProcessor
instanceKlass org/springframework/beans/support/ResourceEditorRegistrar
instanceKlass org/springframework/expression/spel/SpelParserConfiguration
instanceKlass org/springframework/expression/Expression
instanceKlass org/springframework/expression/common/TemplateAwareExpressionParser
instanceKlass java/time/chrono/ChronoLocalDateImpl
instanceKlass org/springframework/context/expression/StandardBeanExpressionResolver$1
instanceKlass javax/validation/constraints/Future
instanceKlass org/springframework/expression/EvaluationContext
instanceKlass org/springframework/expression/TypeConverter
instanceKlass org/springframework/expression/TypeLocator
instanceKlass org/springframework/expression/BeanResolver
instanceKlass org/springframework/expression/PropertyAccessor
instanceKlass org/springframework/expression/ExpressionParser
instanceKlass org/springframework/expression/ParserContext
instanceKlass org/springframework/context/expression/StandardBeanExpressionResolver
instanceKlass org/springframework/web/context/request/RequestContextHolder
instanceKlass org/springframework/web/context/support/WebApplicationContextUtils
instanceKlass org/hibernate/validator/internal/constraintvalidators/bv/time/AbstractJavaTimeValidator
instanceKlass org/springframework/boot/context/logging/LoggingApplicationListener$Lifecycle
instanceKlass org/springframework/context/SmartLifecycle
instanceKlass org/hibernate/validator/internal/constraintvalidators/bv/time/AbstractInstantBasedTimeValidator
instanceKlass org/springframework/context/Phased
instanceKlass org/hibernate/validator/constraintvalidation/HibernateConstraintValidator
instanceKlass org/springframework/beans/factory/BeanFactoryUtils
instanceKlass org/hibernate/validator/internal/constraintvalidators/AbstractEmailValidator
instanceKlass org/springframework/boot/logging/DeferredLog$1
instanceKlass javax/validation/constraints/Email
instanceKlass javax/validation/constraints/Digits
instanceKlass org/hibernate/validator/internal/constraintvalidators/bv/DigitsValidatorForNumber
instanceKlass org/springframework/beans/factory/support/BeanDefinitionReaderUtils
instanceKlass org/hibernate/validator/internal/constraintvalidators/bv/DigitsValidatorForCharSequence
instanceKlass org/springframework/context/annotation/Description
instanceKlass org/springframework/context/annotation/Role
instanceKlass org/springframework/context/annotation/DependsOn
instanceKlass javax/validation/constraints/DecimalMin
instanceKlass org/springframework/context/annotation/Primary
instanceKlass org/springframework/context/annotation/Lazy
instanceKlass java/beans/Introspector$1
instanceKlass jdk/internal/access/JavaBeansAccess
instanceKlass java/beans/Introspector
instanceKlass org/hibernate/validator/internal/constraintvalidators/bv/number/bound/decimal/AbstractDecimalMinValidator
instanceKlass javax/validation/constraints/DecimalMax
instanceKlass org/hibernate/validator/internal/util/privilegedactions/IsClassPresent
instanceKlass org/springframework/core/annotation/TypeMappedAnnotations$Aggregate
instanceKlass org/springframework/core/annotation/TypeMappedAnnotations$AggregatesCollector
instanceKlass org/springframework/core/annotation/TypeMappedAnnotations$AggregatesSpliterator
instanceKlass org/hibernate/validator/internal/constraintvalidators/bv/number/bound/decimal/AbstractDecimalMaxValidator
instanceKlass org/hibernate/validator/internal/constraintvalidators/bv/AssertTrueValidator
instanceKlass javax/validation/constraints/AssertTrue
instanceKlass javax/validation/constraintvalidation/SupportedValidationTarget
instanceKlass org/hibernate/validator/internal/util/TypeHelper
instanceKlass org/springframework/context/annotation/ScopeMetadata
instanceKlass org/mybatis/spring/annotation/MapperScans
instanceKlass org/mybatis/spring/annotation/MapperScannerRegistrar
instanceKlass org/hibernate/validator/internal/engine/constraintvalidation/ClassBasedValidatorDescriptor
instanceKlass org/springframework/boot/autoconfigure/AutoConfigurationPackages$Registrar
instanceKlass org/springframework/boot/context/annotation/DeterminableImports
instanceKlass org/hibernate/validator/internal/engine/constraintvalidation/ConstraintValidatorDescriptor
instanceKlass org/springframework/context/annotation/ImportBeanDefinitionRegistrar
instanceKlass org/hibernate/validator/internal/constraintvalidators/bv/AssertFalseValidator
instanceKlass javax/validation/constraints/AssertFalse
instanceKlass org/hibernate/validator/internal/metadata/core/ConstraintHelper$ValidatorDescriptorMap
instanceKlass org/springframework/context/annotation/ComponentScans
instanceKlass org/hibernate/validator/internal/metadata/core/ConstraintHelper
instanceKlass org/springframework/boot/autoconfigure/AutoConfigurationImportSelector
instanceKlass org/springframework/context/annotation/DeferredImportSelector
instanceKlass org/springframework/context/annotation/ImportSelector
instanceKlass org/hibernate/validator/internal/engine/valueextraction/ValueExtractorResolver
instanceKlass java/util/OptionalLong
instanceKlass org/hibernate/validator/internal/engine/valueextraction/OptionalLongValueExtractor
instanceKlass java/util/OptionalDouble
instanceKlass org/hibernate/validator/internal/engine/valueextraction/OptionalDoubleValueExtractor
instanceKlass org/hibernate/validator/internal/engine/valueextraction/AnnotatedObject
instanceKlass org/hibernate/validator/internal/engine/valueextraction/OptionalIntValueExtractor
instanceKlass org/hibernate/validator/internal/engine/valueextraction/OptionalValueExtractor
instanceKlass org/hibernate/validator/internal/engine/valueextraction/IterableValueExtractor
instanceKlass org/hibernate/validator/internal/engine/valueextraction/MapKeyExtractor
instanceKlass org/springframework/boot/autoconfigure/AutoConfigurationExcludeFilter
instanceKlass org/hibernate/validator/internal/engine/valueextraction/MapValueExtractor
instanceKlass org/hibernate/validator/internal/engine/valueextraction/ListValueExtractor
instanceKlass org/hibernate/validator/internal/engine/valueextraction/ObjectArrayValueExtractor
instanceKlass org/hibernate/validator/internal/engine/valueextraction/BooleanArrayValueExtractor
instanceKlass org/hibernate/validator/internal/engine/valueextraction/CharArrayValueExtractor
instanceKlass org/hibernate/validator/internal/engine/valueextraction/DoubleArrayValueExtractor
instanceKlass org/springframework/boot/context/TypeExcludeFilter
instanceKlass org/hibernate/validator/internal/engine/valueextraction/FloatArrayValueExtractor
instanceKlass org/hibernate/validator/internal/engine/valueextraction/LongArrayValueExtractor
instanceKlass org/hibernate/validator/internal/engine/valueextraction/IntArrayValueExtractor
instanceKlass org/hibernate/validator/internal/engine/valueextraction/ShortArrayValueExtractor
instanceKlass org/hibernate/validator/internal/engine/valueextraction/ValueExtractorDescriptor$Key
instanceKlass org/springframework/boot/autoconfigure/AutoConfigurationPackage
instanceKlass org/hibernate/validator/internal/util/ReflectionHelper
instanceKlass org/springframework/context/annotation/Configuration
instanceKlass org/hibernate/validator/internal/engine/valueextraction/ArrayElement
instanceKlass org/springframework/context/annotation/ComponentScan$Filter
instanceKlass org/hibernate/validator/internal/engine/valueextraction/ValueExtractorDescriptor
instanceKlass org/hibernate/validator/internal/engine/valueextraction/ByteArrayValueExtractor
instanceKlass org/hibernate/validator/internal/engine/valueextraction/ValueExtractorManager$1
instanceKlass org/hibernate/validator/internal/engine/valueextraction/ValueExtractorManager
instanceKlass org/springframework/scheduling/annotation/SchedulingConfiguration
instanceKlass org/hibernate/validator/internal/engine/groups/ValidationOrder
instanceKlass org/springframework/core/annotation/TypeMappedAnnotations$IsPresent
instanceKlass org/hibernate/validator/internal/engine/groups/ValidationOrderGenerator
instanceKlass org/springframework/context/annotation/Conditional
instanceKlass org/hibernate/validator/internal/engine/constraintvalidation/ConstraintValidatorManagerImpl$1
instanceKlass javax/validation/ConstraintValidator
instanceKlass javax/validation/metadata/ConstraintDescriptor
instanceKlass org/hibernate/validator/internal/engine/constraintvalidation/AbstractConstraintValidatorManagerImpl
instanceKlass java/lang/annotation/Repeatable
instanceKlass org/hibernate/validator/internal/engine/constraintvalidation/HibernateConstraintValidatorInitializationContextImpl
instanceKlass org/springframework/dao/support/DaoSupport
instanceKlass org/springframework/beans/factory/InitializingBean
instanceKlass org/springframework/beans/factory/FactoryBean
instanceKlass org/hibernate/validator/spi/scripting/ScriptEvaluator
instanceKlass org/mybatis/spring/annotation/MapperScan
instanceKlass org/hibernate/validator/spi/scripting/AbstractCachingScriptEvaluatorFactory
instanceKlass org/hibernate/validator/internal/util/ExecutableParameterNameProvider
instanceKlass org/springframework/context/annotation/ComponentScan
instanceKlass org/springframework/boot/autoconfigure/EnableAutoConfiguration
instanceKlass javax/el/Util$CacheKey
instanceKlass org/springframework/boot/SpringBootConfiguration
instanceKlass javax/el/ELContext
instanceKlass javax/el/ELManager
instanceKlass org/springframework/boot/autoconfigure/SpringBootApplication
instanceKlass org/apache/el/util/ExceptionUtils
instanceKlass javax/el/ELResolver
instanceKlass javax/el/Expression
instanceKlass org/springframework/context/annotation/Import
instanceKlass org/springframework/scheduling/annotation/EnableScheduling
instanceKlass org/springframework/core/type/StandardClassMetadata
instanceKlass javax/el/ExpressionFactory$CacheKey
instanceKlass org/springframework/core/type/AnnotationMetadata
instanceKlass javax/el/Util$CacheValue
instanceKlass org/springframework/core/type/ClassMetadata
instanceKlass javax/el/Util
instanceKlass javax/el/ExpressionFactory$CacheValue
instanceKlass javax/el/ExpressionFactory
instanceKlass org/springframework/util/xml/XmlValidationModeDetector
instanceKlass org/hibernate/validator/internal/util/ConcurrentReferenceHashMap$HashEntry
instanceKlass org/springframework/util/xml/SimpleSaxErrorHandler
instanceKlass org/springframework/beans/factory/xml/DefaultDocumentLoader
instanceKlass org/springframework/beans/factory/parsing/NullSourceExtractor
instanceKlass org/springframework/beans/factory/parsing/EmptyReaderEventListener
instanceKlass org/springframework/beans/factory/parsing/FailFastProblemReporter
instanceKlass org/springframework/beans/factory/xml/DefaultBeanDefinitionDocumentReader
instanceKlass org/springframework/beans/factory/xml/BeanDefinitionDocumentReader
instanceKlass org/springframework/beans/factory/support/DefaultBeanNameGenerator
instanceKlass org/hibernate/validator/internal/engine/messageinterpolation/DefaultLocaleResolverContext
instanceKlass org/hibernate/validator/internal/util/logging/Messages_$bundle
instanceKlass org/springframework/core/Constants
instanceKlass org/xml/sax/EntityResolver
instanceKlass org/springframework/beans/factory/xml/NamespaceHandlerResolver
instanceKlass org/xml/sax/ErrorHandler
instanceKlass org/springframework/beans/factory/xml/DocumentLoader
instanceKlass org/jboss/logging/Messages
instanceKlass org/springframework/beans/factory/parsing/SourceExtractor
instanceKlass org/springframework/beans/factory/parsing/ReaderEventListener
instanceKlass org/hibernate/validator/internal/util/logging/Messages
instanceKlass org/springframework/beans/factory/parsing/ProblemReporter
instanceKlass org/hibernate/validator/internal/engine/messageinterpolation/DefaultLocaleResolver
instanceKlass org/springframework/beans/factory/support/AbstractBeanDefinitionReader
instanceKlass org/hibernate/validator/internal/util/Contracts
instanceKlass org/springframework/beans/factory/support/BeanDefinitionReader
instanceKlass org/springframework/boot/BeanDefinitionLoader
instanceKlass org/hibernate/validator/internal/util/privilegedactions/GetMethod
instanceKlass org/springframework/boot/SpringApplication$PropertySourceOrderingBeanFactoryPostProcessor
instanceKlass org/hibernate/validator/resourceloading/PlatformResourceBundleLocator
instanceKlass ch/qos/logback/core/pattern/SpacePadder
instanceKlass java/text/DontCareFieldPosition$1
instanceKlass java/text/Format$FieldDelegate
instanceKlass ch/qos/logback/classic/util/LogbackMDCAdapter
instanceKlass org/slf4j/impl/StaticMDCBinder
instanceKlass org/hibernate/validator/spi/messageinterpolation/LocaleResolverContext
instanceKlass org/slf4j/spi/MDCAdapter
instanceKlass org/hibernate/validator/messageinterpolation/AbstractMessageInterpolator
instanceKlass org/slf4j/MDC
instanceKlass ch/qos/logback/classic/spi/EventArgUtil
instanceKlass ch/qos/logback/classic/spi/IThrowableProxy
instanceKlass ch/qos/logback/classic/spi/LoggingEvent
instanceKlass org/hibernate/validator/constraintvalidation/HibernateConstraintValidatorInitializationContext
instanceKlass org/hibernate/validator/internal/engine/ValidatorFactoryScopedContext
instanceKlass org/springframework/boot/system/ApplicationHome
instanceKlass org/hibernate/validator/internal/metadata/aggregated/rule/MethodConfigurationRule
instanceKlass org/hibernate/validator/internal/engine/MethodValidationConfiguration
instanceKlass org/hibernate/validator/spi/messageinterpolation/LocaleResolver
instanceKlass org/hibernate/validator/spi/cfg/ConstraintMappingContributor
instanceKlass org/hibernate/validator/spi/cfg/ConstraintMappingContributor$ConstraintMappingBuilder
instanceKlass org/hibernate/validator/spi/scripting/ScriptEvaluatorFactory
instanceKlass org/hibernate/validator/metadata/BeanMetaDataClassNormalizer
instanceKlass org/springframework/boot/StartupInfoLogger
instanceKlass org/hibernate/validator/internal/engine/ValidatorFactoryConfigurationHelper
instanceKlass org/hibernate/validator/internal/metadata/BeanMetaDataManager
instanceKlass org/hibernate/validator/HibernateValidatorContext
instanceKlass org/springframework/boot/autoconfigure/condition/ConditionEvaluationReport$AncestorsMatchedCondition
instanceKlass javax/validation/Validator
instanceKlass org/hibernate/validator/internal/engine/constraintvalidation/ConstraintValidatorManager
instanceKlass org/springframework/context/annotation/Condition
instanceKlass javax/validation/ValidatorContext
instanceKlass org/springframework/boot/autoconfigure/condition/ConditionEvaluationReport
instanceKlass org/hibernate/validator/internal/engine/ValidatorFactoryImpl
instanceKlass org/hibernate/validator/HibernateValidatorFactory
instanceKlass org/springframework/boot/autoconfigure/logging/ConditionEvaluationReportLoggingListener$ConditionEvaluationReportListener
instanceKlass org/hibernate/validator/internal/engine/resolver/TraverseAllTraversableResolver
instanceKlass org/springframework/boot/rsocket/context/RSocketPortInfoApplicationContextInitializer$Listener
instanceKlass java/lang/StackTraceElement$HashedModules
instanceKlass org/springframework/boot/context/ConfigurationWarningsApplicationContextInitializer$ComponentScanPackageCheck
instanceKlass org/springframework/boot/context/ConfigurationWarningsApplicationContextInitializer$Check
instanceKlass org/hibernate/validator/internal/util/privilegedactions/LoadClass
instanceKlass org/springframework/boot/context/ConfigurationWarningsApplicationContextInitializer$ConfigurationWarningsPostProcessor
instanceKlass javax/validation/TraversableResolver
instanceKlass org/hibernate/validator/internal/engine/resolver/TraversableResolvers
instanceKlass org/springframework/core/convert/support/ConversionUtils
instanceKlass org/hibernate/validator/internal/xml/config/BootstrapConfigurationImpl
instanceKlass javax/validation/BootstrapConfiguration
instanceKlass java/util/concurrent/ConcurrentLinkedDeque$AbstractItr
instanceKlass org/springframework/core/convert/support/GenericConversionService$ConverterCacheKey
instanceKlass org/hibernate/validator/internal/xml/config/ResourceLoaderHelper
instanceKlass org/springframework/util/PropertyPlaceholderHelper$PlaceholderResolver
instanceKlass org/springframework/boot/context/properties/source/ConfigurationProperty
instanceKlass javax/xml/transform/Source
instanceKlass org/springframework/boot/origin/PropertySourceOrigin
instanceKlass org/hibernate/validator/internal/xml/config/ValidationXmlParser
instanceKlass org/springframework/boot/context/ContextIdApplicationContextInitializer$ContextId
instanceKlass org/springframework/boot/autoconfigure/SharedMetadataReaderFactoryContextInitializer$CachingMetadataReaderFactoryPostProcessor
instanceKlass org/hibernate/validator/internal/util/privilegedactions/GetInstancesFromServiceLoader
instanceKlass javax/validation/valueextraction/ValueExtractor
instanceKlass org/hibernate/validator/internal/util/privilegedactions/GetClassLoader
instanceKlass org/hibernate/validator/internal/engine/DefaultPropertyNodeNameProvider
instanceKlass org/springframework/context/index/CandidateComponentsIndex
instanceKlass org/hibernate/validator/internal/engine/DefaultClockProvider
instanceKlass org/hibernate/validator/internal/engine/DefaultParameterNameProvider
instanceKlass org/springframework/context/index/CandidateComponentsIndexLoader
instanceKlass org/hibernate/validator/internal/engine/constraintvalidation/ConstraintValidatorFactoryImpl
instanceKlass org/springframework/core/type/classreading/MetadataReader
instanceKlass org/springframework/core/type/classreading/SimpleMetadataReaderFactory
instanceKlass org/hibernate/validator/internal/xml/config/ValidationBootstrapParameters
instanceKlass org/springframework/core/io/support/ResourcePatternUtils
instanceKlass javax/annotation/ManagedBean
instanceKlass org/hibernate/validator/internal/engine/MethodValidationConfiguration$Builder
instanceKlass org/hibernate/validator/internal/util/CollectionHelper
instanceKlass org/springframework/stereotype/Indexed
instanceKlass org/springframework/stereotype/Component
instanceKlass org/apache/logging/slf4j/SLF4JLogger$1
instanceKlass org/springframework/core/type/filter/AbstractTypeHierarchyTraversingFilter
instanceKlass org/springframework/core/type/filter/TypeFilter
instanceKlass org/springframework/beans/factory/support/BeanDefinitionDefaults
instanceKlass org/springframework/core/type/classreading/MetadataReaderFactory
instanceKlass org/springframework/context/annotation/ClassPathScanningCandidateComponentProvider
instanceKlass org/jboss/logging/Log4j2LoggerProvider
instanceKlass org/apache/logging/log4j/internal/LogManagerStatus
instanceKlass org/apache/logging/log4j/spi/LoggerRegistry$ConcurrentMapFactory
instanceKlass org/springframework/context/event/DefaultEventListenerFactory
instanceKlass org/springframework/context/event/EventListenerFactory
instanceKlass org/apache/logging/log4j/spi/LoggerRegistry$MapFactory
instanceKlass org/apache/logging/log4j/spi/LoggerRegistry
instanceKlass org/springframework/context/event/EventListenerMethodProcessor
instanceKlass org/springframework/beans/factory/SmartInitializingSingleton
instanceKlass org/apache/logging/slf4j/SLF4JLoggerContext
instanceKlass org/apache/logging/log4j/spi/LoggerContext
instanceKlass org/springframework/beans/factory/annotation/InitDestroyAnnotationBeanPostProcessor
instanceKlass org/springframework/beans/factory/config/DestructionAwareBeanPostProcessor
instanceKlass org/apache/logging/slf4j/MDCContextMap
instanceKlass org/apache/logging/log4j/spi/CleanableThreadContextMap
instanceKlass org/apache/logging/log4j/spi/ThreadContextMap2
instanceKlass org/apache/logging/log4j/spi/ThreadContextMap
instanceKlass org/springframework/beans/factory/annotation/AutowiredAnnotationBeanPostProcessor
instanceKlass org/apache/logging/slf4j/SLF4JLoggerContextFactory
instanceKlass org/springframework/beans/factory/support/MergedBeanDefinitionPostProcessor
instanceKlass org/springframework/beans/factory/config/SmartInstantiationAwareBeanPostProcessor
instanceKlass org/springframework/beans/factory/config/InstantiationAwareBeanPostProcessor
instanceKlass org/apache/logging/log4j/util/ProviderUtil
instanceKlass org/springframework/beans/factory/config/BeanDefinitionHolder
instanceKlass org/springframework/beans/factory/support/MethodOverrides
instanceKlass org/springframework/context/annotation/ConfigurationClassPostProcessor
instanceKlass java/util/RegularEnumSet$EnumSetIterator
instanceKlass org/springframework/context/EnvironmentAware
instanceKlass org/springframework/context/ApplicationStartupAware
instanceKlass org/springframework/context/ResourceLoaderAware
instanceKlass org/springframework/beans/factory/support/BeanDefinitionRegistryPostProcessor
instanceKlass org/apache/logging/log4j/Level
instanceKlass org/apache/logging/log4j/util/Strings
instanceKlass java/util/concurrent/ConcurrentLinkedQueue$Node
instanceKlass org/springframework/beans/factory/annotation/Qualifier
instanceKlass org/springframework/beans/factory/annotation/Value
instanceKlass org/springframework/aop/TargetSource
instanceKlass org/apache/logging/log4j/message/ExitMessage
instanceKlass org/apache/logging/log4j/message/EntryMessage
instanceKlass org/apache/logging/log4j/message/FlowMessage
instanceKlass javax/annotation/Resource
instanceKlass org/springframework/context/annotation/AnnotationConfigUtils
instanceKlass org/springframework/context/annotation/ConditionEvaluator$ConditionContextImpl
instanceKlass org/springframework/context/annotation/ConditionContext
instanceKlass org/springframework/context/annotation/ConditionEvaluator
instanceKlass org/springframework/context/annotation/Scope
instanceKlass org/apache/logging/log4j/message/DefaultFlowMessageFactory
instanceKlass org/apache/logging/log4j/message/FlowMessageFactory
instanceKlass org/springframework/context/annotation/AnnotationScopeMetadataResolver
instanceKlass org/springframework/context/annotation/AnnotationBeanNameGenerator
instanceKlass org/springframework/beans/factory/annotation/AnnotatedBeanDefinition
instanceKlass org/springframework/core/type/AnnotatedTypeMetadata
instanceKlass org/springframework/context/annotation/ScopeMetadataResolver
instanceKlass org/springframework/beans/factory/support/BeanNameGenerator
instanceKlass org/springframework/context/annotation/AnnotatedBeanDefinitionReader
instanceKlass org/springframework/beans/factory/support/SimpleAutowireCandidateResolver
instanceKlass org/apache/logging/log4j/util/PropertySource$Util
instanceKlass org/springframework/beans/factory/support/SimpleInstantiationStrategy
instanceKlass org/springframework/beans/factory/BeanNameAware
instanceKlass org/apache/logging/log4j/util/SystemPropertiesPropertySource
instanceKlass org/apache/logging/log4j/util/EnvironmentPropertySource
instanceKlass org/springframework/core/OrderComparator$OrderSourceProvider
instanceKlass org/springframework/boot/logging/log4j2/SpringBootPropertySource
instanceKlass org/springframework/beans/factory/ObjectProvider
instanceKlass org/springframework/beans/factory/ObjectFactory
instanceKlass org/springframework/beans/factory/support/AutowireCandidateResolver
instanceKlass org/apache/logging/log4j/util/BiConsumer
instanceKlass org/springframework/util/ReflectionUtils$MethodCallback
instanceKlass org/apache/logging/log4j/util/PropertySource$Comparator
instanceKlass org/apache/logging/log4j/util/LoaderUtil$ThreadContextClassLoaderGetter
instanceKlass org/apache/logging/log4j/util/LoaderUtil
instanceKlass org/springframework/core/AttributeAccessorSupport
instanceKlass org/apache/logging/log4j/util/PropertiesPropertySource
instanceKlass org/apache/logging/log4j/util/PropertiesUtil$Environment
instanceKlass org/apache/logging/log4j/util/PropertySource
instanceKlass org/apache/logging/log4j/util/PropertiesUtil
instanceKlass org/springframework/beans/factory/InjectionPoint
instanceKlass org/apache/logging/log4j/util/Constants
instanceKlass org/apache/logging/log4j/message/AbstractMessageFactory
instanceKlass org/springframework/beans/PropertyValues
instanceKlass org/springframework/beans/BeanWrapper
instanceKlass org/springframework/beans/ConfigurablePropertyAccessor
instanceKlass org/apache/logging/log4j/message/ReusableMessageFactory
instanceKlass org/springframework/beans/PropertyAccessor
instanceKlass org/springframework/beans/factory/support/InstantiationStrategy
instanceKlass org/apache/logging/log4j/MarkerManager$Log4jMarker
instanceKlass org/apache/logging/log4j/util/StringBuilderFormattable
instanceKlass org/apache/logging/log4j/Marker
instanceKlass org/springframework/beans/factory/DisposableBean
instanceKlass org/apache/logging/log4j/MarkerManager
instanceKlass org/apache/logging/log4j/message/MessageFactory2
instanceKlass org/apache/logging/log4j/LogBuilder
instanceKlass org/apache/logging/log4j/message/Message
instanceKlass org/apache/logging/log4j/spi/AbstractLogger
instanceKlass org/springframework/core/SimpleAliasRegistry
instanceKlass org/apache/logging/log4j/spi/LocationAwareLogger
instanceKlass org/apache/logging/log4j/message/MessageFactory
instanceKlass org/apache/logging/log4j/spi/LoggerContextFactory
instanceKlass org/apache/logging/log4j/LogManager
instanceKlass org/jboss/logging/LoggerProvider
instanceKlass org/jboss/logging/LoggerProviders
instanceKlass org/springframework/util/AntPathMatcher$PathSeparatorPatternCache
instanceKlass org/springframework/util/AntPathMatcher
instanceKlass org/springframework/util/PathMatcher
instanceKlass org/springframework/core/io/support/PathMatchingResourcePatternResolver
instanceKlass org/jboss/logging/DelegatingBasicLogger
instanceKlass org/springframework/beans/factory/config/Scope
instanceKlass org/springframework/ui/context/ThemeSource
instanceKlass org/springframework/boot/web/context/ConfigurableWebServerApplicationContext
instanceKlass org/springframework/boot/web/context/WebServerApplicationContext
instanceKlass org/jboss/logging/SecurityActions
instanceKlass org/jboss/logging/LoggingLocale
instanceKlass org/jboss/logging/Logger
instanceKlass org/springframework/beans/factory/config/BeanDefinition
instanceKlass org/springframework/beans/BeanMetadataElement
instanceKlass org/springframework/core/AttributeAccessor
instanceKlass org/springframework/beans/factory/config/ConfigurableListableBeanFactory
instanceKlass org/springframework/beans/factory/config/ConfigurableBeanFactory
instanceKlass org/springframework/beans/factory/config/SingletonBeanRegistry
instanceKlass org/hibernate/validator/internal/util/logging/Log
instanceKlass org/springframework/beans/PropertyEditorRegistrar
instanceKlass org/springframework/beans/factory/config/BeanExpressionResolver
instanceKlass org/jboss/logging/BasicLogger
instanceKlass org/springframework/core/SmartClassLoader
instanceKlass org/springframework/beans/factory/config/BeanPostProcessor
instanceKlass org/springframework/context/LifecycleProcessor
instanceKlass org/springframework/beans/factory/config/AutowireCapableBeanFactory
instanceKlass org/hibernate/validator/internal/util/logging/LoggerFactory
instanceKlass org/hibernate/validator/internal/util/Version
instanceKlass org/hibernate/validator/spi/properties/GetterPropertySelectionStrategy
instanceKlass org/hibernate/validator/cfg/ConstraintMapping
instanceKlass javax/validation/MessageInterpolator
instanceKlass org/hibernate/validator/spi/resourceloading/ResourceBundleLocator
instanceKlass org/hibernate/validator/spi/nodenameprovider/PropertyNodeNameProvider
instanceKlass javax/validation/ClockProvider
instanceKlass javax/validation/ParameterNameProvider
instanceKlass javax/validation/ConstraintValidatorFactory
instanceKlass org/hibernate/validator/internal/engine/AbstractConfigurationImpl
instanceKlass org/springframework/beans/factory/support/BeanDefinitionRegistry
instanceKlass org/springframework/core/AliasRegistry
instanceKlass org/springframework/context/annotation/AnnotationConfigRegistry
instanceKlass org/springframework/boot/SpringApplicationBannerPrinter$PrintedBanner
instanceKlass java/io/Console$2
instanceKlass jdk/internal/access/JavaIOAccess
instanceKlass javax/validation/spi/ConfigurationState
instanceKlass org/hibernate/validator/HibernateValidatorConfiguration
instanceKlass org/hibernate/validator/BaseHibernateValidatorConfiguration
instanceKlass java/io/Console
instanceKlass org/springframework/boot/SpringBootVersion
instanceKlass javax/validation/ValidatorFactory
instanceKlass javax/validation/Configuration
instanceKlass org/hibernate/validator/HibernateValidator
instanceKlass org/springframework/core/io/ContextResource
instanceKlass org/springframework/boot/SpringApplicationBannerPrinter$Banners
instanceKlass javax/validation/spi/ValidationProvider
instanceKlass javax/validation/Validation$GetValidationProviderListAction
instanceKlass org/springframework/boot/SpringBootBanner
instanceKlass org/springframework/boot/Banner
instanceKlass javax/validation/Validation$DefaultValidationProviderResolver
instanceKlass org/springframework/boot/SpringApplicationBannerPrinter
instanceKlass javax/validation/ValidationProviderResolver
instanceKlass javax/validation/Validation$GenericBootstrapImpl
instanceKlass org/springframework/boot/EnvironmentConverter
instanceKlass javax/validation/spi/BootstrapState
instanceKlass javax/validation/bootstrap/ProviderSpecificBootstrap
instanceKlass javax/validation/bootstrap/GenericBootstrap
instanceKlass javax/validation/Validation
instanceKlass org/springframework/boot/autoconfigure/BackgroundPreinitializer$ValidationInitializer
instanceKlass org/springframework/boot/autoconfigure/BackgroundPreinitializer$ConversionServiceInitializer
instanceKlass org/springframework/boot/autoconfigure/BackgroundPreinitializer$1
instanceKlass ch/qos/logback/classic/pattern/TargetLengthBasedClassNameAbbreviator
instanceKlass ch/qos/logback/core/pattern/ConverterUtil
instanceKlass ch/qos/logback/classic/pattern/Abbreviator
instanceKlass ch/qos/logback/core/pattern/FormatInfo
instanceKlass ch/qos/logback/core/pattern/util/AsIsEscapeUtil
instanceKlass ch/qos/logback/core/pattern/parser/OptionTokenizer
instanceKlass ch/qos/logback/core/pattern/parser/TokenStream$1
instanceKlass ch/qos/logback/core/pattern/util/RestrictedEscapeUtil
instanceKlass ch/qos/logback/core/pattern/parser/TokenStream
instanceKlass ch/qos/logback/core/pattern/util/RegularEscapeUtil
instanceKlass ch/qos/logback/classic/pattern/EnsureExceptionHandling
instanceKlass ch/qos/logback/core/pattern/parser/Token
instanceKlass ch/qos/logback/core/pattern/parser/Node
instanceKlass ch/qos/logback/core/pattern/util/IEscapeUtil
instanceKlass ch/qos/logback/core/pattern/PostCompileProcessor
instanceKlass ch/qos/logback/classic/jul/JULHelper
instanceKlass java/util/Vector$Itr
instanceKlass ch/qos/logback/core/subst/NodeToStringTransformer$1
instanceKlass ch/qos/logback/core/CoreConstants
instanceKlass ch/qos/logback/core/subst/Node
instanceKlass ch/qos/logback/core/subst/Parser$1
instanceKlass ch/qos/logback/core/subst/Parser
instanceKlass ch/qos/logback/core/subst/Token
instanceKlass ch/qos/logback/core/subst/Tokenizer$1
instanceKlass ch/qos/logback/core/subst/Tokenizer
instanceKlass ch/qos/logback/core/subst/NodeToStringTransformer
instanceKlass ch/qos/logback/core/rolling/RollingPolicy
instanceKlass org/springframework/boot/logging/logback/DefaultLogbackConfiguration
instanceKlass ch/qos/logback/core/LifeCycleManager
instanceKlass org/springframework/boot/logging/LoggingInitializationContext
instanceKlass org/springframework/boot/logging/LoggerGroup
instanceKlass org/springframework/boot/logging/LoggerGroups
instanceKlass org/springframework/boot/logging/LogFile
instanceKlass java/util/stream/ReduceOps$2ReducingSink
instanceKlass org/springframework/boot/system/ApplicationPid
instanceKlass org/springframework/boot/ansi/AnsiElement
instanceKlass org/springframework/boot/ansi/AnsiOutput
instanceKlass java/util/regex/ASCII
instanceKlass com/baomidou/mybatisplus/core/toolkit/StringUtils
instanceKlass org/springframework/boot/context/properties/bind/MapBinder$EntryBinder
instanceKlass org/springframework/boot/context/config/Profiles
instanceKlass org/springframework/boot/context/config/ConfigDataEnvironmentContributors$InactiveSourceChecker
instanceKlass org/springframework/boot/context/properties/bind/DefaultValue
instanceKlass org/springframework/boot/context/properties/bind/DataObjectPropertyName
instanceKlass org/springframework/boot/context/properties/bind/ValueObjectBinder$ConstructorParameter
instanceKlass org/springframework/core/SerializableTypeWrapper$MethodInvokeTypeProvider
instanceKlass org/springframework/core/SerializableTypeWrapper$TypeProxyInvocationHandler
instanceKlass org/springframework/core/SerializableTypeWrapper$MethodParameterTypeProvider
instanceKlass org/springframework/core/MethodParameter
instanceKlass org/springframework/boot/context/properties/bind/Name
instanceKlass org/springframework/boot/context/config/ConfigDataProperties$Activate
instanceKlass org/springframework/boot/context/properties/bind/AbstractBindHandler
instanceKlass org/springframework/boot/context/config/ConfigDataProperties$LegacyProfilesBindHandler
instanceKlass org/springframework/boot/context/config/ConfigDataEnvironmentContributorPlaceholdersResolver
instanceKlass org/springframework/core/CollectionFactory
instanceKlass org/springframework/boot/origin/OriginTrackedValue
instanceKlass org/springframework/boot/origin/TextResourceOrigin
instanceKlass org/springframework/boot/origin/TextResourceOrigin$Location
instanceKlass java/util/TreeMap$NavigableSubMap$SubMapIterator
instanceKlass org/yaml/snakeyaml/parser/ParserImpl$ParseDocumentStart
instanceKlass org/yaml/snakeyaml/nodes/NodeTuple
instanceKlass java/util/regex/Pattern$1
instanceKlass org/yaml/snakeyaml/events/ImplicitTuple
instanceKlass org/yaml/snakeyaml/parser/ParserImpl$ParseBlockMappingValue
instanceKlass org/yaml/snakeyaml/parser/ParserImpl$ParseBlockMappingKey
instanceKlass org/yaml/snakeyaml/resolver/Resolver$1
instanceKlass org/yaml/snakeyaml/parser/ParserImpl$ParseBlockMappingFirstKey
instanceKlass org/yaml/snakeyaml/parser/ParserImpl$ParseBlockNode
instanceKlass org/yaml/snakeyaml/parser/ParserImpl$ParseDocumentEnd
instanceKlass org/yaml/snakeyaml/scanner/SimpleKey
instanceKlass org/yaml/snakeyaml/scanner/Constant
instanceKlass org/yaml/snakeyaml/parser/ParserImpl$ParseImplicitDocumentStart
instanceKlass org/yaml/snakeyaml/Yaml$YamlIterable
instanceKlass org/yaml/snakeyaml/Yaml$1
instanceKlass org/yaml/snakeyaml/comments/CommentEventsCollector
instanceKlass org/yaml/snakeyaml/parser/ParserImpl$ParseStreamStart
instanceKlass org/yaml/snakeyaml/parser/VersionTagsTuple
instanceKlass org/yaml/snakeyaml/error/Mark
instanceKlass org/yaml/snakeyaml/util/ArrayStack
instanceKlass org/yaml/snakeyaml/tokens/Token
instanceKlass org/yaml/snakeyaml/scanner/ScannerImpl
instanceKlass org/yaml/snakeyaml/reader/StreamReader
instanceKlass org/yaml/snakeyaml/events/Event
instanceKlass org/yaml/snakeyaml/scanner/Scanner
instanceKlass org/yaml/snakeyaml/parser/Production
instanceKlass org/yaml/snakeyaml/parser/ParserImpl
instanceKlass org/yaml/snakeyaml/composer/Composer
instanceKlass sun/net/DefaultProgressMeteringPolicy
instanceKlass sun/net/ProgressMeteringPolicy
instanceKlass sun/net/ProgressMonitor
instanceKlass org/yaml/snakeyaml/util/PlatformFeatureDetector
instanceKlass java/beans/FeatureDescriptor
instanceKlass org/yaml/snakeyaml/introspector/Property
instanceKlass org/yaml/snakeyaml/introspector/PropertyUtils
instanceKlass org/yaml/snakeyaml/emitter/Emitable
instanceKlass org/yaml/snakeyaml/parser/Parser
instanceKlass org/yaml/snakeyaml/resolver/ResolverTuple
instanceKlass org/yaml/snakeyaml/representer/Representer$RepresentJavaBean
instanceKlass org/yaml/snakeyaml/representer/SafeRepresenter$RepresentEnum
instanceKlass org/yaml/snakeyaml/representer/SafeRepresenter$RepresentDate
instanceKlass org/yaml/snakeyaml/representer/SafeRepresenter$RepresentArray
instanceKlass org/yaml/snakeyaml/representer/SafeRepresenter$RepresentIterator
instanceKlass org/yaml/snakeyaml/representer/SafeRepresenter$RepresentSet
instanceKlass org/yaml/snakeyaml/representer/SafeRepresenter$RepresentMap
instanceKlass org/yaml/snakeyaml/representer/SafeRepresenter$RepresentList
instanceKlass org/yaml/snakeyaml/representer/SafeRepresenter$RepresentNumber
instanceKlass org/yaml/snakeyaml/representer/SafeRepresenter$RepresentPrimitiveArray
instanceKlass org/yaml/snakeyaml/representer/SafeRepresenter$RepresentByteArray
instanceKlass org/yaml/snakeyaml/representer/SafeRepresenter$RepresentUuid
instanceKlass org/yaml/snakeyaml/representer/SafeRepresenter$RepresentBoolean
instanceKlass org/yaml/snakeyaml/representer/SafeRepresenter$RepresentString
instanceKlass org/yaml/snakeyaml/representer/SafeRepresenter$RepresentNull
instanceKlass org/yaml/snakeyaml/representer/Represent
instanceKlass org/yaml/snakeyaml/representer/BaseRepresenter
instanceKlass org/yaml/snakeyaml/serializer/NumberAnchorGenerator
instanceKlass org/yaml/snakeyaml/serializer/AnchorGenerator
instanceKlass org/yaml/snakeyaml/DumperOptions
instanceKlass org/yaml/snakeyaml/constructor/SafeConstructor$ConstructYamlMap
instanceKlass org/yaml/snakeyaml/constructor/SafeConstructor$ConstructYamlSeq
instanceKlass org/yaml/snakeyaml/constructor/SafeConstructor$ConstructYamlSet
instanceKlass org/yaml/snakeyaml/external/com/google/gdata/util/common/base/UnicodeEscaper
instanceKlass org/yaml/snakeyaml/external/com/google/gdata/util/common/base/Escaper
instanceKlass org/yaml/snakeyaml/util/UriEncoder
instanceKlass org/yaml/snakeyaml/TypeDescription
instanceKlass org/yaml/snakeyaml/constructor/AbstractConstruct
instanceKlass org/yaml/snakeyaml/constructor/Construct
instanceKlass org/yaml/snakeyaml/nodes/Node
instanceKlass org/yaml/snakeyaml/LoaderOptions
instanceKlass org/springframework/beans/factory/config/YamlProcessor$MatchCallback
instanceKlass org/yaml/snakeyaml/nodes/Tag
instanceKlass org/yaml/snakeyaml/resolver/Resolver
instanceKlass org/yaml/snakeyaml/constructor/BaseConstructor
instanceKlass org/springframework/beans/factory/config/YamlProcessor
instanceKlass org/yaml/snakeyaml/Yaml
instanceKlass org/springframework/boot/origin/OriginTrackedResource
instanceKlass org/springframework/boot/context/config/ConfigData
instanceKlass org/springframework/boot/context/config/ConfigDataResolutionResult
instanceKlass org/springframework/core/io/WritableResource
instanceKlass org/springframework/boot/context/config/StandardConfigDataReference
instanceKlass java/util/regex/IntHashSet
instanceKlass java/util/regex/Matcher
instanceKlass java/util/regex/MatchResult
instanceKlass org/springframework/boot/context/config/ConfigDataEnvironmentContributors$ContributorDataLoaderContext
instanceKlass org/springframework/boot/context/config/ConfigDataEnvironmentContributors$ContributorConfigDataLocationResolverContext
instanceKlass org/springframework/boot/context/config/ConfigDataEnvironmentContributor$ContributorIterator
instanceKlass org/springframework/boot/BootstrapRegistry$InstanceSupplier$1
instanceKlass org/springframework/boot/BootstrapRegistry$InstanceSupplier
instanceKlass org/springframework/boot/context/config/ConfigDataActivationContext
instanceKlass org/springframework/boot/context/config/ConfigDataImporter
instanceKlass org/springframework/boot/context/config/ConfigDataLocationResolverContext
instanceKlass org/springframework/boot/context/config/ConfigDataLoaderContext
instanceKlass org/springframework/boot/context/config/ConfigDataEnvironmentContributors
instanceKlass org/springframework/boot/context/config/ConfigDataProperties
instanceKlass org/springframework/boot/context/config/ConfigDataEnvironmentContributor
instanceKlass org/springframework/core/log/LogMessage
instanceKlass org/springframework/boot/context/config/ConfigData$Options
instanceKlass org/springframework/boot/context/config/ConfigData$AlwaysPropertySourceOptions
instanceKlass org/springframework/boot/context/config/ConfigData$PropertySourceOptions
instanceKlass org/springframework/boot/context/config/StandardConfigDataLoader
instanceKlass org/springframework/boot/context/config/ConfigDataResource
instanceKlass org/springframework/boot/context/config/ConfigTreeConfigDataLoader
instanceKlass org/springframework/boot/context/config/ConfigDataLoader
instanceKlass org/springframework/boot/context/config/ConfigDataLoaders
instanceKlass org/springframework/boot/context/config/ConfigDataEnvironmentUpdateListener$1
instanceKlass java/util/function/BooleanSupplier
instanceKlass java/util/stream/StreamSpliterators
instanceKlass java/util/stream/StreamSpliterators$AbstractWrappingSpliterator
instanceKlass org/springframework/boot/context/properties/source/FilteredConfigurationPropertiesSource
instanceKlass org/springframework/boot/context/properties/bind/AggregateBinder$AggregateSupplier
instanceKlass org/springframework/boot/context/properties/bind/AggregateElementBinder
instanceKlass org/springframework/boot/env/YamlPropertySourceLoader
instanceKlass org/springframework/boot/env/PropertiesPropertySourceLoader
instanceKlass org/springframework/boot/env/PropertySourceLoader
instanceKlass org/springframework/boot/context/config/StandardConfigDataLocationResolver
instanceKlass org/springframework/boot/context/config/LocationResourceLoader
instanceKlass org/springframework/boot/context/config/ConfigTreeConfigDataLocationResolver
instanceKlass org/springframework/boot/context/config/ConfigDataLocationResolver
instanceKlass org/springframework/boot/context/config/ConfigDataLocationResolvers
instanceKlass org/springframework/boot/context/properties/bind/JavaBeanBinder$Bean
instanceKlass org/springframework/boot/context/properties/bind/ValueObjectBinder$ValueObject
instanceKlass org/springframework/boot/context/properties/bind/DataObjectPropertyBinder
instanceKlass org/springframework/boot/context/properties/bind/BindResult
instanceKlass org/springframework/boot/context/properties/bind/Binder$Context
instanceKlass org/springframework/boot/context/config/UseLegacyConfigProcessingException$UseLegacyProcessingBindHandler
instanceKlass org/springframework/boot/context/properties/bind/JavaBeanBinder
instanceKlass org/springframework/boot/context/properties/bind/ValueObjectBinder
instanceKlass org/springframework/boot/context/properties/bind/DataObjectBinder
instanceKlass org/springframework/boot/context/properties/bind/DefaultBindConstructorProvider
instanceKlass org/springframework/boot/context/properties/bind/BindConstructorProvider
instanceKlass org/springframework/boot/context/properties/bind/BindHandler$1
instanceKlass org/springframework/boot/context/properties/bind/BindHandler
instanceKlass org/springframework/beans/TypeConverterDelegate
instanceKlass org/springframework/beans/PropertyEditorRegistrySupport
instanceKlass org/springframework/beans/PropertyEditorRegistry
instanceKlass org/springframework/beans/TypeConverter
instanceKlass java/beans/PropertyEditorSupport
instanceKlass java/beans/PropertyEditor
instanceKlass org/springframework/boot/context/properties/bind/BindConverter$TypeConverterConverter
instanceKlass org/springframework/boot/context/properties/bind/BindConverter
instanceKlass org/springframework/util/PropertyPlaceholderHelper
instanceKlass org/springframework/boot/context/properties/bind/PropertySourcesPlaceholdersResolver
instanceKlass org/springframework/boot/context/properties/bind/AggregateBinder
instanceKlass org/springframework/boot/context/properties/bind/BindContext
instanceKlass org/springframework/boot/context/properties/bind/Binder
instanceKlass org/springframework/boot/context/config/ConfigDataLocation
instanceKlass org/springframework/boot/context/properties/bind/PlaceholdersResolver
instanceKlass org/springframework/boot/origin/OriginProvider
instanceKlass org/springframework/boot/context/config/ConfigDataEnvironment
instanceKlass org/springframework/boot/context/properties/source/ConfigurationPropertyName$ElementCharPredicate
instanceKlass java/util/stream/MatchOps$BooleanTerminalSink
instanceKlass java/util/stream/MatchOps$MatchOp
instanceKlass java/util/stream/MatchOps
instanceKlass java/util/function/UnaryOperator
instanceKlass org/springframework/boot/context/properties/source/SpringIterableConfigurationPropertySource$Mappings
instanceKlass org/springframework/boot/context/properties/source/DefaultPropertyMapper$LastMapping
instanceKlass java/time/Clock
instanceKlass java/time/InstantSource
instanceKlass org/springframework/boot/context/properties/source/SoftReferenceConfigurationPropertyCache
instanceKlass org/springframework/boot/context/properties/source/ConfigurationPropertyCaching
instanceKlass org/springframework/boot/context/properties/source/SystemEnvironmentPropertyMapper
instanceKlass java/util/function/BiPredicate
instanceKlass org/springframework/boot/context/properties/source/DefaultPropertyMapper
instanceKlass org/springframework/boot/context/properties/source/PropertyMapper
instanceKlass org/springframework/boot/context/properties/source/CachingConfigurationPropertySource
instanceKlass org/springframework/boot/context/properties/source/IterableConfigurationPropertySource
instanceKlass org/springframework/boot/context/properties/source/SpringConfigurationPropertySource
instanceKlass org/springframework/boot/context/properties/source/SpringConfigurationPropertySources$SourcesIterator
instanceKlass org/springframework/boot/env/SpringApplicationJsonEnvironmentPostProcessor$JsonPropertyValue
instanceKlass org/springframework/boot/origin/Origin
instanceKlass org/springframework/boot/logging/DeferredLog$Line
instanceKlass org/springframework/boot/autoconfigure/integration/IntegrationPropertiesEnvironmentPostProcessor
instanceKlass com/baomidou/mybatisplus/autoconfigure/SafetyEncryptProcessor
instanceKlass org/springframework/boot/reactor/DebugAgentEnvironmentPostProcessor
instanceKlass org/springframework/boot/env/SystemEnvironmentPropertySourceEnvironmentPostProcessor
instanceKlass org/springframework/boot/env/SpringApplicationJsonEnvironmentPostProcessor
instanceKlass org/springframework/boot/env/RandomValuePropertySourceEnvironmentPostProcessor
instanceKlass org/springframework/boot/context/config/ConfigDataEnvironmentUpdateListener
instanceKlass org/springframework/boot/context/config/ConfigDataEnvironmentPostProcessor
instanceKlass org/springframework/boot/logging/DeferredLog
instanceKlass java/util/Collections$UnmodifiableMap$UnmodifiableEntrySet$UnmodifiableEntry
instanceKlass java/util/Collections$UnmodifiableMap$UnmodifiableEntrySet$1
instanceKlass org/springframework/boot/cloud/CloudFoundryVcapEnvironmentPostProcessor
instanceKlass org/springframework/boot/util/Instantiator$TypeSupplier$1
instanceKlass org/springframework/boot/util/Instantiator$TypeSupplier
instanceKlass org/springframework/boot/util/Instantiator$1
instanceKlass org/springframework/boot/util/Instantiator$AvailableParameters
instanceKlass org/springframework/boot/util/Instantiator$FailureHandler
instanceKlass java/util/Collections$ReverseComparator2
instanceKlass java/util/Collections$ReverseComparator
instanceKlass java/util/function/ToIntFunction
instanceKlass org/springframework/boot/util/Instantiator
instanceKlass org/springframework/boot/env/EnvironmentPostProcessor
instanceKlass org/springframework/boot/env/ReflectionEnvironmentPostProcessorsFactory
instanceKlass org/springframework/boot/context/properties/source/ConfigurationPropertySource
instanceKlass org/springframework/boot/context/properties/source/SpringConfigurationPropertySources
instanceKlass org/springframework/boot/convert/CharSequenceToObjectConverter
instanceKlass org/springframework/boot/convert/LenientObjectToEnumConverterFactory
instanceKlass sun/reflect/generics/tree/ByteSignature
instanceKlass org/springframework/boot/convert/InputStreamSourceToByteArrayConverter
instanceKlass org/springframework/core/io/DefaultResourceLoader
instanceKlass org/springframework/boot/convert/StringToFileConverter
instanceKlass org/springframework/boot/convert/NumberToDataSizeConverter
instanceKlass org/springframework/util/unit/DataSize
instanceKlass org/springframework/boot/convert/StringToDataSizeConverter
instanceKlass org/springframework/boot/convert/NumberToPeriodConverter
instanceKlass org/springframework/boot/convert/PeriodToStringConverter
instanceKlass org/springframework/boot/convert/StringToPeriodConverter
instanceKlass org/springframework/boot/convert/DurationToNumberConverter
instanceKlass org/springframework/boot/convert/NumberToDurationConverter
instanceKlass org/springframework/boot/convert/DurationToStringConverter
instanceKlass org/springframework/boot/convert/StringToDurationConverter
instanceKlass org/springframework/boot/convert/DelimitedStringToCollectionConverter
instanceKlass org/springframework/boot/convert/DelimitedStringToArrayConverter
instanceKlass org/springframework/boot/convert/CollectionToDelimitedStringConverter
instanceKlass org/springframework/boot/convert/ArrayToDelimitedStringConverter
instanceKlass org/springframework/boot/convert/IsoOffsetFormatter
instanceKlass org/springframework/boot/convert/InetAddressFormatter
instanceKlass sun/reflect/generics/tree/ArrayTypeSignature
instanceKlass sun/reflect/generics/tree/CharSignature
instanceKlass org/springframework/boot/convert/CharArrayFormatter
instanceKlass org/springframework/format/annotation/DateTimeFormat
instanceKlass org/springframework/format/datetime/standard/MonthDayFormatter
instanceKlass java/time/MonthDay
instanceKlass org/springframework/format/datetime/standard/YearMonthFormatter
instanceKlass java/time/YearMonth
instanceKlass org/springframework/format/datetime/standard/MonthFormatter
instanceKlass org/springframework/format/datetime/standard/YearFormatter
instanceKlass java/time/Year
instanceKlass org/springframework/format/datetime/standard/DurationFormatter
instanceKlass org/springframework/format/datetime/standard/PeriodFormatter
instanceKlass org/springframework/format/datetime/standard/InstantFormatter
instanceKlass java/time/OffsetTime
instanceKlass org/springframework/format/support/FormattingConversionService$ParserConverter
instanceKlass org/springframework/format/support/FormattingConversionService$PrinterConverter
instanceKlass org/springframework/format/datetime/standard/TemporalAccessorParser
instanceKlass org/springframework/format/datetime/standard/TemporalAccessorPrinter
instanceKlass java/time/format/DateTimeFormatterBuilder$LocalizedPrinterParser
instanceKlass java/time/Period
instanceKlass java/time/chrono/ChronoPeriod
instanceKlass java/time/format/DateTimeFormatterBuilder$TextPrinterParser
instanceKlass java/time/format/DateTimeTextProvider$1
instanceKlass java/time/format/DateTimeTextProvider
instanceKlass java/time/format/DateTimeTextProvider$LocaleStore
instanceKlass java/time/format/DateTimeFormatterBuilder$InstantPrinterParser
instanceKlass java/time/format/DateTimeFormatterBuilder$StringLiteralPrinterParser
instanceKlass java/time/format/DateTimeFormatterBuilder$ZoneIdPrinterParser
instanceKlass java/time/format/DateTimeFormatterBuilder$OffsetIdPrinterParser
instanceKlass java/time/format/DecimalStyle
instanceKlass java/time/format/DateTimeFormatterBuilder$CompositePrinterParser
instanceKlass java/time/format/DateTimeFormatterBuilder$CharLiteralPrinterParser
instanceKlass java/time/format/DateTimeFormatterBuilder$NumberPrinterParser
instanceKlass java/time/format/DateTimeFormatterBuilder$DateTimePrinterParser
instanceKlass java/time/temporal/JulianFields
instanceKlass java/time/temporal/IsoFields
instanceKlass java/time/temporal/TemporalQuery
instanceKlass java/time/format/DateTimeFormatterBuilder
instanceKlass java/time/format/DateTimeFormatter
instanceKlass org/springframework/format/datetime/standard/DateTimeFormatterRegistrar$1
instanceKlass org/springframework/format/datetime/standard/DateTimeConverters$InstantToLongConverter
instanceKlass org/springframework/format/datetime/standard/DateTimeConverters$LongToInstantConverter
instanceKlass org/springframework/format/datetime/standard/DateTimeConverters$CalendarToInstantConverter
instanceKlass org/springframework/format/datetime/standard/DateTimeConverters$CalendarToLocalDateTimeConverter
instanceKlass org/springframework/format/datetime/standard/DateTimeConverters$CalendarToLocalTimeConverter
instanceKlass org/springframework/format/datetime/standard/DateTimeConverters$CalendarToLocalDateConverter
instanceKlass org/springframework/format/datetime/standard/DateTimeConverters$CalendarToOffsetDateTimeConverter
instanceKlass org/springframework/format/datetime/standard/DateTimeConverters$CalendarToZonedDateTimeConverter
instanceKlass org/springframework/format/datetime/standard/DateTimeConverters$OffsetDateTimeToInstantConverter
instanceKlass org/springframework/format/datetime/standard/DateTimeConverters$OffsetDateTimeToZonedDateTimeConverter
instanceKlass org/springframework/format/datetime/standard/DateTimeConverters$OffsetDateTimeToLocalDateTimeConverter
instanceKlass org/springframework/format/datetime/standard/DateTimeConverters$OffsetDateTimeToLocalTimeConverter
instanceKlass org/springframework/format/datetime/standard/DateTimeConverters$OffsetDateTimeToLocalDateConverter
instanceKlass java/time/Instant
instanceKlass org/springframework/format/datetime/standard/DateTimeConverters$ZonedDateTimeToInstantConverter
instanceKlass java/time/OffsetDateTime
instanceKlass org/springframework/format/datetime/standard/DateTimeConverters$ZonedDateTimeToOffsetDateTimeConverter
instanceKlass org/springframework/format/datetime/standard/DateTimeConverters$ZonedDateTimeToLocalDateTimeConverter
instanceKlass org/springframework/format/datetime/standard/DateTimeConverters$ZonedDateTimeToLocalTimeConverter
instanceKlass org/springframework/format/datetime/standard/DateTimeConverters$ZonedDateTimeToLocalDateConverter
instanceKlass org/springframework/format/datetime/standard/DateTimeConverters$LocalDateTimeToLocalTimeConverter
instanceKlass org/springframework/format/datetime/standard/DateTimeConverters$LocalDateTimeToLocalDateConverter
instanceKlass org/springframework/format/datetime/DateFormatterRegistrar$LongToCalendarConverter
instanceKlass org/springframework/format/datetime/DateFormatterRegistrar$LongToDateConverter
instanceKlass org/springframework/format/datetime/DateFormatterRegistrar$CalendarToLongConverter
instanceKlass org/springframework/format/datetime/DateFormatterRegistrar$CalendarToDateConverter
instanceKlass org/springframework/format/datetime/DateFormatterRegistrar$DateToCalendarConverter
instanceKlass org/springframework/format/datetime/DateFormatterRegistrar$DateToLongConverter
instanceKlass org/springframework/format/datetime/DateFormatterRegistrar
instanceKlass org/springframework/format/datetime/standard/DateTimeConverters
instanceKlass org/springframework/format/datetime/standard/DateTimeFormatterFactory
instanceKlass org/springframework/format/datetime/standard/DateTimeFormatterRegistrar
instanceKlass org/springframework/format/FormatterRegistrar
instanceKlass org/springframework/format/support/FormattingConversionService$AnnotationParserConverter
instanceKlass org/springframework/format/support/FormattingConversionService$AnnotationPrinterConverter
instanceKlass org/springframework/util/NumberUtils
instanceKlass org/springframework/format/annotation/NumberFormat
instanceKlass org/springframework/core/GenericTypeResolver
instanceKlass org/springframework/context/support/EmbeddedValueResolutionSupport
instanceKlass org/springframework/format/AnnotationFormatterFactory
instanceKlass org/springframework/core/convert/support/ObjectToOptionalConverter
instanceKlass org/springframework/core/convert/support/FallbackObjectToStringConverter
instanceKlass org/springframework/core/convert/support/IdToEntityConverter
instanceKlass org/springframework/core/convert/support/ObjectToObjectConverter
instanceKlass java/time/ZonedDateTime
instanceKlass java/time/chrono/ChronoZonedDateTime
instanceKlass org/springframework/core/convert/support/ZonedDateTimeToCalendarConverter
instanceKlass org/springframework/core/convert/support/ZoneIdToTimeZoneConverter
instanceKlass org/springframework/core/convert/support/StringToTimeZoneConverter
instanceKlass org/springframework/core/convert/support/ByteBufferConverter
instanceKlass org/springframework/core/convert/TypeDescriptor$AnnotatedElementAdapter
instanceKlass org/springframework/core/convert/TypeDescriptor
instanceKlass org/springframework/core/convert/support/StreamConverter
instanceKlass org/springframework/core/convert/support/ObjectToCollectionConverter
instanceKlass org/springframework/core/convert/support/CollectionToObjectConverter
instanceKlass org/springframework/core/convert/support/StringToCollectionConverter
instanceKlass org/springframework/core/convert/support/ObjectToArrayConverter
instanceKlass org/springframework/core/convert/support/ArrayToObjectConverter
instanceKlass org/springframework/core/convert/support/StringToArrayConverter
instanceKlass org/springframework/core/convert/support/CollectionToStringConverter
instanceKlass org/springframework/core/convert/support/ArrayToStringConverter
instanceKlass org/springframework/core/convert/support/MapToMapConverter
instanceKlass org/springframework/core/convert/support/CollectionToCollectionConverter
instanceKlass org/springframework/core/convert/support/ArrayToArrayConverter
instanceKlass org/springframework/core/convert/support/CollectionToArrayConverter
instanceKlass org/springframework/core/convert/support/ArrayToCollectionConverter
instanceKlass java/util/UUID
instanceKlass org/springframework/core/convert/support/StringToUUIDConverter
instanceKlass org/springframework/core/convert/support/PropertiesToStringConverter
instanceKlass org/springframework/core/convert/support/StringToPropertiesConverter
instanceKlass java/util/Currency
instanceKlass org/springframework/core/convert/support/StringToCurrencyConverter
instanceKlass org/springframework/core/convert/support/StringToCharsetConverter
instanceKlass org/springframework/core/convert/support/StringToLocaleConverter
instanceKlass org/springframework/core/convert/support/IntegerToEnumConverterFactory
instanceKlass sun/reflect/generics/tree/Wildcard
instanceKlass sun/reflect/generics/tree/BottomSignature
instanceKlass org/springframework/core/convert/support/AbstractConditionalEnumConverter
instanceKlass org/springframework/core/convert/support/StringToEnumConverterFactory
instanceKlass org/springframework/core/convert/support/StringToBooleanConverter
instanceKlass org/springframework/core/convert/support/CharacterToNumberFactory
instanceKlass org/springframework/core/convert/support/NumberToCharacterConverter
instanceKlass org/springframework/core/convert/support/StringToCharacterConverter
instanceKlass org/springframework/core/convert/support/GenericConversionService$ConverterAdapter
instanceKlass org/springframework/core/convert/support/ObjectToStringConverter
instanceKlass org/springframework/core/convert/support/StringToNumberConverterFactory
instanceKlass java/util/concurrent/ConcurrentLinkedDeque$Node
instanceKlass org/springframework/core/convert/support/GenericConversionService$ConvertersForPair
instanceKlass org/springframework/core/convert/converter/GenericConverter$ConvertiblePair
instanceKlass org/springframework/core/convert/support/GenericConversionService$ConverterFactoryAdapter
instanceKlass org/springframework/core/convert/converter/ConditionalGenericConverter
instanceKlass org/springframework/core/convert/support/NumberToNumberConverterFactory
instanceKlass org/springframework/core/convert/converter/ConditionalConverter
instanceKlass org/springframework/core/convert/support/GenericConversionService$Converters
instanceKlass org/springframework/core/convert/support/GenericConversionService$NoOpConverter
instanceKlass org/springframework/core/convert/converter/ConverterFactory
instanceKlass org/springframework/core/convert/converter/Converter
instanceKlass org/springframework/format/Formatter
instanceKlass org/springframework/format/Parser
instanceKlass org/springframework/format/Printer
instanceKlass org/springframework/core/convert/converter/GenericConverter
instanceKlass org/springframework/core/convert/support/GenericConversionService
instanceKlass org/springframework/context/EmbeddedValueResolverAware
instanceKlass org/springframework/format/FormatterRegistry
instanceKlass java/lang/ProcessEnvironment$CheckedEntry
instanceKlass java/lang/ProcessEnvironment$CheckedEntrySet$1
instanceKlass java/lang/ProcessEnvironment$EntryComparator
instanceKlass java/lang/ProcessEnvironment$NameComparator
instanceKlass javax/naming/spi/NamingManager
instanceKlass java/lang/invoke/MethodHandle$1
instanceKlass com/sun/naming/internal/VersionHelper$InputStreamEnumeration
instanceKlass javax/naming/NamingEnumeration
instanceKlass com/sun/naming/internal/VersionHelper
instanceKlass com/sun/naming/internal/ResourceManager
instanceKlass org/springframework/jndi/JndiAccessor
instanceKlass org/springframework/core/env/AbstractPropertyResolver
instanceKlass org/springframework/boot/origin/OriginLookup
instanceKlass org/springframework/boot/context/properties/source/ConfigurationPropertySources
instanceKlass org/springframework/core/env/MutablePropertySources
instanceKlass javax/naming/InitialContext
instanceKlass javax/naming/Context
instanceKlass org/springframework/core/env/PropertySources
instanceKlass org/springframework/core/env/AbstractEnvironment
instanceKlass org/springframework/web/context/ConfigurableWebEnvironment
instanceKlass org/springframework/boot/web/servlet/context/AnnotationConfigServletWebServerApplicationContext$Factory
instanceKlass org/springframework/boot/web/reactive/context/AnnotationConfigReactiveWebServerApplicationContext$Factory
instanceKlass org/springframework/core/env/CommandLineArgs
instanceKlass org/springframework/core/env/SimpleCommandLineArgsParser
instanceKlass org/springframework/boot/DefaultApplicationArguments
instanceKlass java/util/logging/LogManager$CloseOnReset
instanceKlass org/springframework/boot/logging/AbstractLoggingSystem$LogLevels
instanceKlass org/springframework/boot/logging/LoggerConfigurationComparator
instanceKlass org/springframework/boot/logging/logback/LogbackConfigurator
instanceKlass ch/qos/logback/classic/spi/LoggerContextListener
instanceKlass org/springframework/boot/logging/LoggingSystemProperties
instanceKlass org/springframework/boot/logging/java/JavaLoggingSystem$Factory
instanceKlass org/springframework/boot/logging/log4j2/Log4J2LoggingSystem$Factory
instanceKlass org/springframework/boot/logging/logback/LogbackLoggingSystem$Factory
instanceKlass org/springframework/boot/logging/DelegatingLoggingSystemFactory
instanceKlass org/springframework/boot/logging/LoggingSystemFactory
instanceKlass org/springframework/boot/logging/LoggingSystem
instanceKlass org/springframework/aop/SpringProxy
instanceKlass org/springframework/aop/support/AopUtils
instanceKlass org/springframework/core/ResolvableType$WildcardBounds
instanceKlass org/springframework/context/event/GenericApplicationListenerAdapter
instanceKlass org/springframework/context/event/AbstractApplicationEventMulticaster$CachedListenerRetriever
instanceKlass org/springframework/context/event/AbstractApplicationEventMulticaster$ListenerCacheKey
instanceKlass org/springframework/core/ResolvableTypeProvider
instanceKlass org/springframework/aop/framework/Advised
instanceKlass org/springframework/aop/TargetClassAware
instanceKlass java/lang/reflect/AnnotatedType
instanceKlass org/springframework/aop/framework/AopProxyUtils
instanceKlass org/springframework/util/ErrorHandler
instanceKlass sun/reflect/misc/Trampoline
instanceKlass org/springframework/boot/availability/AvailabilityState
instanceKlass org/springframework/boot/context/event/EventPublishingRunListener
instanceKlass sun/reflect/misc/MethodUtil$1
instanceKlass org/springframework/boot/SpringApplicationRunListener
instanceKlass org/springframework/boot/SpringApplicationRunListeners
instanceKlass javax/management/remote/rmi/RMIConnectionImpl$PrivilegedOperation
instanceKlass org/springframework/context/event/AbstractApplicationEventMulticaster$DefaultListenerRetriever
instanceKlass org/springframework/context/event/AbstractApplicationEventMulticaster
instanceKlass org/springframework/beans/factory/BeanFactoryAware
instanceKlass org/springframework/beans/factory/BeanClassLoaderAware
instanceKlass sun/rmi/transport/DGCAckHandler$1
instanceKlass sun/rmi/transport/DGCAckHandler
instanceKlass org/springframework/context/event/ApplicationEventMulticaster
instanceKlass org/springframework/boot/DefaultBootstrapContext
instanceKlass javax/management/remote/NotificationResult
instanceKlass org/springframework/core/annotation/AnnotationUtils
instanceKlass org/springframework/core/annotation/ValueExtractor
instanceKlass javax/security/auth/Subject
instanceKlass java/rmi/MarshalledObject
instanceKlass com/sun/jmx/remote/internal/ServerCommunicatorAdmin$Timeout
instanceKlass com/sun/jmx/remote/internal/ServerCommunicatorAdmin
instanceKlass javax/management/remote/rmi/RMIConnectionImpl$3
instanceKlass javax/management/remote/rmi/RMIConnectionImpl$2
instanceKlass org/springframework/core/annotation/AliasFor
instanceKlass javax/management/remote/rmi/RMIConnectionImpl$1
instanceKlass com/sun/jmx/remote/security/SubjectDelegator
instanceKlass org/springframework/core/annotation/AnnotationTypeMapping$MirrorSets
instanceKlass javax/management/remote/rmi/RMIConnectionImpl
instanceKlass java/rmi/server/Unreferenced
instanceKlass org/springframework/core/annotation/AnnotationTypeMapping$MirrorSets$MirrorSet
instanceKlass org/springframework/core/annotation/AnnotationTypeMapping
instanceKlass java/io/ObjectStreamClass$5
instanceKlass java/io/ObjectStreamClass$4
instanceKlass java/io/ObjectStreamClass$3
instanceKlass java/io/ObjectStreamClass$MemberSignature
instanceKlass java/io/ObjectStreamClass$1
instanceKlass sun/rmi/server/MarshalOutputStream$1
instanceKlass java/util/concurrent/locks/AbstractQueuedSynchronizer$Node
instanceKlass sun/rmi/transport/SequenceEntry
instanceKlass java/util/concurrent/TimeUnit$1
instanceKlass java/util/concurrent/Executors$RunnableAdapter
instanceKlass java/util/concurrent/Executors
instanceKlass java/util/concurrent/FutureTask$WaitNode
instanceKlass org/springframework/core/annotation/AnnotationTypeMappings$Cache
instanceKlass java/util/concurrent/FutureTask
instanceKlass sun/rmi/transport/DGCImpl$1
instanceKlass sun/rmi/transport/DGCImpl$LeaseInfo
instanceKlass org/springframework/core/annotation/AnnotationTypeMappings
instanceKlass java/rmi/dgc/VMID
instanceKlass java/rmi/dgc/Lease
instanceKlass java/io/ObjectInputStream$GetField
instanceKlass java/io/ObjectStreamClass$ExceptionInfo
instanceKlass java/io/ObjectInputStream$Logging
instanceKlass java/io/ObjectInputStream$FilterValues
instanceKlass org/springframework/core/annotation/AttributeMethods
instanceKlass sun/rmi/server/LoaderHandler
instanceKlass jdk/internal/misc/ScopedMemoryAccess$Scope
instanceKlass java/rmi/server/RMIClassLoader$1
instanceKlass java/rmi/server/RMIClassLoaderSpi
instanceKlass java/rmi/server/RMIClassLoader
instanceKlass sun/rmi/transport/Transport$1
instanceKlass org/springframework/core/NativeDetector
instanceKlass java/io/ObjectInputStream$ValidationList
instanceKlass java/io/ObjectInputStream$HandleTable$HandleList
instanceKlass java/io/ObjectInputStream$HandleTable
instanceKlass java/util/concurrent/CountDownLatch
instanceKlass org/springframework/boot/autoconfigure/BackgroundPreinitializer
instanceKlass java/rmi/registry/Registry
instanceKlass org/springframework/boot/logging/DeferredLog$Lines
instanceKlass jdk/internal/access/JavaObjectInputStreamReadString
instanceKlass jdk/internal/access/JavaObjectInputStreamAccess
instanceKlass org/springframework/boot/env/EnvironmentPostProcessorsFactory
instanceKlass org/springframework/boot/logging/DeferredLogs
instanceKlass sun/rmi/transport/StreamRemoteCall
instanceKlass java/rmi/server/RemoteCall
instanceKlass sun/rmi/transport/tcp/TCPConnection
instanceKlass sun/rmi/transport/Connection
instanceKlass org/springframework/boot/logging/DeferredLogFactory
instanceKlass org/springframework/boot/env/EnvironmentPostProcessorApplicationListener
instanceKlass sun/rmi/transport/tcp/TCPChannel
instanceKlass sun/rmi/transport/Channel
instanceKlass sun/nio/ch/ExtendedSocketOption$1
instanceKlass sun/nio/ch/ExtendedSocketOption
instanceKlass sun/nio/ch/OptionKey
instanceKlass sun/nio/ch/SocketOptionRegistry$LazyInitialization
instanceKlass sun/nio/ch/SocketOptionRegistry$RegistryKey
instanceKlass sun/nio/ch/SocketOptionRegistry
instanceKlass java/net/StandardSocketOptions$StdSocketOption
instanceKlass java/net/StandardSocketOptions
instanceKlass org/springframework/util/MultiValueMapAdapter
instanceKlass org/springframework/core/ResolvableType$DefaultVariableResolver
instanceKlass org/springframework/core/ResolvableType$TypeVariablesVariableResolver
instanceKlass org/springframework/core/ResolvableType$SyntheticParameterizedType
instanceKlass org/springframework/core/SerializableTypeWrapper$SerializableTypeProxy
instanceKlass java/lang/reflect/WildcardType
instanceKlass org/springframework/core/SerializableTypeWrapper
instanceKlass org/springframework/core/ResolvableType$EmptyType
instanceKlass org/springframework/core/ResolvableType$VariableResolver
instanceKlass org/springframework/core/SerializableTypeWrapper$TypeProvider
instanceKlass org/springframework/core/ResolvableType
instanceKlass sun/rmi/transport/tcp/TCPTransport$ConnectionHandler
instanceKlass org/springframework/boot/context/properties/bind/Bindable
instanceKlass org/springframework/boot/context/properties/source/ConfigurationPropertyName$ElementsParser
instanceKlass org/springframework/boot/context/properties/source/ConfigurationPropertyName$Elements
instanceKlass org/springframework/boot/context/properties/source/ConfigurationPropertyName
instanceKlass org/springframework/boot/context/logging/LoggingApplicationListener
instanceKlass org/springframework/context/event/GenericApplicationListener
instanceKlass org/springframework/context/event/SmartApplicationListener
instanceKlass org/springframework/boot/context/config/DelegatingApplicationListener
instanceKlass org/springframework/boot/context/config/AnsiOutputApplicationListener
instanceKlass org/springframework/boot/context/FileEncodingApplicationListener
instanceKlass sun/management/counter/Units
instanceKlass jdk/internal/agent/ConnectorAddressLink
instanceKlass org/springframework/boot/builder/ParentContextCloserApplicationListener
instanceKlass org/springframework/context/ApplicationContextAware
instanceKlass org/springframework/beans/factory/Aware
instanceKlass java/io/SerialCallbackContext
instanceKlass java/io/ObjectStreamClass$ClassDataSlot
instanceKlass org/springframework/boot/ClearCachesApplicationListener
instanceKlass org/springframework/core/DecoratingProxy
instanceKlass java/io/ObjectStreamClass$FieldReflector
instanceKlass java/io/ObjectStreamClass$FieldReflectorKey
instanceKlass org/springframework/core/annotation/AbstractMergedAnnotation
instanceKlass java/io/ObjectInput
instanceKlass java/io/ObjectStreamClass$2
instanceKlass java/io/ClassCache
instanceKlass java/io/ObjectStreamClass$Caches
instanceKlass java/io/ObjectStreamClass
instanceKlass java/io/Bits
instanceKlass java/io/ObjectOutputStream$ReplaceTable
instanceKlass java/io/ObjectOutputStream$HandleTable
instanceKlass java/io/ObjectStreamConstants
instanceKlass java/io/ObjectOutput
instanceKlass java/lang/FunctionalInterface
instanceKlass org/springframework/core/annotation/AnnotationsScanner$1
instanceKlass org/springframework/core/annotation/MergedAnnotationSelectors$FirstDirectlyDeclared
instanceKlass sun/rmi/server/UnicastServerRef$HashToMethod_Maps$1
instanceKlass org/springframework/core/annotation/MergedAnnotationSelectors$Nearest
instanceKlass sun/rmi/server/WeakClassHashMap$ValueCell
instanceKlass org/springframework/core/annotation/MergedAnnotationSelector
instanceKlass org/springframework/core/annotation/MergedAnnotationSelectors
instanceKlass sun/rmi/transport/tcp/TCPTransport$AcceptLoop
instanceKlass sun/rmi/runtime/NewThreadAction$2
instanceKlass sun/rmi/runtime/NewThreadAction$1
instanceKlass sun/rmi/runtime/NewThreadAction
instanceKlass java/util/LinkedList$ListItr
instanceKlass org/springframework/core/annotation/MergedAnnotation
instanceKlass java/net/Inet4AddressImpl
instanceKlass org/springframework/core/annotation/TypeMappedAnnotations$MergedAnnotationFinder
instanceKlass java/net/ServerSocket
instanceKlass sun/rmi/transport/ObjectEndpoint
instanceKlass org/springframework/core/annotation/Order
instanceKlass sun/rmi/transport/DGCImpl$2$1
instanceKlass sun/rmi/transport/DGCImpl_Skel
instanceKlass java/rmi/server/Skeleton
instanceKlass java/rmi/server/Operation
instanceKlass org/springframework/core/annotation/OrderUtils
instanceKlass java/io/ObjectInputFilter$FilterInfo
instanceKlass sun/rmi/transport/DGCImpl$2
instanceKlass org/springframework/core/annotation/AnnotationsScanner
instanceKlass java/util/concurrent/RunnableScheduledFuture
instanceKlass java/util/concurrent/ScheduledFuture
instanceKlass java/util/concurrent/Delayed
instanceKlass java/util/concurrent/RunnableFuture
instanceKlass java/util/concurrent/Future
instanceKlass sun/rmi/runtime/RuntimeUtil$1
instanceKlass java/util/concurrent/ScheduledExecutorService
instanceKlass org/springframework/core/annotation/AnnotationsProcessor
instanceKlass sun/rmi/runtime/RuntimeUtil
instanceKlass sun/rmi/runtime/RuntimeUtil$GetInstanceAction
instanceKlass org/springframework/core/annotation/TypeMappedAnnotations
instanceKlass org/springframework/core/annotation/AnnotationFilter$2
instanceKlass sun/rmi/transport/DGCImpl
instanceKlass java/rmi/dgc/DGC
instanceKlass org/springframework/core/annotation/AnnotationFilter$1
instanceKlass sun/rmi/transport/ObjectTable
instanceKlass sun/rmi/transport/Target
instanceKlass org/springframework/core/annotation/PackagesAnnotationFilter
instanceKlass javax/management/remote/rmi/RMIConnection
instanceKlass org/springframework/core/annotation/AnnotationFilter
instanceKlass java/rmi/server/RemoteObject
instanceKlass java/rmi/server/RMISocketFactory
instanceKlass java/rmi/server/RMIClientSocketFactory
instanceKlass sun/rmi/transport/tcp/TCPTransport$1
instanceKlass java/util/concurrent/SynchronousQueue$TransferStack$SNode
instanceKlass java/util/concurrent/ForkJoinPool$ManagedBlocker
instanceKlass java/util/concurrent/SynchronousQueue$Transferer
instanceKlass org/springframework/core/annotation/RepeatableContainers
instanceKlass java/util/concurrent/ThreadPoolExecutor$AbortPolicy
instanceKlass java/util/concurrent/RejectedExecutionHandler
instanceKlass java/util/concurrent/AbstractExecutorService
instanceKlass org/springframework/core/annotation/MergedAnnotations
instanceKlass org/springframework/core/PriorityOrdered
instanceKlass sun/rmi/transport/Transport
instanceKlass java/net/InetAddress$CachedLocalHost
instanceKlass org/springframework/boot/autoconfigure/logging/ConditionEvaluationReportLoggingListener
instanceKlass org/springframework/boot/autoconfigure/SharedMetadataReaderFactoryContextInitializer
instanceKlass org/springframework/boot/web/context/ServerPortInfoApplicationContextInitializer
instanceKlass org/springframework/boot/rsocket/context/RSocketPortInfoApplicationContextInitializer
instanceKlass sun/rmi/transport/tcp/TCPEndpoint
instanceKlass sun/rmi/transport/Endpoint
instanceKlass org/springframework/boot/context/config/DelegatingApplicationContextInitializer
instanceKlass org/springframework/boot/context/ContextIdApplicationContextInitializer
instanceKlass sun/security/provider/AbstractDrbg$NonceProvider
instanceKlass org/springframework/core/Ordered
instanceKlass org/springframework/util/ReflectionUtils$FieldFilter
instanceKlass org/springframework/util/ReflectionUtils$MethodFilter
instanceKlass org/springframework/util/ReflectionUtils
instanceKlass sun/nio/fs/BasicFileAttributesHolder
instanceKlass sun/nio/fs/WindowsDirectoryStream$WindowsDirectoryIterator
instanceKlass java/lang/Character$CharacterCache
instanceKlass java/lang/Short$ShortCache
instanceKlass java/lang/Byte$ByteCache
instanceKlass sun/nio/fs/WindowsDirectoryStream
instanceKlass java/nio/file/DirectoryStream
instanceKlass java/nio/file/Files$AcceptAllFilter
instanceKlass java/nio/file/DirectoryStream$Filter
instanceKlass org/springframework/asm/ClassVisitor
instanceKlass org/springframework/core/LocalVariableTableParameterNameDiscoverer
instanceKlass org/springframework/core/StandardReflectionParameterNameDiscoverer
instanceKlass org/springframework/core/KotlinDetector
instanceKlass org/springframework/core/PrioritizedParameterNameDiscoverer
instanceKlass org/springframework/core/ParameterNameDiscoverer
instanceKlass org/springframework/beans/BeanUtils
instanceKlass java/net/NetworkInterface$1
instanceKlass org/springframework/boot/context/ConfigurationWarningsApplicationContextInitializer
instanceKlass org/springframework/util/ObjectUtils
instanceKlass org/springframework/context/ApplicationContextInitializer
instanceKlass org/springframework/core/OrderComparator
instanceKlass java/net/DefaultInterface
instanceKlass java/net/InterfaceAddress
instanceKlass java/net/NetworkInterface
instanceKlass java/lang/constant/DynamicConstantDesc
instanceKlass java/lang/constant/DirectMethodHandleDesc$1
instanceKlass org/springframework/util/ConcurrentReferenceHashMap$Entry
instanceKlass java/lang/constant/DirectMethodHandleDescImpl$1
instanceKlass java/lang/constant/DirectMethodHandleDescImpl
instanceKlass java/lang/constant/DirectMethodHandleDesc
instanceKlass java/lang/constant/MethodHandleDesc$1
instanceKlass java/lang/constant/MethodHandleDesc
instanceKlass java/lang/constant/MethodTypeDescImpl
instanceKlass java/lang/constant/MethodTypeDesc
instanceKlass java/lang/constant/ReferenceClassDescImpl
instanceKlass java/lang/constant/ConstantUtils
instanceKlass java/lang/constant/ClassDesc
instanceKlass java/lang/constant/ConstantDescs
instanceKlass java/lang/invoke/VarHandle$2
instanceKlass java/lang/invoke/VarHandle$TypesAndInvokers
instanceKlass org/springframework/util/ConcurrentReferenceHashMap$Entries
instanceKlass java/lang/invoke/VarHandleByteArrayBase
instanceKlass sun/security/provider/ByteArrayAccess$BE
instanceKlass sun/security/provider/ByteArrayAccess
instanceKlass sun/security/provider/SeedGenerator$1
instanceKlass sun/security/util/MessageDigestSpi2
instanceKlass sun/security/jca/GetInstance$Instance
instanceKlass sun/security/jca/GetInstance
instanceKlass java/security/MessageDigestSpi
instanceKlass java/util/stream/DistinctOps
instanceKlass sun/security/provider/SeedGenerator
instanceKlass sun/security/provider/AbstractDrbg$SeederHolder
instanceKlass java/security/DrbgParameters$NextBytes
instanceKlass sun/security/provider/EntropySource
instanceKlass org/springframework/util/MultiValueMap
instanceKlass sun/security/provider/AbstractDrbg
instanceKlass java/security/DrbgParameters$Instantiation
instanceKlass java/security/DrbgParameters
instanceKlass org/springframework/util/CollectionUtils
instanceKlass sun/security/provider/MoreDrbgParameters
instanceKlass java/security/SecureRandomSpi
instanceKlass jdk/internal/event/Event
instanceKlass org/springframework/util/StringUtils
instanceKlass org/springframework/util/ResourceUtils
instanceKlass sun/net/www/protocol/jar/JarFileFactory
instanceKlass sun/net/www/protocol/jar/URLJarFile$URLJarFileCloseController
instanceKlass sun/security/util/SecurityProviderConstants
instanceKlass java/security/Provider$UString
instanceKlass java/security/Provider$Service
instanceKlass sun/security/provider/NativePRNG$NonBlocking
instanceKlass sun/security/provider/NativePRNG$Blocking
instanceKlass sun/security/provider/NativePRNG
instanceKlass sun/security/provider/SunEntries$1
instanceKlass sun/security/provider/SunEntries
instanceKlass org/springframework/core/SpringProperties
instanceKlass java/util/AbstractList$Itr
instanceKlass sun/security/jca/ProviderList$2
instanceKlass jdk/internal/math/FloatingDecimal$ASCIIToBinaryBuffer
instanceKlass jdk/internal/math/FloatingDecimal$PreparedASCIIToBinaryBuffer
instanceKlass jdk/internal/math/FloatingDecimal$ASCIIToBinaryConverter
instanceKlass org/springframework/util/PropertiesPersister
instanceKlass jdk/internal/math/FloatingDecimal$BinaryToASCIIBuffer
instanceKlass jdk/internal/math/FloatingDecimal$ExceptionalBinaryToASCIIBuffer
instanceKlass jdk/internal/math/FloatingDecimal$BinaryToASCIIConverter
instanceKlass jdk/internal/math/FloatingDecimal
instanceKlass javax/security/auth/login/Configuration$Parameters
instanceKlass java/security/Policy$Parameters
instanceKlass java/security/cert/CertStoreParameters
instanceKlass java/security/SecureRandomParameters
instanceKlass java/security/Provider$EngineDescription
instanceKlass java/security/Provider$ServiceKey
instanceKlass org/springframework/core/io/support/PropertiesLoaderUtils
instanceKlass sun/security/jca/ProviderConfig
instanceKlass org/springframework/core/io/AbstractResource
instanceKlass sun/security/jca/ProviderList
instanceKlass sun/security/jca/Providers
instanceKlass java/rmi/server/UID
instanceKlass java/rmi/server/ObjID
instanceKlass sun/rmi/transport/LiveRef
instanceKlass sun/rmi/server/WeakClassHashMap
instanceKlass org/springframework/core/io/Resource
instanceKlass org/springframework/core/io/InputStreamSource
instanceKlass java/util/logging/StreamHandler$1
instanceKlass java/util/logging/Handler$1
instanceKlass java/util/logging/ErrorManager
instanceKlass jdk/internal/logger/SimpleConsoleLogger$Formatting
instanceKlass org/springframework/core/io/support/SpringFactoriesLoader
instanceKlass java/util/logging/Formatter
instanceKlass sun/rmi/runtime/Log$LoggerLog$1
instanceKlass java/util/logging/Logger$SystemLoggerHelper$1
instanceKlass java/util/logging/Logger$SystemLoggerHelper
instanceKlass sun/rmi/runtime/Log$LoggerLogFactory
instanceKlass sun/rmi/runtime/Log$LogFactory
instanceKlass org/springframework/boot/BootstrapRegistryInitializer
instanceKlass org/springframework/web/context/ConfigurableWebApplicationContext
instanceKlass org/springframework/context/ConfigurableApplicationContext
instanceKlass sun/rmi/runtime/Log
instanceKlass org/springframework/context/Lifecycle
instanceKlass sun/rmi/server/Util
instanceKlass org/springframework/web/context/WebApplicationContext
instanceKlass sun/rmi/server/UnicastRef
instanceKlass sun/rmi/server/Dispatcher
instanceKlass java/rmi/server/ServerRef
instanceKlass java/rmi/server/RemoteRef
instanceKlass javax/servlet/Servlet
instanceKlass java/io/ObjectInputFilter$Config$Global
instanceKlass java/util/IdentityHashMap$EntryIterator$Entry
instanceKlass jdk/internal/access/JavaObjectInputFilterAccess
instanceKlass java/util/IdentityHashMap$IdentityHashMapIterator
instanceKlass java/io/ObjectInputFilter$Config$BuiltinFilterFactory
instanceKlass org/springframework/util/ConcurrentReferenceHashMap$Reference
instanceKlass org/springframework/util/ConcurrentReferenceHashMap$ReferenceManager
instanceKlass java/io/ObjectInputFilter
instanceKlass java/io/ObjectInputFilter$Config
instanceKlass javax/management/remote/rmi/RMIServerImpl
instanceKlass javax/management/remote/rmi/RMIServer
instanceKlass java/rmi/Remote
instanceKlass com/sun/jmx/remote/protocol/rmi/ServerProvider
instanceKlass javax/management/remote/JMXConnectorFactory$ProviderFinder
instanceKlass java/util/ServiceLoader$ProviderSpliterator
instanceKlass javax/management/remote/JMXConnectorProvider
instanceKlass javax/management/remote/JMXAddressable
instanceKlass javax/management/remote/JMXConnectorServerMBean
instanceKlass javax/management/remote/JMXConnectorFactory$ConnectorFactory
instanceKlass javax/management/remote/JMXConnectorFactory$1
instanceKlass javax/management/remote/JMXConnectorFactory
instanceKlass javax/management/remote/JMXConnectorServerProvider
instanceKlass com/sun/jmx/remote/util/EnvHelp
instanceKlass javax/management/remote/JMXConnectorServerFactory
instanceKlass sun/management/jmxremote/LocalRMIServerSocketFactory
instanceKlass java/rmi/server/RMIServerSocketFactory
instanceKlass org/springframework/util/ConcurrentReferenceHashMap$Task
instanceKlass java/util/BitSet
instanceKlass javax/management/remote/JMXServiceURL
instanceKlass jdk/management/jfr/FlightRecorderMXBeanImpl$MXBeanListener
instanceKlass jdk/jfr/FlightRecorderListener
instanceKlass org/springframework/util/ClassUtils
instanceKlass jdk/jfr/FlightRecorder
instanceKlass jdk/jfr/Recording
instanceKlass javax/management/NotificationFilter
instanceKlass javax/management/NotificationListener
instanceKlass javax/management/StandardMBean$MBeanInfoSafeAction
instanceKlass jdk/jfr/internal/management/StreamManager
instanceKlass jdk/management/jfr/EventTypeInfo
instanceKlass jdk/management/jfr/ConfigurationInfo
instanceKlass jdk/management/jfr/RecordingInfo
instanceKlass sun/reflect/generics/tree/VoidDescriptor
instanceKlass sun/reflect/generics/tree/LongSignature
instanceKlass jdk/management/jfr/SettingDescriptorInfo$1
instanceKlass jdk/management/jfr/SettingDescriptorInfo
instanceKlass org/springframework/util/Assert
instanceKlass sun/management/ManagementFactoryHelper$1
instanceKlass java/lang/management/BufferPoolMXBean
instanceKlass sun/nio/ch/FileChannelImpl$2
instanceKlass org/springframework/core/metrics/DefaultApplicationStartup$DefaultStartupStep$DefaultTags
instanceKlass sun/nio/ch/FileChannelImpl$1
instanceKlass jdk/internal/misc/VM$BufferPoolsHolder
instanceKlass org/springframework/core/metrics/StartupStep$Tags
instanceKlass com/sun/management/VMOption
instanceKlass org/springframework/core/metrics/DefaultApplicationStartup$DefaultStartupStep
instanceKlass com/sun/management/internal/HotSpotDiagnostic
instanceKlass com/sun/management/HotSpotDiagnosticMXBean
instanceKlass org/springframework/core/metrics/StartupStep
instanceKlass com/sun/management/GcInfo
instanceKlass javax/management/openmbean/CompositeDataView
instanceKlass org/springframework/core/metrics/DefaultApplicationStartup
instanceKlass org/springframework/core/metrics/ApplicationStartup
instanceKlass org/springframework/boot/DefaultApplicationContextFactory
instanceKlass jdk/internal/reflect/ClassDefiner$1
instanceKlass jdk/internal/reflect/ClassDefiner
instanceKlass jdk/internal/reflect/MethodAccessorGenerator$1
instanceKlass jdk/internal/reflect/Label$PatchInfo
instanceKlass jdk/internal/reflect/Label
instanceKlass org/springframework/boot/ApplicationContextFactory
instanceKlass jdk/internal/reflect/UTF8
instanceKlass jdk/internal/reflect/ClassFileAssembler
instanceKlass jdk/internal/reflect/ByteVectorImpl
instanceKlass jdk/internal/reflect/ByteVector
instanceKlass jdk/internal/reflect/ByteVectorFactory
instanceKlass org/springframework/boot/SpringApplicationShutdownHook$ApplicationContextClosedListener
instanceKlass jdk/internal/reflect/AccessorGenerator
instanceKlass jdk/internal/reflect/ClassFileConstants
instanceKlass org/springframework/boot/SpringApplicationShutdownHook$Handlers
instanceKlass org/springframework/context/ApplicationListener
instanceKlass java/util/EventListener
instanceKlass org/springframework/boot/SpringApplicationShutdownHandlers
instanceKlass org/springframework/boot/SpringApplicationShutdownHook
instanceKlass java/util/stream/AbstractSpinedBuffer
instanceKlass java/util/stream/Node$Builder
instanceKlass org/apache/commons/logging/LogAdapter$Slf4jLog
instanceKlass java/util/stream/Node$OfDouble
instanceKlass java/util/stream/Node$OfLong
instanceKlass java/util/stream/Node$OfInt
instanceKlass java/util/stream/Node$OfPrimitive
instanceKlass java/util/stream/Nodes$EmptyNode
instanceKlass java/util/stream/Node
instanceKlass java/util/stream/Nodes
instanceKlass java/util/function/IntFunction
instanceKlass java/lang/StringLatin1$LinesSpliterator
instanceKlass java/util/Formattable
instanceKlass java/util/Formatter$Flags
instanceKlass java/util/Formatter$FormatSpecifier
instanceKlass java/util/Formatter$Conversion
instanceKlass java/util/Formatter$FixedString
instanceKlass java/util/Formatter$FormatString
instanceKlass java/util/regex/Pattern$TreeInfo
instanceKlass ch/qos/logback/classic/util/LoggerNameUtil
instanceKlass java/util/regex/Pattern$BitClass
instanceKlass java/util/regex/CharPredicates
instanceKlass ch/qos/logback/classic/selector/DefaultContextSelector
instanceKlass java/util/regex/Pattern$BmpCharPredicate
instanceKlass java/util/regex/Pattern$CharPredicate
instanceKlass java/util/regex/Pattern$Node
instanceKlass java/util/regex/Pattern
instanceKlass java/util/Formatter
instanceKlass com/sun/management/internal/DiagnosticCommandImpl$Wrapper
instanceKlass ch/qos/logback/core/util/StatusPrinter
instanceKlass ch/qos/logback/core/status/StatusUtil
instanceKlass jdk/jfr/internal/dcmd/AbstractDCmd
instanceKlass com/sun/management/internal/DiagnosticCommandArgumentInfo
instanceKlass com/sun/management/internal/DiagnosticCommandInfo
instanceKlass com/sun/management/internal/DiagnosticCommandImpl$OperationInfoComparator
instanceKlass ch/qos/logback/core/spi/AppenderAttachableImpl
instanceKlass sun/management/ClassLoadingImpl
instanceKlass java/lang/management/ClassLoadingMXBean
instanceKlass javax/management/MBeanInfo$ArrayGettersSafeAction
instanceKlass ch/qos/logback/core/util/EnvUtil
instanceKlass javax/management/openmbean/OpenMBeanOperationInfo
instanceKlass java/util/logging/LogManager$4
instanceKlass jdk/internal/logger/BootstrapLogger$BootstrapExecutors
instanceKlass jdk/internal/logger/LoggerFinderLoader
instanceKlass ch/qos/logback/core/pattern/Converter
instanceKlass java/util/stream/Streams
instanceKlass java/util/stream/Stream$Builder
instanceKlass java/util/stream/Streams$AbstractStreamBuilderImpl
instanceKlass java/util/Hashtable$Enumerator
instanceKlass java/util/Collections$3
instanceKlass java/util/logging/LogManager$LoggerContext$1
instanceKlass java/util/logging/LogManager$VisitedLoggers
instanceKlass java/util/logging/Logger$ConfigurationData
instanceKlass java/util/logging/Logger$LoggerBundle
instanceKlass java/util/logging/Handler
instanceKlass java/util/logging/LogManager$2
instanceKlass java/util/logging/Logging
instanceKlass java/util/logging/LogManager$LoggingProviderAccess
instanceKlass java/lang/Shutdown$Lock
instanceKlass java/lang/Shutdown
instanceKlass java/lang/ApplicationShutdownHooks$1
instanceKlass java/lang/ApplicationShutdownHooks
instanceKlass java/util/logging/LogManager$LogNode
instanceKlass java/util/logging/LogManager$LoggerContext
instanceKlass java/util/logging/LogManager$1
instanceKlass java/util/logging/Level
instanceKlass java/util/logging/LoggingMXBean
instanceKlass java/util/logging/Logger
instanceKlass sun/management/ManagementFactoryHelper$PlatformLoggingImpl
instanceKlass java/lang/management/PlatformLoggingMXBean
instanceKlass sun/management/CompilationImpl
instanceKlass java/lang/management/CompilationMXBean
instanceKlass sun/management/VMManagementImpl$1
instanceKlass java/lang/management/MemoryUsage
instanceKlass java/text/DigitList
instanceKlass java/text/FieldPosition
instanceKlass sun/management/Sensor
instanceKlass sun/management/MemoryPoolImpl
instanceKlass java/lang/StringUTF16$CharsSpliterator
instanceKlass java/lang/management/MemoryPoolMXBean
instanceKlass java/util/stream/Sink$ChainedInt
instanceKlass java/util/OptionalInt
instanceKlass java/util/stream/Sink$OfInt
instanceKlass java/util/function/IntConsumer
instanceKlass java/util/function/IntPredicate
instanceKlass java/util/stream/IntStream
instanceKlass java/lang/StringLatin1$CharsSpliterator
instanceKlass java/text/DecimalFormatSymbols
instanceKlass java/lang/invoke/LambdaFormEditor$1
instanceKlass sun/util/resources/Bundles$2
instanceKlass sun/util/resources/LocaleData$LocaleDataResourceBundleProvider
instanceKlass java/util/spi/ResourceBundleProvider
instanceKlass java/text/DateFormatSymbols
instanceKlass sun/management/Util
instanceKlass java/util/ArrayList$ArrayListSpliterator
instanceKlass com/sun/management/GarbageCollectorMXBean
instanceKlass java/lang/management/GarbageCollectorMXBean
instanceKlass sun/util/locale/provider/CalendarDataUtility$CalendarWeekParameterGetter
instanceKlass java/util/Locale$Builder
instanceKlass sun/util/locale/provider/CalendarDataUtility
instanceKlass java/util/Calendar$Builder
instanceKlass java/lang/management/MemoryManagerMXBean
instanceKlass java/lang/management/MemoryMXBean
instanceKlass sun/util/locale/provider/AvailableLanguageTags
instanceKlass javax/management/DescriptorKey
instanceKlass java/util/Calendar
instanceKlass java/text/AttributedCharacterIterator$Attribute
instanceKlass java/text/Format
instanceKlass ch/qos/logback/core/util/CachingDateFormatter
instanceKlass java/lang/annotation/Target
instanceKlass java/lang/reflect/Proxy$ProxyBuilder$1
instanceKlass jdk/internal/org/objectweb/asm/Edge
instanceKlass java/lang/reflect/ProxyGenerator$PrimitiveTypeInfo
instanceKlass java/util/StringJoiner
instanceKlass java/lang/reflect/ProxyGenerator$ProxyMethod
instanceKlass java/util/concurrent/atomic/AtomicBoolean
instanceKlass ch/qos/logback/core/util/COWArrayList
instanceKlass ch/qos/logback/core/spi/FilterAttachableImpl
instanceKlass jdk/internal/module/Checks
instanceKlass java/lang/module/ModuleDescriptor$Builder
instanceKlass java/lang/reflect/Proxy$ProxyBuilder
instanceKlass java/lang/ClassValue$Version
instanceKlass java/lang/ClassValue$Identity
instanceKlass java/lang/ClassValue
instanceKlass java/lang/reflect/Proxy
instanceKlass sun/reflect/annotation/AnnotationInvocationHandler
instanceKlass java/lang/reflect/InvocationHandler
instanceKlass sun/reflect/annotation/AnnotationParser$1
instanceKlass java/lang/annotation/Documented
instanceKlass ch/qos/logback/core/Appender
instanceKlass java/lang/annotation/Inherited
instanceKlass ch/qos/logback/core/spi/FilterAttachable
instanceKlass java/lang/annotation/Retention
instanceKlass sun/reflect/annotation/ExceptionProxy
instanceKlass sun/reflect/annotation/AnnotationType$1
instanceKlass ch/qos/logback/core/encoder/Encoder
instanceKlass sun/reflect/annotation/AnnotationType
instanceKlass java/lang/Deprecated
instanceKlass ch/qos/logback/core/Layout
instanceKlass ch/qos/logback/core/spi/ContextAwareBase
instanceKlass sun/management/BaseOperatingSystemImpl
instanceKlass com/sun/management/OperatingSystemMXBean
instanceKlass java/lang/management/OperatingSystemMXBean
instanceKlass com/sun/jmx/mbeanserver/PerInterface$MethodAndSig
instanceKlass ch/qos/logback/classic/util/EnvUtil
instanceKlass ch/qos/logback/classic/spi/Configurator
instanceKlass ch/qos/logback/core/spi/ContextAware
instanceKlass ch/qos/logback/core/status/StatusBase
instanceKlass java/security/PermissionsEnumerator
instanceKlass java/io/FilePermissionCollection$1
instanceKlass sun/net/www/MessageHeader
instanceKlass java/net/URLConnection
instanceKlass java/util/PropertyPermissionCollection$1
instanceKlass java/net/SocketPermissionCollection$1
instanceKlass sun/security/provider/PolicyFile$8
instanceKlass sun/security/provider/PolicyFile$6
instanceKlass sun/security/util/PolicyUtil
instanceKlass sun/security/provider/PolicyFile$4
instanceKlass java/net/HostPortrange
instanceKlass java/net/URLPermission$Authority
instanceKlass sun/security/util/SecurityConstants
instanceKlass sun/security/provider/PolicyFile$PolicyEntry
instanceKlass java/util/Vector$1
instanceKlass sun/security/util/PropertyExpander
instanceKlass java/lang/management/LockInfo
instanceKlass sun/security/provider/PolicyParser$PermissionEntry
instanceKlass sun/security/provider/PolicyParser$GrantEntry
instanceKlass sun/nio/ch/IOStatus
instanceKlass java/io/StreamTokenizer
instanceKlass java/lang/management/ThreadInfo
instanceKlass sun/security/provider/PolicyParser
instanceKlass java/nio/channels/Channels
instanceKlass sun/nio/ch/FileChannelImpl$Closer
instanceKlass sun/nio/ch/NativeThreadSet
instanceKlass sun/management/ThreadImpl
instanceKlass com/sun/management/ThreadMXBean
instanceKlass java/lang/management/ThreadMXBean
instanceKlass java/nio/channels/spi/AbstractInterruptibleChannel
instanceKlass java/nio/channels/InterruptibleChannel
instanceKlass java/nio/channels/ScatteringByteChannel
instanceKlass java/nio/channels/GatheringByteChannel
instanceKlass java/nio/channels/SeekableByteChannel
instanceKlass java/nio/channels/ByteChannel
instanceKlass java/nio/channels/WritableByteChannel
instanceKlass java/nio/channels/ReadableByteChannel
instanceKlass java/nio/channels/Channel
instanceKlass com/sun/jmx/mbeanserver/WeakIdentityHashMap
instanceKlass com/sun/jmx/mbeanserver/MXBeanLookup
instanceKlass com/sun/jmx/mbeanserver/PerInterface$InitMaps
instanceKlass com/sun/jmx/mbeanserver/PerInterface
instanceKlass sun/nio/fs/WindowsChannelFactory$Flags
instanceKlass sun/nio/fs/WindowsChannelFactory$1
instanceKlass sun/nio/fs/WindowsChannelFactory
instanceKlass sun/nio/fs/WindowsSecurityDescriptor
instanceKlass java/nio/file/attribute/FileAttribute
instanceKlass sun/security/provider/PolicyFile$2
instanceKlass java/security/ProtectionDomain$JavaSecurityAccessImpl$1
instanceKlass jdk/internal/access/JavaSecurityAccess$ProtectionDomainCache
instanceKlass java/util/Collections$SynchronizedMap
instanceKlass sun/security/provider/PolicyFile$PolicyInfo
instanceKlass sun/security/provider/PolicyFile$1
instanceKlass java/security/Policy$1
instanceKlass java/security/Policy$PolicyInfo
instanceKlass java/security/Policy
instanceKlass javax/management/openmbean/OpenMBeanAttributeInfo
instanceKlass ch/qos/logback/core/util/Loader$1
instanceKlass javax/management/openmbean/OpenMBeanParameterInfo
instanceKlass com/sun/jmx/mbeanserver/MBeanIntrospector$MBeanInfoMaker
instanceKlass com/sun/jmx/mbeanserver/MBeanAnalyzer$MBeanVisitor
instanceKlass ch/qos/logback/core/util/Loader
instanceKlass ch/qos/logback/core/util/OptionHelper
instanceKlass ch/qos/logback/core/status/StatusListener
instanceKlass ch/qos/logback/core/util/StatusListenerConfigHelper
instanceKlass ch/qos/logback/classic/util/ContextInitializer
instanceKlass java/lang/invoke/MethodHandles$1
instanceKlass ch/qos/logback/classic/selector/ContextSelector
instanceKlass java/lang/Long$LongCache
instanceKlass ch/qos/logback/classic/util/ContextSelectorStaticBinder
instanceKlass ch/qos/logback/classic/Level
instanceKlass ch/qos/logback/classic/spi/ILoggingEvent
instanceKlass ch/qos/logback/core/spi/DeferredProcessingAware
instanceKlass ch/qos/logback/classic/Logger
instanceKlass ch/qos/logback/core/spi/AppenderAttachable
instanceKlass ch/qos/logback/classic/spi/LoggerContextVO
instanceKlass java/lang/reflect/GenericArrayType
instanceKlass sun/reflect/generics/reflectiveObjects/LazyReflectiveObjectGenerator
instanceKlass sun/reflect/generics/tree/TypeVariableSignature
instanceKlass sun/reflect/generics/tree/ClassSignature
instanceKlass sun/reflect/generics/reflectiveObjects/ParameterizedTypeImpl
instanceKlass java/lang/reflect/ParameterizedType
instanceKlass sun/reflect/generics/visitor/Reifier
instanceKlass sun/reflect/generics/visitor/TypeTreeVisitor
instanceKlass sun/reflect/generics/tree/MethodTypeSignature
instanceKlass sun/reflect/generics/tree/Signature
instanceKlass sun/reflect/generics/tree/ClassTypeSignature
instanceKlass sun/reflect/generics/tree/SimpleClassTypeSignature
instanceKlass sun/reflect/generics/tree/FieldTypeSignature
instanceKlass ch/qos/logback/core/spi/LogbackLock
instanceKlass sun/reflect/generics/tree/TypeArgument
instanceKlass sun/reflect/generics/tree/BaseType
instanceKlass sun/reflect/generics/tree/TypeSignature
instanceKlass sun/reflect/generics/tree/ReturnType
instanceKlass sun/reflect/generics/tree/FormalTypeParameter
instanceKlass sun/reflect/generics/tree/TypeTree
instanceKlass sun/reflect/generics/tree/Tree
instanceKlass sun/reflect/generics/parser/SignatureParser
instanceKlass java/lang/reflect/TypeVariable
instanceKlass sun/reflect/generics/repository/AbstractRepository
instanceKlass ch/qos/logback/core/helpers/CyclicBuffer
instanceKlass sun/reflect/generics/factory/CoreReflectionFactory
instanceKlass sun/reflect/generics/factory/GenericsFactory
instanceKlass sun/reflect/generics/scope/AbstractScope
instanceKlass sun/reflect/generics/scope/Scope
instanceKlass com/sun/jmx/mbeanserver/MBeanAnalyzer$AttrMethods
instanceKlass ch/qos/logback/core/BasicStatusManager
instanceKlass ch/qos/logback/core/status/Status
instanceKlass jdk/internal/reflect/UnsafeFieldAccessorFactory
instanceKlass com/sun/jmx/mbeanserver/MXBeanMapping
instanceKlass java/util/concurrent/ExecutorService
instanceKlass ch/qos/logback/core/status/StatusManager
instanceKlass javax/management/openmbean/TabularData
instanceKlass javax/management/openmbean/CompositeData
instanceKlass javax/management/openmbean/OpenType
instanceKlass ch/qos/logback/core/ContextBase
instanceKlass com/sun/jmx/mbeanserver/MXBeanMappingFactory
instanceKlass com/sun/jmx/mbeanserver/ConvertingMethod
instanceKlass java/util/TimSort
instanceKlass com/sun/jmx/mbeanserver/MBeanAnalyzer$MethodOrder
instanceKlass java/util/LinkedHashMap$LinkedHashIterator
instanceKlass ch/qos/logback/core/spi/LifeCycle
instanceKlass java/lang/PublicMethods
instanceKlass com/sun/jmx/mbeanserver/MBeanAnalyzer
instanceKlass ch/qos/logback/core/Context
instanceKlass com/sun/jmx/mbeanserver/MBeanIntrospector
instanceKlass ch/qos/logback/core/spi/PropertyContainer
instanceKlass sun/reflect/misc/ReflectUtil
instanceKlass java/lang/Class$AnnotationData
instanceKlass javax/management/MXBean
instanceKlass com/sun/jmx/mbeanserver/MBeanSupport
instanceKlass com/sun/jmx/mbeanserver/DescriptorCache
instanceKlass javax/management/JMX
instanceKlass javax/management/StandardMBean
instanceKlass org/slf4j/impl/StaticLoggerBinder
instanceKlass org/slf4j/spi/LoggerFactoryBinder
instanceKlass java/util/Collections$2
instanceKlass java/util/AbstractMap$SimpleImmutableEntry
instanceKlass sun/management/RuntimeImpl
instanceKlass java/lang/management/RuntimeMXBean
instanceKlass java/util/stream/ForEachOps$ForEachOp
instanceKlass java/util/stream/ForEachOps
instanceKlass org/slf4j/helpers/Util
instanceKlass org/slf4j/helpers/NOPLoggerFactory
instanceKlass java/util/concurrent/LinkedBlockingQueue$Node
instanceKlass java/util/concurrent/locks/AbstractQueuedSynchronizer$ConditionObject
instanceKlass java/util/concurrent/locks/Condition
instanceKlass java/util/concurrent/BlockingQueue
instanceKlass org/slf4j/helpers/SubstituteLoggerFactory
instanceKlass java/util/HashMap$HashMapSpliterator
instanceKlass java/util/Collections$1
instanceKlass jdk/management/jfr/internal/FlightRecorderMXBeanProvider$SingleMBeanComponent
instanceKlass jdk/management/jfr/FlightRecorderMXBean
instanceKlass java/lang/management/PlatformManagedObject
instanceKlass java/lang/management/DefaultPlatformMBeanProvider$11
instanceKlass java/lang/management/DefaultPlatformMBeanProvider$10
instanceKlass java/lang/management/DefaultPlatformMBeanProvider$9
instanceKlass java/util/logging/LogManager
instanceKlass sun/management/ManagementFactoryHelper$LoggingMXBeanAccess$1
instanceKlass sun/management/ManagementFactoryHelper$LoggingMXBeanAccess
instanceKlass java/lang/management/DefaultPlatformMBeanProvider$8
instanceKlass java/lang/management/DefaultPlatformMBeanProvider$7
instanceKlass java/lang/management/DefaultPlatformMBeanProvider$6
instanceKlass java/lang/management/DefaultPlatformMBeanProvider$5
instanceKlass org/slf4j/event/LoggingEvent
instanceKlass java/lang/management/DefaultPlatformMBeanProvider$4
instanceKlass java/lang/management/DefaultPlatformMBeanProvider$3
instanceKlass java/lang/management/DefaultPlatformMBeanProvider$2
instanceKlass java/lang/management/DefaultPlatformMBeanProvider$1
instanceKlass com/sun/management/internal/PlatformMBeanProviderImpl$5
instanceKlass org/slf4j/ILoggerFactory
instanceKlass sun/management/VMManagementImpl
instanceKlass sun/management/VMManagement
instanceKlass sun/management/ManagementFactoryHelper
instanceKlass sun/management/NotificationEmitterSupport
instanceKlass com/sun/management/DiagnosticCommandMBean
instanceKlass com/sun/management/internal/PlatformMBeanProviderImpl$4
instanceKlass com/sun/management/internal/PlatformMBeanProviderImpl$3
instanceKlass com/sun/management/internal/PlatformMBeanProviderImpl$2
instanceKlass com/sun/management/internal/PlatformMBeanProviderImpl$1
instanceKlass sun/management/spi/PlatformMBeanProvider$PlatformComponent
instanceKlass org/slf4j/LoggerFactory
instanceKlass org/apache/commons/logging/Log
instanceKlass java/util/concurrent/Callable
instanceKlass org/apache/commons/logging/LogAdapter$Slf4jAdapter
instanceKlass sun/management/spi/PlatformMBeanProvider
instanceKlass sun/security/util/SecurityProperties
instanceKlass sun/security/util/FilePermCompat
instanceKlass java/io/FilePermission$1
instanceKlass jdk/internal/access/JavaIOFilePermissionAccess
instanceKlass java/lang/management/ManagementFactory$PlatformMBeanFinder$1
instanceKlass java/lang/management/ManagementFactory$PlatformMBeanFinder
instanceKlass org/apache/commons/logging/LogAdapter$1
instanceKlass com/sun/jmx/mbeanserver/JmxMBeanServer$3
instanceKlass javax/management/ObjectInstance
instanceKlass com/sun/jmx/mbeanserver/NamedObject
instanceKlass com/sun/jmx/interceptor/DefaultMBeanServerInterceptor$ResourceContext$1
instanceKlass com/sun/jmx/interceptor/DefaultMBeanServerInterceptor$ResourceContext
instanceKlass com/sun/jmx/mbeanserver/Repository$RegistrationContext
instanceKlass com/sun/jmx/mbeanserver/DynamicMBean2
instanceKlass sun/util/logging/PlatformLogger
instanceKlass sun/util/logging/PlatformLogger$ConfigurableBridge$LoggerConfiguration
instanceKlass org/slf4j/spi/LocationAwareLogger
instanceKlass org/slf4j/Logger
instanceKlass jdk/internal/logger/BootstrapLogger$RedirectedLoggers
instanceKlass com/sun/jmx/defaults/JmxProperties
instanceKlass com/sun/jmx/mbeanserver/Introspector
instanceKlass com/sun/jmx/mbeanserver/JmxMBeanServer$2
instanceKlass com/sun/jmx/interceptor/DefaultMBeanServerInterceptor
instanceKlass com/sun/jmx/interceptor/MBeanServerInterceptor
instanceKlass org/apache/logging/log4j/spi/Provider
instanceKlass java/util/concurrent/locks/ReentrantReadWriteLock$WriteLock
instanceKlass java/util/concurrent/locks/ReentrantReadWriteLock$ReadLock
instanceKlass java/util/concurrent/locks/ReentrantReadWriteLock
instanceKlass java/util/concurrent/locks/ReadWriteLock
instanceKlass com/sun/jmx/mbeanserver/Repository
instanceKlass com/sun/jmx/mbeanserver/JmxMBeanServer$1
instanceKlass com/sun/jmx/mbeanserver/SecureClassLoaderRepository
instanceKlass com/sun/jmx/mbeanserver/MBeanInstantiator
instanceKlass com/sun/jmx/mbeanserver/ClassLoaderRepositorySupport$LoaderEntry
instanceKlass com/sun/jmx/mbeanserver/ClassLoaderRepositorySupport
instanceKlass com/sun/jmx/mbeanserver/ModifiableClassLoaderRepository
instanceKlass javax/management/loading/ClassLoaderRepository
instanceKlass org/apache/logging/log4j/spi/ExtendedLogger
instanceKlass javax/management/ImmutableDescriptor
instanceKlass javax/management/Descriptor
instanceKlass com/sun/jmx/remote/util/ClassLogger
instanceKlass javax/management/NotificationBroadcasterSupport$1
instanceKlass java/util/concurrent/Executor
instanceKlass javax/management/NotificationBroadcasterSupport
instanceKlass java/util/ComparableTimSort
instanceKlass org/apache/logging/log4j/Logger
instanceKlass java/util/Arrays$LegacyMergeSort
instanceKlass javax/management/ObjectName$Property
instanceKlass javax/management/ObjectName
instanceKlass javax/management/QueryExp
instanceKlass com/sun/jmx/mbeanserver/Util
instanceKlass javax/management/MBeanInfo
instanceKlass javax/management/MBeanFeatureInfo
instanceKlass javax/management/DescriptorRead
instanceKlass javax/management/MBeanServerDelegate
instanceKlass javax/management/NotificationEmitter
instanceKlass javax/management/NotificationBroadcaster
instanceKlass javax/management/MBeanServerDelegateMBean
instanceKlass javax/management/MBeanRegistration
instanceKlass javax/management/DynamicMBean
instanceKlass com/sun/jmx/mbeanserver/JmxMBeanServer
instanceKlass com/sun/jmx/mbeanserver/SunJmxMBeanServer
instanceKlass javax/management/MBeanServer
instanceKlass javax/management/MBeanServerConnection
instanceKlass org/apache/commons/logging/LogAdapter
instanceKlass javax/management/MBeanServerBuilder
instanceKlass com/sun/jmx/mbeanserver/GetPropertyAction
instanceKlass javax/management/MBeanServerFactory
instanceKlass org/apache/commons/logging/LogFactory
instanceKlass java/lang/management/ManagementFactory
instanceKlass java/util/concurrent/atomic/Striped64$1
instanceKlass org/springframework/beans/factory/config/BeanFactoryPostProcessor
instanceKlass jdk/internal/util/random/RandomSupport
instanceKlass java/util/Random
instanceKlass java/util/random/RandomGenerator
instanceKlass java/net/InetAddress$CachedAddresses
instanceKlass sun/net/InetAddressCachePolicy$2
instanceKlass java/security/Security$2
instanceKlass jdk/internal/access/JavaSecurityPropertiesAccess
instanceKlass java/nio/DirectByteBuffer$Deallocator
instanceKlass sun/nio/ch/Util$BufferCache
instanceKlass sun/nio/ch/Util
instanceKlass org/springframework/core/env/PropertySource
instanceKlass java/lang/invoke/VarHandle$AccessDescriptor
instanceKlass org/springframework/core/env/ConfigurableEnvironment
instanceKlass org/springframework/core/env/ConfigurablePropertyResolver
instanceKlass org/springframework/core/convert/support/ConfigurableConversionService
instanceKlass org/springframework/core/convert/converter/ConverterRegistry
instanceKlass sun/nio/ch/NativeThread
instanceKlass sun/net/NetHooks
instanceKlass java/security/Security$1
instanceKlass java/security/Security
instanceKlass sun/net/InetAddressCachePolicy$1
instanceKlass sun/net/spi/DefaultProxySelector$3
instanceKlass sun/net/InetAddressCachePolicy
instanceKlass org/springframework/core/convert/ConversionService
instanceKlass sun/net/spi/DefaultProxySelector$NonProxyInfo
instanceKlass sun/net/spi/DefaultProxySelector$1
instanceKlass java/net/Proxy
instanceKlass java/net/ProxySelector
instanceKlass java/net/SocksSocketImpl$3
instanceKlass org/springframework/core/env/Environment
instanceKlass org/springframework/core/env/PropertyResolver
instanceKlass java/util/EventObject
instanceKlass org/springframework/context/ApplicationContext
instanceKlass org/springframework/core/io/support/ResourcePatternResolver
instanceKlass org/springframework/core/io/ResourceLoader
instanceKlass org/springframework/context/ApplicationEventPublisher
instanceKlass org/springframework/context/MessageSource
instanceKlass org/springframework/beans/factory/HierarchicalBeanFactory
instanceKlass jdk/net/ExtendedSocketOptions$PlatformSocketOptions$1
instanceKlass jdk/net/ExtendedSocketOptions$PlatformSocketOptions
instanceKlass org/springframework/beans/factory/ListableBeanFactory
instanceKlass org/springframework/beans/factory/BeanFactory
instanceKlass jdk/net/ExtendedSocketOptions$ExtSocketOption
instanceKlass java/net/SocketOption
instanceKlass jdk/net/ExtendedSocketOptions
instanceKlass sun/net/ext/ExtendedSocketOptions
instanceKlass sun/nio/ch/Net$1
instanceKlass java/net/ProtocolFamily
instanceKlass sun/nio/ch/Net
instanceKlass java/net/Inet6Address$Inet6AddressHolder
instanceKlass org/springframework/core/env/EnvironmentCapable
instanceKlass java/net/SocksConsts
instanceKlass java/net/InetAddress$NameServiceAddresses
instanceKlass java/net/InetAddress$Addresses
instanceKlass java/util/concurrent/ConcurrentSkipListMap$Iter
instanceKlass org/springframework/boot/ApplicationArguments
instanceKlass sun/nio/ch/IOUtil
instanceKlass sun/nio/ch/NativeDispatcher
instanceKlass org/springframework/boot/ConfigurableBootstrapContext
instanceKlass org/springframework/boot/BootstrapContext
instanceKlass org/springframework/boot/BootstrapRegistry
instanceKlass sun/net/PlatformSocketImpl
instanceKlass org/springframework/boot/SpringApplication
instanceKlass java/util/Properties$LineReader
instanceKlass sun/net/NetProperties$1
instanceKlass sun/net/NetProperties
instanceKlass sun/management/jmxremote/ConnectorBootstrap$PermanentExporter
instanceKlass com/sun/jmx/remote/internal/rmi/RMIExporter
instanceKlass jdk/internal/logger/LazyLoggers$LazyLoggerAccessor
instanceKlass jdk/internal/logger/LazyLoggers$LoggerAccessor
instanceKlass java/net/SocketImpl
instanceKlass jdk/internal/logger/AbstractLoggerWrapper
instanceKlass java/net/SocketOptions
instanceKlass sun/util/logging/internal/LoggingProviderImpl$LogManagerAccess
instanceKlass java/net/InetSocketAddress$InetSocketAddressHolder
instanceKlass java/net/InetAddress$PlatformNameService
instanceKlass java/net/InetAddress$NameService
instanceKlass java/net/Inet6AddressImpl
instanceKlass java/net/InetAddressImpl
instanceKlass java/net/InetAddressImplFactory
instanceKlass java/util/concurrent/ConcurrentSkipListMap$Node
instanceKlass java/util/concurrent/ConcurrentSkipListMap$Index
instanceKlass java/util/concurrent/ConcurrentNavigableMap
instanceKlass java/net/InetAddress$InetAddressHolder
instanceKlass java/net/InetAddress$1
instanceKlass jdk/internal/access/JavaNetInetAddressAccess
instanceKlass jdk/internal/logger/BootstrapLogger$DetectBackend$1
instanceKlass jdk/internal/logger/BootstrapLogger$DetectBackend
instanceKlass jdk/internal/logger/BootstrapLogger
instanceKlass sun/util/logging/PlatformLogger$ConfigurableBridge
instanceKlass sun/util/logging/PlatformLogger$Bridge
instanceKlass java/lang/System$Logger
instanceKlass jdk/internal/logger/DefaultLoggerFinder$1
instanceKlass java/lang/System$LoggerFinder
instanceKlass com/example/fishing/FishingReservationApplication
instanceKlass jdk/internal/logger/LazyLoggers$LazyLoggerFactories
instanceKlass jdk/internal/logger/LazyLoggers$1
instanceKlass jdk/internal/logger/LazyLoggers
instanceKlass sun/management/jmxremote/ConnectorBootstrap
instanceKlass java/net/InetAddress
instanceKlass java/net/SocketAddress
instanceKlass java/lang/invoke/VarForm
instanceKlass jdk/internal/agent/Agent
instanceKlass java/lang/invoke/VarHandleGuards
instanceKlass jdk/internal/util/Preconditions$1
instanceKlass java/lang/invoke/VarHandle$1
instanceKlass java/lang/invoke/VarHandles
instanceKlass java/net/Socket
instanceKlass sun/launcher/LauncherHelper
instanceKlass sun/util/cldr/CLDRBaseLocaleDataMetaInfo$TZCanonicalIDMapHolder
instanceKlass com/intellij/rt/execution/application/AppMainV2
instanceKlass java/time/chrono/AbstractChronology
instanceKlass java/time/chrono/Chronology
instanceKlass java/time/LocalTime
instanceKlass java/time/temporal/ValueRange
instanceKlass java/time/Duration
instanceKlass java/time/temporal/TemporalAmount
instanceKlass java/time/temporal/TemporalUnit
instanceKlass java/time/temporal/TemporalField
instanceKlass java/time/LocalDate
instanceKlass java/time/chrono/ChronoLocalDate
instanceKlass java/time/zone/ZoneOffsetTransition
instanceKlass java/time/LocalDateTime
instanceKlass java/time/chrono/ChronoLocalDateTime
instanceKlass java/time/temporal/TemporalAdjuster
instanceKlass java/time/temporal/Temporal
instanceKlass java/time/temporal/TemporalAccessor
instanceKlass java/time/zone/ZoneOffsetTransitionRule
instanceKlass java/time/zone/ZoneRules
instanceKlass java/time/zone/Ser
instanceKlass java/io/Externalizable
instanceKlass com/intellij/rt/execution/application/AppMainV2$Agent
instanceKlass java/util/zip/ZipFile$ZipEntryIterator
instanceKlass sun/nio/ByteBuffered
instanceKlass java/lang/Package$VersionInfo
instanceKlass jdk/internal/loader/Resource
instanceKlass jdk/internal/loader/URLClassPath$1
instanceKlass java/lang/CompoundEnumeration
instanceKlass jdk/internal/loader/BuiltinClassLoader$1
instanceKlass jdk/internal/loader/BuiltinClassLoader$2
instanceKlass jdk/internal/module/Resources
instanceKlass java/util/Spliterators$1Adapter
instanceKlass java/util/Spliterators$ArraySpliterator
instanceKlass java/time/zone/ZoneRulesProvider$1
instanceKlass java/time/zone/ZoneRulesProvider
instanceKlass java/time/ZoneId
instanceKlass sun/util/resources/Bundles$CacheKeyReference
instanceKlass java/util/ResourceBundle$ResourceBundleProviderHelper
instanceKlass sun/util/resources/Bundles$CacheKey
instanceKlass java/util/ResourceBundle$1
instanceKlass jdk/internal/access/JavaUtilResourceBundleAccess
instanceKlass sun/util/resources/Bundles
instanceKlass sun/util/resources/LocaleData$LocaleDataStrategy
instanceKlass sun/util/resources/Bundles$Strategy
instanceKlass sun/util/resources/LocaleData$1
instanceKlass sun/util/resources/LocaleData
instanceKlass sun/util/locale/provider/LocaleResources
instanceKlass java/util/Collections$EmptyEnumeration
instanceKlass sun/util/resources/provider/NonBaseLocaleDataMetaInfo
instanceKlass sun/util/locale/provider/BaseLocaleDataMetaInfo
instanceKlass java/util/Collections$EmptyIterator
instanceKlass java/util/StringTokenizer
instanceKlass jdk/internal/org/objectweb/asm/ClassReader
instanceKlass java/util/ServiceLoader$ProviderImpl
instanceKlass java/util/ServiceLoader$Provider
instanceKlass java/util/ServiceLoader$1
instanceKlass java/lang/NamedPackage
instanceKlass sun/util/resources/cldr/provider/CLDRLocaleDataMetaInfo
instanceKlass java/security/SecureClassLoader$DebugHolder
instanceKlass java/security/PermissionCollection
instanceKlass java/security/SecureClassLoader$1
instanceKlass java/security/SecureClassLoader$CodeSourceKey
instanceKlass jdk/internal/jimage/ImageLocation
instanceKlass jdk/internal/jimage/decompressor/Decompressor
instanceKlass jdk/internal/jimage/ImageStringsReader
instanceKlass jdk/internal/jimage/ImageStrings
instanceKlass jdk/internal/jimage/ImageHeader
instanceKlass jdk/internal/jimage/NativeImageBuffer$1
instanceKlass jdk/internal/jimage/NativeImageBuffer
instanceKlass jdk/internal/jimage/BasicImageReader$1
instanceKlass jdk/internal/jimage/BasicImageReader
instanceKlass jdk/internal/jimage/ImageReader
instanceKlass jdk/internal/jimage/ImageReaderFactory$1
instanceKlass java/net/URI$Parser
instanceKlass java/nio/file/FileSystems$DefaultFileSystemHolder$1
instanceKlass java/nio/file/FileSystems$DefaultFileSystemHolder
instanceKlass java/nio/file/FileSystems
instanceKlass java/nio/file/Paths
instanceKlass jdk/internal/jimage/ImageReaderFactory
instanceKlass jdk/internal/module/SystemModuleFinders$SystemImage
instanceKlass jdk/internal/module/ModulePatcher$PatchedModuleReader
instanceKlass jdk/internal/module/SystemModuleFinders$SystemModuleReader
instanceKlass java/lang/module/ModuleReader
instanceKlass jdk/internal/loader/BuiltinClassLoader$5
instanceKlass java/util/ServiceLoader$3
instanceKlass java/util/ServiceLoader$2
instanceKlass java/util/ServiceLoader$LazyClassPathLookupIterator
instanceKlass java/util/concurrent/CopyOnWriteArrayList$COWIterator
instanceKlass java/util/ServiceLoader$ModuleServicesLookupIterator
instanceKlass java/util/ServiceLoader
instanceKlass sun/util/locale/BaseLocale$Key
instanceKlass sun/util/locale/InternalLocaleBuilder$CaseInsensitiveChar
instanceKlass sun/util/locale/InternalLocaleBuilder
instanceKlass sun/util/locale/StringTokenIterator
instanceKlass sun/util/locale/ParseStatus
instanceKlass sun/util/locale/LanguageTag
instanceKlass sun/util/cldr/CLDRBaseLocaleDataMetaInfo
instanceKlass sun/util/locale/provider/LocaleDataMetaInfo
instanceKlass sun/util/locale/provider/ResourceBundleBasedAdapter
instanceKlass sun/util/locale/provider/LocaleProviderAdapter$1
instanceKlass sun/util/locale/provider/LocaleProviderAdapter
instanceKlass sun/util/locale/LocaleObjectCache
instanceKlass java/util/ResourceBundle
instanceKlass java/util/ResourceBundle$Control
instanceKlass sun/util/locale/provider/TimeZoneNameUtility$TimeZoneNameGetter
instanceKlass sun/util/locale/provider/LocaleServiceProviderPool$LocalizedObjectGetter
instanceKlass sun/util/locale/provider/LocaleServiceProviderPool
instanceKlass java/util/spi/LocaleServiceProvider
instanceKlass sun/util/locale/provider/TimeZoneNameUtility
instanceKlass sun/util/calendar/CalendarUtils
instanceKlass sun/util/calendar/CalendarDate
instanceKlass java/util/zip/Checksum$1
instanceKlass java/util/zip/CRC32
instanceKlass java/util/zip/Checksum
instanceKlass sun/util/calendar/ZoneInfoFile$ZoneOffsetTransitionRule
instanceKlass java/io/FileInputStream$1
instanceKlass sun/util/calendar/ZoneInfoFile$1
instanceKlass sun/util/calendar/ZoneInfoFile
instanceKlass java/util/TimeZone
instanceKlass sun/util/calendar/CalendarSystem$GregorianHolder
instanceKlass sun/util/calendar/CalendarSystem
instanceKlass java/util/Date
instanceKlass sun/nio/cs/Surrogate
instanceKlass sun/nio/cs/Surrogate$Parser
instanceKlass java/util/concurrent/ConcurrentHashMap$MapEntry
instanceKlass java/util/Collections$SynchronizedCollection
instanceKlass java/util/Properties$EntrySet
instanceKlass jdk/internal/vm/VMSupport
instanceKlass java/util/LinkedList$Node
instanceKlass java/io/Reader
instanceKlass java/util/jar/Attributes$Name
instanceKlass java/util/jar/Attributes
instanceKlass java/util/TreeMap$PrivateEntryIterator
instanceKlass java/util/TreeMap$Entry
instanceKlass java/util/NavigableMap
instanceKlass java/util/SortedMap
instanceKlass java/util/NavigableSet
instanceKlass java/util/SortedSet
instanceKlass sun/security/action/GetIntegerAction
instanceKlass sun/security/util/Debug
instanceKlass sun/security/util/SignatureFileVerifier
instanceKlass java/util/zip/ZipFile$InflaterCleanupAction
instanceKlass java/util/zip/Inflater$InflaterZStreamRef
instanceKlass java/util/zip/Inflater
instanceKlass java/util/zip/ZipEntry
instanceKlass jdk/internal/util/jar/JarIndex
instanceKlass java/nio/Bits$1
instanceKlass jdk/internal/misc/VM$BufferPool
instanceKlass java/nio/Bits
instanceKlass sun/nio/ch/DirectBuffer
instanceKlass jdk/internal/perf/PerfCounter$CoreCounters
instanceKlass jdk/internal/perf/Perf
instanceKlass jdk/internal/perf/Perf$GetPerfAction
instanceKlass jdk/internal/perf/PerfCounter
instanceKlass java/nio/file/attribute/FileTime
instanceKlass java/util/zip/ZipUtils
instanceKlass java/util/zip/ZipFile$Source$End
instanceKlass java/io/RandomAccessFile$2
instanceKlass jdk/internal/access/JavaIORandomAccessFileAccess
instanceKlass java/io/RandomAccessFile
instanceKlass java/io/DataInput
instanceKlass java/io/DataOutput
instanceKlass sun/nio/fs/WindowsNativeDispatcher$CompletionStatus
instanceKlass sun/nio/fs/WindowsNativeDispatcher$AclInformation
instanceKlass sun/nio/fs/WindowsNativeDispatcher$Account
instanceKlass sun/nio/fs/WindowsNativeDispatcher$DiskFreeSpace
instanceKlass sun/nio/fs/WindowsNativeDispatcher$VolumeInformation
instanceKlass sun/nio/fs/WindowsNativeDispatcher$FirstStream
instanceKlass sun/nio/fs/WindowsNativeDispatcher$FirstFile
instanceKlass java/util/Enumeration
instanceKlass java/util/concurrent/ConcurrentHashMap$Traverser
instanceKlass java/util/concurrent/ConcurrentHashMap$CollectionView
instanceKlass sun/nio/fs/WindowsNativeDispatcher
instanceKlass sun/nio/fs/NativeBuffer$Deallocator
instanceKlass sun/nio/fs/NativeBuffer
instanceKlass java/lang/ThreadLocal$ThreadLocalMap
instanceKlass sun/nio/fs/NativeBuffers
instanceKlass sun/nio/fs/WindowsFileAttributes
instanceKlass java/nio/file/attribute/DosFileAttributes
instanceKlass sun/nio/fs/AbstractBasicFileAttributeView
instanceKlass sun/nio/fs/DynamicFileAttributeView
instanceKlass sun/nio/fs/WindowsFileAttributeViews
instanceKlass sun/nio/fs/Util
instanceKlass java/nio/file/attribute/BasicFileAttributeView
instanceKlass java/nio/file/attribute/FileAttributeView
instanceKlass java/nio/file/attribute/AttributeView
instanceKlass java/nio/file/Files
instanceKlass java/nio/file/CopyOption
instanceKlass java/nio/file/attribute/BasicFileAttributes
instanceKlass sun/nio/fs/WindowsPath
instanceKlass java/util/zip/ZipFile$Source$Key
instanceKlass sun/nio/fs/WindowsPathParser$Result
instanceKlass sun/nio/fs/WindowsPathParser
instanceKlass java/util/Arrays$ArrayItr
instanceKlass java/nio/file/FileSystem
instanceKlass java/nio/file/OpenOption
instanceKlass java/nio/file/spi/FileSystemProvider
instanceKlass sun/nio/fs/DefaultFileSystemProvider
instanceKlass java/util/zip/ZipFile$Source
instanceKlass java/util/zip/ZipCoder
instanceKlass java/util/zip/ZipFile$CleanableResource
instanceKlass java/lang/Runtime$Version
instanceKlass java/util/jar/JavaUtilJarAccessImpl
instanceKlass jdk/internal/access/JavaUtilJarAccess
instanceKlass jdk/internal/loader/FileURLMapper
instanceKlass jdk/internal/loader/URLClassPath$JarLoader$1
instanceKlass java/util/zip/ZipFile$1
instanceKlass jdk/internal/access/JavaUtilZipFileAccess
instanceKlass java/util/zip/ZipFile
instanceKlass java/util/zip/ZipConstants
instanceKlass jdk/internal/loader/URLClassPath$Loader
instanceKlass jdk/internal/loader/URLClassPath$3
instanceKlass java/security/PrivilegedExceptionAction
instanceKlass sun/util/locale/LocaleUtils
instanceKlass sun/util/locale/BaseLocale
instanceKlass java/util/Locale
instanceKlass sun/net/util/URLUtil
instanceKlass sun/instrument/TransformerManager$TransformerInfo
instanceKlass sun/instrument/TransformerManager
instanceKlass jdk/internal/loader/NativeLibraries$NativeLibraryImpl
instanceKlass jdk/internal/loader/NativeLibrary
instanceKlass java/util/ArrayDeque$DeqIterator
instanceKlass jdk/internal/loader/NativeLibraries$1
instanceKlass java/nio/charset/CoderResult
instanceKlass java/lang/Readable
instanceKlass sun/nio/cs/GBK$EncodeHolder
instanceKlass sun/nio/cs/ArrayEncoder
instanceKlass jdk/internal/loader/NativeLibraries$LibraryPaths
instanceKlass sun/instrument/InstrumentationImpl
instanceKlass java/lang/instrument/Instrumentation
instanceKlass java/lang/invoke/StringConcatFactory$3
instanceKlass java/lang/invoke/StringConcatFactory$2
instanceKlass java/lang/invoke/StringConcatFactory$1
instanceKlass java/lang/invoke/StringConcatFactory
instanceKlass jdk/internal/module/ModuleBootstrap$SafeModuleFinder
instanceKlass java/lang/ModuleLayer$Controller
instanceKlass java/util/concurrent/CopyOnWriteArrayList
instanceKlass jdk/internal/module/ServicesCatalog$ServiceProvider
instanceKlass jdk/internal/loader/AbstractClassLoaderValue$Memoizer
instanceKlass jdk/internal/module/ModuleLoaderMap$Modules
instanceKlass jdk/internal/module/ModuleLoaderMap$Mapper
instanceKlass jdk/internal/module/ModuleLoaderMap
instanceKlass java/lang/module/ResolvedModule
instanceKlass java/util/Collections$UnmodifiableCollection$1
instanceKlass java/lang/ModuleLayer
instanceKlass java/util/ImmutableCollections$ListItr
instanceKlass java/util/ListIterator
instanceKlass java/lang/module/ModuleFinder$1
instanceKlass java/nio/file/Path
instanceKlass java/nio/file/Watchable
instanceKlass java/lang/module/Resolver
instanceKlass java/lang/module/Configuration
instanceKlass java/util/stream/FindOps$FindOp
instanceKlass java/util/stream/FindOps$FindSink
instanceKlass java/util/stream/FindOps
instanceKlass java/util/stream/Sink$ChainedReference
instanceKlass java/util/stream/ReduceOps$AccumulatingSink
instanceKlass java/util/stream/TerminalSink
instanceKlass java/util/stream/Sink
instanceKlass java/util/function/Consumer
instanceKlass java/util/stream/ReduceOps$Box
instanceKlass java/util/stream/ReduceOps$ReduceOp
instanceKlass java/util/stream/TerminalOp
instanceKlass java/util/stream/ReduceOps
instanceKlass java/util/function/BinaryOperator
instanceKlass java/util/function/BiFunction
instanceKlass java/util/function/BiConsumer
instanceKlass java/util/stream/Collectors$CollectorImpl
instanceKlass java/util/stream/Collector
instanceKlass java/util/Collections$UnmodifiableCollection
instanceKlass java/util/stream/Collectors
instanceKlass java/lang/ref/Cleaner$Cleanable
instanceKlass jdk/internal/ref/CleanerImpl
instanceKlass java/lang/ref/Cleaner$1
instanceKlass java/lang/ref/Cleaner
instanceKlass jdk/internal/ref/CleanerFactory$1
instanceKlass java/util/concurrent/ThreadFactory
instanceKlass jdk/internal/ref/CleanerFactory
instanceKlass java/lang/invoke/MethodHandles$Lookup$ClassDefiner
instanceKlass java/lang/invoke/MethodHandles$Lookup$ClassFile
instanceKlass jdk/internal/org/objectweb/asm/Handler
instanceKlass jdk/internal/org/objectweb/asm/Attribute
instanceKlass jdk/internal/org/objectweb/asm/FieldVisitor
instanceKlass java/util/ArrayList$Itr
instanceKlass java/lang/invoke/InvokerBytecodeGenerator$ClassData
instanceKlass jdk/internal/org/objectweb/asm/AnnotationVisitor
instanceKlass jdk/internal/org/objectweb/asm/Frame
instanceKlass jdk/internal/org/objectweb/asm/Label
instanceKlass jdk/internal/org/objectweb/asm/MethodVisitor
instanceKlass java/lang/invoke/LambdaFormBuffer
instanceKlass java/lang/invoke/LambdaFormEditor$TransformKey
instanceKlass java/lang/invoke/LambdaFormEditor
instanceKlass sun/invoke/util/Wrapper$1
instanceKlass java/lang/invoke/DelegatingMethodHandle$Holder
instanceKlass java/lang/invoke/DirectMethodHandle$2
instanceKlass sun/invoke/empty/Empty
instanceKlass sun/invoke/util/VerifyType
instanceKlass java/lang/invoke/ClassSpecializer$Factory
instanceKlass java/lang/invoke/ClassSpecializer$SpeciesData
instanceKlass java/lang/invoke/ClassSpecializer$1
instanceKlass java/util/function/Function
instanceKlass java/lang/invoke/ClassSpecializer
instanceKlass java/lang/invoke/InnerClassLambdaMetafactory$1
instanceKlass java/lang/invoke/LambdaProxyClassArchive
instanceKlass jdk/internal/org/objectweb/asm/ByteVector
instanceKlass jdk/internal/org/objectweb/asm/Symbol
instanceKlass jdk/internal/org/objectweb/asm/SymbolTable
instanceKlass jdk/internal/org/objectweb/asm/ClassVisitor
instanceKlass java/lang/invoke/InfoFromMemberName
instanceKlass java/lang/invoke/MethodHandleInfo
instanceKlass jdk/internal/org/objectweb/asm/ConstantDynamic
instanceKlass sun/invoke/util/BytecodeDescriptor
instanceKlass jdk/internal/org/objectweb/asm/Handle
instanceKlass sun/security/action/GetBooleanAction
instanceKlass jdk/internal/org/objectweb/asm/Type
instanceKlass java/lang/invoke/AbstractValidatingLambdaMetafactory
instanceKlass java/lang/invoke/MethodHandleImpl$1
instanceKlass jdk/internal/access/JavaLangInvokeAccess
instanceKlass java/lang/invoke/Invokers$Holder
instanceKlass java/lang/invoke/BootstrapMethodInvoker
instanceKlass java/util/function/Predicate
instanceKlass java/lang/WeakPairMap$Pair$Lookup
instanceKlass java/lang/WeakPairMap$Pair
instanceKlass java/lang/WeakPairMap
instanceKlass java/lang/Module$ReflectionData
instanceKlass java/lang/invoke/InvokerBytecodeGenerator$2
instanceKlass java/lang/invoke/InvokerBytecodeGenerator
instanceKlass java/lang/invoke/LambdaForm$Holder
instanceKlass java/lang/invoke/LambdaForm$Name
instanceKlass java/lang/reflect/Array
instanceKlass java/lang/invoke/Invokers
instanceKlass java/lang/invoke/MethodHandleImpl
instanceKlass sun/invoke/util/ValueConversions
instanceKlass java/lang/invoke/DirectMethodHandle$Holder
instanceKlass java/lang/invoke/LambdaForm$NamedFunction
instanceKlass sun/invoke/util/Wrapper$Format
instanceKlass java/lang/invoke/MethodTypeForm
instanceKlass java/lang/Void
instanceKlass java/lang/invoke/MethodType$ConcurrentWeakInternSet
instanceKlass java/lang/invoke/LambdaMetafactory
instanceKlass sun/reflect/annotation/AnnotationParser
instanceKlass java/lang/Class$3
instanceKlass java/lang/PublicMethods$Key
instanceKlass java/lang/PublicMethods$MethodList
instanceKlass java/util/EnumMap$1
instanceKlass java/util/stream/StreamOpFlag$MaskBuilder
instanceKlass java/util/stream/Stream
instanceKlass java/util/stream/BaseStream
instanceKlass java/util/stream/PipelineHelper
instanceKlass java/util/stream/StreamSupport
instanceKlass java/util/Spliterators$IteratorSpliterator
instanceKlass java/util/Spliterator$OfDouble
instanceKlass java/util/Spliterator$OfLong
instanceKlass java/util/Spliterator$OfInt
instanceKlass java/util/Spliterator$OfPrimitive
instanceKlass java/util/Spliterator
instanceKlass java/util/Spliterators$EmptySpliterator
instanceKlass java/util/Spliterators
instanceKlass jdk/internal/module/DefaultRoots
instanceKlass jdk/internal/loader/BuiltinClassLoader$LoadedModule
instanceKlass jdk/internal/loader/AbstractClassLoaderValue
instanceKlass jdk/internal/module/ServicesCatalog
instanceKlass jdk/internal/util/Preconditions
instanceKlass sun/net/util/IPAddressUtil
instanceKlass java/net/URLStreamHandler
instanceKlass java/util/HexFormat
instanceKlass sun/net/www/ParseUtil
instanceKlass java/net/URL$3
instanceKlass jdk/internal/access/JavaNetURLAccess
instanceKlass java/net/URL$DefaultFactory
instanceKlass java/net/URLStreamHandlerFactory
instanceKlass jdk/internal/loader/URLClassPath
instanceKlass java/security/Principal
instanceKlass java/security/ProtectionDomain$Key
instanceKlass java/security/ProtectionDomain$JavaSecurityAccessImpl
instanceKlass jdk/internal/access/JavaSecurityAccess
instanceKlass java/lang/ClassLoader$ParallelLoaders
instanceKlass java/security/cert/Certificate
instanceKlass jdk/internal/loader/ArchivedClassLoaders
instanceKlass java/util/Deque
instanceKlass java/util/Queue
instanceKlass jdk/internal/loader/ClassLoaderHelper
instanceKlass jdk/internal/loader/NativeLibraries
instanceKlass jdk/internal/loader/BootLoader
instanceKlass java/util/Optional
instanceKlass jdk/internal/module/SystemModuleFinders$SystemModuleFinder
instanceKlass java/lang/module/ModuleFinder
instanceKlass jdk/internal/module/SystemModuleFinders$3
instanceKlass jdk/internal/module/ModuleHashes$HashSupplier
instanceKlass jdk/internal/module/SystemModuleFinders$2
instanceKlass java/util/function/Supplier
instanceKlass java/lang/module/ModuleReference
instanceKlass jdk/internal/module/ModuleResolution
instanceKlass java/util/Collections$UnmodifiableMap
instanceKlass jdk/internal/module/ModuleHashes$Builder
instanceKlass jdk/internal/module/ModuleHashes
instanceKlass jdk/internal/module/ModuleTarget
instanceKlass java/util/ImmutableCollections$Set12$1
instanceKlass java/lang/Enum
instanceKlass java/lang/module/ModuleDescriptor$Version
instanceKlass java/lang/module/ModuleDescriptor$Provides
instanceKlass java/lang/module/ModuleDescriptor$Opens
instanceKlass java/util/ImmutableCollections$SetN$SetNIterator
instanceKlass java/lang/module/ModuleDescriptor$Exports
instanceKlass java/lang/module/ModuleDescriptor$Requires
instanceKlass jdk/internal/module/Builder
instanceKlass jdk/internal/module/SystemModules$all
instanceKlass jdk/internal/module/SystemModules
instanceKlass jdk/internal/module/SystemModulesMap
instanceKlass java/net/URI$1
instanceKlass jdk/internal/access/JavaNetUriAccess
instanceKlass java/net/URI
instanceKlass jdk/internal/module/SystemModuleFinders
instanceKlass jdk/internal/module/ArchivedModuleGraph
instanceKlass jdk/internal/module/ArchivedBootLayer
instanceKlass jdk/internal/module/ModuleBootstrap$Counters
instanceKlass jdk/internal/module/ModulePatcher
instanceKlass jdk/internal/util/ArraysSupport
instanceKlass java/io/FileSystem
instanceKlass java/io/DefaultFileSystem
instanceKlass java/io/File
instanceKlass java/lang/module/ModuleDescriptor$1
instanceKlass jdk/internal/access/JavaLangModuleAccess
instanceKlass sun/invoke/util/VerifyAccess
instanceKlass java/lang/module/ModuleDescriptor
instanceKlass jdk/internal/module/ModuleBootstrap
instanceKlass java/lang/invoke/MethodHandleStatics
instanceKlass java/util/Collections
instanceKlass sun/io/Win32ErrorMode
instanceKlass jdk/internal/misc/OSEnvironment
instanceKlass jdk/internal/misc/Signal$NativeHandler
instanceKlass java/util/Hashtable$Entry
instanceKlass jdk/internal/misc/Signal
instanceKlass java/lang/Terminator$1
instanceKlass jdk/internal/misc/Signal$Handler
instanceKlass java/lang/Terminator
instanceKlass java/nio/ByteOrder
instanceKlass java/nio/Buffer$1
instanceKlass jdk/internal/access/JavaNioAccess
instanceKlass jdk/internal/misc/ScopedMemoryAccess
instanceKlass java/nio/charset/CharsetEncoder
instanceKlass sun/security/action/GetPropertyAction
instanceKlass java/io/Writer
instanceKlass java/io/OutputStream
instanceKlass java/io/Flushable
instanceKlass java/io/FileDescriptor$1
instanceKlass jdk/internal/access/JavaIOFileDescriptorAccess
instanceKlass java/io/FileDescriptor
instanceKlass jdk/internal/util/StaticProperty
instanceKlass java/util/HashMap$HashIterator
instanceKlass java/lang/Integer$IntegerCache
instanceKlass java/lang/CharacterData
instanceKlass java/lang/VersionProps
instanceKlass java/lang/StringConcatHelper
instanceKlass java/lang/StringCoding
instanceKlass java/nio/charset/CodingErrorAction
instanceKlass java/lang/StringUTF16
instanceKlass sun/nio/cs/DoubleByte
instanceKlass sun/nio/cs/GBK$DecodeHolder
instanceKlass java/nio/charset/CharsetDecoder
instanceKlass sun/nio/cs/ArrayDecoder
instanceKlass sun/nio/cs/DelegatableDecoder
instanceKlass java/lang/reflect/Modifier
instanceKlass java/lang/Class$1
instanceKlass java/lang/Class$Atomic
instanceKlass java/lang/Class$ReflectionData
instanceKlass java/nio/charset/StandardCharsets
instanceKlass sun/nio/cs/HistoricallyNamedCharset
instanceKlass java/util/Arrays
instanceKlass java/lang/ThreadLocal
instanceKlass java/nio/charset/spi/CharsetProvider
instanceKlass java/nio/charset/Charset
instanceKlass jdk/internal/misc/VM
instanceKlass jdk/internal/util/SystemProps$Raw
instanceKlass jdk/internal/util/SystemProps
instanceKlass java/lang/System$2
instanceKlass jdk/internal/access/JavaLangAccess
instanceKlass java/lang/ref/Reference$1
instanceKlass jdk/internal/access/JavaLangRefAccess
instanceKlass java/lang/ref/ReferenceQueue$Lock
instanceKlass java/lang/ref/ReferenceQueue
instanceKlass jdk/internal/reflect/ReflectionFactory
instanceKlass jdk/internal/reflect/ReflectionFactory$GetReflectionFactoryAction
instanceKlass java/security/PrivilegedAction
instanceKlass java/util/concurrent/locks/LockSupport
instanceKlass java/util/concurrent/ConcurrentHashMap$Node
instanceKlass java/util/concurrent/ConcurrentHashMap$CounterCell
instanceKlass java/util/concurrent/locks/ReentrantLock
instanceKlass java/util/concurrent/locks/Lock
instanceKlass java/lang/Runtime
instanceKlass java/util/HashMap$Node
instanceKlass java/util/KeyValueHolder
instanceKlass java/util/Map$Entry
instanceKlass java/util/ImmutableCollections$MapN$MapNIterator
instanceKlass java/lang/Math
instanceKlass jdk/internal/reflect/Reflection
instanceKlass java/lang/invoke/MethodHandles$Lookup
instanceKlass java/lang/StringLatin1
instanceKlass java/security/Permission
instanceKlass java/security/Guard
instanceKlass java/lang/invoke/MemberName$Factory
instanceKlass java/lang/invoke/MethodHandles
instanceKlass jdk/internal/access/SharedSecrets
instanceKlass java/lang/reflect/ReflectAccess
instanceKlass jdk/internal/access/JavaLangReflectAccess
instanceKlass java/util/ImmutableCollections
instanceKlass java/util/Objects
instanceKlass java/util/Set
instanceKlass jdk/internal/misc/CDS
instanceKlass java/lang/Module$ArchivedData
instanceKlass java/lang/String$CaseInsensitiveComparator
instanceKlass java/util/Comparator
instanceKlass java/io/ObjectStreamField
instanceKlass jdk/internal/vm/vector/VectorSupport$VectorPayload
instanceKlass jdk/internal/vm/vector/VectorSupport
instanceKlass java/lang/reflect/RecordComponent
instanceKlass java/util/Iterator
instanceKlass java/lang/Number
instanceKlass java/lang/Character
instanceKlass java/lang/Boolean
instanceKlass java/util/concurrent/locks/AbstractOwnableSynchronizer
instanceKlass java/lang/LiveStackFrame
instanceKlass java/lang/StackFrameInfo
instanceKlass java/lang/StackWalker$StackFrame
instanceKlass java/lang/StackStreamFactory$AbstractStackWalker
instanceKlass java/lang/StackWalker
instanceKlass java/nio/Buffer
instanceKlass java/lang/StackTraceElement
instanceKlass java/util/RandomAccess
instanceKlass java/util/List
instanceKlass java/util/AbstractCollection
instanceKlass java/util/Collection
instanceKlass java/lang/Iterable
instanceKlass java/util/concurrent/ConcurrentMap
instanceKlass java/util/AbstractMap
instanceKlass java/security/CodeSource
instanceKlass jdk/internal/loader/ClassLoaders
instanceKlass java/util/jar/Manifest
instanceKlass java/net/URL
instanceKlass java/io/InputStream
instanceKlass java/io/Closeable
instanceKlass java/lang/AutoCloseable
instanceKlass jdk/internal/module/Modules
instanceKlass jdk/internal/misc/Unsafe
instanceKlass jdk/internal/misc/UnsafeConstants
instanceKlass java/lang/AbstractStringBuilder
instanceKlass java/lang/Appendable
instanceKlass java/lang/AssertionStatusDirectives
instanceKlass java/lang/invoke/MethodHandleNatives$CallSiteContext
instanceKlass jdk/internal/invoke/NativeEntryPoint
instanceKlass java/lang/invoke/CallSite
instanceKlass java/lang/invoke/MethodType
instanceKlass java/lang/invoke/TypeDescriptor$OfMethod
instanceKlass java/lang/invoke/LambdaForm
instanceKlass java/lang/invoke/MethodHandleNatives
instanceKlass java/lang/invoke/ResolvedMethodName
instanceKlass java/lang/invoke/MemberName
instanceKlass java/lang/invoke/VarHandle
instanceKlass java/lang/invoke/MethodHandle
instanceKlass jdk/internal/reflect/CallerSensitive
instanceKlass java/lang/annotation/Annotation
instanceKlass jdk/internal/reflect/FieldAccessor
instanceKlass jdk/internal/reflect/ConstantPool
instanceKlass jdk/internal/reflect/ConstructorAccessor
instanceKlass jdk/internal/reflect/MethodAccessor
instanceKlass jdk/internal/reflect/MagicAccessorImpl
instanceKlass java/lang/reflect/Parameter
instanceKlass java/lang/reflect/Member
instanceKlass java/lang/reflect/AccessibleObject
instanceKlass java/lang/Module
instanceKlass java/util/Map
instanceKlass java/util/Dictionary
instanceKlass java/lang/ThreadGroup
instanceKlass java/lang/Thread$UncaughtExceptionHandler
instanceKlass java/lang/Thread
instanceKlass java/lang/Runnable
instanceKlass java/lang/ref/Reference
instanceKlass java/lang/Record
instanceKlass java/security/AccessController
instanceKlass java/security/AccessControlContext
instanceKlass java/security/ProtectionDomain
instanceKlass java/lang/SecurityManager
instanceKlass java/lang/Throwable
instanceKlass java/lang/System
instanceKlass java/lang/ClassLoader
instanceKlass java/lang/Cloneable
instanceKlass java/lang/Class
instanceKlass java/lang/invoke/TypeDescriptor$OfField
instanceKlass java/lang/invoke/TypeDescriptor
instanceKlass java/lang/reflect/Type
instanceKlass java/lang/reflect/GenericDeclaration
instanceKlass java/lang/reflect/AnnotatedElement
instanceKlass java/lang/String
instanceKlass java/lang/constant/ConstantDesc
instanceKlass java/lang/constant/Constable
instanceKlass java/lang/CharSequence
instanceKlass java/lang/Comparable
instanceKlass java/io/Serializable
ciInstanceKlass java/lang/Object 1 1 92 7 1 10 12 1 1 10 7 12 1 1 1 10 7 12 1 1 1 10 12 1 1 8 1 10 12 1 1 10 7 12 1 1 1 10 12 1 10 12 1 1 100 1 8 1 10 12 1 3 8 1 100 1 5 0 1 1 1 1 1 1 1 1 1 1 1 1 1 1 1 1 7 1 1 1 7 1 1 1 1 1 1 1 7 1 1 1 1 1 1 1
ciMethod java/lang/Object equals (Ljava/lang/Object;)Z 1024 0 35423 0 -1
ciMethod java/lang/Object hashCode ()I 256 0 128 0 -1
ciMethod java/lang/Object clone ()Ljava/lang/Object; 256 0 128 0 -1
ciInstanceKlass java/lang/Class 1 1 1611 10 7 12 1 1 1 9 7 12 1 1 1 9 12 1 1 7 1 10 10 12 1 1 8 1 10 12 1 8 1 8 1 10 12 1 1 10 12 1 1 10 12 1 10 10 12 1 10 12 1 1 10 12 1 1 10 7 12 1 1 10 12 1 10 12 1 10 12 1 8 1 10 12 1 8 1 10 12 1 8 1 8 1 10 12 1 1 10 7 12 1 1 1 18 12 1 1 11 7 12 1 1 1 8 1 8 1 8 1 10 7 12 1 1 1 11 12 1 1 7 1 8 1 10 12 1 11 7 12 1 1 1 10 12 1 1 11 8 1 18 8 1 10 12 1 10 7 12 1 1 10 7 12 1 1 1 10 12 1 1 10 7 12 1 1 1 9 100 12 1 1 1 10 100 12 1 1 1 10 7 12 1 1 1 10 12 1 1 18 12 1 1 10 7 12 1 1 1 10 7 12 1 1 10 12 1 1 10 7 1 100 1 10 12 1 1 9 12 1 1 7 1 8 1 10 12 1 10 12 1 1 10 12 1 1 10 7 12 1 1 1 7 1 10 12 1 7 1 7 1 10 10 12 1 1 10 12 1 1 100 1 10 100 12 1 1 1 10 12 1 1 10 12 1 1 9 12 1 1 10 12 1 10 12 1 10 12 1 1 9 12 1 1 9 12 1 1 10 12 1 1 10 7 1 10 12 1 10 12 1 10 12 1 1 10 9 12 1 10 12 1 8 1 10 12 1 1 10 12 1 1 10 12 1 10 12 1 1 10 12 1 1 10 12 1 1 9 7 12 1 1 1 10 7 12 1 1 10 12 10 12 1 10 12 1 1 10 100 12 1 1 10 12 1 10 12 1 1 10 100 12 1 1 1 10 12 1 10 12 1 1 10 12 1 10 12 1 10 12 1 1 10 7 1 10 10 10 12 1 1 10 12 1 1 10 12 10 12 1 1 100 1 8 1 10 10 12 1 1 10 12 1 100 1 11 12 1 10 100 12 1 1 10 12 1 10 12 1 10 100 12 1 1 10 10 12 1 1 8 1 10 12 1 10 12 1 1 8 1 9 12 1 10 12 1 10 12 1 10 12 1 10 12 100 1 9 12 1 10 12 1 9 12 1 10 12 1 10 12 1 10 12 1 10 10 12 1 10 12 1 10 12 1 10 12 1 10 12 1 10 12 1 100 1 10 12 1 10 12 1 1 10 12 1 1 10 12 1 1 10 12 1 1 10 12 1 1 10 12 1 1 7 1 10 10 12 1 1 10 12 1 1 10 12 1 1 10 10 12 1 10 12 1 1 10 12 1 1 10 12 1 1 10 12 1 1 7 1 10 10 12 11 100 12 1 1 10 12 1 1 10 12 1 10 7 12 1 1 1 10 12 1 1 10 10 12 1 1 100 1 10 10 12 1 1 10 100 12 1 1 1 100 1 7 1 10 12 1 1 10 12 1 10 10 12 1 1 10 12 1 10 12 1 10 12 1 10 100 12 1 1 1 11 7 12 1 1 10 12 1 10 12 1 9 12 1 10 12 1 1 10 12 1 9 12 1 1 7 1 10 9 12 1 1 10 12 7 1 10 12 1 9 12 1 10 100 12 1 1 1 10 12 1 10 12 1 10 100 12 1 1 1 10 12 1 10 12 10 12 1 1 100 1 10 8 1 10 12 1 11 11 12 1 1 11 7 12 1 1 11 12 1 8 1 10 12 1 10 12 1 1 9 12 1 9 12 1 1 10 7 12 1 1 9 12 1 10 12 1 1 10 10 12 1 10 7 12 1 1 1 10 7 12 1 1 10 7 12 1 1 9 12 1 1 10 12 1 9 12 1 10 12 1 10 12 1 1 9 12 1 1 9 12 1 10 12 1 10 12 1 1 9 12 1 7 1 10 10 12 1 1 7 1 10 12 1 1 7 11 7 1 9 12 1 1 9 12 1 100 1 10 12 1 9 12 1 1 9 12 1 10 12 1 10 12 1 1 9 12 1 7 1 10 10 12 1 1 10 10 12 1 1 10 12 10 10 12 1 9 12 1 10 12 1 1 10 7 12 1 1 1 10 12 1 1 10 12 1 8 10 7 8 1 18 8 1 8 1 10 12 1 9 12 1 9 12 1 1 10 12 1 7 1 7 1 10 12 1 9 12 1 1 7 1 10 10 12 1 10 7 1 9 12 1 8 1 10 12 1 7 1 10 12 1 10 12 1 1 9 12 1 100 1 8 1 10 7 1 4 10 10 12 11 7 12 1 1 1 10 12 1 7 1 10 12 1 1 10 8 1 8 1 10 12 1 1 9 7 12 1 1 11 12 7 1 11 7 12 1 1 9 12 1 10 100 12 1 1 1 10 7 12 1 1 10 12 1 1 9 12 1 9 10 12 1 1 10 12 1 1 10 12 1 1 10 12 1 1 10 12 1 1 11 12 1 7 1 11 12 1 10 7 12 1 1 1 10 12 1 7 1 11 12 1 10 7 12 1 1 1 10 12 1 10 11 12 1 11 12 1 1 10 12 1 10 12 1 1 9 12 1 1 9 100 12 1 1 10 12 1 10 100 12 1 1 1 10 12 1 1 10 12 1 10 12 1 10 12 1 10 7 12 1 1 1 10 12 1 8 1 10 12 1 10 12 1 10 12 1 10 100 12 1 1 1 11 100 12 1 1 1 10 12 1 1 10 12 1 18 12 1 1 11 12 1 1 18 11 12 1 18 12 1 11 12 1 10 12 1 1 10 12 1 10 12 1 10 12 10 12 1 8 1 10 12 1 7 1 9 12 1 1 100 1 100 1 100 1 100 1 100 1 1 1 3 1 3 1 3 1 1 1 1 1 1 1 5 0 1 1 1 1 1 1 1 1 1 1 1 1 1 1 1 1 1 1 1 1 1 1 1 100 1 1 1 1 1 1 1 100 1 1 1 1 1 1 7 1 1 1 1 1 1 1 1 1 1 1 1 1 1 1 1 1 1 1 1 1 1 1 1 1 1 1 1 1 1 1 1 1 1 1 1 1 1 100 1 1 1 1 1 1 1 1 1 1 1 1 1 1 1 1 1 1 1 1 1 1 1 1 1 1 1 1 100 1 1 1 1 1 1 1 1 1 1 1 1 1 1 1 1 1 1 1 1 1 1 1 1 1 1 1 1 1 1 1 1 1 1 1 1 1 1 1 1 1 1 1 1 1 1 1 1 1 1 1 1 1 100 1 100 1 1 1 1 1 1 1 1 1 1 1 1 1 1 1 1 1 1 1 1 1 1 1 1 1 1 1 1 1 1 1 1 1 1 1 1 1 1 1 1 1 1 1 1 1 1 1 1 1 1 1 1 1 1 1 1 1 1 1 1 1 1 1 100 1 1 1 1 1 1 1 1 1 1 1 1 1 1 1 1 1 1 1 1 1 1 1 1 1 1 1 1 1 1 1 1 1 1 1 1 1 1 1 1 1 1 1 1 1 1 1 1 1 1 1 1 1 1 1 1 1 1 1 1 1 1 1 1 1 1 1 1 15 10 7 12 1 1 1 16 15 10 12 16 15 11 12 16 1 16 15 16 15 10 12 16 16 15 10 12 16 15 16 1 15 10 12 16 1 1 1 1 1 1 1 1 100 1 1 100 1 100 1 1 100 1 100 1 1
staticfield java/lang/Class EMPTY_CLASS_ARRAY [Ljava/lang/Class; 0 [Ljava/lang/Class;
staticfield java/lang/Class serialPersistentFields [Ljava/io/ObjectStreamField; 0 [Ljava/io/ObjectStreamField;
ciInstanceKlass java/lang/reflect/AnnotatedElement 1 1 164 11 7 12 1 1 1 11 12 1 1 100 1 10 100 12 1 1 1 10 12 1 1 10 12 1 1 10 12 1 10 100 12 1 1 1 11 12 1 1 11 100 12 1 1 10 100 12 1 1 1 10 12 1 10 100 12 1 1 1 18 12 1 1 11 100 12 1 1 18 12 1 18 12 1 1 10 100 12 1 1 1 11 100 12 1 1 1 100 1 10 100 12 1 1 1 1 1 1 1 1 1 1 1 1 1 1 1 1 1 1 1 1 1 1 1 1 1 100 1 1 1 1 1 1 1 1 1 1 1 15 10 100 12 1 1 1 16 15 16 1 16 1 15 11 12 16 16 1 15 10 100 12 1 1 1 16 1 1 100 1 100 1 1
ciMethod java/lang/Class isArray ()Z 256 0 128 0 -1
ciInstanceKlass java/io/Serializable 1 1 7 100 1 100 1 1 1
instanceKlass jdk/internal/vm/vector/VectorSupport$VectorShuffle
instanceKlass jdk/internal/vm/vector/VectorSupport$VectorMask
instanceKlass jdk/internal/vm/vector/VectorSupport$Vector
ciInstanceKlass jdk/internal/vm/vector/VectorSupport$VectorPayload 0 0 32 10 100 12 1 1 1 9 100 12 1 1 1 10 100 12 1 1 1 1 1 1 1 1 1 1 1 1 1 1 1 1
ciInstanceKlass jdk/internal/vm/vector/VectorSupport$VectorShuffle 0 0 28 10 100 12 1 1 1 100 1 1 1 1 1 1 1 1 1 1 1 1 1 1 1 100 1 1 1 1
ciInstanceKlass jdk/internal/vm/vector/VectorSupport$VectorMask 0 0 28 10 100 12 1 1 1 100 1 1 1 1 1 1 1 1 1 1 1 1 1 1 1 100 1 1 1 1
ciInstanceKlass jdk/internal/vm/vector/VectorSupport$Vector 0 0 28 10 100 12 1 1 1 100 1 1 1 1 1 1 1 1 1 1 1 1 1 1 1 100 1 1 1 1
ciInstanceKlass jdk/internal/vm/vector/VectorSupport 0 0 487 100 1 10 100 12 1 1 1 9 12 1 1 10 12 1 1 100 1 10 12 1 11 100 12 1 1 1 11 100 12 1 1 1 11 100 12 1 1 11 100 12 1 1 1 11 100 1 100 1 10 12 1 1 11 100 12 1 1 11 100 12 1 1 100 1 11 100 12 1 1 11 100 12 1 1 11 100 12 1 1 1 11 100 12 1 1 1 11 100 12 1 1 1 11 100 12 1 1 1 100 1 10 12 1 1 11 100 12 1 1 100 1 11 100 12 1 1 11 100 12 1 1 11 100 12 1 1 11 100 1 100 1 9 12 1 1 10 100 12 1 1 11 100 12 1 1 10 12 1 1 10 100 12 1 1 1 10 12 1 10 12 1 1 10 12 1 1 1 1 1 3 1 3 1 3 1 3 1 3 1 3 1 3 1 3 1 3 1 3 1 3 1 3 1 3 1 3 1 3 1 3 1 3 1 3 1 3 1 3 1 3 1 3 1 3 1 3 1 3 1 3 1 3 1 3 1 3 1 3 1 3 1 3 1 3 1 3 1 3 1 3 1 3 1 3 1 3 1 1 1 1 1 3 1 1 1 1 1 1 3 1 1 1 1 1 1 1 1 1 1 1 1 1 1 1 1 1 1 1 1 1 1 1 1 1 1 1 1 1 1 1 1 1 1 1 1 1 1 1 1 1 1 1 1 1 1 1 1 1 1 1 1 1 1 1 1 1 1 1 1 1 1 1 1 1 1 1 1 1 1 1 1 1 1 1 1 1 1 1 1 1 1 1 1 1 1 1 1 1 1 1 1 1 1 1 1 1 1 1 1 1 1 1 1 1 1 1 1 1 1 1 1 1 1 1 1 1 1 1 1 1 1 1 1 1 1 1 1 1 1 1 1 1 1 1 1 1 1 1 1 1 1 1 1 1 1 1 1 1 1 1 1 1 1 1 1 1 1 1 1 1 1 1 1 1 1 1 1 1 1 1 1 1 1 1 1 1 1 1 1 1 1 1 1 1 1 1 1 1 1 1 1 1 1 1 1 1 1 1 100 1 100 1 1 1 1 1 1 1 1 1 1 1 1 1 1 1 1 1 1 1 1 1 1 1 1
ciInstanceKlass java/lang/reflect/RecordComponent 0 0 196 10 100 12 1 1 1 9 100 12 1 1 1 9 12 1 1 9 12 1 10 12 1 1 10 12 1 1 10 100 12 1 1 1 10 12 1 1 9 12 1 1 10 12 1 1 10 12 1 1 10 12 1 10 100 12 1 1 10 100 12 1 1 9 12 1 1 10 100 12 1 1 1 11 100 12 1 1 1 10 9 100 12 1 1 1 10 100 12 1 1 1 9 12 1 1 10 100 12 1 1 1 10 12 1 1 11 100 12 1 1 10 100 12 1 1 100 1 9 12 1 9 12 1 1 9 12 1 10 100 12 1 1 1 10 12 1 1 10 12 1 1 100 1 10 10 12 1 10 12 1 1 8 1 10 12 1 10 12 1 9 12 1 100 1 1 1 1 1 1 1 1 1 1 1 1 1 1 1 1 1 1 1 1 1 1 100 1 1 1 1 1 1 100 1 1
ciInstanceKlass java/util/Iterator 1 1 53 100 1 8 1 10 12 1 1 10 7 12 1 1 1 11 7 12 1 1 1 11 12 1 1 11 7 12 1 1 1 100 1 1 1 1 1 1 1 1 1 1 1 1 1 1 1 1 1 1 1 1 1
instanceKlass javax/validation/constraints/Pattern$Flag
instanceKlass net/sf/jsqlparser/parser/feature/Feature
instanceKlass io/jsonwebtoken/SignatureAlgorithm
instanceKlass cn/hutool/core/date/Week
instanceKlass cn/hutool/core/date/DateField
instanceKlass reactor/core/publisher/FluxCreate$CreateMode
instanceKlass sun/awt/AppContext$State
instanceKlass java/awt/desktop/UserSessionEvent$Reason
instanceKlass sun/java2d/StateTrackable$State
instanceKlass sun/font/EAttribute
instanceKlass org/springframework/boot/actuate/metrics/http/Outcome
instanceKlass com/fasterxml/jackson/core/StreamWriteCapability
instanceKlass org/apache/ibatis/executor/ExecutionPlaceholder
instanceKlass com/baomidou/mybatisplus/core/enums/SqlLike
instanceKlass org/apache/ibatis/ognl/internal/entry/DeclaredMethodCacheEntry$MethodType
instanceKlass com/baomidou/mybatisplus/core/enums/WrapperKeyword
instanceKlass com/baomidou/mybatisplus/core/conditions/segments/MatchSegment
instanceKlass com/baomidou/mybatisplus/core/enums/SqlKeyword
instanceKlass org/redisson/connection/NodeSource$Redirect
instanceKlass javax/validation/ElementKind
instanceKlass com/fasterxml/classmate/AnnotationInclusion
instanceKlass org/hibernate/validator/constraints/CompositionType
instanceKlass javax/validation/ConstraintTarget
instanceKlass javax/validation/metadata/ValidateUnwrappedValue
instanceKlass org/hibernate/validator/internal/metadata/core/ConstraintOrigin
instanceKlass com/fasterxml/jackson/core/StreamReadCapability
instanceKlass com/fasterxml/jackson/databind/util/AccessPattern
instanceKlass com/fasterxml/jackson/annotation/JsonProperty$Access
instanceKlass com/fasterxml/jackson/databind/AnnotationIntrospector$ReferenceProperty$Type
instanceKlass com/fasterxml/jackson/databind/cfg/ConstructorDetector$SingleArgConstructor
instanceKlass org/apache/tomcat/util/log/UserDataHelper$Mode
instanceKlass org/apache/coyote/ActionCode
instanceKlass javax/servlet/http/MappingMatch
instanceKlass org/apache/tomcat/util/buf/UEncoder$SafeCharsSet
instanceKlass org/apache/tomcat/util/http/parser/HttpParser$DomainParseState
instanceKlass org/apache/tomcat/util/http/parser/SkipResult
instanceKlass org/apache/coyote/http11/Http11InputBuffer$HeaderParseStatus
instanceKlass org/apache/tomcat/util/net/SendfileState
instanceKlass org/apache/coyote/http11/Http11InputBuffer$HeaderParsePosition
instanceKlass org/apache/coyote/AsyncStateMachine$AsyncState
instanceKlass org/apache/coyote/ErrorState
instanceKlass org/apache/tomcat/util/log/UserDataHelper$Config
instanceKlass org/apache/tomcat/util/net/AbstractEndpoint$Handler$SocketState
instanceKlass com/mysql/cj/QueryReturnType
instanceKlass com/mysql/cj/Query$CancelStatus
instanceKlass com/mysql/cj/MysqlType
instanceKlass com/mysql/cj/protocol/a/authentication/CachingSha2PasswordPlugin$AuthStage
instanceKlass com/mysql/cj/protocol/a/NativeConstants$StringSelfDataType
instanceKlass com/mysql/cj/protocol/a/NativeConstants$StringLengthDataType
instanceKlass com/mysql/cj/protocol/a/NativeConstants$IntegerDataType
instanceKlass com/mysql/cj/protocol/Resultset$Concurrency
instanceKlass com/mysql/cj/protocol/Resultset$Type
instanceKlass com/mysql/cj/conf/BooleanPropertyDefinition$AllowableValues
instanceKlass com/mysql/cj/conf/PropertyDefinitions$Compression
instanceKlass com/mysql/cj/conf/PropertyDefinitions$AuthMech
instanceKlass com/mysql/cj/conf/PropertyDefinitions$XdevapiSslMode
instanceKlass com/mysql/cj/conf/PropertyDefinitions$ZeroDatetimeBehavior
instanceKlass com/mysql/cj/conf/PropertyDefinitions$SslMode
instanceKlass com/mysql/cj/conf/PropertyDefinitions$DatabaseTerm
instanceKlass com/mysql/cj/util/SearchMode
instanceKlass com/mysql/cj/conf/PropertyKey
instanceKlass com/mysql/cj/conf/ConnectionUrl$HostsCardinality
instanceKlass com/mysql/cj/conf/ConnectionUrl$Type
instanceKlass java/time/DayOfWeek
instanceKlass org/apache/tomcat/util/net/Acceptor$AcceptorState
instanceKlass org/springframework/data/keyvalue/core/DefaultIdentifierGenerator
instanceKlass reactor/core/publisher/SignalType
instanceKlass org/springframework/data/redis/serializer/ByteArrayRedisSerializer
instanceKlass org/springframework/boot/actuate/info/InfoPropertiesInfoContributor$Mode
instanceKlass org/springframework/boot/actuate/endpoint/annotation/Selector$Match
instanceKlass org/springframework/boot/actuate/endpoint/web/WebEndpointHttpMethod
instanceKlass org/springframework/boot/actuate/endpoint/ApiVersion
instanceKlass org/springframework/boot/availability/LivenessState
instanceKlass org/springframework/boot/availability/ReadinessState
instanceKlass io/swagger/v3/oas/models/security/SecurityScheme$In
instanceKlass io/swagger/v3/oas/models/security/SecurityScheme$Type
instanceKlass reactor/core/publisher/FluxSink$OverflowStrategy
instanceKlass io/lettuce/core/event/jfr/NoOpEventRecorder
instanceKlass io/lettuce/core/tracing/NoOpTracing
instanceKlass io/lettuce/core/resource/DefaultThreadFactoryProvider
instanceKlass io/lettuce/core/resource/DnsResolvers
instanceKlass io/lettuce/core/resource/UnavailableResources
instanceKlass io/lettuce/core/resource/DefaultNettyCustomizer
instanceKlass nonapi/io/github/classgraph/scanspec/ScanSpec$ScanSpecPathMatch
instanceKlass java/nio/file/AccessMode
instanceKlass java/lang/StackStreamFactory$WalkerState
instanceKlass java/lang/StackWalker$ExtendedOption
instanceKlass nonapi/io/github/classgraph/utils/VersionFinder$OperatingSystem
instanceKlass io/github/classgraph/ClassGraph$CircumventEncapsulationMethod
instanceKlass org/springdoc/api/AbstractOpenApiResource$ConditionType
instanceKlass org/springframework/data/domain/Sort$Direction
instanceKlass com/fasterxml/jackson/core/JsonToken
instanceKlass com/fasterxml/jackson/annotation/JsonTypeInfo$As
instanceKlass com/fasterxml/jackson/databind/ObjectMapper$DefaultTyping
instanceKlass com/fasterxml/jackson/core/StreamWriteFeature
instanceKlass com/fasterxml/jackson/core/StreamReadFeature
instanceKlass org/springframework/boot/jackson/JsonComponent$Scope
instanceKlass com/fasterxml/jackson/annotation/JsonCreator$Mode
instanceKlass org/springframework/core/ResolvableType$WildcardBounds$Kind
instanceKlass org/springframework/http/HttpMethod
instanceKlass org/springframework/data/repository/support/Repositories$EmptyRepositoryFactoryInformation
instanceKlass org/springframework/data/geo/format/PointFormatter
instanceKlass org/springframework/data/geo/Metrics
instanceKlass org/springframework/data/geo/format/DistanceFormatter
instanceKlass com/fasterxml/jackson/dataformat/yaml/YAMLGenerator$Feature
instanceKlass com/fasterxml/jackson/dataformat/yaml/YAMLParser$Feature
instanceKlass io/swagger/v3/oas/models/media/EncodingProperty$StyleEnum
instanceKlass io/swagger/v3/oas/models/media/Encoding$StyleEnum
instanceKlass io/swagger/v3/oas/models/headers/Header$StyleEnum
instanceKlass org/springdoc/core/AbstractSwaggerUiConfigProperties$Direction
instanceKlass org/springframework/scheduling/support/CronField$Type
instanceKlass javax/annotation/Resource$AuthenticationType
instanceKlass org/springframework/security/crypto/bcrypt/BCryptPasswordEncoder$BCryptVersion
instanceKlass org/springframework/data/redis/connection/DataType
instanceKlass org/springframework/data/redis/core/convert/MappingRedisConverter$NaturalOrderingKeyComparator
instanceKlass org/springframework/data/convert/CustomConversions$ConverterRegistrationIntent$ConverterOrigin
instanceKlass org/redisson/liveobject/core/RedissonObjectBuilder$ReferenceType
instanceKlass org/redisson/connection/ConnectionEventsHub$Status
instanceKlass io/netty/buffer/PoolArena$SizeClass
instanceKlass org/redisson/client/RedisConnection$Status
instanceKlass org/redisson/client/handler/RedisChannelInitializer$Type
instanceKlass org/redisson/api/NodeType
instanceKlass org/redisson/client/protocol/pubsub/PubSubType
instanceKlass io/netty/util/ResourceLeakDetector$Level
instanceKlass org/redisson/config/SubscriptionMode
instanceKlass org/redisson/config/ReadMode
instanceKlass io/netty/resolver/ResolvedAddressTypes
instanceKlass io/netty/channel/socket/InternetProtocolFamily
instanceKlass com/sun/jndi/toolkit/url/Uri$ParseMode
instanceKlass org/redisson/config/SslProvider
instanceKlass org/redisson/config/TransportMode
instanceKlass org/springframework/boot/convert/DurationStyle$Unit
instanceKlass org/springframework/boot/convert/DurationStyle
instanceKlass org/apache/ibatis/mapping/ParameterMode
instanceKlass org/apache/ibatis/mapping/StatementType
instanceKlass org/apache/ibatis/mapping/SqlCommandType
instanceKlass com/sun/org/apache/xerces/internal/impl/XMLScanner$NameType
instanceKlass com/sun/org/apache/xerces/internal/util/Status
instanceKlass javax/xml/catalog/CatalogFeatures$Feature
instanceKlass com/sun/org/apache/xerces/internal/utils/XMLSecurityPropertyManager$Property
instanceKlass com/sun/org/apache/xerces/internal/utils/XMLSecurityPropertyManager$State
instanceKlass com/sun/org/apache/xerces/internal/utils/XMLSecurityManager$NameMap
instanceKlass com/sun/org/apache/xerces/internal/utils/XMLSecurityManager$Limit
instanceKlass com/baomidou/mybatisplus/core/enums/SqlMethod
instanceKlass com/baomidou/mybatisplus/annotation/FieldFill
instanceKlass org/apache/ibatis/session/TransactionIsolationLevel
instanceKlass com/baomidou/mybatisplus/annotation/DbType
instanceKlass org/apache/ibatis/mapping/ResultSetType
instanceKlass org/apache/ibatis/session/AutoMappingBehavior
instanceKlass org/apache/ibatis/session/LocalCacheScope
instanceKlass org/apache/ibatis/type/JdbcType
instanceKlass org/apache/ibatis/session/AutoMappingUnknownColumnBehavior
instanceKlass com/baomidou/mybatisplus/annotation/FieldStrategy
instanceKlass com/baomidou/mybatisplus/annotation/IdType
instanceKlass javax/websocket/CloseReason$CloseCodes
instanceKlass org/springframework/boot/web/servlet/server/Encoding$Type
instanceKlass org/springframework/boot/actuate/endpoint/OperationType
instanceKlass io/micrometer/core/instrument/binder/jvm/JvmGcMetrics$GcGenerationAge
instanceKlass javax/servlet/DispatcherType
instanceKlass org/springframework/boot/jdbc/DatabaseDriver
instanceKlass io/micrometer/core/instrument/config/MeterFilterReply
instanceKlass io/micrometer/core/instrument/Statistic
instanceKlass io/micrometer/core/instrument/Meter$Type
instanceKlass org/apache/catalina/WebResourceRoot$ResourceSetType
instanceKlass org/apache/catalina/authenticator/AuthenticatorBase$AllowCorsPreflight
instanceKlass org/apache/tomcat/util/http/SameSiteCookies
instanceKlass org/apache/catalina/WebResourceRoot$ArchiveIndexStrategy
instanceKlass javax/servlet/SessionTrackingMode
instanceKlass org/apache/tomcat/util/net/SocketEvent
instanceKlass org/apache/coyote/ContinueResponseTiming
instanceKlass org/apache/tomcat/util/net/AbstractEndpoint$BindState
instanceKlass org/apache/tomcat/util/buf/EncodedSolidusHandling
instanceKlass org/apache/catalina/LifecycleState
instanceKlass javax/net/ssl/SSLEngineResult$HandshakeStatus
instanceKlass org/springframework/boot/autoconfigure/web/servlet/WebMvcProperties$MatchingStrategy
instanceKlass org/springframework/boot/autoconfigure/web/ServerProperties$Jetty$Accesslog$FORMAT
instanceKlass org/springframework/boot/autoconfigure/web/ErrorProperties$IncludeAttribute
instanceKlass org/springframework/data/projection/ProxyProjectionFactory$PropertyAccessingMethodInvokerFactory
instanceKlass org/springframework/data/projection/ProxyProjectionFactory$MapAccessingMethodInterceptorFactory
instanceKlass org/springframework/data/util/NullableWrapperConverters$Jdk8OptionalUnwrapper
instanceKlass org/springframework/data/util/NullableWrapperConverters$WrapperType$Cardinality
instanceKlass org/springframework/data/convert/Jsr310Converters$StringToInstantConverter
instanceKlass org/springframework/data/convert/Jsr310Converters$StringToLocalDateTimeConverter
instanceKlass org/springframework/data/convert/Jsr310Converters$StringToLocalDateConverter
instanceKlass org/springframework/data/convert/Jsr310Converters$StringToPeriodConverter
instanceKlass org/springframework/data/convert/Jsr310Converters$PeriodToStringConverter
instanceKlass org/springframework/data/convert/Jsr310Converters$StringToDurationConverter
instanceKlass org/springframework/data/convert/Jsr310Converters$DurationToStringConverter
instanceKlass org/springframework/data/convert/Jsr310Converters$StringToZoneIdConverter
instanceKlass org/springframework/data/convert/Jsr310Converters$ZoneIdToStringConverter
instanceKlass org/springframework/data/convert/Jsr310Converters$InstantToLocalDateTimeConverter
instanceKlass org/springframework/data/convert/Jsr310Converters$LocalDateTimeToInstantConverter
instanceKlass org/springframework/data/convert/Jsr310Converters$InstantToDateConverter
instanceKlass org/springframework/data/convert/Jsr310Converters$DateToInstantConverter
instanceKlass org/springframework/data/convert/Jsr310Converters$LocalTimeToDateConverter
instanceKlass org/springframework/data/convert/Jsr310Converters$DateToLocalTimeConverter
instanceKlass org/springframework/data/convert/Jsr310Converters$LocalDateToDateConverter
instanceKlass org/springframework/data/convert/Jsr310Converters$DateToLocalDateConverter
instanceKlass org/springframework/data/convert/Jsr310Converters$LocalDateTimeToDateConverter
instanceKlass org/springframework/data/convert/Jsr310Converters$DateToLocalDateTimeConverter
instanceKlass org/springdoc/core/SpringDocConfigProperties$ApiDocs$OpenApiVersion
instanceKlass java/lang/invoke/MethodHandleImpl$ArrayAccess
instanceKlass io/swagger/v3/oas/models/SpecVersion
instanceKlass org/springframework/boot/sql/init/DatabaseInitializationMode
instanceKlass org/springframework/boot/autoconfigure/netty/NettyProperties$LeakDetection
instanceKlass org/springframework/boot/actuate/autoconfigure/health/HealthProperties$Show
instanceKlass org/springframework/boot/autoconfigure/data/redis/RedisProperties$ClientType
instanceKlass io/micrometer/core/instrument/simple/CountingMode
instanceKlass org/springframework/boot/autoconfigure/jackson/JacksonProperties$ConstructorDetectorStrategy
instanceKlass org/apache/ibatis/session/ExecutorType
instanceKlass org/springframework/boot/jdbc/EmbeddedDatabaseConnection
instanceKlass org/springframework/boot/autoconfigure/web/WebProperties$LocaleResolver
instanceKlass org/springframework/validation/DefaultMessageCodesResolver$Format
instanceKlass org/springframework/boot/web/server/Shutdown
instanceKlass org/springframework/boot/autoconfigure/web/ServerProperties$ForwardHeadersStrategy
instanceKlass org/springframework/data/repository/config/BootstrapMode
instanceKlass org/springframework/data/redis/core/RedisKeyValueAdapter$ShadowCopy
instanceKlass org/springframework/data/redis/core/RedisKeyValueAdapter$EnableKeyspaceEvents
instanceKlass org/springframework/data/repository/query/QueryLookupStrategy$Key
instanceKlass org/springframework/expression/spel/standard/TokenKind
instanceKlass org/springframework/boot/context/properties/ConfigurationPropertiesBean$BindMethod
instanceKlass org/springframework/boot/actuate/autoconfigure/web/ManagementContextType
instanceKlass org/springframework/boot/actuate/autoconfigure/info/InfoContributorFallback
instanceKlass org/springframework/boot/actuate/autoconfigure/endpoint/expose/EndpointExposure
instanceKlass org/springframework/boot/actuate/autoconfigure/web/server/ManagementPortType
instanceKlass org/springframework/http/HttpStatus$Series
instanceKlass org/springframework/http/HttpStatus
instanceKlass org/springframework/boot/autoconfigure/cache/CacheType
instanceKlass org/springframework/boot/jdbc/DataSourceBuilder$DataSourceProperty
instanceKlass com/fasterxml/jackson/annotation/PropertyAccessor
instanceKlass org/springframework/boot/autoconfigure/condition/SearchStrategy
instanceKlass org/springframework/boot/autoconfigure/condition/ConditionalOnWebApplication$Type
instanceKlass com/fasterxml/jackson/core/JsonParser$NumberType
instanceKlass org/springframework/jdbc/datasource/embedded/EmbeddedDatabaseType
instanceKlass com/fasterxml/jackson/databind/DeserializationFeature
instanceKlass com/fasterxml/jackson/databind/SerializationFeature
instanceKlass org/springframework/boot/autoconfigure/condition/ConditionMessage$Style
instanceKlass com/fasterxml/jackson/databind/MapperFeature
instanceKlass org/springframework/boot/autoconfigure/condition/FilteringSpringBootCondition$ClassNameFilter
instanceKlass com/fasterxml/jackson/databind/cfg/CoercionInputShape
instanceKlass com/fasterxml/jackson/databind/cfg/CoercionAction
instanceKlass com/fasterxml/jackson/databind/type/LogicalType
instanceKlass com/fasterxml/jackson/annotation/JsonAutoDetect$Visibility
instanceKlass com/fasterxml/jackson/annotation/Nulls
instanceKlass com/fasterxml/jackson/annotation/JsonInclude$Include
instanceKlass com/fasterxml/jackson/core/JsonGenerator$Feature
instanceKlass com/fasterxml/jackson/core/JsonParser$Feature
instanceKlass com/fasterxml/jackson/core/JsonFactory$Feature
instanceKlass com/fasterxml/jackson/core/Base64Variant$PaddingReadBehaviour
instanceKlass org/springframework/transaction/annotation/Propagation
instanceKlass org/springframework/transaction/annotation/Isolation
instanceKlass com/fasterxml/jackson/annotation/JsonFormat$Shape
instanceKlass com/fasterxml/jackson/annotation/JsonFormat$Feature
instanceKlass com/fasterxml/jackson/annotation/OptBoolean
instanceKlass com/fasterxml/jackson/core/JsonEncoding
instanceKlass jdk/xml/internal/XMLSecurityManager$NameMap
instanceKlass jdk/xml/internal/XMLSecurityManager$Processor
instanceKlass jdk/xml/internal/XMLSecurityManager$Limit
instanceKlass com/sun/org/apache/xalan/internal/utils/XMLSecurityPropertyManager$Property
instanceKlass com/sun/org/apache/xalan/internal/utils/FeaturePropertyBase$State
instanceKlass jdk/xml/internal/JdkProperty$State
instanceKlass jdk/xml/internal/JdkProperty$ImplPropMap
instanceKlass jdk/xml/internal/JdkXmlFeatures$XmlFeature
instanceKlass io/swagger/v3/oas/annotations/enums/Explode
instanceKlass io/swagger/v3/oas/annotations/enums/ParameterStyle
instanceKlass io/swagger/v3/oas/annotations/enums/ParameterIn
instanceKlass org/springframework/web/bind/annotation/RequestMethod
instanceKlass org/springframework/beans/factory/annotation/Autowire
instanceKlass org/springframework/context/annotation/AdviceMode
instanceKlass io/swagger/v3/oas/annotations/media/Schema$RequiredMode
instanceKlass io/swagger/v3/oas/annotations/media/Schema$AdditionalPropertiesValue
instanceKlass io/swagger/v3/oas/annotations/media/Schema$AccessMode
instanceKlass org/hibernate/validator/internal/metadata/raw/ConfigurationSource
instanceKlass sun/reflect/annotation/TypeAnnotation$TypeAnnotationTarget
instanceKlass org/hibernate/validator/internal/metadata/descriptor/ConstraintDescriptorImpl$ConstraintType
instanceKlass org/hibernate/validator/internal/metadata/location/ConstraintLocation$ConstraintLocationKind
instanceKlass org/hibernate/validator/internal/metadata/raw/ConstrainedElement$ConstrainedElementKind
instanceKlass org/springframework/context/annotation/ConfigurationCondition$ConfigurationPhase
instanceKlass com/sun/beans/introspect/PropertyInfo$Name
instanceKlass com/sun/beans/util/Cache$Kind
instanceKlass org/springframework/expression/spel/SpelCompilerMode
instanceKlass org/springframework/core/annotation/MergedAnnotation$Adapt
instanceKlass javax/validation/constraintvalidation/ValidationTarget
instanceKlass org/hibernate/validator/internal/metadata/core/BuiltinConstraint
instanceKlass org/springframework/context/annotation/FilterType
instanceKlass org/hibernate/validator/messageinterpolation/ExpressionLanguageFeatureLevel
instanceKlass org/hibernate/validator/internal/util/ConcurrentReferenceHashMap$Option
instanceKlass org/hibernate/validator/internal/util/ConcurrentReferenceHashMap$ReferenceType
instanceKlass javax/validation/executable/ExecutableType
instanceKlass org/jboss/logging/Logger$Level
instanceKlass org/apache/logging/log4j/spi/StandardLevel
instanceKlass org/springframework/context/annotation/ScopedProxyMode
instanceKlass org/springframework/boot/ansi/AnsiStyle
instanceKlass ch/qos/logback/core/pattern/parser/TokenStream$TokenizerState
instanceKlass ch/qos/logback/core/subst/Node$Type
instanceKlass ch/qos/logback/core/subst/Token$Type
instanceKlass ch/qos/logback/core/subst/Tokenizer$TokenizerState
instanceKlass java/nio/file/attribute/PosixFilePermission
instanceKlass org/springframework/boot/ansi/AnsiColor
instanceKlass org/springframework/boot/ansi/AnsiOutput$Enabled
instanceKlass org/springframework/boot/context/config/Profiles$Type
instanceKlass org/yaml/snakeyaml/tokens/Token$ID
instanceKlass org/yaml/snakeyaml/events/Event$ID
instanceKlass org/yaml/snakeyaml/comments/CommentType
instanceKlass org/yaml/snakeyaml/introspector/BeanAccess
instanceKlass org/yaml/snakeyaml/DumperOptions$NonPrintableStyle
instanceKlass org/yaml/snakeyaml/DumperOptions$LineBreak
instanceKlass org/yaml/snakeyaml/DumperOptions$FlowStyle
instanceKlass org/yaml/snakeyaml/DumperOptions$ScalarStyle
instanceKlass org/springframework/beans/factory/config/YamlProcessor$ResolutionMethod
instanceKlass org/yaml/snakeyaml/nodes/NodeId
instanceKlass org/springframework/boot/context/config/LocationResourceLoader$ResourceType
instanceKlass org/springframework/boot/BootstrapRegistry$Scope
instanceKlass org/springframework/boot/context/config/ConfigDataEnvironmentContributor$ImportPhase
instanceKlass org/springframework/boot/context/config/ConfigDataEnvironmentContributor$Kind
instanceKlass org/springframework/boot/context/config/ConfigData$Option
instanceKlass org/springframework/boot/context/config/ConfigDataNotFoundAction
instanceKlass org/springframework/boot/context/properties/source/ConfigurationPropertyState
instanceKlass org/springframework/boot/context/config/ConfigDataEnvironmentContributors$BinderOption
instanceKlass org/springframework/boot/cloud/CloudPlatform
instanceKlass java/util/stream/MatchOps$MatchKind
instanceKlass org/springframework/boot/context/properties/source/ConfigurationPropertyName$Form
instanceKlass java/util/Comparators$NaturalOrderComparator
instanceKlass java/time/Month
instanceKlass java/time/format/TextStyle
instanceKlass java/time/format/DateTimeFormatterBuilder$SettingsParser
instanceKlass java/time/format/ResolverStyle
instanceKlass java/time/format/SignStyle
instanceKlass java/time/temporal/JulianFields$Field
instanceKlass java/time/temporal/IsoFields$Unit
instanceKlass java/time/temporal/IsoFields$Field
instanceKlass java/time/format/FormatStyle
instanceKlass org/springframework/format/datetime/standard/DateTimeFormatterRegistrar$Type
instanceKlass ch/qos/logback/core/spi/FilterReply
instanceKlass org/springframework/core/annotation/IntrospectionFailureLogger
instanceKlass org/springframework/boot/context/properties/bind/Bindable$BindRestriction
instanceKlass org/springframework/boot/context/properties/source/ConfigurationPropertyName$ElementType
instanceKlass org/springframework/core/annotation/MergedAnnotations$SearchStrategy
instanceKlass org/springframework/boot/logging/LogLevel
instanceKlass java/lang/constant/DirectMethodHandleDesc$Kind
instanceKlass java/lang/invoke/VarHandle$VarHandleDesc$Kind
instanceKlass org/springframework/util/ConcurrentReferenceHashMap$TaskOption
instanceKlass java/security/DrbgParameters$Capability
instanceKlass sun/security/util/KnownOIDs
instanceKlass org/springframework/util/ConcurrentReferenceHashMap$Restructure
instanceKlass java/lang/StackWalker$Option
instanceKlass java/io/ObjectInputFilter$Status
instanceKlass org/springframework/util/ConcurrentReferenceHashMap$ReferenceType
instanceKlass org/springframework/boot/WebApplicationType
instanceKlass com/sun/management/VMOption$Origin
instanceKlass org/springframework/boot/Banner$Mode
instanceKlass java/util/regex/Pattern$Qtype
instanceKlass java/lang/management/MemoryType
instanceKlass java/math/RoundingMode
instanceKlass java/util/Locale$Category
instanceKlass ch/qos/logback/core/joran/spi/ConsoleTarget
instanceKlass java/lang/annotation/RetentionPolicy
instanceKlass java/lang/annotation/ElementType
instanceKlass java/lang/Thread$State
instanceKlass org/apache/commons/logging/LogAdapter$LogApi
instanceKlass sun/util/logging/PlatformLogger$Level
instanceKlass java/lang/System$Logger$Level
instanceKlass java/net/Proxy$Type
instanceKlass java/net/StandardProtocolFamily
instanceKlass jdk/internal/logger/BootstrapLogger$LoggingBackend
instanceKlass java/time/temporal/ChronoUnit
instanceKlass java/time/temporal/ChronoField
instanceKlass sun/util/locale/provider/LocaleProviderAdapter$Type
instanceKlass java/util/concurrent/TimeUnit
instanceKlass java/nio/file/LinkOption
instanceKlass sun/nio/fs/WindowsPathType
instanceKlass java/nio/file/StandardOpenOption
instanceKlass java/util/stream/Collector$Characteristics
instanceKlass java/util/stream/StreamShape
instanceKlass java/lang/invoke/MethodHandles$Lookup$ClassOption
instanceKlass java/lang/invoke/VarHandle$AccessType
instanceKlass java/lang/invoke/VarHandle$AccessMode
instanceKlass java/lang/invoke/MethodHandleImpl$Intrinsic
instanceKlass java/lang/invoke/LambdaForm$BasicType
instanceKlass java/lang/invoke/LambdaForm$Kind
instanceKlass sun/invoke/util/Wrapper
instanceKlass java/util/stream/StreamOpFlag$Type
instanceKlass java/util/stream/StreamOpFlag
instanceKlass java/io/File$PathStatus
instanceKlass java/lang/module/ModuleDescriptor$Requires$Modifier
instanceKlass java/lang/module/ModuleDescriptor$Modifier
ciInstanceKlass java/lang/Enum 1 1 188 9 7 12 1 1 1 9 12 1 1 10 7 12 1 1 1 10 12 1 1 100 1 10 10 12 1 1 10 12 1 100 1 10 10 7 12 1 1 10 12 1 1 18 12 1 1 10 100 12 1 1 1 10 12 1 1 11 7 12 1 1 1 100 1 8 1 10 12 1 7 1 7 1 10 8 1 10 12 1 1 10 12 1 1 8 1 10 12 1 10 100 1 8 1 10 10 12 1 1 10 100 12 1 1 1 100 1 100 1 100 1 1 1 1 1 1 1 1 1 1 1 1 1 1 1 1 1 1 1 1 1 1 1 1 1 1 1 1 1 1 1 1 1 1 1 1 1 1 1 1 1 100 1 100 1 1 100 1 1 1 1 1 1 1 1 1 1 1 15 10 100 12 1 1 1 16 15 10 12 16 1 1 100 1 100 1 1
ciInstanceKlass java/lang/System 1 1 803 10 100 12 1 1 1 9 7 12 1 1 1 10 12 1 10 12 1 1 10 12 1 1 10 12 1 9 12 1 1 10 7 12 1 1 1 11 7 12 1 1 1 10 100 12 1 1 1 10 12 1 1 10 12 1 1 100 1 8 1 10 12 1 10 100 12 1 1 1 10 7 12 1 1 1 18 12 1 1 10 100 12 1 1 1 100 1 10 12 1 1 10 100 12 1 1 1 10 12 1 10 7 12 1 1 1 9 100 12 1 1 1 10 100 12 1 1 1 11 7 12 1 1 1 10 12 1 1 10 7 12 1 1 1 100 1 10 10 12 1 1 8 1 10 12 1 8 1 10 12 1 9 12 1 1 8 1 10 7 12 1 1 1 10 12 1 1 100 1 8 1 10 9 12 1 1 8 1 10 12 1 1 10 100 12 1 1 1 8 1 10 12 1 100 1 10 12 1 8 1 10 12 1 10 12 1 1 100 1 10 12 10 12 1 9 12 1 1 9 12 1 1 10 7 12 1 1 1 10 7 12 1 1 1 10 12 1 1 10 12 1 10 12 1 10 7 12 1 1 1 10 12 1 100 1 100 1 8 1 10 12 1 10 12 1 1 7 1 10 12 1 100 1 8 1 10 10 12 1 100 1 8 1 10 8 1 10 7 12 1 1 8 1 10 12 100 1 8 1 10 10 12 1 1 10 7 12 1 1 1 100 1 18 12 1 100 1 9 100 12 1 1 1 10 12 1 100 1 10 12 1 1 10 12 1 1 10 7 12 1 1 1 10 12 1 1 10 12 1 10 12 1 10 12 1 1 10 12 1 7 1 10 12 1 10 12 1 100 1 10 12 1 10 7 12 1 1 1 100 1 8 1 10 9 12 1 9 12 1 10 12 1 10 100 12 1 1 10 12 1 10 12 1 1 8 1 10 12 1 1 8 1 11 12 1 10 12 11 12 1 1 11 7 12 1 1 1 11 7 12 1 1 11 12 1 1 7 1 11 12 1 10 12 1 8 1 10 12 1 1 8 1 8 1 8 1 8 1 11 12 1 10 12 1 10 12 1 10 12 1 10 7 12 1 1 8 1 7 1 9 7 12 1 1 1 10 12 1 7 1 9 12 10 9 12 7 1 10 12 8 1 10 12 1 1 8 1 10 7 12 1 1 10 12 1 10 7 12 1 1 1 10 12 1 1 10 7 12 1 1 1 10 12 10 7 12 1 1 1 9 12 1 1 100 1 8 1 10 12 1 1 10 7 12 1 1 1 7 1 10 12 1 1 8 1 10 8 1 8 1 8 1 8 1 10 10 7 12 1 1 10 12 1 1 10 12 1 1 10 12 1 1 10 12 1 10 100 12 1 1 1 10 100 1 8 1 10 10 10 12 1 1 10 12 1 1 8 1 10 12 1 8 1 10 12 1 10 12 1 1 7 1 10 10 12 1 10 12 1 9 12 1 1 1 3 1 3 1 1 1 1 1 1 1 1 1 1 1 1 100 1 1 7 1 1 1 1 1 1 1 1 1 1 1 100 1 100 1 1 1 1 1 1 1 1 1 1 1 1 1 1 1 1 1 1 1 1 1 1 1 1 1 1 1 1 1 1 1 1 1 1 1 1 1 1 1 1 1 1 1 1 1 1 1 1 1 1 1 1 1 1 1 1 1 1 100 1 1 1 1 1 1 1 1 1 1 1 1 1 1 1 1 1 1 1 1 1 1 1 1 1 1 1 1 1 1 1 1 1 100 1 1 15 10 100 12 1 1 1 16 15 10 12 1 1 16 15 10 12 16 1 1 1 1 1 1 1 100 1 100 1 1
staticfield java/lang/System in Ljava/io/InputStream; java/io/BufferedInputStream
staticfield java/lang/System out Ljava/io/PrintStream; java/io/PrintStream
staticfield java/lang/System err Ljava/io/PrintStream; java/io/PrintStream
instanceKlass io/github/classgraph/ClassGraphClassLoader
instanceKlass org/apache/ibatis/ognl/enhance/ContextClassLoader
instanceKlass org/springframework/core/DecoratingClassLoader
instanceKlass javax/management/remote/rmi/RMIConnectionImpl$CombinedClassLoader$ClassLoaderWrapper
instanceKlass javax/management/remote/rmi/RMIConnectionImpl$CombinedClassLoader
instanceKlass com/sun/jmx/remote/util/ClassLoaderWithRepository
instanceKlass jdk/internal/reflect/DelegatingClassLoader
instanceKlass java/security/SecureClassLoader
ciInstanceKlass java/lang/ClassLoader 1 1 1098 9 7 12 1 1 1 10 7 12 1 1 1 9 12 1 1 10 7 12 1 1 1 7 1 10 12 1 1 10 12 1 1 9 12 1 1 10 12 1 1 100 1 10 12 1 10 12 1 1 10 7 12 1 1 1 100 1 8 1 10 12 1 10 7 12 1 1 1 10 100 12 1 10 7 1 10 7 1 7 1 7 1 10 12 1 10 12 1 9 12 1 1 10 10 7 12 1 1 1 9 12 1 1 9 12 1 9 12 1 1 9 12 1 9 12 1 1 9 12 1 1 7 1 10 12 1 9 12 1 1 10 12 1 1 10 7 12 1 1 1 9 12 1 9 12 1 1 9 12 1 10 12 1 1 9 12 10 12 1 1 7 1 10 8 1 10 12 1 1 10 12 1 10 7 1 7 1 10 12 1 1 10 7 12 1 1 1 8 1 10 12 1 10 12 1 10 12 1 1 10 12 1 1 10 12 1 1 10 12 1 1 10 12 1 1 10 12 1 7 1 10 12 1 10 100 12 1 1 1 10 12 1 1 10 12 1 10 12 1 10 12 1 10 12 1 10 12 1 1 10 10 12 1 10 12 1 10 100 12 1 1 10 12 1 1 10 12 1 1 10 12 1 100 1 10 12 1 100 1 10 12 1 10 100 12 1 1 1 10 10 12 1 1 10 12 1 1 100 1 8 1 10 8 1 10 12 1 10 12 1 100 1 8 1 10 12 1 1 10 12 1 1 10 10 12 1 1 10 12 1 1 10 12 1 1 10 7 1 10 12 1 1 10 12 1 1 10 12 1 1 10 12 1 1 10 12 1 1 10 12 1 1 10 12 1 10 7 12 1 1 1 10 12 1 10 12 1 10 12 1 1 10 12 1 10 12 1 10 12 1 10 12 1 1 10 12 1 10 12 1 1 8 1 9 12 1 10 12 1 1 8 1 8 1 10 7 12 1 1 100 1 10 10 12 10 12 1 10 12 1 10 12 1 10 12 1 1 10 7 12 1 1 10 12 1 10 7 1 7 1 10 12 1 1 10 12 1 10 7 1 10 12 1 100 1 18 12 1 10 100 12 1 1 1 10 100 12 1 1 1 10 7 12 1 1 10 12 1 1 10 12 1 10 12 1 1 7 1 10 12 1 10 12 1 1 10 7 12 1 1 10 12 1 8 1 100 1 10 10 12 1 9 12 1 10 7 12 1 1 10 12 1 100 1 8 1 10 12 1 10 8 1 8 1 10 12 1 1 10 12 1 1 10 12 1 1 10 100 12 1 1 1 100 1 100 1 10 12 1 1 100 1 100 1 10 100 12 1 1 10 12 1 10 12 1 1 10 12 1 10 12 1 1 10 12 1 1 9 100 12 1 1 1 10 12 1 1 10 12 1 10 12 1 10 12 1 1 10 12 1 8 1 10 12 1 7 1 18 12 1 1 10 12 1 1 10 12 1 10 12 1 10 12 1 8 1 10 12 1 10 12 1 18 12 1 11 100 12 1 1 1 100 1 10 12 1 1 10 12 1 10 11 12 1 1 10 18 10 12 1 1 11 100 12 1 18 12 1 11 12 1 1 10 12 10 12 1 1 10 12 1 1 7 1 8 1 10 10 12 1 8 1 8 1 10 7 12 1 1 10 12 1 100 1 10 10 12 1 8 1 8 1 8 1 10 12 1 10 12 1 1 10 12 1 10 100 12 1 1 1 11 100 12 1 1 100 1 10 11 10 12 1 10 12 1 10 12 1 1 9 100 12 1 1 9 12 1 1 9 12 9 12 1 9 12 1 9 12 1 8 10 12 1 1 10 7 12 1 1 1 10 12 1 1 10 12 1 1 10 12 1 10 10 12 1 11 12 1 1 10 100 12 1 1 1 100 1 10 12 1 10 12 1 10 12 1 1 1 1 1 1 1 1 1 1 1 1 1 1 1 1 1 1 1 1 1 1 1 1 1 1 1 1 100 1 1 1 1 1 1 1 1 1 1 1 1 1 1 1 1 1 1 1 1 1 100 1 1 1 1 1 1 1 1 1 1 7 1 1 1 1 1 1 1 1 1 1 1 1 1 1 1 1 1 1 1 1 1 1 1 1 1 1 1 1 1 1 1 1 1 1 1 1 1 1 1 1 1 100 1 1 1 1 1 1 1 1 1 1 1 1 1 1 1 1 1 1 100 1 1 1 1 1 1 1 1 1 1 1 1 1 1 1 1 1 1 1 1 1 1 1 1 1 1 1 1 1 1 1 1 1 1 1 1 1 1 1 1 1 1 1 1 1 1 1 1 1 1 1 100 1 1 1 1 1 1 1 1 1 1 1 1 1 1 1 1 1 1 1 1 1 1 1 1 1 1 1 1 1 1 1 1 1 1 1 1 1 1 1 1 1 1 1 1 1 1 15 10 7 12 1 1 1 16 1 15 10 12 16 1 16 15 10 12 16 1 16 1 15 10 12 16 15 10 12 16 15 10 12 16 1 1 100 1 100 1 1
staticfield java/lang/ClassLoader nocerts [Ljava/security/cert/Certificate; 0 [Ljava/security/cert/Certificate;
staticfield java/lang/ClassLoader $assertionsDisabled Z 1
ciInstanceKlass jdk/internal/reflect/DelegatingClassLoader 1 1 18 10 7 12 1 1 1 100 1 1 1 1 1 1 1 1 1 1
instanceKlass jdk/internal/loader/Loader
instanceKlass java/net/URLClassLoader
instanceKlass sun/reflect/misc/MethodUtil
instanceKlass jdk/internal/loader/BuiltinClassLoader
ciInstanceKlass java/security/SecureClassLoader 1 1 102 10 7 12 1 1 1 7 1 10 12 1 9 7 12 1 1 1 10 12 1 10 12 1 10 12 1 1 10 12 1 1 10 12 1 7 1 10 7 1 10 12 1 7 1 10 12 1 11 7 12 1 1 1 7 1 11 12 1 10 12 1 1 1 1 1 1 1 1 1 1 1 1 1 1 1 1 1 1 1 1 1 1 1 1 1 1 1 1 1 1 1 1 1 1 1 1 100 1 1 1 1
instanceKlass jdk/internal/loader/ClassLoaders$BootClassLoader
instanceKlass jdk/internal/loader/ClassLoaders$PlatformClassLoader
instanceKlass jdk/internal/loader/ClassLoaders$AppClassLoader
ciInstanceKlass jdk/internal/loader/BuiltinClassLoader 1 1 737 9 7 12 1 1 1 10 7 12 1 1 1 10 7 12 1 1 1 9 12 1 1 9 12 1 1 7 1 10 12 1 9 12 1 10 12 1 9 12 1 10 7 12 1 1 1 10 7 12 1 1 1 10 7 12 1 1 1 11 7 12 1 1 1 100 1 100 1 10 10 12 1 1 8 1 10 12 1 10 12 7 1 10 12 1 10 12 1 1 11 7 12 1 1 1 11 7 12 1 1 1 11 12 1 1 7 1 8 1 8 1 10 9 12 1 1 10 7 12 1 1 11 12 1 1 10 12 1 1 10 12 1 1 10 12 1 1 10 7 12 1 1 1 10 12 1 10 100 12 1 1 1 10 12 1 1 11 7 12 1 1 1 10 7 12 1 1 7 1 10 7 12 1 1 1 10 12 1 7 1 8 1 10 12 1 1 10 8 1 10 12 1 1 10 12 1 1 10 12 1 1 11 7 12 1 1 11 12 1 7 1 10 11 12 1 1 11 10 12 1 1 7 1 10 12 1 10 7 12 1 10 12 1 7 1 10 12 1 10 7 12 1 1 1 100 1 10 12 1 1 11 12 1 100 1 100 1 10 12 1 10 12 1 1 100 1 100 1 10 12 1 10 12 1 18 12 1 1 10 12 1 10 12 1 1 18 100 1 10 7 12 1 1 1 7 1 10 10 12 1 1 10 12 1 1 10 12 1 1 10 12 1 9 12 1 1 100 1 10 10 12 1 1 10 12 1 1 10 12 1 10 12 10 12 1 1 10 12 1 1 10 12 1 1 10 12 1 10 12 1 1 18 12 1 7 1 10 12 1 1 10 12 1 10 12 1 1 10 12 1 100 1 10 12 1 7 1 10 12 1 10 7 12 1 1 1 10 12 1 11 12 1 7 1 10 12 1 7 1 100 1 10 12 1 10 12 1 11 12 1 1 10 12 1 1 10 12 1 1 10 12 1 1 10 12 1 1 10 12 1 10 12 1 10 12 1 10 12 1 8 1 10 12 1 1 10 7 12 1 1 10 12 1 100 1 8 1 8 1 10 10 12 1 8 1 8 1 10 7 12 1 1 1 11 7 12 1 1 1 9 7 12 1 1 1 10 7 12 1 1 1 9 12 1 9 12 1 9 12 1 9 12 1 9 12 1 9 12 1 10 7 12 1 1 1 8 1 10 12 1 7 1 10 12 1 1 10 12 1 7 1 10 11 12 1 1 10 12 10 12 1 10 12 1 100 1 10 12 1 10 12 1 10 10 12 1 10 7 12 1 1 8 1 10 7 12 1 1 10 12 1 1 1 1 1 1 1 1 1 1 1 1 1 1 1 1 1 1 1 1 1 1 1 1 1 1 1 1 1 1 1 1 1 1 1 1 1 1 1 1 1 1 1 1 1 1 1 1 1 1 1 1 1 1 1 1 100 1 1 1 1 1 1 1 1 1 1 1 1 1 1 1 1 1 1 100 1 100 1 1 1 1 1 1 1 1 1 1 1 1 1 1 1 1 1 1 1 1 1 1 1 1 1 1 1 1 1 1 1 1 1 1 1 1 1 1 1 1 1 1 1 1 1 1 1 1 1 1 1 100 1 1 15 10 100 12 1 1 1 16 15 10 12 16 15 10 12 16 15 10 12 16 1 1 1 100 1 1 1 1 1 100 1 100 1 1
staticfield jdk/internal/loader/BuiltinClassLoader packageToModule Ljava/util/Map; java/util/concurrent/ConcurrentHashMap
staticfield jdk/internal/loader/BuiltinClassLoader $assertionsDisabled Z 1
ciInstanceKlass java/security/AccessController 1 1 295 10 100 12 1 1 1 10 7 12 1 1 1 10 7 12 1 1 1 10 12 1 1 10 12 1 1 10 7 12 1 1 1 10 12 1 1 10 12 1 10 12 1 1 10 12 1 100 1 8 1 10 12 1 10 12 1 10 12 1 1 10 12 1 7 1 7 1 10 12 1 1 10 12 1 10 12 1 10 12 1 1 10 7 12 1 1 1 10 12 1 1 9 100 12 1 1 1 10 100 12 1 1 1 10 12 1 10 12 1 9 100 12 1 1 1 10 12 1 10 12 1 1 9 12 1 1 10 100 1 10 11 7 12 1 1 1 10 7 12 1 1 11 7 1 7 1 10 12 1 10 12 1 10 12 1 8 1 10 12 1 1 8 1 10 100 12 1 1 1 8 1 100 1 10 10 12 1 1 10 12 1 10 7 12 1 1 1 10 12 1 8 1 10 100 12 1 1 8 1 8 1 10 12 1 8 1 10 12 1 10 12 1 1 10 12 1 1 1 1 1 1 1 1 1 1 1 1 1 1 1 1 1 1 1 1 1 1 1 1 1 1 1 1 100 1 1 1 1 1 1 1 1 1 1 1 1 1 1 1 1 1 1 1 1 1 1 1 1 1 1 1 1 1 1 1 1 1 1 100 1 7 1 1 1 1 1 1 1 1 1 3 1 1 1
staticfield java/security/AccessController $assertionsDisabled Z 1
instanceKlass jdk/internal/reflect/GeneratedConstructorAccessor70
instanceKlass jdk/internal/reflect/GeneratedConstructorAccessor69
instanceKlass jdk/internal/reflect/GeneratedConstructorAccessor68
instanceKlass jdk/internal/reflect/GeneratedConstructorAccessor67
instanceKlass jdk/internal/reflect/GeneratedConstructorAccessor66
instanceKlass jdk/internal/reflect/GeneratedConstructorAccessor65
instanceKlass jdk/internal/reflect/GeneratedConstructorAccessor64
instanceKlass jdk/internal/reflect/GeneratedConstructorAccessor63
instanceKlass jdk/internal/reflect/GeneratedConstructorAccessor62
instanceKlass jdk/internal/reflect/GeneratedConstructorAccessor61
instanceKlass jdk/internal/reflect/GeneratedConstructorAccessor60
instanceKlass jdk/internal/reflect/GeneratedConstructorAccessor59
instanceKlass jdk/internal/reflect/GeneratedConstructorAccessor58
instanceKlass jdk/internal/reflect/GeneratedConstructorAccessor57
instanceKlass jdk/internal/reflect/GeneratedConstructorAccessor56
instanceKlass jdk/internal/reflect/GeneratedConstructorAccessor55
instanceKlass jdk/internal/reflect/GeneratedConstructorAccessor54
instanceKlass jdk/internal/reflect/GeneratedConstructorAccessor53
instanceKlass jdk/internal/reflect/GeneratedConstructorAccessor52
instanceKlass jdk/internal/reflect/GeneratedConstructorAccessor51
instanceKlass jdk/internal/reflect/GeneratedConstructorAccessor50
instanceKlass jdk/internal/reflect/GeneratedConstructorAccessor49
instanceKlass jdk/internal/reflect/GeneratedConstructorAccessor48
instanceKlass jdk/internal/reflect/GeneratedConstructorAccessor47
instanceKlass jdk/internal/reflect/GeneratedConstructorAccessor46
instanceKlass jdk/internal/reflect/GeneratedConstructorAccessor45
instanceKlass jdk/internal/reflect/GeneratedConstructorAccessor44
instanceKlass jdk/internal/reflect/GeneratedConstructorAccessor43
instanceKlass jdk/internal/reflect/GeneratedConstructorAccessor42
instanceKlass jdk/internal/reflect/GeneratedConstructorAccessor41
instanceKlass jdk/internal/reflect/GeneratedConstructorAccessor40
instanceKlass jdk/internal/reflect/GeneratedConstructorAccessor39
instanceKlass jdk/internal/reflect/GeneratedConstructorAccessor38
instanceKlass jdk/internal/reflect/GeneratedConstructorAccessor37
instanceKlass jdk/internal/reflect/GeneratedConstructorAccessor36
instanceKlass jdk/internal/reflect/GeneratedConstructorAccessor35
instanceKlass jdk/internal/reflect/GeneratedConstructorAccessor34
instanceKlass jdk/internal/reflect/GeneratedConstructorAccessor33
instanceKlass jdk/internal/reflect/GeneratedConstructorAccessor32
instanceKlass jdk/internal/reflect/GeneratedConstructorAccessor31
instanceKlass jdk/internal/reflect/GeneratedConstructorAccessor30
instanceKlass jdk/internal/reflect/GeneratedConstructorAccessor29
instanceKlass jdk/internal/reflect/GeneratedConstructorAccessor28
instanceKlass jdk/internal/reflect/GeneratedConstructorAccessor27
instanceKlass jdk/internal/reflect/GeneratedConstructorAccessor26
instanceKlass jdk/internal/reflect/GeneratedConstructorAccessor25
instanceKlass jdk/internal/reflect/GeneratedConstructorAccessor24
instanceKlass jdk/internal/reflect/GeneratedConstructorAccessor23
instanceKlass jdk/internal/reflect/GeneratedConstructorAccessor22
instanceKlass jdk/internal/reflect/GeneratedConstructorAccessor21
instanceKlass jdk/internal/reflect/GeneratedConstructorAccessor20
instanceKlass jdk/internal/reflect/GeneratedConstructorAccessor19
instanceKlass jdk/internal/reflect/GeneratedConstructorAccessor18
instanceKlass jdk/internal/reflect/GeneratedConstructorAccessor17
instanceKlass jdk/internal/reflect/GeneratedConstructorAccessor16
instanceKlass jdk/internal/reflect/GeneratedConstructorAccessor15
instanceKlass jdk/internal/reflect/GeneratedConstructorAccessor14
instanceKlass jdk/internal/reflect/GeneratedConstructorAccessor13
instanceKlass jdk/internal/reflect/GeneratedConstructorAccessor12
instanceKlass jdk/internal/reflect/GeneratedConstructorAccessor11
instanceKlass jdk/internal/reflect/GeneratedConstructorAccessor10
instanceKlass jdk/internal/reflect/GeneratedConstructorAccessor9
instanceKlass jdk/internal/reflect/GeneratedConstructorAccessor8
instanceKlass jdk/internal/reflect/GeneratedConstructorAccessor7
instanceKlass jdk/internal/reflect/GeneratedConstructorAccessor6
instanceKlass jdk/internal/reflect/GeneratedConstructorAccessor5
instanceKlass jdk/internal/reflect/GeneratedConstructorAccessor4
instanceKlass jdk/internal/reflect/GeneratedConstructorAccessor3
instanceKlass jdk/internal/reflect/GeneratedConstructorAccessor2
instanceKlass jdk/internal/reflect/SerializationConstructorAccessorImpl
instanceKlass jdk/internal/reflect/BootstrapConstructorAccessorImpl
instanceKlass jdk/internal/reflect/GeneratedConstructorAccessor1
instanceKlass jdk/internal/reflect/DelegatingConstructorAccessorImpl
instanceKlass jdk/internal/reflect/NativeConstructorAccessorImpl
ciInstanceKlass jdk/internal/reflect/ConstructorAccessorImpl 1 1 27 10 7 12 1 1 1 100 1 100 1 1 1 1 1 1 1 1 1 100 1 100 1 100 1 1 1
instanceKlass jdk/internal/reflect/FieldAccessorImpl
instanceKlass jdk/internal/reflect/ConstructorAccessorImpl
instanceKlass jdk/internal/reflect/MethodAccessorImpl
ciInstanceKlass jdk/internal/reflect/MagicAccessorImpl 1 1 16 10 7 12 1 1 1 100 1 1 1 1 1 1 1 1
instanceKlass jdk/internal/reflect/GeneratedMethodAccessor73
instanceKlass jdk/internal/reflect/GeneratedMethodAccessor72
instanceKlass jdk/internal/reflect/GeneratedMethodAccessor71
instanceKlass jdk/internal/reflect/GeneratedMethodAccessor70
instanceKlass jdk/internal/reflect/GeneratedMethodAccessor69
instanceKlass jdk/internal/reflect/GeneratedMethodAccessor68
instanceKlass jdk/internal/reflect/GeneratedMethodAccessor67
instanceKlass jdk/internal/reflect/GeneratedMethodAccessor66
instanceKlass jdk/internal/reflect/GeneratedMethodAccessor65
instanceKlass jdk/internal/reflect/GeneratedMethodAccessor64
instanceKlass jdk/internal/reflect/GeneratedMethodAccessor63
instanceKlass jdk/internal/reflect/GeneratedMethodAccessor62
instanceKlass jdk/internal/reflect/GeneratedMethodAccessor61
instanceKlass jdk/internal/reflect/GeneratedMethodAccessor60
instanceKlass jdk/internal/reflect/GeneratedMethodAccessor59
instanceKlass jdk/internal/reflect/GeneratedMethodAccessor58
instanceKlass jdk/internal/reflect/GeneratedMethodAccessor57
instanceKlass jdk/internal/reflect/GeneratedMethodAccessor56
instanceKlass jdk/internal/reflect/GeneratedMethodAccessor55
instanceKlass jdk/internal/reflect/GeneratedMethodAccessor54
instanceKlass jdk/internal/reflect/GeneratedMethodAccessor53
instanceKlass jdk/internal/reflect/GeneratedMethodAccessor52
instanceKlass jdk/internal/reflect/GeneratedMethodAccessor51
instanceKlass jdk/internal/reflect/GeneratedMethodAccessor50
instanceKlass jdk/internal/reflect/GeneratedMethodAccessor49
instanceKlass jdk/internal/reflect/GeneratedMethodAccessor48
instanceKlass jdk/internal/reflect/GeneratedMethodAccessor47
instanceKlass jdk/internal/reflect/GeneratedMethodAccessor46
instanceKlass jdk/internal/reflect/GeneratedMethodAccessor45
instanceKlass jdk/internal/reflect/GeneratedMethodAccessor44
instanceKlass jdk/internal/reflect/GeneratedMethodAccessor43
instanceKlass jdk/internal/reflect/GeneratedMethodAccessor42
instanceKlass jdk/internal/reflect/GeneratedMethodAccessor41
instanceKlass jdk/internal/reflect/GeneratedMethodAccessor40
instanceKlass jdk/internal/reflect/GeneratedMethodAccessor39
instanceKlass jdk/internal/reflect/GeneratedMethodAccessor38
instanceKlass jdk/internal/reflect/GeneratedMethodAccessor37
instanceKlass jdk/internal/reflect/GeneratedMethodAccessor36
instanceKlass jdk/internal/reflect/GeneratedMethodAccessor35
instanceKlass jdk/internal/reflect/GeneratedMethodAccessor34
instanceKlass jdk/internal/reflect/GeneratedMethodAccessor33
instanceKlass jdk/internal/reflect/GeneratedMethodAccessor32
instanceKlass jdk/internal/reflect/GeneratedMethodAccessor31
instanceKlass jdk/internal/reflect/GeneratedMethodAccessor30
instanceKlass jdk/internal/reflect/GeneratedMethodAccessor29
instanceKlass jdk/internal/reflect/GeneratedMethodAccessor28
instanceKlass jdk/internal/reflect/GeneratedMethodAccessor27
instanceKlass jdk/internal/reflect/GeneratedMethodAccessor26
instanceKlass jdk/internal/reflect/GeneratedMethodAccessor25
instanceKlass jdk/internal/reflect/GeneratedMethodAccessor24
instanceKlass jdk/internal/reflect/GeneratedMethodAccessor23
instanceKlass jdk/internal/reflect/GeneratedMethodAccessor22
instanceKlass jdk/internal/reflect/GeneratedMethodAccessor21
instanceKlass jdk/internal/reflect/GeneratedMethodAccessor20
instanceKlass jdk/internal/reflect/GeneratedMethodAccessor19
instanceKlass jdk/internal/reflect/GeneratedMethodAccessor18
instanceKlass jdk/internal/reflect/GeneratedMethodAccessor17
instanceKlass jdk/internal/reflect/GeneratedMethodAccessor16
instanceKlass jdk/internal/reflect/GeneratedMethodAccessor15
instanceKlass jdk/internal/reflect/GeneratedMethodAccessor14
instanceKlass jdk/internal/reflect/GeneratedMethodAccessor13
instanceKlass jdk/internal/reflect/GeneratedMethodAccessor12
instanceKlass jdk/internal/reflect/GeneratedMethodAccessor11
instanceKlass jdk/internal/reflect/GeneratedMethodAccessor10
instanceKlass jdk/internal/reflect/GeneratedMethodAccessor9
instanceKlass jdk/internal/reflect/GeneratedMethodAccessor8
instanceKlass jdk/internal/reflect/GeneratedMethodAccessor7
instanceKlass jdk/internal/reflect/GeneratedMethodAccessor6
instanceKlass jdk/internal/reflect/GeneratedMethodAccessor5
instanceKlass jdk/internal/reflect/GeneratedMethodAccessor4
instanceKlass jdk/internal/reflect/GeneratedMethodAccessor3
instanceKlass jdk/internal/reflect/GeneratedMethodAccessor2
instanceKlass jdk/internal/reflect/GeneratedMethodAccessor1
instanceKlass jdk/internal/reflect/DelegatingMethodAccessorImpl
instanceKlass jdk/internal/reflect/NativeMethodAccessorImpl
ciInstanceKlass jdk/internal/reflect/MethodAccessorImpl 1 1 25 10 7 12 1 1 1 100 1 100 1 1 1 1 1 1 1 1 1 100 1 100 1 1 1
ciInstanceKlass java/lang/Module 1 1 959 10 7 12 1 1 1 9 7 12 1 1 1 10 7 12 1 1 1 9 12 1 9 12 1 1 9 12 1 1 10 12 1 1 10 12 1 10 12 1 1 10 7 12 1 1 1 7 1 10 7 12 1 1 1 10 12 1 1 11 7 12 1 1 1 10 12 1 1 10 7 12 1 1 1 10 12 1 1 10 7 12 1 1 1 9 100 12 1 1 1 10 100 12 1 1 1 10 12 1 8 1 10 7 12 1 1 1 10 7 12 1 1 1 9 12 1 1 9 12 1 1 10 12 1 9 12 1 1 11 12 1 9 7 12 1 1 10 7 12 1 1 1 10 7 12 1 1 1 10 12 1 1 100 1 7 1 10 10 12 1 1 8 1 10 12 1 10 12 10 12 1 10 12 1 1 10 12 1 1 10 12 1 1 9 7 12 1 1 1 10 12 1 1 10 12 1 1 9 12 1 10 12 1 10 12 1 9 12 1 1 11 7 12 1 1 10 12 1 1 9 12 1 9 12 1 10 12 1 10 12 1 100 1 8 1 10 10 12 1 1 10 12 1 8 1 10 12 1 1 8 1 8 1 10 12 1 1 10 12 1 10 12 1 1 18 12 1 1 10 12 1 1 11 12 1 9 12 1 11 12 10 100 12 1 1 100 1 8 1 10 7 1 11 12 1 1 10 12 1 10 12 1 10 12 1 1 11 12 1 1 11 7 12 1 1 11 12 1 1 9 12 1 11 12 1 10 12 1 1 10 12 1 1 9 12 1 10 12 10 7 12 1 1 10 7 12 1 1 10 7 1 18 12 1 1 11 100 12 1 1 1 18 12 1 11 12 1 1 10 100 12 1 1 1 11 12 1 1 10 7 12 1 1 4 7 1 11 12 1 7 1 7 1 10 10 7 12 1 1 1 10 11 7 12 1 8 1 10 10 12 1 1 10 7 12 1 1 10 12 1 10 12 1 7 1 10 12 1 10 11 12 1 1 10 12 10 12 1 1 9 12 1 100 1 10 10 12 1 1 11 100 1 10 12 1 1 11 12 1 10 10 12 1 11 10 12 1 1 10 12 1 1 10 12 1 1 10 7 12 1 1 10 12 1 10 12 1 1 10 10 12 1 1 10 12 1 18 12 1 11 12 1 18 12 1 10 12 1 10 12 1 10 12 7 1 10 12 1 10 12 1 10 12 1 9 12 1 7 1 10 10 10 10 12 1 10 12 1 10 12 1 10 12 1 1 10 12 1 1 10 12 1 9 12 1 18 12 1 1 10 100 12 1 1 1 100 1 8 1 10 12 1 1 10 12 1 1 10 100 12 1 1 100 1 10 12 1 1 100 1 8 1 100 1 10 100 1 100 1 3 10 12 1 100 1 10 12 1 10 12 1 1 10 12 1 1 100 1 10 12 1 10 12 1 1 100 1 100 1 10 12 8 1 10 12 1 1 10 12 1 1 10 7 12 1 1 10 12 1 1 10 12 1 10 12 10 12 1 1 100 1 10 10 12 1 1 10 100 12 1 1 1 100 1 8 1 10 12 1 1 10 7 12 1 1 8 1 10 12 1 8 1 10 12 1 10 12 10 12 1 8 1 10 10 100 12 1 1 7 1 10 10 12 1 10 7 12 1 1 9 12 1 9 12 1 9 12 1 9 12 1 10 12 11 12 1 10 12 1 100 1 1 1 1 1 1 1 1 1 1 1 1 1 1 1 1 100 1 1 1 1 1 1 1 1 1 1 1 1 1 1 1 1 1 1 1 1 1 1 1 1 1 1 1 1 1 1 1 1 1 1 1 1 1 1 1 1 1 1 1 1 1 1 1 1 1 1 1 1 1 1 1 1 1 1 1 1 1 1 1 1 1 1 1 1 1 1 1 1 1 1 1 1 1 1 1 1 1 1 1 100 100 1 1 1 1 1 1 1 1 1 1 1 1 1 1 1 1 1 1 1 1 1 1 1 1 1 1 1 1 1 1 1 1 1 1 100 1 100 1 7 1 1 1 1 1 1 1 1 1 1 1 1 1 1 1 1 1 1 1 1 1 1 1 1 1 1 1 1 15 10 7 12 1 1 1 16 15 10 12 16 16 15 10 12 16 16 15 10 16 1 15 10 12 16 1 15 10 12 16 1 16 15 10 12 16 1 1 1 1 1 1 1 100 1 100 1 1
staticfield java/lang/Module ALL_UNNAMED_MODULE Ljava/lang/Module; java/lang/Module
staticfield java/lang/Module ALL_UNNAMED_MODULE_SET Ljava/util/Set; java/util/ImmutableCollections$Set12
staticfield java/lang/Module EVERYONE_MODULE Ljava/lang/Module; java/lang/Module
staticfield java/lang/Module EVERYONE_SET Ljava/util/Set; java/util/ImmutableCollections$Set12
staticfield java/lang/Module $assertionsDisabled Z 1
instanceKlass com/baomidou/mybatisplus/core/conditions/segments/AbstractISegmentList
instanceKlass io/github/classgraph/PotentiallyUnmodifiableList
instanceKlass org/springframework/beans/factory/support/ManagedList
instanceKlass javax/management/AttributeList
ciInstanceKlass java/util/ArrayList 1 1 492 10 7 12 1 1 1 7 1 9 7 12 1 1 1 9 12 1 100 1 100 1 10 8 1 10 12 1 1 10 12 1 10 12 1 1 10 12 1 9 12 1 11 7 12 1 1 1 9 12 1 1 10 12 1 1 7 10 7 12 1 1 1 9 12 1 10 12 1 10 12 1 1 10 7 12 1 1 1 10 7 12 1 1 1 10 12 1 1 10 12 1 1 10 12 1 1 10 12 1 10 12 1 1 100 1 100 1 10 12 1 10 7 12 1 1 1 10 7 12 1 1 10 12 1 10 12 10 12 1 1 10 12 1 1 10 12 1 1 7 1 10 12 1 1 10 12 1 1 10 12 1 100 1 10 11 12 1 1 11 7 12 1 1 1 11 12 1 10 12 1 10 12 1 10 12 1 1 100 1 10 12 1 1 10 10 12 1 1 10 12 1 8 1 8 1 8 1 8 1 10 12 1 1 10 12 1 1 11 12 1 100 1 10 100 12 1 1 10 12 1 10 12 1 1 10 100 12 1 1 10 12 1 10 100 12 1 1 1 11 100 12 1 1 1 10 12 1 100 1 8 1 10 7 1 10 12 1 7 1 10 12 1 10 12 1 1 7 1 10 12 1 10 12 1 1 11 7 12 1 1 7 1 10 12 1 10 12 1 1 11 100 12 1 1 10 12 1 1 10 12 1 1 10 12 1 1 10 12 1 1 11 100 12 1 1 10 12 1 1 100 1 100 1 100 1 1 1 1 5 0 1 3 1 1 1 1 1 1 1 1 1 1 1 1 1 1 1 1 1 1 1 1 1 1 1 1 1 1 1 1 1 1 1 1 1 1 1 1 1 1 1 1 1 1 1 1 1 1 1 1 1 1 1 1 1 1 1 1 1 1 1 1 1 1 1 1 1 1 1 1 1 1 1 1 1 1 1 1 1 1 1 1 1 1 1 1 1 1 1 1 1 1 1 1 1 1 1 1 100 1 1 1 1 100 1 1 1 1 1 1 1 1 1 1 1 1 1 1 1 1 1 1 1 1 1 1 1 1 1 1 1 1 1 100 1 1 1 1 1 1 1 1 1 1 1 1 1 1 1 1 1 1 100 1 100 1 1 1 1 1 1
staticfield java/util/ArrayList EMPTY_ELEMENTDATA [Ljava/lang/Object; 0 [Ljava/lang/Object;
staticfield java/util/ArrayList DEFAULTCAPACITY_EMPTY_ELEMENTDATA [Ljava/lang/Object; 0 [Ljava/lang/Object;
instanceKlass com/fasterxml/jackson/core/util/InternCache
instanceKlass org/apache/ibatis/session/Configuration$StrictMap
ciInstanceKlass java/util/concurrent/ConcurrentHashMap 1 1 1210 7 1 7 1 3 10 12 1 1 3 7 1 10 7 12 1 1 1 7 1 10 7 12 1 1 1 7 1 11 12 1 1 11 12 1 11 12 1 1 9 12 1 1 9 12 1 1 9 12 1 10 7 12 1 1 1 7 1 10 12 1 1 10 12 1 1 10 7 12 1 1 1 4 10 12 1 9 12 1 10 12 1 1 100 1 10 5 0 10 12 1 10 12 1 1 5 0 10 12 1 1 10 12 1 9 12 1 1 10 12 1 1 9 12 1 9 12 1 1 10 12 1 1 9 12 1 10 12 1 1 9 12 1 1 10 12 1 1 100 1 10 7 1 10 12 1 10 12 1 1 10 12 1 1 10 12 1 1 10 12 1 10 12 1 1 10 12 1 1 7 1 10 12 1 1 7 1 100 1 8 1 10 12 1 10 12 1 1 10 12 1 1 11 7 12 1 1 10 12 1 1 11 12 1 1 11 7 12 1 1 1 11 7 12 1 1 1 11 12 1 7 1 11 12 1 11 12 1 10 12 1 1 10 12 1 1 9 12 1 1 10 7 12 1 1 1 9 10 12 1 1 9 12 1 10 12 1 1 5 0 9 12 1 1 7 1 10 12 1 9 12 1 1 7 1 10 12 1 9 12 1 7 1 10 100 1 10 10 12 1 1 8 1 10 12 1 10 12 1 1 11 100 1 10 12 1 10 100 12 1 1 1 8 1 10 100 12 1 1 1 8 1 10 12 1 8 1 10 12 1 10 12 1 1 10 100 12 1 1 10 12 1 10 12 1 10 12 1 9 12 1 9 10 12 1 9 12 1 1 11 7 12 1 1 1 11 7 12 1 1 1 100 1 10 12 11 100 12 1 1 10 11 7 12 1 10 12 1 100 1 10 12 1 7 1 10 10 9 7 12 1 1 1 10 12 3 10 7 12 1 1 9 12 1 10 12 1 1 9 12 1 1 9 12 1 10 12 1 1 10 100 12 1 1 9 12 1 9 7 12 1 1 10 12 1 1 10 12 1 3 9 12 1 9 12 1 10 12 1 1 7 1 9 3 9 12 1 100 1 10 12 1 9 12 1 10 12 1 9 12 1 10 12 1 9 12 1 10 100 12 1 1 1 100 10 12 1 100 1 5 0 10 100 12 1 1 100 1 10 12 1 1 10 12 1 10 12 1 100 1 10 12 1 10 100 1 100 1 10 10 12 1 10 100 1 10 12 1 10 100 1 10 12 1 10 100 1 10 12 1 1 100 1 10 12 1 10 10 12 1 100 1 10 12 1 10 10 12 1 100 1 10 12 1 10 100 1 10 12 1 10 100 1 10 12 1 10 100 1 10 12 1 10 100 1 10 12 1 10 100 1 10 12 1 10 100 1 10 12 1 10 100 1 10 12 1 10 100 1 10 10 100 1 10 10 100 1 10 10 100 1 10 12 1 10 100 1 10 12 1 10 100 1 10 12 1 10 100 1 10 12 1 10 100 1 10 12 1 10 100 1 10 10 100 1 10 10 100 1 10 10 100 1 10 12 1 10 100 1 10 12 1 10 100 1 10 12 1 10 100 1 10 12 1 10 100 1 10 12 1 10 10 12 1 10 7 12 1 1 1 10 12 1 7 1 7 1 10 12 1 9 12 1 1 9 12 1 1 10 12 1 1 8 10 12 1 1 8 8 8 8 7 10 12 1 1 10 12 1 100 1 8 1 10 7 1 100 1 100 1 1 1 5 0 1 1 3 1 3 1 1 1 1 3 1 3 1 3 1 1 1 1 1 3 1 3 1 3 1 1 1 1 1 1 1 1 1 1 1 1 1 1 1 1 1 1 1 1 1 1 1 1 1 100 1 1 1 1 1 1 1 1 1 1 1 1 1 1 1 1 1 1 1 1 1 1 1 1 1 1 1 1 1 1 1 1 1 1 1 1 1 1 1 1 1 1 1 1 1 1 1 1 1 1 1 1 1 1 1 1 1 1 1 1 1 1 1 1 1 1 1 1 1 1 1 1 1 1 1 1 1 1 1 1 1 1 1 1 100 1 1 1 1 1 1 1 1 1 1 1 100 1 1 1 1 1 1 1 1 1 1 1 1 1 1 1 1 1 1 1 1 1 1 1 1 1 1 1 1 1 1 1 1 1 1 1 1 1 1 1 1 1 1 1 1 1 1 1 1 1 1 1 1 1 1 1 1 1 1 1 1 1 1 1 1 1 1 1 1 1 1 1 1 1 1 1 1 1 1 1 1 1 1 1 1 1 1 1 1 1 1 1 1 1 1 1 1 1 1 1 1 1 1 1 1 1 1 1 1 1 1 1 1 1 1 1 1 1 1 1 1 1 1 1 1 1 1 1 1 1 1 1 1 1 1 1 1 1 1 1 1 1 1 1 1 1 1 1 1 1 1 1 1 1 1 1 1 1 1 1 1 1 1 1 1 1 1 1 1 1 1 1 1 1 1 1 1 1 1 1 1 1 1 1 1 1 1 1 1 1 1 1 1 1 1 1 1 1 1 1 1 1 1 1 1 1 1 1 1 1 1 1 1 1 1 1 1 1 1 1 1 1 1 1 100 1 100 1 100 1 100 1 100 1 100 1 100 1 100 1 100 1 1 1 1 1 1 1 1 1 1 1 1 1 1 1 1 1 1 1 1 1 1 1 1 1 1 1 1 1 1 1 1 1 1 1 1 1 1 1 1 1 1 1 1 1 1 1 1 1 1 1 1 1 1 1 1 1 1
staticfield java/util/concurrent/ConcurrentHashMap NCPU I 32
staticfield java/util/concurrent/ConcurrentHashMap serialPersistentFields [Ljava/io/ObjectStreamField; 3 [Ljava/io/ObjectStreamField;
staticfield java/util/concurrent/ConcurrentHashMap U Ljdk/internal/misc/Unsafe; jdk/internal/misc/Unsafe
staticfield java/util/concurrent/ConcurrentHashMap SIZECTL J 20
staticfield java/util/concurrent/ConcurrentHashMap TRANSFERINDEX J 32
staticfield java/util/concurrent/ConcurrentHashMap BASECOUNT J 24
staticfield java/util/concurrent/ConcurrentHashMap CELLSBUSY J 36
staticfield java/util/concurrent/ConcurrentHashMap CELLVALUE J 144
staticfield java/util/concurrent/ConcurrentHashMap ABASE I 16
staticfield java/util/concurrent/ConcurrentHashMap ASHIFT I 2
ciInstanceKlass java/lang/String 1 1 1396 10 7 12 1 1 1 8 1 9 7 12 1 1 1 9 12 1 1 9 12 1 1 10 12 1 10 12 1 1 10 12 1 1 9 12 1 1 10 7 12 1 1 1 10 7 1 10 7 12 1 1 1 10 12 1 1 10 12 1 1 10 12 1 10 12 1 1 10 12 1 10 7 12 1 1 1 9 7 12 1 1 1 10 7 12 1 1 1 10 12 1 1 10 12 1 1 10 12 1 1 10 12 1 1 10 12 1 1 9 7 12 1 1 10 12 9 7 12 1 1 3 10 7 12 1 1 1 7 1 11 12 1 1 11 12 1 11 12 1 1 10 7 12 1 1 1 10 12 1 1 9 7 12 1 1 1 10 12 1 1 10 12 1 11 12 1 1 10 12 1 1 10 12 10 12 1 1 10 100 12 1 1 1 10 7 12 1 1 1 10 12 1 1 7 1 100 1 10 12 1 10 12 1 10 12 1 1 100 1 10 12 1 1 100 1 10 12 1 1 10 12 1 1 10 10 12 1 100 1 100 1 7 1 10 12 1 10 12 1 1 10 12 1 1 10 12 1 10 12 1 1 10 12 1 1 10 7 12 1 1 7 1 11 11 12 1 11 12 1 10 12 1 1 10 12 1 10 12 10 12 1 1 10 10 7 12 1 1 1 10 7 12 1 1 10 12 1 1 10 7 12 1 1 10 12 1 10 12 1 1 10 12 1 1 10 12 1 10 12 1 10 12 1 1 100 1 10 12 1 1 10 12 10 12 1 10 12 1 1 10 7 12 1 1 1 10 12 1 10 12 1 1 10 12 1 10 12 1 3 3 10 12 1 10 12 1 1 10 12 1 1 10 12 1 1 10 12 1 10 12 1 1 10 12 1 1 10 12 1 10 12 1 10 12 1 10 12 1 1 10 12 1 10 12 1 10 12 1 10 12 1 10 12 1 10 12 1 10 100 1 10 8 1 10 12 1 1 10 12 1 8 1 10 12 1 1 10 12 10 12 1 8 1 10 10 12 1 1 10 12 1 1 10 12 1 10 12 1 1 10 12 10 7 1 10 10 12 1 10 12 1 10 12 1 10 10 12 1 10 12 1 1 10 12 1 100 1 10 10 12 1 100 1 10 10 12 1 10 12 1 1 10 12 1 10 12 1 1 10 10 12 1 1 10 100 1 10 10 12 1 10 12 1 1 10 12 1 1 10 100 1 10 12 1 10 12 1 10 12 1 10 12 1 1 10 12 1 11 7 1 11 12 10 12 1 10 12 1 1 10 12 1 1 10 10 12 1 10 12 1 9 12 1 1 11 7 12 1 1 1 10 10 12 1 10 12 1 1 10 10 12 1 10 12 1 10 12 1 1 9 12 1 10 12 1 1 10 10 12 1 1 10 12 10 10 12 1 10 12 10 10 12 10 10 12 1 10 12 1 10 12 10 10 12 10 12 1 10 12 10 12 10 10 12 1 10 12 1 1 10 12 1 10 10 12 1 10 7 12 1 1 1 10 12 1 1 10 10 7 12 1 1 1 11 10 12 1 10 12 1 1 10 12 1 1 10 7 12 1 1 1 10 12 1 10 10 12 1 10 12 1 10 12 1 10 100 12 1 1 10 12 1 100 1 100 1 8 1 10 10 10 12 1 8 1 10 12 1 3 3 7 1 10 10 12 1 10 12 1 10 12 1 1 10 12 1 1 11 7 12 1 1 1 7 1 10 12 1 1 10 12 1 10 12 1 1 10 12 1 1 8 1 10 12 1 1 10 12 1 11 7 12 1 1 1 11 7 12 1 1 11 12 1 1 10 12 1 10 12 1 1 10 10 7 12 1 1 1 10 12 1 10 12 1 10 10 12 10 12 1 1 10 10 12 1 10 10 12 1 10 10 12 1 10 10 12 1 10 12 1 1 10 10 12 1 8 1 10 12 1 1 18 12 1 1 11 100 12 1 1 1 7 1 3 18 12 1 18 12 1 8 1 10 100 12 1 1 1 11 12 1 1 10 12 10 10 12 1 10 11 12 1 1 10 12 1 1 11 12 1 18 3 11 10 12 1 11 11 10 12 1 10 12 1 1 8 1 10 12 1 10 12 1 10 12 1 1 10 10 12 1 11 100 12 1 7 1 100 1 10 12 1 7 1 10 10 7 12 1 1 1 100 1 10 7 1 10 10 12 1 10 10 12 1 8 1 10 10 12 1 8 1 8 1 10 12 1 10 12 1 10 10 12 10 7 12 1 1 10 100 12 1 1 10 100 12 1 1 8 1 10 12 1 10 12 1 1 10 10 12 8 1 8 1 10 8 1 8 1 8 1 8 1 10 12 1 10 12 1 8 1 10 100 12 1 1 1 10 12 10 12 1 1 10 12 10 10 12 10 12 7 1 9 12 1 1 7 1 10 100 1 100 1 100 1 100 1 1 1 1 1 1 5 0 1 1 1 1 1 3 1 3 1 1 1 1 1 1 1 1 1 1 1 1 1 1 1 100 1 1 1 100 1 1 1 1 1 1 1 1 1 1 1 1 1 1 1 1 1 1 1 1 1 1 1 1 1 1 1 100 1 1 1 1 1 1 1 1 1 100 1 1 1 1 1 1 1 1 1 1 1 1 1 1 1 1 1 1 1 1 1 1 1 1 1 1 1 1 1 1 1 1 1 1 1 1 1 1 1 1 1 1 1 1 1 1 1 1 1 1 1 1 1 1 1 1 1 1 1 1 1 1 1 1 1 1 1 1 1 1 1 1 1 1 1 1 1 1 1 1 1 1 1 1 1 1 1 1 1 1 1 1 1 1 1 1 1 1 1 1 1 1 1 1 1 1 1 1 1 1 1 1 1 1 1 1 1 1 1 1 1 1 1 1 1 1 1 1 1 1 1 1 1 1 1 1 1 1 1 1 1 1 1 1 1 1 1 1 1 1 1 1 1 1 1 1 1 1 1 1 1 1 1 1 1 1 1 1 1 100 1 1 1 1 1 1 1 1 1 1 1 1 1 1 1 1 1 1 1 1 1 1 1 1 100 1 1 1 1 1 1 1 1 1 1 1 1 1 7 1 1 1 1 1 1 1 1 1 1 1 1 1 1 1 15 10 100 12 1 1 1 16 15 10 12 16 15 10 12 15 10 12 15 10 12 1 1 1 1 100 1 100 1 1 1
staticfield java/lang/String COMPACT_STRINGS Z 1
staticfield java/lang/String serialPersistentFields [Ljava/io/ObjectStreamField; 0 [Ljava/io/ObjectStreamField;
staticfield java/lang/String CASE_INSENSITIVE_ORDER Ljava/util/Comparator; java/lang/String$CaseInsensitiveComparator
ciInstanceKlass java/security/ProtectionDomain 1 1 324 10 7 12 1 1 1 9 7 12 1 1 1 7 1 10 9 12 1 1 9 12 1 1 9 12 1 1 10 7 12 1 1 7 1 9 12 1 9 12 1 1 7 1 9 12 1 1 9 12 1 10 7 12 1 1 10 7 12 1 1 1 10 12 1 1 10 12 1 9 12 1 9 100 12 1 1 10 12 1 1 10 100 1 10 12 1 1 8 1 100 1 8 1 10 12 1 10 10 100 12 1 1 1 10 12 1 1 8 1 11 8 1 10 12 1 8 1 8 1 10 12 1 1 10 12 1 10 12 1 1 10 12 1 8 1 10 12 1 8 1 8 1 10 100 12 1 1 1 9 100 12 1 1 1 10 12 1 1 9 100 12 1 1 1 10 100 12 1 1 1 100 1 100 1 10 12 1 10 100 12 1 1 1 10 100 1 10 12 1 10 12 1 1 11 100 12 1 1 11 12 1 100 1 11 100 12 1 1 1 10 12 1 10 11 12 1 1 11 12 1 1 10 12 1 10 7 12 1 1 10 100 12 1 1 11 12 1 10 12 8 1 8 1 10 7 12 1 1 1 7 1 10 10 7 12 1 1 1 1 1 1 1 1 1 1 100 1 1 100 1 1 1 1 1 1 1 1 1 1 1 1 1 1 1 1 1 1 1 1 1 1 1 1 1 1 1 1 1 1 1 1 1 1 1 1 1 1 1 1 1 1 100 1 1 1 1 1 100 1 1 1 1 1
staticfield java/security/ProtectionDomain filePermCompatInPD Z 0
ciInstanceKlass java/security/CodeSource 1 1 395 10 7 12 1 1 1 9 7 12 1 1 1 9 12 1 1 9 12 1 1 9 12 1 1 10 7 12 1 1 1 9 12 1 1 10 100 12 1 1 10 100 10 7 12 1 1 1 10 100 12 1 1 1 10 12 1 1 100 1 10 10 100 12 1 1 1 10 100 12 1 1 1 10 12 1 1 10 12 1 100 1 10 12 1 1 10 12 1 1 10 12 1 1 10 12 1 10 10 10 12 1 1 10 7 12 1 1 1 10 12 1 10 12 1 10 12 1 8 1 10 12 1 10 12 1 10 12 1 1 10 12 1 8 1 10 12 1 1 10 100 1 10 10 12 1 1 8 1 10 12 1 10 12 1 10 12 1 8 1 8 1 9 12 1 1 100 1 8 1 10 12 1 10 12 1 1 8 1 10 12 1 8 1 8 1 8 1 10 100 12 1 1 10 12 1 1 10 12 1 10 12 1 1 10 12 1 1 10 12 1 1 100 1 100 1 10 12 1 10 12 10 12 1 1 10 100 12 1 1 10 12 1 100 1 10 12 10 8 1 10 12 1 10 12 1 10 12 1 1 100 1 10 12 1 1 100 1 100 1 8 1 8 1 10 10 12 1 1 10 100 12 1 1 1 100 1 10 12 10 12 1 1 11 100 12 1 1 10 10 12 1 11 10 12 1 8 1 100 1 10 12 1 10 12 1 1 10 12 1 11 12 1 1 11 100 1 1 1 1 5 0 1 1 1 1 1 1 1 1 1 1 1 1 1 1 1 1 1 1 1 1 1 1 1 1 1 1 1 1 1 1 1 1 1 1 1 1 1 1 1 1 1 1 1 1 1 1 1 1 1 1 1 1 1 1 1 1 1 1 1 1 1 1 1 1 1 100 1 1 1 1 1 1 1
ciInstanceKlass java/lang/StringBuilder 1 1 409 10 7 12 1 1 1 10 12 1 10 12 1 10 12 1 1 10 7 12 1 1 1 10 7 12 1 1 1 10 12 1 10 12 1 10 12 1 10 12 1 10 12 1 10 12 1 10 12 1 10 12 1 10 12 1 10 12 1 10 12 1 10 12 1 10 12 1 10 12 1 1 10 12 1 10 12 1 1 10 12 1 1 10 12 1 10 12 1 10 12 1 10 12 1 10 12 1 10 12 1 10 12 1 10 12 10 12 1 10 12 1 10 12 1 10 12 1 1 10 12 1 10 12 1 10 12 10 12 1 1 10 12 1 1 9 12 1 1 9 12 1 1 10 7 12 1 1 1 10 7 1 10 100 12 1 1 1 10 12 1 10 12 1 1 10 12 1 1 10 10 12 1 1 10 100 12 1 1 10 12 1 10 12 1 1 100 1 100 1 8 1 10 10 12 1 1 10 12 1 1 10 12 1 10 12 1 10 12 1 10 12 1 10 12 1 10 12 1 10 12 1 10 12 1 10 12 1 10 12 1 10 12 1 10 12 1 10 12 1 10 12 1 10 12 1 1 10 12 1 1 10 12 1 10 12 1 10 12 1 10 12 10 12 10 12 1 10 12 1 10 12 1 10 12 10 12 1 10 12 1 10 12 1 10 12 1 10 12 1 10 12 1 10 12 1 10 12 1 10 12 1 1 10 12 1 10 12 1 1 10 12 1 10 12 1 1 10 12 1 10 12 1 1 10 12 1 10 12 1 10 12 1 10 10 12 1 10 12 1 100 1 100 1 100 1 1 1 1 5 0 1 1 1 1 1 1 1 1 1 1 1 1 1 1 1 1 1 1 1 1 1 1 1 1 1 1 1 1 1 1 1 1 1 1 1 1 1 1 1 1 1 1 1 100 1 1 1 100 1 1 1 1 1 1 1 1 1 1
ciInstanceKlass jdk/internal/reflect/Reflection 1 1 376 10 100 12 1 1 1 10 7 12 1 1 1 10 12 1 1 10 7 12 1 1 1 10 100 12 1 1 1 11 100 12 1 1 1 100 1 7 1 10 8 1 10 12 1 1 10 12 1 10 12 1 1 10 12 1 10 7 12 1 1 1 10 12 1 1 10 12 1 1 10 7 12 1 1 1 10 12 1 1 10 12 1 10 12 1 10 12 1 10 12 1 10 12 1 10 7 12 1 1 1 10 12 1 10 12 1 1 10 12 1 1 10 12 1 1 9 12 1 1 10 12 1 1 9 12 1 11 7 12 1 1 100 1 8 1 10 7 1 10 12 1 11 7 12 1 1 1 11 12 1 1 10 12 1 1 7 1 7 1 10 12 1 8 1 11 12 1 1 10 100 12 1 1 1 100 1 11 7 12 1 1 10 7 12 1 1 10 7 12 1 1 1 7 1 10 12 1 1 10 12 1 1 11 100 12 1 1 1 10 12 1 8 1 10 12 1 1 8 1 8 1 8 1 8 1 8 1 10 12 1 8 1 8 1 8 1 8 1 7 1 10 8 1 11 12 1 1 9 12 1 1 7 1 8 1 8 1 11 12 1 7 1 7 1 7 1 7 1 8 1 11 12 1 11 12 1 1 1 1 1 1 1 1 1 1 1 1 1 1 1 1 1 1 1 1 1 1 1 1 1 1 1 1 1 1 1 1 1 1 1 1 1 1 1 1 1 1 1 1 1 1 1 1 1 1 1 1 1 1 1 1 1 1 1 1 1 1 1 1 1 1 1 1 1 1 1 1 1 1 1 1 1 1 1 1 1 1 1 1 1 1 1 1 1 1 1 1 1 100 1 1 1 1 1 1
staticfield jdk/internal/reflect/Reflection ALL_MEMBERS Ljava/util/Set; java/util/ImmutableCollections$Set12
ciInstanceKlass jdk/internal/misc/VM 1 1 314 10 7 12 1 1 1 9 7 12 1 1 1 9 12 1 1 100 1 100 1 10 8 1 10 12 1 1 10 12 1 10 12 1 1 10 12 1 10 12 1 10 12 1 10 12 1 10 12 1 9 12 1 1 9 12 1 1 9 12 1 3 10 7 12 1 1 1 9 12 1 1 100 1 8 1 10 11 7 12 1 1 1 7 1 10 100 12 1 1 1 8 1 8 1 10 12 1 1 8 1 10 12 1 1 10 7 12 1 1 1 10 12 1 1 10 100 12 1 1 1 5 0 8 1 8 1 8 1 10 12 1 1 10 12 1 1 10 7 12 1 1 1 10 12 1 10 12 1 9 12 1 100 1 10 12 1 10 7 12 1 1 9 12 1 9 12 1 9 7 12 1 1 1 9 12 1 9 12 1 9 12 1 9 12 1 9 12 1 10 12 1 10 12 1 10 12 1 10 12 1 10 12 1 9 7 12 1 1 1 5 0 10 1 1 3 1 3 1 3 1 3 1 3 1 1 1 1 1 1 1 3 1 3 1 3 1 1 1 1 1 1 1 100 1 1 1 100 1 1 1 1 1 1 1 1 1 1 1 1 1 1 1 1 1 1 1 1 1 1 1 1 1 1 1 1 1 1 1 1 1 1 1 1 1 1 1 1 1 1 1 1 1 1 1 1 1 1 1 1 1 1 1 1 1 1 100 1 1 100 1 1 1 1
staticfield jdk/internal/misc/VM lock Ljava/lang/Object; java/lang/Object
ciInstanceKlass jdk/internal/loader/ClassLoaders 1 1 183 10 100 12 1 1 1 10 7 12 1 1 1 10 12 1 1 10 100 12 1 1 1 9 7 12 1 1 1 9 12 1 1 9 12 1 1 7 1 11 100 12 1 1 1 100 1 11 12 1 1 11 12 1 1 10 100 12 1 1 1 10 100 12 1 1 1 100 1 100 1 10 7 12 1 1 1 9 12 1 1 10 12 1 1 7 1 10 12 1 1 10 12 1 7 1 8 1 10 7 12 1 1 1 10 12 1 1 7 1 10 12 1 10 12 1 10 12 1 8 1 10 7 12 1 1 8 1 8 1 10 12 1 7 1 10 12 1 10 12 1 10 12 1 1 1 1 1 1 1 1 1 1 1 1 1 1 1 1 1 1 1 1 100 1 1 1 1 1 1 1 1 1 1 1 1 1 1 1 1 1 1 1
staticfield jdk/internal/loader/ClassLoaders JLA Ljdk/internal/access/JavaLangAccess; java/lang/System$2
staticfield jdk/internal/loader/ClassLoaders BOOT_LOADER Ljdk/internal/loader/ClassLoaders$BootClassLoader; jdk/internal/loader/ClassLoaders$BootClassLoader
staticfield jdk/internal/loader/ClassLoaders PLATFORM_LOADER Ljdk/internal/loader/ClassLoaders$PlatformClassLoader; jdk/internal/loader/ClassLoaders$PlatformClassLoader
staticfield jdk/internal/loader/ClassLoaders APP_LOADER Ljdk/internal/loader/ClassLoaders$AppClassLoader; jdk/internal/loader/ClassLoaders$AppClassLoader
ciInstanceKlass jdk/internal/misc/Unsafe 1 1 1285 10 7 12 1 1 1 9 7 12 1 1 1 9 12 1 1 10 12 1 1 10 7 12 1 1 1 10 12 1 1 10 12 1 1 10 12 1 1 10 12 1 1 10 12 1 1 10 12 1 1 10 12 1 1 10 12 1 1 10 12 1 1 10 12 1 1 10 12 1 1 10 12 1 1 10 12 1 1 10 12 1 10 12 1 100 1 10 10 12 1 1 10 12 1 1 5 0 10 12 1 1 10 12 1 1 10 7 12 1 1 1 10 12 1 1 10 12 1 10 12 1 10 12 1 1 10 12 1 1 10 12 1 10 12 1 100 1 100 1 10 8 1 10 12 1 1 10 12 1 8 1 10 12 1 1 10 12 1 10 12 1 10 12 1 1 10 12 1 10 12 1 1 10 12 1 1 10 12 1 10 12 1 10 12 1 10 12 1 1 10 12 1 10 12 1 10 12 1 1 10 12 1 5 0 5 0 5 0 10 12 1 10 12 1 10 12 1 10 12 1 10 12 1 10 12 1 10 12 1 10 12 1 10 12 1 1 10 12 1 10 12 1 100 1 8 1 10 100 1 10 10 12 1 1 10 12 1 1 10 12 1 10 12 1 1 10 12 1 1 10 12 1 10 12 1 1 10 12 1 9 7 12 1 1 9 12 1 100 1 10 10 12 1 1 8 1 10 8 1 8 1 10 12 1 1 9 7 12 1 1 1 9 100 1 9 7 1 9 7 1 9 9 100 1 9 100 1 9 100 1 10 12 1 1 10 12 1 1 10 12 1 1 10 12 1 1 5 0 5 0 9 12 1 1 10 12 1 10 12 1 10 12 1 1 10 12 1 1 10 12 1 8 1 3 10 12 1 1 10 12 1 1 10 12 1 10 12 1 1 10 12 1 1 10 12 1 10 12 1 10 12 1 10 12 1 10 12 1 10 12 1 1 10 12 1 1 10 12 1 10 12 1 10 12 1 10 12 1 10 12 1 10 12 1 1 10 12 1 1 10 12 1 10 12 1 10 12 1 10 12 1 10 12 1 10 12 1 1 10 12 1 1 10 12 1 1 10 12 1 1 10 12 1 10 12 1 10 12 1 10 12 1 10 12 1 10 12 1 10 12 1 1 10 12 1 1 10 12 1 10 12 1 10 12 1 10 12 1 10 12 1 10 12 1 10 12 1 1 10 12 1 1 10 12 1 10 12 1 10 12 1 10 12 1 10 12 1 10 12 1 10 12 1 10 12 1 1 10 12 1 10 12 1 10 12 1 10 12 1 10 12 1 1 10 12 1 10 12 1 10 12 1 10 12 1 10 12 1 10 12 1 10 12 1 10 12 1 1 10 12 1 10 12 1 10 12 1 10 12 1 10 12 1 10 12 1 1 10 12 1 10 12 1 10 12 1 1 10 12 1 10 12 1 10 12 1 10 12 1 10 12 1 10 12 1 10 12 1 10 12 1 10 12 1 10 12 1 10 12 1 10 12 1 10 12 1 10 12 1 10 12 1 10 12 1 10 12 1 10 12 1 10 12 1 10 12 1 10 12 1 10 12 1 100 1 10 100 1 10 9 12 1 5 0 10 12 1 1 5 0 10 12 1 5 0 10 12 1 10 12 1 10 12 1 1 10 12 1 1 10 12 1 10 12 1 10 12 1 10 12 1 1 10 12 1 10 12 1 10 12 1 10 12 1 10 12 1 1 10 12 1 10 12 1 10 12 1 10 12 1 1 10 12 1 10 12 1 10 12 1 1 10 12 1 10 12 1 10 12 1 10 12 1 1 10 12 1 10 10 12 1 1 10 12 1 10 12 1 1 10 12 1 10 12 5 0 5 0 5 0 10 12 1 1 10 12 1 10 12 1 10 12 10 7 12 1 1 8 1 7 1 11 12 1 1 8 1 11 12 1 1 10 7 12 1 1 10 12 1 10 12 1 10 12 1 10 12 1 10 12 1 1 10 12 1 10 12 1 10 12 1 10 12 1 10 12 1 10 12 1 10 7 1 10 12 1 9 12 1 7 1 9 12 1 7 1 9 12 1 7 1 9 12 1 7 1 9 12 1 7 1 9 12 1 7 1 9 12 1 7 1 9 12 1 7 1 9 12 1 10 12 1 9 12 1 9 12 1 9 12 1 9 12 1 9 12 1 9 12 1 9 12 1 9 12 1 9 12 1 9 12 1 1 1 3 1 1 1 1 1 1 1 1 1 1 1 1 1 1 1 1 1 1 1 1 1 1 1 1 1 1 1 1 1 1 1 1 1 1 1 1 1 1 1 1 1 1 1 1 1 1 1 1 1 1 1 1 1 1 1 1 1 1 1 1 1 1 1 1 1 1 1 1 1 1 1 1 1 1 1 1 1 1 1 1 1 1 1 1 1 1 1 1 1 7 1 1 1 1 1 1 1 1 1 1 1 1 1 1 1 1 1 1 1 1 1 1 1 1 1 1 1 1 1 1 1 1 1 1 1 1 1 1 1 1 1 1 1 1 1 1 1 1 1 1 1 1 1 1 1 1 1 1 1 1 1 1 1 1 1 1 1 1 1 1 1 1 1 1 1 1 1 1 1 1 1 1 1 1 1 1 1 1 1 1 1 1 1 1 1 1 1 1 1 1 1 1 1 1 1 1 1 1 1 1 1 1 1 1 1 1 1 1 1 1 1 1 1 1 1 1 1 1 1 1 1 1 1 1 1 1 1 1 1 1 1 1 1 1 1 1 1 1 1 1 1 1 1 1 1 1 1 1 1 1 1 1 1 1 1 1 1 1 1 1 1 1 1 1 1 1 1 1 1 1 1 1 1 1 1 1 1 1 1 1 1 1 1 1 1 1 1 1 1 1 1 1 1 1 1 1 1 3 1 1 1 1 1 1 1 1 1 1 1 1 1 1 1 1 1 1 1 1 1
staticfield jdk/internal/misc/Unsafe theUnsafe Ljdk/internal/misc/Unsafe; jdk/internal/misc/Unsafe
staticfield jdk/internal/misc/Unsafe ARRAY_BOOLEAN_BASE_OFFSET I 16
staticfield jdk/internal/misc/Unsafe ARRAY_BYTE_BASE_OFFSET I 16
staticfield jdk/internal/misc/Unsafe ARRAY_SHORT_BASE_OFFSET I 16
staticfield jdk/internal/misc/Unsafe ARRAY_CHAR_BASE_OFFSET I 16
staticfield jdk/internal/misc/Unsafe ARRAY_INT_BASE_OFFSET I 16
staticfield jdk/internal/misc/Unsafe ARRAY_LONG_BASE_OFFSET I 16
staticfield jdk/internal/misc/Unsafe ARRAY_FLOAT_BASE_OFFSET I 16
staticfield jdk/internal/misc/Unsafe ARRAY_DOUBLE_BASE_OFFSET I 16
staticfield jdk/internal/misc/Unsafe ARRAY_OBJECT_BASE_OFFSET I 16
staticfield jdk/internal/misc/Unsafe ARRAY_BOOLEAN_INDEX_SCALE I 1
staticfield jdk/internal/misc/Unsafe ARRAY_BYTE_INDEX_SCALE I 1
staticfield jdk/internal/misc/Unsafe ARRAY_SHORT_INDEX_SCALE I 2
staticfield jdk/internal/misc/Unsafe ARRAY_CHAR_INDEX_SCALE I 2
staticfield jdk/internal/misc/Unsafe ARRAY_INT_INDEX_SCALE I 4
staticfield jdk/internal/misc/Unsafe ARRAY_LONG_INDEX_SCALE I 8
staticfield jdk/internal/misc/Unsafe ARRAY_FLOAT_INDEX_SCALE I 4
staticfield jdk/internal/misc/Unsafe ARRAY_DOUBLE_INDEX_SCALE I 8
staticfield jdk/internal/misc/Unsafe ARRAY_OBJECT_INDEX_SCALE I 4
staticfield jdk/internal/misc/Unsafe ADDRESS_SIZE I 8
ciInstanceKlass jdk/internal/access/SharedSecrets 1 1 407 10 100 12 1 1 1 9 7 12 1 1 1 8 1 10 7 12 1 1 1 100 1 9 12 1 1 100 1 10 12 1 1 9 12 1 1 9 12 1 1 8 1 9 12 1 1 7 1 9 12 1 1 9 12 1 1 9 12 1 1 7 1 9 12 1 1 7 1 9 12 1 1 100 1 9 12 1 1 100 1 9 12 1 1 100 1 9 12 1 1 7 1 9 12 1 1 9 12 1 1 100 1 100 1 9 12 1 1 100 1 9 12 1 1 100 1 9 12 1 1 7 1 9 12 1 1 9 12 1 1 9 12 1 1 9 12 1 1 100 1 9 12 1 1 100 1 9 12 1 1 9 12 1 1 100 1 9 12 1 1 100 1 9 12 1 1 100 1 9 12 1 1 100 1 9 12 1 1 100 1 9 12 1 1 100 1 10 7 12 1 1 1 10 7 12 1 1 1 100 1 9 12 1 1 1 1 1 1 1 1 1 1 1 1 1 100 1 1 100 1 1 1 1 1 1 1 1 1 1 1 1 1 100 1 1 1 1 1 1 100 1 1 1 1 1 1 1 1 1 1 1 1 1 1 1 100 1 1 1 1 1 100 1 1 1 1 1 1 100 1 1 1 1 1 1 100 1 1 1 1 1 100 1 1 1 1 1 1 100 1 1 1 1 1 1 100 1 1 1 1 1 1 100 1 1 1 1 1 1 100 1 1 1 1 1 1 100 1 1 1 100 1 1 1 1 1 1 1 1 1 1 1 1 1 1 1 1 1 1 1 100 1 1 1 1 1 100 1 1 1 1 1 100 1 1 1 1 1 100 1 1 1 1 1 1 1 1 100 1 1 1 1 1 1 100 1 1 1 1 1 1 1 1 1 1 1 1 1 1 1 100 1 1 1 1 1 1 1 1 1 1 1 100 1 1 1
staticfield jdk/internal/access/SharedSecrets lookup Ljava/lang/invoke/MethodHandles$Lookup; java/lang/invoke/MethodHandles$Lookup
ciInstanceKlass java/lang/reflect/ReflectAccess 1 1 191 10 7 12 1 1 1 7 1 10 12 1 10 7 12 1 1 1 10 12 1 1 10 12 1 1 10 12 1 1 10 12 1 1 10 12 1 1 10 12 1 1 10 12 1 10 7 12 1 1 10 12 1 1 10 12 1 1 10 12 1 10 7 12 1 1 10 12 1 10 7 12 1 1 1 10 12 1 1 10 12 1 1 10 100 12 1 1 1 100 1 100 1 1 1 1 1 1 1 1 1 1 1 1 1 1 1 1 1 1 1 1 1 1 1 1 1 1 1 1 1 1 1 1 1 1 1 1 1 1 1 1 1 1 1 1 1 1 1 1 1 1 1 1 1 1 1 1 1 1 1 1 1 1 1 1 1 1 1 1 1 1 1 1 1 1 1 1 1 1 1 1 1 1 1 1 100 1 100 1 100 1 1 1 1 1 100 1 1 1 1
ciInstanceKlass java/util/Map 1 1 259 11 7 12 1 1 1 11 12 1 1 10 7 12 1 1 11 12 1 1 11 7 12 1 1 1 11 7 12 1 1 1 11 12 1 1 7 1 11 12 1 11 12 1 100 1 100 1 10 12 1 1 11 7 12 1 1 1 11 100 12 1 1 1 11 12 1 11 12 1 10 12 1 1 11 12 1 11 7 12 1 9 7 12 1 1 1 100 1 10 12 7 1 7 1 10 12 1 7 1 10 7 1 11 12 1 1 7 1 11 12 1 1 1 1 1 1 1 1 1 1 1 1 1 1 1 1 1 1 1 1 1 1 1 1 1 1 1 1 1 1 1 1 1 1 1 1 1 1 1 1 1 1 1 1 1 1 1 1 1 1 1 1 1 1 1 1 1 1 1 1 1 1 1 1 1 1 1 1 1 1 1 1 1 1 1 1 1 1 1 1 1 1 1 1 1 1 1 1 1 1 1 1 1 1 1 1 1 1 1 1 1 1 1 1 1 1 1 1 1 1 1 1 1 1 1 1 1 1 1 1 1 1 1 1 1 1 1 1 1 100 1 1 1 1 1 1 1 1 1 1 1 1 1 1 1 1 1 1
ciInstanceKlass java/lang/ThreadGroup 1 1 293 10 7 12 1 1 1 9 7 12 1 1 1 8 1 9 12 1 1 7 1 9 12 1 9 12 1 1 10 12 1 1 10 12 1 1 10 12 1 10 12 1 1 10 12 1 9 12 1 1 10 12 1 1 10 12 1 9 12 1 10 100 12 1 1 1 9 12 1 9 12 1 1 10 7 12 1 1 1 7 10 12 1 1 10 7 12 1 1 1 10 100 12 1 9 12 1 10 12 1 1 10 12 1 1 9 12 1 1 10 12 1 1 10 12 1 10 12 1 10 12 1 1 10 12 1 1 10 12 1 10 12 1 10 10 12 1 10 12 1 10 100 1 10 10 12 1 10 12 1 10 12 1 7 10 12 1 9 12 1 1 10 12 1 1 8 1 10 100 12 1 1 1 10 12 1 1 10 12 1 1 10 12 1 1 11 100 1 100 1 9 12 1 100 1 10 8 1 10 12 1 1 10 12 1 1 8 1 10 12 1 10 100 12 1 1 1 10 12 1 1 10 100 1 8 1 10 8 1 10 12 1 8 1 1 1 1 1 1 1 1 1 1 1 1 1 1 1 1 1 3 1 1 1 1 1 1 1 1 1 1 1 1 1 1 1 1 1 1 1 1 1 1 1 1 1 1 1 1 1 1 1 1 1 1 1 1 1 1 1 1 1 1
instanceKlass org/springframework/beans/factory/support/ManagedProperties
instanceKlass org/springframework/core/SortedProperties
instanceKlass java/security/Provider
ciInstanceKlass java/util/Properties 1 1 651 10 7 12 1 1 1 100 1 10 7 12 1 1 7 1 10 12 1 9 12 1 1 9 12 1 1 9 12 1 1 10 7 12 1 1 1 10 12 1 1 8 1 10 7 12 1 1 1 7 1 10 12 1 10 12 1 1 8 1 10 12 1 7 1 10 12 10 12 1 1 9 12 1 1 10 12 1 1 7 1 10 12 1 10 12 1 10 12 1 1 100 1 8 1 10 12 1 10 12 1 10 12 1 1 10 12 1 100 1 3 10 10 7 12 1 1 1 10 12 1 10 12 1 1 8 1 10 12 1 10 12 1 1 8 1 10 7 12 1 1 10 12 1 1 10 12 1 10 12 1 1 100 1 10 12 1 10 12 1 1 7 1 9 7 12 1 1 1 10 12 1 10 12 1 1 7 1 10 10 10 12 1 1 11 7 12 1 1 1 11 7 12 1 1 1 11 12 1 1 7 1 11 12 1 11 12 1 10 12 1 1 8 1 10 12 1 10 12 1 100 1 10 10 12 1 1 10 100 12 1 1 9 100 12 1 1 10 12 1 1 10 100 12 1 1 1 100 1 100 1 100 1 10 8 1 8 1 10 12 1 10 12 1 10 12 1 1 10 10 12 1 1 10 12 1 1 7 1 10 10 12 1 11 7 12 1 1 10 7 12 1 1 1 8 1 10 100 12 1 1 11 8 1 10 100 1 11 10 12 1 10 12 1 10 12 1 10 12 1 1 10 12 1 1 10 12 1 1 10 12 1 10 12 1 10 10 12 1 10 12 1 10 12 1 10 10 12 1 1 10 12 1 1 7 1 10 10 12 1 10 12 1 10 12 1 10 12 1 10 12 1 1 10 12 1 1 10 12 1 10 12 1 10 12 1 1 10 12 10 12 1 1 10 12 1 1 10 12 1 10 12 1 1 10 12 1 1 10 12 100 1 10 11 100 12 1 1 4 11 10 12 1 1 10 100 12 1 1 11 12 1 10 12 1 1 10 100 12 1 1 10 12 1 100 1 8 1 10 12 1 10 10 100 12 1 1 1 100 1 6 0 10 12 1 1 11 100 12 1 1 1 10 12 1 10 12 1 1 1 1 1 5 0 1 1 1 1 1 1 1 1 1 1 1 1 1 1 1 1 1 1 1 1 1 1 1 1 1 1 1 1 1 1 1 1 1 1 1 1 1 1 1 1 100 1 1 1 1 1 1 1 1 1 1 1 1 1 1 1 1 1 1 1 1 100 1 1 1 1 1 1 1 100 1 100 1 1 1 1 100 1 1 1 1 1 1 1 1 1 1 1 1 1 1 1 1 1 1 1 1 1 1 1 1 1 1 1 1 1 1 1 1 1 1 1 1 1 1 1 1 1 1 1 1 1 1 1 1 1 1 1 1 1 1 1 1 1 1 1 1 1 1 1 1 1 1 1 1 1 1 1 1 1 1 1 1 100 1 1 1 1 1 1 1 1 1 100 1 1 1
staticfield java/util/Properties UNSAFE Ljdk/internal/misc/Unsafe; jdk/internal/misc/Unsafe
instanceKlass java/util/Hashtable
ciInstanceKlass java/util/Dictionary 1 1 36 10 7 12 1 1 1 100 1 1 1 1 1 1 1 1 1 1 1 1 1 1 1 1 1 1 1 1 1 1 1 1 1 1 1 1
instanceKlass java/util/Properties
ciInstanceKlass java/util/Hashtable 1 1 512 100 1 10 7 12 1 1 1 9 7 12 1 1 1 100 1 100 1 10 8 1 10 12 1 1 10 12 1 10 12 1 1 10 12 1 10 7 12 1 1 1 8 1 10 12 1 9 12 1 1 7 1 9 12 1 1 4 10 7 12 1 1 1 9 12 1 4 10 12 1 11 7 12 1 1 1 10 12 1 1 10 12 1 1 9 12 1 10 12 1 1 100 1 10 9 12 1 1 10 7 12 1 1 1 9 12 1 1 10 12 1 10 12 1 3 9 12 1 9 12 1 3 10 12 1 10 12 1 10 12 1 1 11 12 1 1 11 7 12 1 1 1 11 7 12 1 1 1 11 12 1 7 1 11 12 1 11 12 1 10 12 1 1 10 12 1 1 10 12 1 9 12 1 1 9 12 9 12 1 1 10 100 1 100 1 10 12 1 10 8 1 10 10 12 1 8 1 10 8 1 10 7 12 1 1 1 7 1 10 12 1 10 12 1 7 1 10 12 1 10 12 1 1 7 1 10 100 1 10 10 12 1 1 11 12 1 1 11 12 1 100 1 10 10 10 100 12 1 1 11 100 12 1 1 1 100 1 10 11 100 12 1 1 11 100 12 1 10 12 1 10 12 1 1 10 100 12 1 1 10 12 1 1 10 12 1 1 10 12 1 1 10 100 12 1 1 1 8 10 100 12 1 1 100 1 8 1 10 4 10 12 4 10 12 1 8 1 10 12 10 100 12 1 1 1 100 1 11 100 12 1 1 1 10 100 12 1 1 1 10 12 1 10 12 1 1 10 100 1 100 1 1 1 1 1 1 5 0 1 1 1 1 1 3 1 3 1 3 1 1 1 1 1 1 1 1 1 1 1 1 1 1 1 1 1 1 1 1 1 1 1 1 1 100 1 1 1 1 1 1 1 1 1 1 1 1 1 1 1 1 1 1 1 1 1 1 1 1 1 1 1 1 1 100 1 1 1 1 1 1 1 1 1 1 1 1 1 1 1 1 1 1 1 1 1 1 1 1 1 1 1 1 1 1 1 1 1 1 1 1 1 1 1 1 1 1 1 1 1 1 1 1 1 1 1 1 1 1 1 1 1 1 100 1 1 1 100 1 1 1 1 1 100 1 1 1 1 1 1 1 1 1 1 1 1 1 1 1 1 1 1
ciInstanceKlass java/util/Set 1 1 140 100 1 10 7 12 1 1 1 9 7 12 1 1 1 7 1 10 12 1 1 10 12 1 7 1 7 1 10 12 1 7 1 7 1 7 1 10 12 1 10 12 1 1 11 12 1 1 100 1 1 1 1 1 1 1 1 1 1 1 1 1 1 1 1 1 1 1 1 1 1 1 1 1 1 1 1 1 1 1 1 1 1 1 1 1 1 1 1 1 1 1 1 1 1 1 1 1 1 1 1 1 1 1 1 1 1 1 1 1 1 1 1 1 1 1 1 1 1 1 1 1 1 1 1 1 1 1 1 1 1 1 1 1 1 1 1 1 1 1
ciInstanceKlass java/util/Map$Entry 1 1 178 18 12 1 1 7 1 7 1 18 10 7 12 1 1 1 18 12 1 18 100 1 11 7 12 1 1 1 11 12 1 11 7 12 1 1 1 10 100 12 1 1 1 10 100 12 1 1 1 8 1 10 12 1 1 8 1 8 1 8 1 10 12 1 10 12 1 8 10 100 1 10 12 1 8 10 12 1 8 1 10 12 1 8 10 12 1 8 1 10 12 1 1 8 1 100 1 8 1 10 12 1 1 11 12 100 1 11 12 1 1 1 1 1 1 1 1 1 1 1 1 1 1 1 1 1 1 1 1 1 1 1 1 1 1 1 1 1 1 1 1 1 1 1 1 1 1 1 15 10 7 12 1 1 1 16 15 11 12 16 3 3 15 11 12 15 11 12 15 11 12 1 1 100 1 100 1 1
instanceKlass com/fasterxml/jackson/core/io/MergedStream
instanceKlass com/mysql/cj/protocol/a/CompressedInputStream
instanceKlass com/mysql/cj/protocol/ReadAheadInputStream
instanceKlass nonapi/io/github/classgraph/fileslice/Slice$1
instanceKlass nonapi/io/github/classgraph/fastzipfilereader/NestedJarHandler$8
instanceKlass javax/servlet/ServletInputStream
instanceKlass io/netty/buffer/ByteBufInputStream
instanceKlass java/io/ObjectInputStream$PeekInputStream
instanceKlass java/io/ObjectInputStream$BlockDataInputStream
instanceKlass java/io/ObjectInputStream
instanceKlass sun/nio/ch/ChannelInputStream
instanceKlass sun/nio/ch/NioSocketImpl$1
instanceKlass java/net/Socket$SocketInputStream
instanceKlass java/util/zip/ZipFile$ZipFileInputStream
instanceKlass java/io/FilterInputStream
instanceKlass java/io/FileInputStream
instanceKlass java/io/ByteArrayInputStream
ciInstanceKlass java/io/InputStream 1 1 184 100 1 10 7 12 1 1 1 100 1 10 10 7 12 1 1 1 10 7 12 1 1 1 10 12 1 100 1 3 10 12 1 1 100 1 8 1 10 12 1 10 7 12 1 1 1 3 100 1 8 1 10 10 7 12 1 1 1 7 1 10 11 7 12 1 1 1 10 12 1 1 11 12 1 1 11 7 12 1 1 1 11 12 1 1 7 1 10 7 12 1 1 1 5 0 10 12 1 10 12 1 1 100 1 10 8 1 10 8 1 8 1 10 12 1 1 10 100 12 1 1 1 100 1 1 1 1 3 1 3 1 1 1 1 1 1 1 1 1 1 1 1 1 1 1 1 1 1 1 1 1 1 1 1 1 1 1 1 1 1 1 1 1 1 1 1 1 1 1 1 1 1 1 1 1 1 1 1 1 1 1 1 1
ciInstanceKlass java/io/ByteArrayInputStream 1 1 117 10 7 12 1 1 1 9 7 12 1 1 1 9 12 1 1 9 12 1 9 12 1 10 100 12 1 1 1 10 7 12 1 1 1 10 7 12 1 1 1 10 7 12 1 1 1 10 12 1 1 3 10 100 1 10 100 12 1 1 1 9 12 1 1 100 1 10 10 7 12 1 1 1 1 1 1 1 1 1 1 1 1 1 1 1 1 1 1 1 1 1 1 1 1 1 1 1 1 1 1 1 100 1 1 1 1 1 1 1 1 1 1 1 1 1 1
staticfield java/io/ByteArrayInputStream $assertionsDisabled Z 1
instanceKlass reactor/core/scheduler/ReactorThreadFactory$NonBlockingThread
instanceKlass org/redisson/client/RedisClient$4
instanceKlass sun/net/dns/ResolverConfigurationImpl$AddressChangeListener
instanceKlass io/netty/util/concurrent/FastThreadLocalThread
instanceKlass java/util/concurrent/ForkJoinWorkerThread
instanceKlass org/apache/tomcat/util/threads/TaskThread
instanceKlass org/springframework/boot/web/embedded/tomcat/TomcatWebServer$1
instanceKlass org/springframework/context/support/AbstractApplicationContext$1
instanceKlass java/util/logging/LogManager$Cleaner
instanceKlass com/intellij/rt/execution/application/AppMainV2$1
instanceKlass jdk/internal/misc/InnocuousThread
instanceKlass java/lang/ref/Finalizer$FinalizerThread
instanceKlass java/lang/ref/Reference$ReferenceHandler
ciInstanceKlass java/lang/Thread 1 1 612 9 7 12 1 1 1 9 12 1 1 10 12 1 1 9 12 1 1 9 12 1 1 100 1 8 1 10 12 1 1 3 8 1 100 1 5 0 10 12 1 1 10 7 12 1 1 9 12 1 1 9 12 1 9 12 1 1 9 12 1 100 1 8 1 10 9 12 1 1 10 7 12 1 1 1 10 100 12 1 1 1 10 10 7 12 1 1 10 12 1 1 10 12 1 1 9 100 12 1 1 1 10 12 1 1 10 12 1 9 12 1 1 10 12 1 1 10 12 1 1 9 12 1 10 12 1 1 9 12 1 1 10 7 12 1 1 1 9 12 1 1 9 12 1 1 10 12 1 1 10 7 12 1 1 1 9 12 1 10 12 1 1 9 12 1 100 1 10 7 1 10 8 1 10 12 1 1 10 12 1 10 12 1 10 12 1 1 10 12 1 10 12 1 9 12 1 100 1 10 10 12 1 1 10 12 1 10 12 1 100 1 11 7 12 1 1 9 7 12 1 1 1 10 12 1 10 12 1 10 12 9 12 1 1 10 9 12 1 10 12 1 100 1 10 10 12 1 1 9 12 1 10 12 1 11 100 12 1 1 10 12 1 9 12 1 10 12 1 10 12 1 10 10 12 1 10 12 1 10 12 1 10 12 1 10 12 1 1 100 1 10 10 12 1 10 12 1 10 12 1 9 100 12 1 1 1 10 12 1 1 10 12 1 7 1 8 1 10 10 12 1 10 12 8 1 10 12 1 8 1 10 8 1 8 1 10 100 12 1 1 10 100 12 1 1 1 100 1 8 1 10 9 12 1 9 12 1 1 10 12 1 1 10 10 12 1 1 9 12 1 10 12 1 1 100 1 10 12 11 100 12 1 1 1 9 100 12 1 1 1 9 12 1 1 10 12 1 1 100 1 10 12 1 11 100 12 1 1 1 100 1 10 12 1 10 12 1 1 11 12 1 10 12 1 100 1 10 12 1 10 12 1 1 10 7 12 1 1 1 8 1 9 12 1 10 12 1 1 11 100 12 1 1 1 10 100 12 1 1 1 11 12 1 10 12 1 7 1 1 1 1 3 1 3 1 3 1 1 1 1 1 1 1 1 1 1 1 1 1 1 1 1 1 1 1 100 1 1 1 1 1 1 1 1 1 1 1 1 100 1 100 1 1 1 1 1 1 1 1 1 1 1 1 1 1 1 1 1 1 1 1 1 1 1 1 1 1 1 1 1 1 1 1 1 1 1 1 1 1 1 1 1 1 1 100 100 1 1 1 1 1 1 1 1 1 100 1 1 1 1 1 1 1 1 1 1 1 1 1 1 1 1 1 1 1 1 1 1 1 1 1 1 1 1 100 1 1 1 1 1 1 100 1 1 100 1 1 1 1 1 1
staticfield java/lang/Thread EMPTY_STACK_TRACE [Ljava/lang/StackTraceElement; 0 [Ljava/lang/StackTraceElement;
ciMethod java/lang/Thread interrupt ()V 0 0 685 0 -1
ciInstanceKlass java/lang/invoke/MethodHandleStatics 1 1 312 10 100 12 1 1 1 9 7 12 1 1 1 9 12 1 9 12 1 9 12 1 9 12 1 9 12 1 9 100 12 1 1 1 100 1 10 8 1 10 12 1 1 10 100 12 1 1 1 8 1 10 100 12 1 1 1 10 12 1 1 8 1 8 1 10 12 1 10 100 12 1 1 1 10 7 12 1 1 1 8 1 10 12 1 1 8 1 8 1 8 1 8 1 10 12 1 1 100 1 10 12 10 12 1 10 12 1 100 1 10 10 12 1 1 100 1 10 10 12 1 100 1 100 1 8 1 8 1 10 12 1 8 1 100 1 10 12 1 8 1 10 10 12 1 10 7 12 1 1 1 9 12 1 1 10 7 12 1 1 1 8 1 10 7 12 1 1 10 7 12 1 1 1 8 1 8 1 8 1 8 1 8 1 8 1 10 12 1 10 7 12 1 1 1 9 12 1 1 8 1 8 1 8 1 8 1 9 12 1 8 1 9 12 1 8 1 8 1 9 12 1 8 1 8 1 9 12 1 8 1 9 12 1 8 1 9 12 1 8 1 8 1 9 12 1 8 1 10 12 1 1 1 1 1 1 1 1 1 1 1 1 1 1 1 1 1 1 1 1 1 100 1 100 1 100 1 1 1 1 1 1 1 1 1 1 1 1 1 1 1 1 1 1 1 1 1 1 1 1 1 1 1 1 1 1 1 1 1 1 1 1
staticfield java/lang/invoke/MethodHandleStatics UNSAFE Ljdk/internal/misc/Unsafe; jdk/internal/misc/Unsafe
staticfield java/lang/invoke/MethodHandleStatics DEBUG_METHOD_HANDLE_NAMES Z 0
staticfield java/lang/invoke/MethodHandleStatics DUMP_CLASS_FILES Z 0
staticfield java/lang/invoke/MethodHandleStatics TRACE_INTERPRETER Z 0
staticfield java/lang/invoke/MethodHandleStatics TRACE_METHOD_LINKAGE Z 0
staticfield java/lang/invoke/MethodHandleStatics TRACE_RESOLVE Z 0
staticfield java/lang/invoke/MethodHandleStatics COMPILE_THRESHOLD I 0
staticfield java/lang/invoke/MethodHandleStatics LOG_LF_COMPILATION_FAILURE Z 0
staticfield java/lang/invoke/MethodHandleStatics DONT_INLINE_THRESHOLD I 30
staticfield java/lang/invoke/MethodHandleStatics PROFILE_LEVEL I 0
staticfield java/lang/invoke/MethodHandleStatics PROFILE_GWT Z 1
staticfield java/lang/invoke/MethodHandleStatics CUSTOMIZE_THRESHOLD I 127
staticfield java/lang/invoke/MethodHandleStatics VAR_HANDLE_GUARDS Z 1
staticfield java/lang/invoke/MethodHandleStatics MAX_ARITY I 255
staticfield java/lang/invoke/MethodHandleStatics VAR_HANDLE_IDENTITY_ADAPT Z 0
ciInstanceKlass java/lang/System$2 1 1 435 10 7 12 1 1 1 10 7 12 1 1 1 10 12 1 1 10 12 1 1 10 12 1 1 10 12 1 1 10 12 1 1 10 12 1 10 12 1 1 10 12 1 1 7 1 10 7 12 1 1 1 10 7 12 1 1 1 10 12 1 10 12 1 10 7 12 1 1 1 10 12 1 1 10 12 1 1 10 12 1 1 10 12 1 1 10 7 12 1 1 1 10 100 12 1 1 1 10 12 1 7 1 10 12 1 10 12 1 10 12 1 1 10 12 1 10 12 1 1 10 12 1 10 12 1 10 12 1 10 12 1 10 12 1 10 12 1 1 10 12 1 1 10 12 1 10 12 1 1 10 12 1 10 12 1 1 10 7 12 1 1 1 10 12 1 10 12 1 1 10 12 1 10 7 12 1 1 1 10 12 1 1 10 12 1 1 10 12 1 1 10 7 12 1 1 1 10 12 1 1 10 7 12 1 1 1 10 100 12 1 1 1 10 12 1 1 10 7 12 1 1 1 10 12 1 1 10 12 1 1 10 12 1 1 10 12 1 1 10 12 1 1 10 12 1 1 10 12 1 1 8 1 100 1 100 1 1 1 1 1 1 1 1 1 1 1 1 1 1 1 1 1 1 1 1 1 1 1 1 1 1 1 1 1 1 1 1 1 1 1 1 1 1 1 1 1 1 1 1 1 1 1 1 1 1 1 1 1 1 1 1 1 1 1 1 1 1 1 1 1 1 1 1 1 1 1 1 1 1 1 1 1 1 1 1 1 1 1 1 1 1 1 1 1 1 1 1 1 1 1 1 1 1 1 1 1 1 1 1 1 1 1 1 1 1 1 1 1 1 1 1 1 1 1 1 1 1 1 1 1 1 1 1 1 1 1 100 1 1 1 1 1 1 1 1 1 1 1 1 1 1 1 1 1 1 1 1 1 1 1 1 1 1 1 1 1 1 1 1 1 1 1 1 1 1 1 1 1 100 1 12 1 1 1
ciInstanceKlass jdk/internal/access/JavaLangAccess 1 0 136 100 1 100 1 1 1 1 1 1 1 1 1 1 1 1 1 1 1 1 1 1 1 1 1 1 1 1 1 1 1 1 1 1 1 1 1 1 1 100 1 1 1 1 1 1 1 1 1 1 1 1 1 1 1 1 1 1 1 1 1 1 1 1 1 1 1 1 1 1 1 1 1 1 1 1 1 1 1 1 1 1 1 1 1 1 1 1 1 1 1 1 1 1 1 1 1 1 100 1 1 1 1 1 1 1 1 1 1 1 1 1 1 1 1 1 1 1 1 1 1 1 1 1 1 1 1 1 1 1 1 1 1 1 1 1
ciMethod java/lang/System$2 getEnumConstantsShared (Ljava/lang/Class;)[Ljava/lang/Enum; 512 0 7905 0 0
ciMethod java/lang/System nanoTime ()J 256 0 128 0 -1
ciMethod java/lang/System arraycopy (Ljava/lang/Object;ILjava/lang/Object;II)V 256 0 128 0 -1
ciMethod java/lang/System getSecurityManager ()Ljava/lang/SecurityManager; 516 0 152330 0 96
ciMethod java/lang/System allowSecurityManager ()Z 516 0 152364 0 0
ciInstanceKlass java/lang/NoSuchMethodException 1 1 26 10 7 12 1 1 1 10 12 1 100 1 1 1 1 5 0 1 1 1 1 1 1 1 1 1
instanceKlass io/netty/util/ResourceLeakDetector$TraceRecord
instanceKlass java/lang/Exception
instanceKlass java/lang/Error
ciInstanceKlass java/lang/Throwable 1 1 393 10 7 12 1 1 1 9 7 12 1 1 1 9 12 1 1 9 12 1 9 12 1 1 9 12 1 10 12 1 1 9 12 1 1 10 12 1 1 10 12 1 100 1 7 1 10 8 1 10 12 1 1 8 1 10 100 12 1 1 10 10 12 1 100 1 8 1 10 10 12 1 1 10 7 12 1 1 10 12 1 8 1 9 100 12 1 1 1 10 12 1 1 100 1 10 12 10 12 1 100 1 10 10 7 12 1 1 1 11 100 12 1 1 1 10 100 12 1 1 1 10 12 1 1 10 12 1 1 8 1 10 12 1 10 12 1 1 8 1 8 1 10 12 1 1 10 12 1 8 1 8 1 9 12 1 1 10 100 12 1 1 100 1 10 11 12 1 8 1 8 1 10 7 12 1 1 8 1 10 12 1 8 1 100 1 10 12 1 9 12 1 1 10 12 1 10 7 12 1 9 12 1 1 10 12 1 1 100 1 8 1 10 12 1 10 100 12 1 1 10 12 1 1 100 1 10 100 12 1 1 1 10 12 1 11 100 12 1 1 1 11 100 12 1 1 1 11 12 1 8 1 10 12 1 1 8 1 10 10 9 100 12 1 1 1 8 1 10 12 1 1 10 100 1 8 1 10 11 12 1 1 8 1 9 12 1 10 100 12 1 1 11 9 12 1 1 11 12 1 1 100 10 12 1 10 12 1 1 100 1 1 1 1 5 0 1 1 1 1 1 1 1 1 1 1 1 1 1 100 1 1 1 1 1 1 1 1 1 1 1 1 1 1 1 1 1 1 1 1 1 1 1 1 1 1 1 1 1 1 1 1 1 1 1 1 1 1 1 1 1 1 100 1 100 1 1 1 1 1 1 1 1 1 1 1 1 1 1 1 1 1 1
staticfield java/lang/Throwable UNASSIGNED_STACK [Ljava/lang/StackTraceElement; 0 [Ljava/lang/StackTraceElement;
staticfield java/lang/Throwable SUPPRESSED_SENTINEL Ljava/util/List; java/util/Collections$EmptyList
staticfield java/lang/Throwable EMPTY_THROWABLE_ARRAY [Ljava/lang/Throwable; 0 [Ljava/lang/Throwable;
staticfield java/lang/Throwable $assertionsDisabled Z 1
instanceKlass net/sf/jsqlparser/parser/ParseException
instanceKlass javax/xml/datatype/DatatypeConfigurationException
instanceKlass java/awt/FontFormatException
instanceKlass org/apache/ibatis/ognl/ParseException
instanceKlass javax/security/auth/callback/UnsupportedCallbackException
instanceKlass com/zaxxer/hikari/pool/PoolBase$ConnectionSetupException
instanceKlass java/util/zip/DataFormatException
instanceKlass nonapi/io/github/classgraph/concurrency/SingletonMap$NullSingletonException
instanceKlass nonapi/io/github/classgraph/concurrency/SingletonMap$NewInstanceException
instanceKlass org/apache/ibatis/javassist/NotFoundException
instanceKlass org/apache/ibatis/ognl/OgnlException
instanceKlass org/apache/ibatis/javassist/CannotCompileException
instanceKlass net/sf/jsqlparser/JSQLParserException
instanceKlass javax/websocket/EncodeException
instanceKlass org/apache/tomcat/websocket/AuthenticationException
instanceKlass sun/security/pkcs11/wrapper/PKCS11Exception
instanceKlass java/lang/instrument/IllegalClassFormatException
instanceKlass org/apache/catalina/connector/CoyoteAdapter$RecycleRequiredException
instanceKlass javax/websocket/DeploymentException
instanceKlass org/ietf/jgss/GSSException
instanceKlass org/apache/catalina/LifecycleException
instanceKlass org/springframework/validation/BindException
instanceKlass java/util/concurrent/ExecutionException
instanceKlass java/sql/SQLException
instanceKlass javax/xml/bind/JAXBException
instanceKlass javax/xml/transform/TransformerException
instanceKlass java/beans/PropertyVetoException
instanceKlass org/springframework/expression/AccessException
instanceKlass javax/xml/parsers/ParserConfigurationException
instanceKlass org/xml/sax/SAXException
instanceKlass java/security/PrivilegedActionException
instanceKlass javax/xml/stream/XMLStreamException
instanceKlass javax/servlet/ServletException
instanceKlass java/beans/IntrospectionException
instanceKlass java/text/ParseException
instanceKlass sun/nio/fs/WindowsException
instanceKlass javax/naming/NamingException
instanceKlass java/lang/CloneNotSupportedException
instanceKlass java/net/URISyntaxException
instanceKlass javax/management/JMException
instanceKlass java/util/concurrent/TimeoutException
instanceKlass ch/qos/logback/core/boolex/EvaluationException
instanceKlass java/security/GeneralSecurityException
instanceKlass java/lang/InterruptedException
instanceKlass ch/qos/logback/core/spi/ScanException
instanceKlass ch/qos/logback/core/util/DynamicClassLoadingException
instanceKlass ch/qos/logback/core/util/IncompatibleClassException
instanceKlass ch/qos/logback/core/joran/spi/JoranException
instanceKlass java/io/IOException
instanceKlass java/lang/ReflectiveOperationException
instanceKlass java/lang/RuntimeException
ciInstanceKlass java/lang/Exception 1 1 40 10 7 12 1 1 1 10 12 1 10 12 1 10 12 1 10 12 1 100 1 1 1 1 5 0 1 1 1 1 1 1 1 1 1 1 1 1 1 1
instanceKlass java/lang/InstantiationException
instanceKlass java/lang/IllegalAccessException
instanceKlass java/lang/reflect/InvocationTargetException
instanceKlass java/lang/NoSuchFieldException
instanceKlass java/lang/NoSuchMethodException
instanceKlass java/lang/ClassNotFoundException
ciInstanceKlass java/lang/ReflectiveOperationException 1 1 34 10 7 12 1 1 1 10 12 1 10 12 1 10 12 1 100 1 1 1 1 5 0 1 1 1 1 1 1 1 1 1 1 1
instanceKlass org/apache/ibatis/ognl/OgnlParser$LookaheadSuccess
instanceKlass org/apache/ibatis/ognl/TokenMgrError
instanceKlass java/io/IOError
instanceKlass io/netty/util/Signal
instanceKlass java/util/ServiceConfigurationError
instanceKlass java/lang/AssertionError
instanceKlass java/lang/VirtualMachineError
instanceKlass java/lang/LinkageError
instanceKlass java/lang/ThreadDeath
ciInstanceKlass java/lang/Error 1 1 40 10 7 12 1 1 1 10 12 1 10 12 1 10 12 1 10 12 1 100 1 1 1 1 5 0 1 1 1 1 1 1 1 1 1 1 1 1 1 1
ciInstanceKlass java/lang/ThreadDeath 0 0 21 10 100 12 1 1 1 100 1 1 1 1 5 0 1 1 1 1 1 1 1
ciInstanceKlass java/lang/ClassNotFoundException 1 1 96 7 1 10 7 12 1 1 1 10 12 1 10 12 1 1 10 100 12 1 1 1 8 1 10 100 12 1 1 1 10 7 12 1 1 10 100 12 1 1 1 10 100 12 1 1 1 10 12 1 1 7 1 10 12 1 9 12 1 1 1 1 1 5 0 1 1 1 1 1 1 1 1 1 1 1 1 1 1 1 1 1 1 100 1 1 1 1 1 1 1 1 1 1 1 1
staticfield java/lang/ClassNotFoundException serialPersistentFields [Ljava/io/ObjectStreamField; 1 [Ljava/io/ObjectStreamField;
instanceKlass java/lang/ExceptionInInitializerError
instanceKlass java/lang/UnsatisfiedLinkError
instanceKlass java/lang/ClassFormatError
instanceKlass java/lang/IncompatibleClassChangeError
instanceKlass java/lang/BootstrapMethodError
instanceKlass java/lang/NoClassDefFoundError
ciInstanceKlass java/lang/LinkageError 1 1 31 10 7 12 1 1 1 10 12 1 10 12 1 100 1 1 1 1 5 0 1 1 1 1 1 1 1 1 1 1 1
instanceKlass jdk/jfr/internal/dcmd/Argument
instanceKlass jdk/net/UnixDomainPrincipal
ciInstanceKlass java/lang/Record 1 1 22 10 7 12 1 1 1 100 1 1 1 1 1 1 1 1 1 1 1 1 1 1
ciMethod java/lang/NoSuchMethodException <init> (Ljava/lang/String;)V 304 0 538 0 0
ciInstanceKlass java/lang/StringLatin1 1 1 380 7 1 10 100 12 1 1 1 100 1 10 12 1 10 7 12 1 1 1 10 7 12 1 1 1 10 12 1 10 7 12 1 1 1 10 12 1 1 10 7 12 1 1 1 10 12 1 1 10 12 1 1 10 10 12 1 10 12 1 1 10 9 7 12 1 1 1 10 12 1 1 10 7 12 1 1 1 10 12 10 12 1 1 10 12 1 1 10 12 1 1 10 7 12 1 1 1 10 12 1 10 12 1 1 9 12 1 1 100 1 10 10 100 12 1 1 1 10 7 12 1 1 1 10 12 1 10 12 1 100 1 100 1 8 1 10 12 1 8 1 10 12 100 1 10 10 10 7 12 1 1 1 8 1 8 1 8 1 10 12 1 1 10 100 12 1 1 10 12 1 10 12 1 1 10 12 1 1 10 12 1 1 10 12 1 10 12 10 12 10 12 1 10 12 10 10 12 1 10 12 1 10 12 1 10 7 12 1 1 1 10 7 12 1 1 1 10 12 1 1 10 12 1 1 10 10 7 12 1 1 1 1 1 1 1 1 1 1 1 1 1 1 1 1 1 1 1 1 1 1 1 1 1 1 1 1 1 1 1 1 1 1 1 1 1 1 1 1 1 1 1 1 1 1 1 1 1 1 1 1 100 1 1 1 1 1 1 1 1 1 1 1 1 1 1 1 1 1 1 1 1 1 1 1 1 1 1 1 1 1 1 1 1 1 1 1 1 1 1 1 1 1 1 1 1 100 1 1 1 1 1 1 1 1 1 1 1 1 1 1 1 1 1 1 1 1 1 100 1 1 1 1 1 1 1 1 1 1 1 1 1 1 1 1 1 1 1 1 1 1 1 1 1 1 100 1 1 1 1
staticfield java/lang/StringLatin1 $assertionsDisabled Z 1
ciInstanceKlass java/lang/Math 1 1 395 10 100 12 1 1 1 10 7 12 1 1 1 10 12 1 10 12 1 10 12 1 10 12 1 10 12 1 7 1 6 0 6 0 10 12 1 10 12 1 10 12 1 10 12 1 10 12 1 10 12 1 1 10 12 1 10 12 1 10 12 1 10 12 1 10 12 1 10 7 12 1 1 1 100 1 3 3 3 10 7 12 1 1 1 100 1 5 0 5 0 5 0 5 0 5 0 9 100 12 1 1 1 10 100 12 1 1 1 100 1 8 1 10 12 1 8 1 10 12 1 1 10 12 1 1 100 1 5 0 5 0 100 1 3 5 0 3 5 0 10 12 1 10 12 1 8 1 10 12 1 8 1 9 12 1 1 9 12 1 10 12 1 1 6 0 10 12 1 9 12 1 1 100 1 10 10 12 1 100 1 10 12 1 10 12 1 1 10 12 1 10 12 1 10 12 1 10 12 1 1 10 12 1 1 10 12 1 1 10 12 6 0 10 12 1 1 10 12 1 1 10 12 10 12 1 4 10 12 1 1 10 12 1 10 12 1 10 12 10 12 1 10 12 1 10 12 1 10 12 1 10 12 1 10 12 1 10 12 1 5 0 6 0 4 6 0 4 6 0 4 10 12 1 1 9 12 1 1 10 12 1 9 12 1 10 7 12 1 1 1 4 6 0 1 1 6 0 1 6 0 1 1 1 1 1 1 1 1 1 1 1 1 1 1 1 1 1 1 1 1 1 1 1 1 1 1 1 1 1 1 1 1 1 1 1 1 1 1 1 1 1 1 1 1 1 1 1 1 1 1 1 1 1 1 1 1 1 1 1 1 1 1 1 1 1 1 1 1 1 1 1 1 1 1 1 1 1 1 1 1 1 1 1 1 1 1 1 1 1 1 1 1 1 1
staticfield java/lang/Math negativeZeroFloatBits J -2147483648
staticfield java/lang/Math negativeZeroDoubleBits J -9223372036854775808
staticfield java/lang/Math $assertionsDisabled Z 1
ciInstanceKlass java/util/Arrays 1 1 988 10 7 12 1 1 1 10 7 12 1 1 1 10 7 12 1 1 1 10 12 1 10 12 1 10 12 1 10 12 1 10 12 1 10 12 1 10 100 12 1 1 1 100 1 7 1 10 8 1 10 12 1 1 10 12 1 8 1 8 1 10 12 1 1 10 12 1 100 1 10 12 1 9 100 12 1 1 1 10 7 12 1 1 100 1 10 12 1 1 10 7 12 1 1 10 7 12 1 1 1 100 1 10 12 1 10 12 1 1 7 1 9 7 12 1 1 1 10 12 1 1 10 7 12 1 1 10 12 1 10 12 1 1 10 12 1 10 12 1 1 7 1 11 12 1 1 10 12 1 10 7 12 1 1 1 10 12 10 12 1 10 12 1 10 12 10 12 1 11 7 12 1 1 1 10 7 12 1 1 1 100 1 10 12 1 10 100 1 10 12 1 10 100 1 10 12 1 10 100 1 10 12 1 10 10 12 1 1 10 12 1 10 12 1 10 12 1 10 12 1 10 12 1 10 100 12 1 1 1 10 12 1 10 100 12 1 1 1 10 12 1 10 12 1 10 7 12 1 1 1 10 12 1 10 12 1 10 12 1 10 12 1 10 12 1 10 12 1 10 12 1 10 12 1 10 12 1 10 12 1 10 12 1 10 12 1 10 12 1 10 12 1 10 12 1 10 12 1 1 10 12 1 1 10 7 12 1 1 1 10 12 1 8 1 7 1 10 12 10 12 1 10 12 1 1 10 12 1 1 9 100 12 1 1 1 100 1 10 12 1 9 100 1 100 1 10 12 1 9 100 1 100 1 10 12 1 9 100 1 100 1 10 12 1 9 100 1 100 1 10 12 1 9 100 1 100 1 10 12 1 9 100 1 10 12 1 100 1 10 12 1 10 12 1 9 12 1 100 1 10 10 12 1 1 10 12 1 10 12 1 10 12 1 10 12 1 10 12 1 10 12 1 10 12 1 10 12 1 10 12 1 8 1 8 1 10 12 1 10 12 1 8 1 10 12 1 10 12 1 10 12 1 10 7 12 1 1 1 3 10 100 1 10 10 12 1 1 11 100 12 1 1 10 12 1 1 10 12 1 10 12 1 10 12 1 10 12 1 10 12 1 10 12 1 10 12 1 10 12 1 11 12 1 8 1 10 11 12 1 11 100 12 1 1 1 11 100 12 1 1 1 11 12 1 1 18 12 1 1 11 12 1 1 11 100 12 1 1 1 18 12 1 11 100 12 1 1 1 18 12 1 11 100 12 1 1 1 18 12 1 100 1 10 7 12 1 1 1 10 12 1 10 12 1 10 12 1 10 12 1 10 12 1 10 12 1 10 12 1 10 12 1 1 10 12 1 10 7 12 1 1 10 12 1 10 12 1 10 12 1 1 10 12 1 10 12 1 10 12 1 1 10 12 1 10 12 1 10 12 1 1 10 12 1 10 12 1 10 12 1 10 12 1 10 12 10 12 1 10 12 10 12 10 12 1 10 12 10 12 1 10 12 1 10 12 1 1 1 1 3 1 3 1 1 1 1 1 1 1 1 1 1 1 1 1 1 1 1 1 1 1 1 1 1 1 1 1 1 1 1 1 1 1 1 1 1 1 1 1 1 1 1 1 1 1 1 1 1 1 1 1 1 1 1 1 1 1 1 1 1 1 1 1 1 1 1 1 1 1 1 1 1 1 1 1 1 1 1 1 1 1 1 1 1 1 1 1 1 1 1 1 1 1 1 1 1 1 1 1 1 1 1 1 1 1 1 1 1 1 1 1 1 1 1 1 1 1 1 1 1 1 1 1 1 1 1 1 1 1 1 1 1 1 1 1 1 1 1 1 1 1 1 1 1 1 1 1 1 1 1 1 1 1 1 1 1 1 1 1 1 1 1 1 1 1 1 1 1 1 1 1 1 1 1 1 1 1 1 1 1 1 1 1 1 1 1 1 1 1 1 1 1 1 1 1 1 1 1 1 1 1 1 1 1 1 1 1 1 1 1 1 1 1 1 1 1 1 1 1 1 1 1 1 1 1 1 1 1 1 1 1 1 1 1 1 1 1 1 1 1 1 1 1 1 1 1 1 1 1 1 1 1 1 1 1 1 1 1 1 1 1 1 1 100 1 1 15 10 100 12 1 1 1 16 15 10 12 15 10 12 15 10 12 15 10 12 1 1 100 1 100 1 1 1 1 100 1 1 1 1 1 1 100 1 1 100 1 1 100 1 1 1 100 1 100 1 1
staticfield java/util/Arrays $assertionsDisabled Z 1
ciMethod java/lang/StringLatin1 equals ([B[B)Z 632 470 8797 0 -1
ciMethod java/lang/StringLatin1 hashCode ([B)I 288 5554 1213 0 352
ciMethod java/lang/StringLatin1 newString ([BII)Ljava/lang/String; 160 0 5504 0 -1
ciInstanceKlass java/lang/StringUTF16 1 1 598 100 1 7 1 10 100 12 1 1 1 100 1 10 7 1 3 100 1 100 1 10 8 1 10 12 1 1 10 12 1 8 1 10 12 1 1 10 12 1 9 12 1 1 10 12 1 1 100 1 8 1 10 12 1 9 12 1 1 9 12 1 10 10 12 1 1 10 12 1 1 10 7 12 1 1 1 10 12 1 10 12 1 1 10 12 1 1 10 12 1 1 10 12 1 1 10 12 1 10 12 1 1 10 12 1 1 10 12 1 1 10 12 1 1 10 12 1 10 12 1 10 12 1 1 10 12 1 100 1 10 12 1 10 10 12 1 1 10 12 1 10 12 1 1 10 12 1 10 7 12 1 1 1 10 7 12 1 1 1 10 12 10 12 1 1 10 12 1 10 12 1 1 10 12 1 1 10 12 1 10 12 1 10 12 1 3 10 12 1 1 10 12 1 10 12 1 10 12 1 10 12 1 10 12 1 10 12 1 1 9 12 1 10 12 1 10 12 1 10 12 1 10 12 1 10 12 1 10 10 12 10 12 10 10 100 12 1 1 1 10 7 12 1 1 1 10 12 1 10 12 1 100 1 8 1 8 1 10 12 1 1 100 1 10 10 7 12 1 1 1 10 7 12 1 1 8 1 8 1 8 1 10 12 1 1 10 12 1 1 10 12 10 12 1 10 100 12 1 1 10 12 1 1 10 12 1 1 10 12 1 10 12 10 12 10 12 1 10 12 10 12 1 10 12 1 10 12 1 10 12 1 10 12 1 10 100 12 1 1 1 10 100 12 1 1 1 10 12 1 1 10 12 1 1 11 100 12 1 1 10 12 1 10 12 1 10 12 1 1 9 12 1 1 9 12 1 5 0 5 0 10 12 1 10 12 10 12 10 7 12 1 1 1 10 12 1 1 1 1 1 1 1 1 1 1 1 1 1 1 1 1 1 1 1 1 1 1 1 1 1 1 1 1 1 1 1 100 1 1 1 1 1 1 1 1 1 1 1 1 1 1 1 1 1 1 1 1 1 1 1 1 1 1 1 1 1 1 1 1 1 1 1 1 1 1 1 1 1 1 1 1 1 1 1 1 1 1 1 1 1 1 1 1 1 1 1 1 1 1 1 1 1 1 1 1 1 1 1 1 1 1 1 1 1 1 1 1 1 1 100 1 1 1 1 1 1 1 1 1 1 1 1 1 1 1 1 1 100 1 1 1 1 1 1 1 1 1 1 1 1 1 1 1 1 1 1 1 1 1 1 1 1 1 1 1 1 1 1 1 1 1 1 1 1 1 1 1 1 1 1 1 1 1 1 1 1 1 1 1 1 1 1 1 1 1 1 1 1 1 100 1 100 1 1 1 1 1
staticfield java/lang/StringUTF16 HI_BYTE_SHIFT I 0
staticfield java/lang/StringUTF16 LO_BYTE_SHIFT I 8
staticfield java/lang/StringUTF16 $assertionsDisabled Z 1
ciMethod java/lang/StringUTF16 hashCode ([B)I 0 0 918 0 416
ciMethod java/lang/StringUTF16 getChar ([BI)C 1024 0 26123 0 -1
ciMethod java/lang/StringUTF16 newBytesFor (I)[B 14 0 1241 0 -1
ciMethod java/lang/StringUTF16 newString ([BII)Ljava/lang/String; 132 0 8832 0 -1
ciInstanceKlass java/lang/Boolean 1 1 151 10 7 12 1 1 1 9 7 12 1 1 1 10 12 1 1 10 12 1 8 1 10 7 12 1 1 9 12 1 1 9 12 1 8 1 10 12 1 1 10 12 1 1 10 7 12 1 1 1 100 1 100 1 10 12 1 1 9 100 12 1 1 9 12 10 100 12 1 1 1 10 12 1 1 8 1 10 7 12 1 1 1 9 12 1 1 100 1 100 1 100 1 1 1 1 1 1 5 0 1 1 1 1 1 1 1 1 1 1 3 1 1 1 1 1 1 1 1 1 1 1 1 1 1 1 1 1 1 1 1 100 1 1 1 1 1 1 1 1 1 1 100 1 1 1 1 1 1 1 1
staticfield java/lang/Boolean TRUE Ljava/lang/Boolean; java/lang/Boolean
staticfield java/lang/Boolean FALSE Ljava/lang/Boolean; java/lang/Boolean
staticfield java/lang/Boolean TYPE Ljava/lang/Class; java/lang/Class
instanceKlass java/util/concurrent/locks/AbstractQueuedSynchronizer
ciInstanceKlass java/util/concurrent/locks/AbstractOwnableSynchronizer 1 1 32 10 7 12 1 1 1 9 7 12 1 1 1 100 1 1 1 1 5 0 1 1 1 1 1 1 1 1 1 1 1 1
instanceKlass java/util/concurrent/Semaphore$Sync
instanceKlass org/apache/tomcat/util/threads/ThreadPoolExecutor$Worker
instanceKlass org/redisson/misc/InfinitySemaphoreLatch
instanceKlass org/apache/tomcat/util/threads/LimitLatch$Sync
instanceKlass java/util/concurrent/CountDownLatch$Sync
instanceKlass java/util/concurrent/ThreadPoolExecutor$Worker
instanceKlass java/util/concurrent/locks/ReentrantReadWriteLock$Sync
instanceKlass java/util/concurrent/locks/ReentrantLock$Sync
ciInstanceKlass java/util/concurrent/locks/AbstractQueuedSynchronizer 1 1 349 10 7 12 1 1 1 9 7 12 1 1 1 9 12 1 1 9 12 1 1 10 7 12 1 1 1 9 12 1 10 12 1 1 7 1 10 9 12 1 9 12 1 1 10 7 12 1 1 1 10 12 1 10 12 1 1 9 12 1 9 12 1 9 12 1 1 10 7 12 1 1 1 9 12 1 10 12 1 1 7 1 10 7 12 1 1 1 9 12 1 10 12 1 10 12 1 10 12 1 10 12 1 1 100 1 10 12 1 1 10 12 1 10 12 1 10 10 12 1 1 10 100 12 1 1 1 10 12 1 1 10 12 1 10 12 1 1 10 12 1 10 12 1 10 12 1 3 100 1 10 10 12 1 1 7 1 10 10 12 1 10 12 1 100 1 10 10 12 1 100 1 10 10 12 1 1 100 1 10 10 100 12 1 1 1 10 12 1 1 8 1 10 12 1 1 10 12 1 8 1 10 12 1 8 1 8 1 8 1 10 10 100 12 1 1 1 10 12 1 1 100 1 8 1 10 12 1 10 12 1 10 12 1 10 12 1 1 10 12 1 1 8 10 12 1 1 8 8 100 1 1 1 5 0 1 3 1 1 3 1 1 1 1 1 1 1 1 1 1 1 1 1 1 1 1 1 1 1 1 1 1 1 1 1 1 1 1 1 1 1 1 1 1 1 1 1 1 1 1 1 1 1 1 1 1 1 1 1 1 1 1 1 1 1 1 1 1 1 1 1 1 1 1 1 1 1 1 1 1 100 1 1 1 1 1 1 1 1 1 1 100 1 1 1 1 1 1 1
staticfield java/util/concurrent/locks/AbstractQueuedSynchronizer U Ljdk/internal/misc/Unsafe; jdk/internal/misc/Unsafe
staticfield java/util/concurrent/locks/AbstractQueuedSynchronizer STATE J 16
staticfield java/util/concurrent/locks/AbstractQueuedSynchronizer HEAD J 20
staticfield java/util/concurrent/locks/AbstractQueuedSynchronizer TAIL J 24
instanceKlass java/util/concurrent/locks/ReentrantLock$NonfairSync
ciInstanceKlass java/util/concurrent/locks/ReentrantLock$Sync 1 1 127 10 7 12 1 1 1 10 7 12 1 1 1 10 7 12 1 1 1 10 12 1 1 10 12 1 1 10 12 1 100 1 8 1 10 12 1 10 12 1 1 10 12 1 1 10 12 1 10 12 1 100 1 10 10 12 1 10 12 1 1 100 1 10 7 1 10 12 1 10 12 1 10 100 12 1 1 1 1 1 5 0 1 1 1 1 1 1 1 1 1 1 1 1 1 1 1 1 1 1 1 1 1 1 1 1 1 1 1 1 1 1 1 1 1 100 1 100 1 1 1 1 100 1 1 1 1
ciInstanceKlass java/util/concurrent/locks/ReentrantLock$NonfairSync 1 1 69 10 7 12 1 1 1 10 7 12 1 1 1 10 7 12 1 1 1 10 12 1 1 10 12 1 10 12 1 1 100 1 8 1 10 12 1 10 12 1 1 1 1 1 5 0 1 1 1 1 1 1 1 1 1 1 1 1 1 1 1 1 1 1 100 1 1 1 1
ciMethod java/util/concurrent/locks/AbstractQueuedSynchronizer tryAcquireShared (I)I 0 0 1 0 -1
ciMethod java/util/concurrent/locks/AbstractQueuedSynchronizer tryAcquire (I)Z 0 0 1 0 -1
ciMethod java/util/concurrent/locks/ReentrantLock$Sync tryRelease (I)Z 244 0 6308 0 256
ciMethod java/util/concurrent/locks/ReentrantLock$Sync initialTryLock ()Z 0 0 1 0 -1
instanceKlass java/math/BigDecimal
instanceKlass java/util/concurrent/atomic/Striped64
instanceKlass java/math/BigInteger
instanceKlass java/util/concurrent/atomic/AtomicLong
instanceKlass java/util/concurrent/atomic/AtomicInteger
instanceKlass java/lang/Long
instanceKlass java/lang/Integer
instanceKlass java/lang/Short
instanceKlass java/lang/Byte
instanceKlass java/lang/Double
instanceKlass java/lang/Float
ciInstanceKlass java/lang/Number 1 1 37 10 7 12 1 1 1 10 100 12 1 1 1 100 1 1 1 1 5 0 1 1 1 1 1 1 1 1 1 1 1 1 1 1 1 1 1
ciMethod java/util/concurrent/locks/AbstractQueuedSynchronizer tryRelease (I)Z 0 0 1 0 -1
ciMethod java/util/concurrent/locks/AbstractQueuedSynchronizer getState ()I 258 0 129 0 0
ciMethod java/util/concurrent/locks/AbstractQueuedSynchronizer release (I)Z 300 0 30440 0 0
ciMethod java/util/concurrent/locks/AbstractQueuedSynchronizer acquire (Ljava/util/concurrent/locks/AbstractQueuedSynchronizer$Node;IZZZJ)I 6 10 4596 0 -1
ciMethod java/util/concurrent/locks/AbstractQueuedSynchronizer acquire (I)V 54 0 2571 0 0
ciMethod java/util/concurrent/locks/AbstractQueuedSynchronizer tryInitializeHead ()V 20 0 38 0 -1
ciMethod java/util/concurrent/locks/AbstractQueuedSynchronizer casTail (Ljava/util/concurrent/locks/AbstractQueuedSynchronizer$Node;Ljava/util/concurrent/locks/AbstractQueuedSynchronizer$Node;)Z 636 0 1342 0 -1
ciMethod java/util/concurrent/locks/AbstractQueuedSynchronizer cleanQueue ()V 22 1114 16 0 -1
ciMethod java/util/concurrent/locks/AbstractQueuedSynchronizer cancelAcquire (Ljava/util/concurrent/locks/AbstractQueuedSynchronizer$Node;ZZ)I 22 0 16 0 -1
ciMethod java/util/concurrent/locks/AbstractQueuedSynchronizer signalNextIfShared (Ljava/util/concurrent/locks/AbstractQueuedSynchronizer$Node;)V 2 0 3 0 -1
ciMethod java/util/concurrent/locks/AbstractQueuedSynchronizer signalNext (Ljava/util/concurrent/locks/AbstractQueuedSynchronizer$Node;)V 234 0 7161 0 160
ciMethod java/util/concurrent/locks/AbstractQueuedSynchronizer setState (I)V 256 0 128 0 0
ciMethod java/util/concurrent/locks/AbstractQueuedSynchronizer compareAndSetState (II)Z 512 0 1280 0 96
instanceKlass java/lang/LiveStackFrameInfo
ciInstanceKlass java/lang/StackFrameInfo 1 1 132 10 7 12 1 1 1 9 7 12 1 1 1 9 7 1 9 12 1 1 11 7 12 1 1 1 9 12 1 1 11 12 1 1 10 12 1 1 10 100 12 1 1 1 10 12 1 11 12 1 11 12 1 1 11 12 1 10 12 1 1 9 12 1 1 10 12 1 1 10 100 12 1 1 10 12 1 1 11 12 1 1 10 12 1 9 12 1 1 10 12 1 1 100 1 8 1 10 12 1 10 7 12 1 1 1 100 1 1 1 1 1 1 1 1 1 1 1 1 1 1 1 1 1 1 100 1 1 1 1 1 1
staticfield java/lang/StackFrameInfo JLIA Ljdk/internal/access/JavaLangInvokeAccess; java/lang/invoke/MethodHandleImpl$1
ciInstanceKlass java/lang/LiveStackFrameInfo 0 0 97 10 100 12 1 1 1 9 100 12 1 1 1 9 12 1 9 12 1 9 12 1 9 12 1 1 100 1 10 12 1 1 10 12 1 8 1 10 12 1 1 8 1 8 1 8 1 10 100 1 10 12 1 100 1 10 12 1 100 1 100 1 1 1 3 1 3 1 1 1 1 1 1 1 1 1 1 1 1 1 1 1 1 1 1 1 1 1 1 1 1 1 1 1 100 1 1
ciMethod java/util/concurrent/locks/AbstractOwnableSynchronizer setExclusiveOwnerThread (Ljava/lang/Thread;)V 258 0 129 0 0
ciMethod java/util/concurrent/locks/AbstractOwnableSynchronizer getExclusiveOwnerThread ()Ljava/lang/Thread; 256 0 128 0 0
ciInstanceKlass java/lang/Character 1 1 576 7 1 100 1 100 1 9 12 1 1 8 1 9 12 1 1 100 1 9 12 1 1 10 100 12 1 1 1 10 100 12 1 1 1 10 100 12 1 1 1 10 7 12 1 1 1 9 7 12 1 1 1 10 12 1 10 12 1 1 10 12 1 1 10 7 12 1 1 10 12 1 1 3 3 3 3 3 10 12 1 1 10 12 1 3 11 7 12 1 1 1 11 12 1 1 10 12 1 1 10 12 1 1 100 1 10 10 12 1 3 10 12 1 1 10 12 1 10 12 1 1 100 1 8 1 10 12 1 1 10 12 1 10 12 1 10 12 1 10 12 1 10 12 1 1 10 12 1 10 7 12 1 1 10 10 12 1 10 10 12 1 10 12 1 1 10 12 1 10 10 12 1 10 12 1 10 12 1 10 12 1 10 12 1 10 12 1 10 12 1 10 12 10 10 12 10 10 12 1 10 10 12 1 10 10 12 1 10 10 12 1 10 10 12 1 10 10 12 1 10 10 12 1 1 10 10 12 1 10 5 0 10 12 1 10 12 1 10 10 12 1 10 10 12 1 1 10 10 12 1 10 10 12 1 9 12 1 1 100 1 10 10 12 1 10 12 1 1 3 10 100 12 1 1 1 10 12 1 10 100 12 1 1 100 1 10 10 12 1 1 10 12 1 1 10 12 1 1 8 1 10 12 1 9 100 12 1 1 1 10 12 1 10 10 12 1 10 12 1 1 10 12 1 10 10 12 1 1 10 10 12 1 1 100 1 8 1 10 12 1 1 10 7 12 1 1 1 8 1 10 12 1 1 9 12 1 1 100 1 100 1 100 1 1 1 1 3 1 3 1 3 1 3 1 1 1 1 1 3 1 1 3 1 3 1 3 1 3 1 3 1 3 1 3 1 3 1 3 1 3 1 3 1 3 1 3 1 3 1 3 1 3 1 3 1 3 1 3 1 3 1 3 1 3 1 3 1 3 1 3 1 3 1 3 1 3 1 1 1 1 1 1 1 1 1 1 1 1 1 1 1 1 1 1 1 3 1 1 1 1 1 1 1 3 1 1 3 1 1 1 1 1 3 1 1 5 0 1 1 1 1 1 1 1 1 1 1 1 1 1 1 1 1 1 1 1 1 1 1 1 1 1 1 1 1 1 1 1 1 1 1 1 1 1 1 1 1 1 1 1 1 1 1 1 1 1 1 1 1 1 1 1 1 1 1 1 1 1 1 1 1 1 1 1 1 1 1 1 1 1 1 1 1 1 1 1 1 1 1 1 1 1 1 1 1 1 100 1 100 1 1 1 1 1 1
staticfield java/lang/Character TYPE Ljava/lang/Class; java/lang/Class
staticfield java/lang/Character $assertionsDisabled Z 1
ciInstanceKlass java/lang/Float 1 1 223 7 1 100 1 10 100 12 1 1 1 10 100 12 1 1 1 4 100 1 10 12 1 1 10 12 1 1 8 1 8 1 10 100 12 1 1 1 10 12 1 1 10 12 1 1 10 4 4 4 10 7 12 1 1 9 12 1 1 10 12 1 1 10 12 1 10 12 1 10 12 1 1 10 12 1 10 12 1 3 10 12 1 1 10 12 1 1 10 12 1 10 100 12 1 1 1 10 12 1 1 10 12 1 1 8 1 10 7 12 1 1 1 9 12 1 1 100 1 100 1 100 1 1 1 1 1 4 1 1 1 4 1 1 3 1 3 1 3 1 3 1 1 1 1 5 0 1 1 1 1 1 1 1 1 1 1 100 1 1 1 1 1 1 1 1 1 1 1 1 1 3 1 1 1 1 1 1 1 1 1 1 1 1 1 1 1 1 1 1 1 1 1 1 1 1 1 1 1 1 1 1 1 1 1 1 1 1 1 1 100 1 1 1 1 1 1 1 100 1 100 1 1
staticfield java/lang/Float TYPE Ljava/lang/Class; java/lang/Class
ciInstanceKlass java/lang/Double 1 1 285 7 1 100 1 10 7 12 1 1 1 10 12 1 1 10 12 1 100 1 10 12 1 1 10 100 12 1 1 1 6 0 8 1 10 12 1 1 8 1 10 12 1 1 8 1 6 0 10 12 1 1 100 1 5 0 5 0 8 1 8 1 10 100 12 1 1 1 10 100 12 1 1 1 8 1 10 12 1 1 8 1 8 1 8 1 10 12 1 1 10 12 1 10 12 1 1 10 12 1 10 12 1 10 12 1 1 10 12 1 10 6 0 6 0 6 0 10 7 12 1 1 9 12 1 1 10 12 1 10 12 1 10 12 1 10 12 1 5 0 10 12 1 1 10 12 1 10 12 1 10 100 12 1 1 1 10 12 1 1 10 12 1 1 8 1 10 7 12 1 1 1 9 12 1 1 100 1 100 1 100 1 1 1 1 1 6 0 1 1 1 6 0 1 1 3 1 3 1 3 1 3 1 1 1 1 5 0 1 1 1 1 1 1 1 1 1 1 1 1 1 1 1 1 7 1 1 1 1 1 1 1 1 1 1 1 1 3 1 1 1 1 1 1 1 1 1 1 1 1 1 1 1 1 1 1 1 1 1 1 1 1 1 1 1 1 1 1 1 1 1 1 7 1 1 1 1 1 1 1 100 1 100 1 1
staticfield java/lang/Double TYPE Ljava/lang/Class; java/lang/Class
ciInstanceKlass java/lang/Byte 1 1 215 7 1 100 1 10 100 12 1 1 1 9 12 1 1 8 1 9 12 1 1 100 1 10 12 1 1 10 12 1 1 10 100 12 1 1 1 10 100 12 1 1 1 9 7 12 1 1 1 10 12 1 1 100 1 100 1 10 12 1 1 8 1 10 12 1 1 8 1 10 12 1 10 12 1 10 12 1 10 12 1 1 10 12 1 10 12 1 10 12 1 1 10 8 1 8 1 10 7 1 9 12 1 1 10 12 1 10 12 1 1 10 12 1 1 10 12 1 1 10 12 1 5 0 10 12 1 1 8 1 10 7 12 1 1 1 9 12 1 1 100 1 100 1 1 1 3 1 3 1 1 1 1 3 1 3 1 1 5 0 1 1 1 1 1 1 1 1 1 1 1 1 1 1 1 1 1 1 1 1 1 1 1 1 1 1 1 1 1 1 1 1 1 1 1 1 1 1 1 1 1 1 1 1 1 1 1 1 1 1 1 1 1 1 1
staticfield java/lang/Byte TYPE Ljava/lang/Class; java/lang/Class
ciInstanceKlass java/lang/Short 1 1 224 7 1 100 1 100 1 10 100 12 1 1 1 10 12 1 1 100 1 100 1 10 12 1 1 8 1 10 12 1 1 8 1 10 12 1 10 12 1 10 12 1 10 12 1 1 10 12 1 1 10 12 1 9 12 1 1 8 1 9 12 1 1 100 1 10 12 1 1 10 12 1 10 100 12 1 1 1 10 100 12 1 1 1 9 7 12 1 1 1 10 12 1 10 12 1 1 10 8 1 8 1 10 7 1 9 12 1 1 10 12 1 10 12 1 1 10 12 1 1 10 12 1 1 10 12 1 3 3 5 0 10 12 1 1 8 1 10 7 12 1 1 1 9 12 1 1 100 1 100 1 1 1 3 1 3 1 1 1 1 3 1 3 1 1 5 0 1 1 1 1 1 1 1 1 1 1 1 1 1 1 1 1 1 1 1 1 1 1 1 1 1 1 1 3 1 1 1 1 1 1 1 1 1 1 1 1 1 1 1 1 1 1 1 1 1 1 1 1 1 1 1 1 1
staticfield java/lang/Short TYPE Ljava/lang/Class; java/lang/Class
ciInstanceKlass java/lang/Integer 1 1 445 7 1 100 1 7 1 7 1 10 12 1 1 9 12 1 1 9 12 1 1 10 7 12 1 1 1 10 12 1 1 10 100 12 1 1 1 10 10 12 1 1 10 100 12 1 1 1 10 12 1 10 12 1 1 10 7 12 1 1 1 10 12 1 1 10 12 1 1 10 12 1 10 12 1 10 12 1 1 10 10 12 1 9 12 1 1 9 12 1 7 1 8 1 10 12 1 100 1 10 12 1 8 1 10 12 1 1 10 12 1 8 1 10 12 1 8 1 10 12 1 1 3 10 12 1 1 3 10 12 1 1 10 12 1 1 10 7 12 1 1 1 11 7 1 100 1 10 11 10 12 1 1 8 1 10 12 1 1 8 1 100 1 10 12 1 1 10 12 1 1 5 0 8 1 10 12 1 10 12 1 10 12 1 10 12 1 1 7 1 9 12 1 1 9 12 1 1 10 12 1 10 7 1 9 12 1 10 12 1 10 12 1 10 12 1 1 10 7 12 1 1 1 100 1 100 1 10 12 1 1 10 12 1 1 8 1 8 1 10 12 1 1 8 1 8 1 8 1 8 1 8 1 8 1 10 12 1 10 12 1 10 12 1 5 0 3 3 3 3 10 12 1 3 10 12 1 10 100 12 1 1 1 10 12 1 1 10 12 1 1 8 1 10 7 12 1 1 1 9 12 1 1 3 3 3 3 3 3 9 12 1 1 100 1 100 1 100 1 1 1 1 1 1 1 3 1 3 1 1 5 0 1 1 1 1 1 1 1 1 1 100 1 1 1 1 1 1 1 1 1 1 1 1 1 1 1 1 1 1 1 1 1 1 1 1 1 1 1 1 1 1 1 1 1 1 1 1 1 1 1 3 1 1 1 1 1 1 1 1 1 1 1 1 1 1 1 1 100 1 1 1 1 1 1 1 1 1 1 1 1 1 1 1 1 1 1 1 1 1 1 1 1 1 1 1 1 1 1 1 7 1 1 1 1 1 1 1 1 1 100 1 100 1 1
staticfield java/lang/Integer TYPE Ljava/lang/Class; java/lang/Class
staticfield java/lang/Integer digits [C 36
staticfield java/lang/Integer DigitTens [B 100
staticfield java/lang/Integer DigitOnes [B 100
staticfield java/lang/Integer sizeTable [I 10
ciInstanceKlass java/lang/Long 1 1 506 7 1 100 1 7 1 7 1 10 12 1 1 9 12 1 1 9 7 12 1 1 1 10 7 12 1 1 1 10 12 1 1 10 100 12 1 1 1 10 10 12 10 12 1 10 12 1 10 12 1 5 0 5 0 7 1 10 12 1 1 10 12 1 1 10 12 1 10 12 1 10 12 1 10 12 1 1 10 100 12 1 1 10 12 1 10 12 1 1 10 12 1 1 10 12 1 1 10 12 1 1 10 100 12 1 1 1 10 12 1 1 10 12 1 10 12 1 10 12 1 10 12 1 1 10 10 12 1 5 0 5 0 9 12 1 1 9 12 1 5 0 7 1 8 1 10 12 1 8 1 10 12 1 8 1 8 1 10 12 1 1 5 0 10 12 1 1 5 0 10 12 1 1 10 12 1 1 10 100 12 1 1 1 11 100 1 100 1 10 11 10 12 1 1 8 1 10 12 1 1 8 1 100 1 10 12 1 1 10 12 1 8 1 8 1 11 12 1 1 10 12 1 10 12 1 10 12 1 5 0 5 0 9 7 12 1 1 1 10 12 1 10 12 1 1 8 1 8 1 10 12 1 1 8 1 8 1 8 1 8 1 8 1 8 1 10 12 1 10 12 1 10 12 1 1 10 7 1 9 12 1 1 10 12 1 10 12 1 1 10 7 12 1 1 1 100 1 100 1 10 12 1 1 10 12 1 1 5 0 10 12 1 10 12 1 5 0 5 0 5 0 10 12 1 1 5 0 5 0 10 12 1 10 12 1 10 100 12 1 1 1 10 12 1 1 10 12 1 1 8 1 10 7 12 1 1 1 9 12 1 1 100 1 100 1 100 1 1 1 1 5 0 1 1 1 1 3 1 3 1 5 0 1 1 1 1 1 1 1 1 1 100 1 1 1 1 1 1 1 1 1 1 1 1 1 1 1 1 1 1 1 1 1 1 1 1 1 1 1 1 1 1 1 1 1 1 1 1 1 1 1 1 1 1 1 1 1 1 1 1 1 1 1 1 1 1 3 1 1 1 1 1 1 1 1 1 1 1 1 1 1 1 100 1 1 1 1 1 1 1 1 1 1 1 1 1 1 1 1 1 1 1 1 1 1 1 1 1 1 1 7 1 1 1 1 1 1 1 1 1 100 1 100 1 1
staticfield java/lang/Long TYPE Ljava/lang/Class; java/lang/Class
instanceKlass java/lang/ref/PhantomReference
instanceKlass java/lang/ref/FinalReference
instanceKlass java/lang/ref/WeakReference
instanceKlass java/lang/ref/SoftReference
ciInstanceKlass java/lang/ref/Reference 1 1 195 9 7 12 1 1 1 9 7 12 1 1 10 12 1 1 10 12 1 1 9 12 1 1 10 12 1 1 9 12 1 1 9 12 1 1 7 1 10 12 1 10 7 12 1 1 10 12 1 10 12 1 1 10 12 1 9 12 1 10 12 1 1 10 12 1 10 12 1 9 12 1 100 1 100 1 10 12 1 9 12 1 9 12 1 100 1 10 10 12 1 10 10 7 12 1 1 10 7 12 1 1 1 10 12 1 1 10 7 12 1 1 7 1 8 1 10 12 1 10 12 1 1 10 12 1 1 10 12 1 7 1 10 10 7 12 1 1 1 1 1 1 1 1 1 1 1 1 1 1 1 1 1 1 1 100 1 1 1 100 1 1 1 1 1 1 1 1 1 1 1 1 1 1 1 1 1 1 1 1 1 1 1 1 1 1 1 1 1 1 1 1 1 1 1
staticfield java/lang/ref/Reference processPendingLock Ljava/lang/Object; java/lang/Object
staticfield java/lang/ref/Reference $assertionsDisabled Z 1
instanceKlass sun/font/FontDesignMetrics$KeyReference
instanceKlass sun/font/StrikeCache$SoftDisposerRef
instanceKlass org/hibernate/validator/internal/util/ConcurrentReferenceHashMap$SoftValueReference
instanceKlass org/hibernate/validator/internal/util/ConcurrentReferenceHashMap$SoftKeyReference
instanceKlass java/util/ResourceBundle$BundleReference
instanceKlass com/sun/beans/util/Cache$Kind$Soft
instanceKlass java/io/ClassCache$CacheRef
instanceKlass org/springframework/util/ConcurrentReferenceHashMap$SoftEntryReference
instanceKlass sun/util/locale/provider/LocaleResources$ResourceReference
instanceKlass sun/util/resources/Bundles$BundleReference
instanceKlass sun/util/locale/LocaleObjectCache$CacheEntry
instanceKlass java/lang/invoke/LambdaFormEditor$Transform
ciInstanceKlass java/lang/ref/SoftReference 1 1 47 10 7 12 1 1 1 9 7 12 1 1 1 9 12 1 10 12 1 10 12 1 1 1 1 1 1 1 1 1 1 1 1 1 1 1 1 1 1 1 1 100 1 1 1 1 1
ciMethod java/lang/ref/SoftReference get ()Ljava/lang/Object; 516 0 5472 0 192
ciInstanceKlass java/lang/PublicMethods$MethodList 1 1 112 10 7 12 1 1 1 9 7 12 1 1 1 10 7 12 1 1 1 10 7 12 1 1 1 10 7 12 1 1 1 10 12 1 9 12 1 1 10 12 1 1 10 12 1 1 10 12 1 10 7 12 1 1 1 10 12 1 1 1 1 1 1 1 1 1 1 1 1 1 1 1 1 1 1 1 1 1 100 100 1 100 1 1 1 1 1 1 1 1 1 1 1 1 1 1 1 1 1 1 1 1 1 1 1 1 1 7 1 1 1 1
instanceKlass javax/crypto/JceSecurity$WeakIdentityWrapper
instanceKlass io/netty/util/ResourceLeakDetector$DefaultResourceLeak
instanceKlass org/apache/tomcat/util/collections/ManagedConcurrentWeakHashMap$Key
instanceKlass java/util/ResourceBundle$KeyElementReference
instanceKlass org/springframework/cglib/core/WeakCacheKey
instanceKlass java/beans/WeakIdentityMap$Entry
instanceKlass sun/rmi/transport/WeakRef
instanceKlass java/util/logging/LogManager$LoggerWeakRef
instanceKlass java/util/logging/Level$KnownLevel
instanceKlass java/lang/WeakPairMap$WeakRefPeer
instanceKlass java/lang/ClassValue$Entry
instanceKlass com/sun/jmx/mbeanserver/WeakIdentityHashMap$IdentityWeakReference
instanceKlass java/lang/ThreadLocal$ThreadLocalMap$Entry
instanceKlass java/lang/invoke/MethodType$ConcurrentWeakInternSet$WeakEntry
instanceKlass java/util/WeakHashMap$Entry
ciInstanceKlass java/lang/ref/WeakReference 1 1 31 10 7 12 1 1 1 10 12 1 100 1 1 1 1 1 1 1 1 1 1 1 1 1 1 1 1 1 1 1 1
ciInstanceKlass java/lang/invoke/MethodType$ConcurrentWeakInternSet$WeakEntry 1 1 57 10 7 12 1 1 1 10 7 12 1 1 1 9 7 12 1 1 1 10 12 1 1 10 12 1 1 1 1 1 1 1 1 1 1 1 1 1 1 1 1 1 1 1 1 1 1 1 1 1 100 1 1 100 1 1 1
ciMethod java/lang/ref/Reference get ()Ljava/lang/Object; 0 0 1 0 -1
ciInstanceKlass java/security/PrivilegedAction 1 1 14 100 1 100 1 1 1 1 1 1 1 1 1 1
instanceKlass java/lang/ref/Finalizer
ciInstanceKlass java/lang/ref/FinalReference 1 1 47 10 7 12 1 1 1 10 7 12 1 1 1 10 12 1 1 100 1 8 1 10 12 1 1 1 1 1 1 1 1 1 1 1 1 1 1 1 1 1 1 1 1 1 1 1 1
ciInstanceKlass java/lang/ref/Finalizer 1 1 152 9 7 12 1 1 1 10 7 12 1 1 1 9 12 1 1 9 12 1 1 9 12 1 9 12 1 10 12 1 10 12 1 1 9 12 1 1 100 1 10 12 1 7 1 11 7 12 1 1 100 1 10 12 1 100 1 10 12 1 10 100 12 1 1 1 10 100 12 1 1 1 100 1 10 10 12 1 10 7 12 1 1 1 7 1 10 7 1 10 10 7 12 1 1 1 10 12 1 1 10 7 12 1 1 7 1 10 12 1 10 12 1 1 10 12 1 1 10 12 1 1 1 1 1 1 1 1 1 1 1 1 1 1 1 1 1 1 1 1 1 1 1 1 1 1 1 1 1 1 1 1
staticfield java/lang/ref/Finalizer lock Ljava/lang/Object; java/lang/Object
staticfield java/lang/ref/Finalizer $assertionsDisabled Z 1
instanceKlass com/mysql/cj/jdbc/AbandonedConnectionCleanupThread$ConnectionFinalizerPhantomReference
instanceKlass jdk/internal/ref/PhantomCleanable
instanceKlass jdk/internal/ref/Cleaner
ciInstanceKlass java/lang/ref/PhantomReference 1 1 39 10 100 12 1 1 1 10 7 12 1 1 1 1 1 1 1 1 1 1 1 1 1 1 1 1 1 1 1 1 1 1 1 1 1 1 1 1 1
ciInstanceKlass jdk/internal/ref/CleanerImpl$PhantomCleanableRef 1 1 51 10 7 12 1 1 1 9 7 12 1 1 1 10 12 1 11 7 12 1 1 100 1 8 1 10 12 1 8 1 1 1 1 1 1 1 1 1 1 1 1 1 1 1 1 1 1 100 1 1 1
instanceKlass java/lang/ref/ReferenceQueue$Null
ciInstanceKlass java/lang/ref/ReferenceQueue 1 1 140 10 7 12 1 1 1 7 1 10 9 7 12 1 1 1 9 12 1 1 9 7 12 1 1 1 9 12 1 9 12 1 9 12 1 1 100 1 10 9 12 1 1 9 12 1 7 1 10 100 12 1 1 1 10 12 1 10 12 1 1 100 1 8 1 10 12 1 10 7 12 1 1 1 10 12 1 1 5 0 10 12 1 1 11 100 12 1 1 1 10 7 12 1 1 1 7 1 10 1 1 1 1 1 1 1 1 1 1 1 1 1 1 100 1 1 1 1 1 1 1 1 1 100 1 1 1 1 1 1 1 1 1 1 1 1 1 1 1 1
staticfield java/lang/ref/ReferenceQueue NULL Ljava/lang/ref/ReferenceQueue; java/lang/ref/ReferenceQueue$Null
staticfield java/lang/ref/ReferenceQueue ENQUEUED Ljava/lang/ref/ReferenceQueue; java/lang/ref/ReferenceQueue$Null
staticfield java/lang/ref/ReferenceQueue $assertionsDisabled Z 1
instanceKlass java/lang/reflect/Executable
instanceKlass java/lang/reflect/Field
ciInstanceKlass java/lang/reflect/AccessibleObject 1 1 398 10 7 12 1 1 1 9 100 12 1 1 1 10 100 12 1 1 1 10 7 12 1 1 10 7 12 1 1 1 10 7 12 1 1 1 10 12 1 1 10 12 1 1 9 12 1 1 7 1 10 7 12 1 1 1 11 12 1 7 1 10 12 1 7 1 100 1 10 12 1 10 12 1 1 7 1 10 7 12 1 1 1 10 12 1 1 7 1 10 12 1 1 100 1 10 10 10 7 12 1 1 1 10 12 1 1 10 12 1 10 12 1 10 12 1 1 10 12 1 8 1 100 1 10 10 12 1 1 8 1 10 12 1 10 12 1 8 1 8 1 8 1 8 1 8 1 8 1 100 1 10 12 1 10 12 1 9 12 1 1 10 12 1 1 10 12 1 10 11 7 1 100 1 8 1 10 10 12 1 10 12 1 1 8 1 10 12 1 8 1 10 12 1 1 10 100 1 8 1 10 11 7 12 1 1 10 12 1 1 10 12 1 1 10 12 1 1 9 12 1 1 100 1 10 12 1 7 1 10 12 1 10 12 1 1 10 7 1 10 12 1 10 12 10 12 1 10 12 1 1 10 12 1 10 12 1 1 10 12 1 9 12 1 10 7 12 1 1 8 1 10 7 12 1 1 1 8 1 10 100 12 1 1 1 9 12 1 100 1 10 7 1 10 10 7 12 1 1 1 7 1 10 10 7 12 1 1 1 7 1 9 12 1 1 1 1 1 1 1 1 1 1 1 1 1 1 1 1 1 1 1 1 1 1 1 1 1 1 1 1 1 1 1 1 1 1 1 1 1 1 1 1 1 1 1 1 1 1 1 1 1 1 1 1 1 1 1 1 1 1 1 1 1 1 1 1 1 1 1 1 1 1 1 1 1 1 1 1 1 1 1 1 1 1 1 1 1
staticfield java/lang/reflect/AccessibleObject reflectionFactory Ljdk/internal/reflect/ReflectionFactory; jdk/internal/reflect/ReflectionFactory
instanceKlass java/lang/reflect/Constructor
instanceKlass java/lang/reflect/Method
ciInstanceKlass java/lang/reflect/Executable 1 1 548 10 7 12 1 1 1 10 7 12 1 1 1 10 7 12 1 1 1 11 7 12 1 1 1 10 7 12 1 1 1 10 12 1 1 10 7 12 1 1 1 10 7 12 1 1 1 10 12 1 8 1 10 10 12 1 1 10 12 1 1 10 7 12 1 1 1 18 12 1 1 11 7 12 1 1 1 8 1 8 1 8 1 10 7 12 1 1 1 11 12 1 1 7 1 8 1 8 1 10 12 1 100 1 8 1 10 12 1 8 1 11 7 12 1 1 1 7 1 10 12 1 1 11 12 1 8 1 18 8 1 10 12 1 10 12 1 1 18 8 1 10 12 1 7 1 10 12 1 10 12 1 11 7 12 1 1 10 12 1 1 8 1 8 1 10 12 1 1 10 12 1 1 10 10 12 1 100 1 10 10 12 1 10 12 1 1 10 7 12 1 1 10 12 1 10 12 1 10 12 1 1 10 7 12 1 1 10 12 1 10 12 1 10 7 12 1 1 1 10 12 1 8 1 10 12 1 10 12 1 3 100 1 8 1 10 12 1 10 12 1 10 10 12 1 10 12 1 1 8 1 8 1 8 1 9 12 1 10 12 1 100 1 8 1 9 12 1 10 12 1 10 12 1 1 10 12 1 1 10 12 1 10 12 10 12 1 7 1 10 12 1 10 12 1 1 100 1 10 100 12 1 1 1 7 1 10 7 12 1 1 1 10 12 1 1 11 7 12 1 1 10 7 12 1 1 10 7 12 1 1 1 10 12 1 1 9 12 1 10 12 1 1 10 12 1 10 12 1 1 9 7 12 1 1 1 10 7 12 1 1 1 10 12 1 10 12 1 1 9 12 1 10 10 10 10 100 12 1 1 1 10 12 1 9 12 1 10 12 1 1 9 12 1 100 1 100 1 1 1 1 1 1 1 1 1 1 1 1 1 1 1 1 1 1 1 1 1 1 1 1 1 1 1 1 1 1 1 1 1 1 100 1 1 1 1 1 1 1 1 100 1 1 1 1 1 1 1 1 1 1 1 1 100 1 1 1 1 1 1 1 1 1 1 1 1 1 1 1 1 1 1 1 1 1 1 1 1 1 1 1 1 1 1 1 1 1 1 1 1 1 1 1 1 1 100 1 1 1 1 1 1 1 1 1 1 1 1 1 1 1 1 1 1 1 1 1 100 1 100 1 1 15 10 7 12 1 1 1 16 15 16 1 16 1 15 10 12 16 1 100 1 1 100 1 100 1 1
ciInstanceKlass java/lang/reflect/Member 1 0 23 100 1 100 1 1 1 1 3 1 3 1 1 1 1 1 1 1 1 1 1 1 1
ciInstanceKlass java/lang/reflect/Constructor 1 1 433 10 7 12 1 1 1 10 7 12 1 1 9 7 12 1 1 1 10 12 1 1 10 12 1 1 10 7 12 1 1 9 12 1 1 10 7 12 1 1 1 9 12 1 1 9 12 1 1 9 12 1 9 12 1 1 9 12 1 9 12 1 1 9 12 1 1 9 12 1 100 1 8 1 10 12 1 10 12 1 9 12 1 1 10 7 12 1 1 10 7 12 1 1 1 10 12 1 1 10 12 1 1 10 12 1 7 1 100 1 8 1 10 10 12 1 10 12 1 10 12 1 1 10 12 1 1 9 100 12 1 1 1 10 7 12 1 1 10 12 1 1 10 12 1 10 12 1 1 10 7 12 1 1 1 10 100 12 1 1 10 12 1 1 10 12 1 10 100 12 1 1 1 8 1 10 10 12 1 100 1 8 1 10 12 1 10 12 1 1 10 12 1 1 10 12 1 10 12 1 10 12 1 1 10 12 1 1 9 12 1 1 10 12 1 1 10 12 1 1 10 12 1 8 1 10 12 1 1 11 7 12 1 1 1 10 12 1 1 10 12 1 10 12 1 9 12 1 1 10 7 12 1 1 1 10 12 1 1 10 12 1 1 10 12 1 1 10 12 1 1 10 12 1 9 100 12 1 1 10 12 1 10 12 1 10 12 1 100 1 8 1 10 10 12 1 1 10 12 1 10 10 12 1 1 10 12 1 1 10 100 12 1 1 1 11 100 12 1 1 1 10 12 1 1 9 100 12 1 1 1 10 100 12 1 1 1 10 12 1 1 1 1 1 1 1 1 1 1 1 1 1 1 1 1 1 1 1 1 1 1 1 1 1 1 1 1 1 1 1 1 1 1 1 1 1 1 1 1 1 1 1 1 1 1 1 1 1 1 1 100 1 100 1 100 1 100 1 1 1 1 1 1 1 1 1 1 1 1 1 1 1 1 1 1 1 1 1 1 1 1 1 1 1 1 1 1 1 1 1 100 1 1
ciInstanceKlass java/lang/reflect/Method 1 1 450 9 7 12 1 1 1 10 7 12 1 1 1 10 7 12 1 1 9 12 1 1 10 12 1 1 10 12 1 1 10 7 12 1 1 10 7 12 1 1 1 9 12 1 1 9 12 1 9 12 1 1 9 12 1 9 12 1 9 12 1 1 9 12 1 9 12 1 1 9 12 1 9 12 1 9 12 1 1 100 1 8 1 10 12 1 10 12 1 9 12 1 1 8 1 10 7 12 1 1 10 7 12 1 1 1 10 12 1 1 10 12 1 1 10 12 1 10 12 1 1 10 12 1 1 9 7 12 1 1 1 10 12 1 1 10 12 10 7 12 1 1 10 12 1 1 10 12 1 10 12 1 10 12 1 10 7 12 1 1 1 10 12 1 1 10 7 1 10 7 12 1 1 1 10 7 12 1 1 10 12 1 1 10 12 1 1 10 12 1 10 7 12 1 1 1 10 12 1 10 8 1 10 12 1 10 12 1 7 1 8 1 8 1 8 1 10 12 1 10 12 1 1 10 12 1 1 10 10 12 1 1 10 12 1 11 7 1 9 12 1 1 10 12 1 1 10 12 1 10 12 1 1 10 12 1 1 11 7 12 1 1 1 10 12 1 10 12 1 10 12 1 10 12 1 10 12 1 9 12 1 1 10 7 12 1 1 1 10 12 1 1 10 7 12 1 1 1 10 7 12 1 1 1 10 7 12 1 1 1 11 7 12 1 1 1 10 7 12 1 1 1 7 1 100 1 100 1 10 12 1 10 12 1 1 10 12 1 100 1 8 1 10 12 1 10 10 12 1 1 10 12 1 1 10 12 1 1 10 12 1 1 8 1 10 12 1 1 1 1 1 1 1 1 1 1 1 1 1 1 1 1 1 1 1 1 1 1 1 1 1 1 1 1 1 1 1 1 1 1 1 1 1 1 1 1 1 1 1 1 1 1 1 1 1 1 1 1 1 100 1 100 1 100 1 1 1 1 1 1 1 1 1 1 1 1 1 1 1 1 1 1 1 1 1 1 1 1 1 1
ciMethod java/lang/reflect/Method equals (Ljava/lang/Object;)Z 604 0 12820 0 384
ciMethod java/lang/reflect/Method hashCode ()I 528 0 14577 0 1856
ciMethod java/lang/reflect/Method getName ()Ljava/lang/String; 364 0 182 0 0
ciMethod java/lang/reflect/Method getModifiers ()I 268 0 134 0 0
ciMethod java/lang/reflect/Method getParameterTypes ()[Ljava/lang/Class; 418 0 34402 0 288
ciMethod java/lang/reflect/Method getDeclaringClass ()Ljava/lang/Class; 278 0 139 0 0
ciMethod java/lang/reflect/Method getParameterCount ()I 514 0 34012 0 96
ciMethod java/lang/reflect/Executable equalParamTypes ([Ljava/lang/Class;[Ljava/lang/Class;)Z 62 0 5429 0 -1
ciInstanceKlass java/lang/reflect/Field 1 1 437 9 7 12 1 1 1 10 12 1 1 10 7 12 1 1 1 10 7 12 1 1 9 12 1 1 10 12 1 1 10 12 1 1 10 7 12 1 1 10 7 12 1 1 1 9 12 1 1 9 12 1 9 12 1 9 12 1 1 9 12 1 1 9 12 1 9 12 1 1 9 12 1 1 100 1 8 1 10 12 1 10 12 1 9 12 1 1 9 12 1 10 12 1 10 7 12 1 1 10 12 1 1 10 12 1 1 10 12 1 10 12 1 1 7 1 10 12 1 1 10 12 1 1 10 12 1 1 10 12 1 10 12 1 10 7 1 10 7 12 1 1 100 1 10 8 1 10 12 1 1 10 12 1 1 8 1 10 12 10 12 1 8 1 8 1 10 11 100 1 9 12 1 10 12 1 1 10 12 1 1 11 7 12 1 1 1 11 12 1 1 11 12 1 1 11 12 1 1 11 12 1 1 11 12 1 1 11 12 1 1 11 12 1 1 11 12 1 1 11 12 1 1 11 12 1 1 11 12 1 1 11 12 1 1 11 12 1 1 11 12 1 1 11 12 1 1 11 12 1 1 11 12 1 1 10 12 1 10 7 12 1 1 10 12 1 10 12 1 1 10 12 9 12 1 1 10 7 12 1 1 1 10 12 1 1 10 7 12 1 1 10 12 1 1 11 7 1 10 12 1 100 1 10 100 12 1 1 1 10 7 12 1 1 1 9 12 1 10 7 12 1 1 1 11 7 12 1 1 1 10 12 1 1 10 12 1 1 9 7 12 1 1 1 10 7 12 1 1 1 10 12 1 1 100 1 1 1 1 1 1 1 1 1 1 1 1 1 1 1 1 1 1 1 1 1 1 1 1 1 1 1 1 1 1 1 1 1 1 1 100 1 1 1 1 1 1 1 1 1 1 1 1 1 1 1 1 1 1 1 1 1 1 1 1 1 1 1 1 1 1 1 1 1 1 100 1 1 1 1 1 1 1 1 100 1 1
ciInstanceKlass java/lang/reflect/Parameter 1 1 226 10 7 12 1 1 1 9 7 12 1 1 1 9 12 1 1 9 12 1 1 9 12 1 10 12 1 1 10 12 1 1 10 7 12 1 1 1 100 1 10 10 12 1 1 11 100 12 1 1 1 10 12 1 10 100 12 1 1 1 10 12 1 1 10 12 1 10 12 1 8 1 8 1 10 7 12 1 1 1 10 12 1 10 12 10 12 1 8 1 10 12 1 9 12 1 1 10 12 1 1 9 12 1 1 10 12 1 1 10 12 1 1 10 12 1 1 10 12 1 10 10 12 1 10 7 12 1 1 1 10 12 1 1 11 7 12 1 1 10 7 12 1 1 7 1 10 7 12 1 1 1 10 12 1 1 10 12 1 1 10 12 1 1 10 12 1 1 9 12 1 7 1 10 11 12 1 1 11 12 1 1 100 1 1 1 1 1 1 1 1 1 1 1 1 1 1 1 1 1 1 1 1 1 1 1 1 1 1 1 1 1 1 1 1 1 1 1 1 1 1 100 1 1 1 1
ciMethod java/lang/reflect/Executable <init> ()V 768 0 9923 0 0
ciMethod java/lang/reflect/AccessibleObject <init> ()V 538 0 13464 0 0
ciInstanceKlass java/util/function/Function 1 1 77 10 7 12 1 1 1 18 12 1 1 18 18 12 1 11 7 12 1 100 1 1 1 1 1 1 1 1 1 1 1 1 1 1 1 1 1 1 1 1 1 1 1 1 1 1 1 1 1 1 1 1 1 1 15 10 7 12 1 1 1 16 15 11 12 15 11 12 15 11 12 1 100 1 100 1 1
ciInstanceKlass java/lang/StringBuffer 1 1 470 10 7 12 1 1 1 10 12 1 10 12 1 10 12 1 1 9 7 12 1 1 1 10 12 1 1 10 12 1 10 12 1 1 9 12 1 1 10 12 1 10 12 1 1 10 12 1 1 10 12 1 10 12 1 1 10 12 1 10 12 1 1 10 12 1 1 10 7 12 1 1 1 10 12 1 1 10 12 1 10 12 1 10 12 1 10 12 1 10 12 1 10 12 1 10 12 1 10 12 1 10 12 1 10 12 1 10 12 1 10 12 1 10 12 1 10 12 1 1 10 12 1 10 12 1 1 10 12 1 1 10 10 12 1 1 10 12 1 10 12 1 10 12 1 10 12 1 10 12 1 10 12 1 10 12 10 12 1 10 12 1 10 12 1 10 12 1 1 10 12 1 10 12 1 10 10 12 1 1 10 12 1 1 9 12 1 1 10 7 12 1 1 1 10 100 1 10 10 100 12 1 1 1 10 10 12 1 10 8 10 100 12 1 1 1 8 10 12 1 8 1 10 12 1 10 12 1 10 100 12 1 1 1 10 100 12 1 1 1 7 1 10 12 100 1 8 1 10 10 12 1 1 10 12 1 1 10 12 1 1 10 12 1 10 12 1 10 12 1 10 12 1 10 12 1 10 12 1 10 12 1 10 12 1 10 12 1 10 12 1 10 12 1 10 12 1 10 12 1 10 12 1 10 12 1 10 12 1 10 12 10 12 10 12 1 10 12 1 10 12 1 10 12 10 12 1 10 12 1 10 12 1 10 12 1 10 12 1 10 12 1 10 12 1 10 12 1 10 12 1 10 12 1 10 12 1 7 1 10 12 1 9 7 12 1 1 1 9 7 1 9 12 1 1 100 1 100 1 100 1 1 1 1 5 0 1 1 1 1 1 1 1 1 1 1 1 1 1 1 1 1 1 1 1 1 1 1 1 1 1 1 1 1 1 1 1 1 1 1 1 1 1 1 1 1 1 1 1 1 1 1 1 1 1 1 1 1 1 1 1 1 1 1 1 1 100 1 1 1 1 1 100 1 1 1 1 1 1 1 1 1 1 1 1 1 1 1 1 1
staticfield java/lang/StringBuffer serialPersistentFields [Ljava/io/ObjectStreamField; 3 [Ljava/io/ObjectStreamField;
ciInstanceKlass java/lang/CharSequence 1 1 130 11 100 12 1 1 1 18 12 1 1 100 1 10 100 12 1 1 1 18 10 100 12 1 1 1 10 100 12 1 1 1 100 1 11 12 1 1 10 100 12 1 1 1 11 12 1 1 100 1 10 12 1 1 10 100 12 1 1 1 100 1 10 10 12 1 1 1 1 1 1 1 1 1 1 1 1 1 1 1 1 1 1 1 1 1 1 1 1 1 1 1 1 1 1 1 1 1 1 15 10 100 12 1 1 1 16 1 15 11 12 16 15 11 12 1 1 100 1 100 1 1 100 1 1 100 1 100 1 1
instanceKlass java/lang/StringBuilder
instanceKlass java/lang/StringBuffer
ciInstanceKlass java/lang/AbstractStringBuilder 1 1 547 7 1 7 1 10 7 12 1 1 1 9 7 12 1 1 1 9 12 1 9 12 1 1 9 12 1 1 10 7 12 1 1 1 10 12 1 1 3 3 10 12 1 10 12 1 1 11 7 1 100 1 100 1 10 8 1 10 12 1 10 12 1 10 12 1 1 10 12 1 10 12 1 10 12 1 9 12 1 1 10 12 1 1 10 7 12 1 1 1 10 10 12 1 10 12 1 10 12 1 1 10 12 1 1 10 7 12 1 1 1 10 7 12 1 1 1 100 1 8 1 10 10 12 1 1 100 1 10 12 10 12 1 1 10 10 12 1 1 10 12 1 1 10 12 1 1 10 12 1 1 100 1 10 10 12 1 10 7 12 1 1 1 10 12 1 1 10 12 1 10 12 1 1 10 10 12 1 1 10 12 10 12 1 10 12 1 1 10 12 1 1 10 12 1 1 10 12 1 10 10 12 1 1 10 12 1 10 12 1 1 8 1 10 12 1 1 10 12 1 10 12 1 10 12 1 10 12 1 10 12 1 10 12 1 10 7 12 1 1 10 12 1 10 12 1 10 7 12 1 1 1 10 12 1 10 12 1 10 12 1 10 12 1 10 12 1 1 10 12 1 10 12 1 1 10 12 1 1 10 10 7 12 1 1 1 10 12 1 10 12 1 10 12 1 1 10 12 1 10 12 1 10 12 1 10 12 1 10 12 1 10 12 1 10 12 1 10 12 1 10 12 1 1 10 12 1 10 12 1 10 12 10 12 1 1 18 12 1 1 100 1 10 100 12 1 1 1 18 10 12 1 1 10 12 1 10 12 1 1 11 12 1 10 12 1 10 12 1 10 10 12 1 10 8 1 8 1 8 1 10 10 100 1 10 12 1 100 1 10 100 1 10 100 1 1 1 3 1 1 1 1 1 1 1 1 1 1 100 1 1 1 1 1 1 1 1 1 1 1 1 1 1 1 1 1 1 1 1 1 1 1 1 1 1 1 1 1 1 1 1 1 1 1 1 1 1 1 1 1 1 1 1 1 1 1 1 1 1 1 1 1 1 1 1 1 1 1 1 1 1 1 1 1 1 1 1 1 1 1 1 1 1 1 1 1 1 1 1 1 1 1 1 1 1 1 1 1 1 1 1 1 1 1 1 1 100 1 1 100 1 1 1 1 1 100 1 1 1 1 1 1 15 10 100 12 1 1 1 16 1 15 10 12 16 15 10 12 1 1 1 1 100 1 100 1 1
staticfield java/lang/AbstractStringBuilder EMPTYVALUE [B 0
ciMethod java/lang/AbstractStringBuilder append (Ljava/lang/String;)Ljava/lang/AbstractStringBuilder; 284 0 22254 0 -1
ciMethod java/lang/AbstractStringBuilder append (C)Ljava/lang/AbstractStringBuilder; 264 0 8852 0 -1
ciMethod java/lang/AbstractStringBuilder <init> (I)V 148 0 5271 0 544
ciMethod java/lang/AbstractStringBuilder isLatin1 ()Z 164 0 161693 0 -1
ciInstanceKlass java/lang/SecurityManager 0 0 576 10 100 12 1 1 1 9 100 12 1 1 1 10 100 12 1 1 1 100 1 8 1 10 12 1 10 12 1 1 10 100 12 1 1 1 10 100 1 10 100 1 10 9 100 12 1 1 1 10 100 12 1 1 1 10 12 1 1 10 100 12 1 1 100 1 8 1 10 9 12 1 1 9 12 1 8 1 9 12 1 100 1 10 8 1 10 12 1 1 10 12 1 10 12 1 1 100 1 10 10 12 1 1 100 1 8 1 10 12 1 8 1 8 1 8 1 8 1 8 1 8 1 10 12 1 8 1 8 1 8 1 8 1 8 1 10 100 12 1 1 1 10 12 1 1 8 1 100 1 8 1 10 8 1 8 1 8 1 8 1 8 1 10 100 12 1 1 8 1 100 1 8 1 8 1 10 8 1 10 12 1 100 1 8 1 10 10 12 1 1 10 12 1 10 12 1 10 12 1 10 100 12 1 1 1 10 12 1 10 100 12 1 1 11 100 12 1 1 1 18 12 1 1 11 100 12 1 1 1 18 12 1 1 11 12 1 1 18 18 11 12 1 18 12 1 11 12 1 1 9 12 1 1 9 12 1 9 12 1 9 12 1 100 1 10 100 12 1 1 10 12 1 10 12 1 18 12 1 18 10 100 12 1 1 1 18 12 1 10 12 1 18 18 8 1 10 12 1 9 12 1 1 11 100 12 1 1 1 8 1 100 1 10 12 1 10 12 1 1 10 12 1 1 9 12 1 1 10 12 1 10 12 1 1 8 1 100 1 10 9 12 1 8 1 10 12 1 8 1 100 1 10 10 100 12 1 1 10 100 1 9 100 12 1 1 1 11 12 1 1 10 12 1 11 12 1 10 12 1 100 1 10 10 12 1 1 10 12 1 1 1 1 1 1 1 1 1 1 1 100 1 1 1 1 1 1 1 1 1 1 1 1 1 1 1 1 1 1 1 1 1 1 1 1 1 1 1 1 1 1 1 1 1 1 1 1 1 1 1 1 1 1 1 1 1 1 1 1 1 1 1 1 1 1 1 1 3 1 1 1 1 1 1 1 1 1 1 100 1 1 1 1 1 1 1 1 1 1 1 1 1 1 1 1 1 1 1 1 1 1 1 1 1 1 1 1 1 1 1 1 1 1 1 1 1 1 15 10 100 12 1 1 1 16 15 10 100 12 1 1 1 16 1 16 15 10 12 16 1 15 10 12 16 15 11 100 1 16 1 16 1 15 10 12 16 15 10 12 16 15 10 12 1 16 1 15 11 12 1 15 10 12 16 15 10 16 1 1 1 1 100 1 100 1 1
instanceKlass net/sf/jsqlparser/parser/TokenMgrException
instanceKlass net/sf/jsqlparser/parser/CCJSqlParser$LookaheadSuccess
instanceKlass io/jsonwebtoken/lang/InstantiationException
instanceKlass io/jsonwebtoken/lang/UnknownClassException
instanceKlass io/jsonwebtoken/JwtException
instanceKlass cn/hutool/core/date/DateException
instanceKlass cn/hutool/core/io/IORuntimeException
instanceKlass com/fasterxml/jackson/databind/RuntimeJsonMappingException
instanceKlass java/nio/BufferOverflowException
instanceKlass org/springframework/boot/actuate/endpoint/InvalidEndpointRequestException
instanceKlass java/lang/LayerInstantiationException
instanceKlass org/springframework/cache/Cache$ValueRetrievalException
instanceKlass org/springdoc/api/OpenApiResourceNotFoundException
instanceKlass java/lang/reflect/MalformedParametersException
instanceKlass org/apache/ibatis/ognl/internal/CacheException
instanceKlass org/apache/ibatis/ognl/enhance/UnsupportedCompilationException
instanceKlass java/util/concurrent/CompletionException
instanceKlass org/redisson/client/RedisException
instanceKlass io/netty/handler/codec/CodecException
instanceKlass io/netty/channel/ChannelException
instanceKlass com/baomidou/mybatisplus/core/exceptions/MybatisPlusException
instanceKlass com/example/fishing/common/BusinessException
instanceKlass org/apache/tomcat/util/threads/StopPooledThreadException
instanceKlass com/mysql/cj/exceptions/CJException
instanceKlass org/springframework/boot/jdbc/UnsupportedDataSourcePropertyException
instanceKlass com/zaxxer/hikari/pool/HikariPool$PoolInitializationException
instanceKlass java/security/ProviderException
instanceKlass java/nio/BufferUnderflowException
instanceKlass org/apache/coyote/ProtocolException
instanceKlass java/util/concurrent/RejectedExecutionException
instanceKlass java/lang/reflect/InaccessibleObjectException
instanceKlass javax/management/JMRuntimeException
instanceKlass org/apache/juli/logging/LogConfigurationException
instanceKlass org/springframework/boot/web/server/WebServerException
instanceKlass org/springframework/context/NoSuchMessageException
instanceKlass org/springframework/transaction/interceptor/TransactionAspectSupport$ThrowableHolderException
instanceKlass cn/hutool/core/exceptions/UtilException
instanceKlass org/springframework/cglib/core/ClassNameReader$EarlyExitException
instanceKlass org/springframework/cglib/core/CodeGenerationException
instanceKlass org/springframework/objenesis/ObjenesisException
instanceKlass org/apache/ibatis/exceptions/IbatisException
instanceKlass org/springframework/data/mapping/MappingException
instanceKlass org/springframework/expression/spel/InternalParseException
instanceKlass org/springframework/boot/autoconfigure/data/redis/RedisUrlSyntaxException
instanceKlass org/springframework/boot/context/properties/IncompatibleConfigurationException
instanceKlass org/springframework/boot/autoconfigure/condition/OnBeanCondition$BeanTypeDeductionException
instanceKlass java/nio/file/FileSystemNotFoundException
instanceKlass org/springframework/expression/ExpressionException
instanceKlass java/lang/reflect/MalformedParameterizedTypeException
instanceKlass javax/el/ELException
instanceKlass org/apache/logging/log4j/LoggingException
instanceKlass javax/validation/ValidationException
instanceKlass org/yaml/snakeyaml/error/YAMLException
instanceKlass org/springframework/boot/context/properties/bind/UnboundConfigurationPropertiesException
instanceKlass org/springframework/boot/context/properties/bind/BindException
instanceKlass java/util/ConcurrentModificationException
instanceKlass org/springframework/boot/context/config/ConfigDataException
instanceKlass java/time/DateTimeException
instanceKlass java/util/MissingResourceException
instanceKlass java/lang/TypeNotPresentException
instanceKlass org/springframework/boot/context/properties/source/InvalidConfigurationPropertyNameException
instanceKlass java/util/NoSuchElementException
instanceKlass java/lang/reflect/UndeclaredThrowableException
instanceKlass org/springframework/core/NestedRuntimeException
instanceKlass java/lang/UnsupportedOperationException
instanceKlass ch/qos/logback/core/LogbackException
instanceKlass java/lang/IndexOutOfBoundsException
instanceKlass java/lang/SecurityException
instanceKlass java/lang/IllegalStateException
instanceKlass java/lang/IllegalArgumentException
instanceKlass java/lang/ArithmeticException
instanceKlass java/lang/NullPointerException
instanceKlass java/lang/IllegalMonitorStateException
instanceKlass java/lang/ArrayStoreException
instanceKlass java/lang/ClassCastException
ciInstanceKlass java/lang/RuntimeException 1 1 40 10 7 12 1 1 1 10 12 1 10 12 1 10 12 1 10 12 1 100 1 1 1 1 5 0 1 1 1 1 1 1 1 1 1 1 1 1 1 1
instanceKlass java/lang/IllegalThreadStateException
instanceKlass io/github/classgraph/ClassGraphException
instanceKlass org/webjars/NotFoundException
instanceKlass org/webjars/MultipleMatchesException
instanceKlass org/springframework/web/util/pattern/PatternParseException
instanceKlass org/springframework/web/servlet/resource/ResourceUrlEncodingFilter$LookupPathIndexException
instanceKlass java/nio/charset/UnsupportedCharsetException
instanceKlass java/nio/channels/UnsupportedAddressTypeException
instanceKlass java/nio/channels/UnresolvedAddressException
instanceKlass java/security/InvalidParameterException
instanceKlass java/nio/file/InvalidPathException
instanceKlass org/springframework/aop/framework/adapter/UnknownAdviceTypeException
instanceKlass org/springframework/http/InvalidMediaTypeException
instanceKlass org/springframework/util/InvalidMimeTypeException
instanceKlass org/springframework/core/Constants$ConstantException
instanceKlass java/util/regex/PatternSyntaxException
instanceKlass java/lang/NumberFormatException
ciInstanceKlass java/lang/IllegalArgumentException 1 1 35 10 7 12 1 1 1 10 12 1 10 12 1 10 12 1 100 1 1 1 1 5 0 1 1 1 1 1 1 1 1 1 1 1 1
ciInstanceKlass java/lang/ArithmeticException 1 1 26 10 100 12 1 1 1 10 12 1 100 1 1 1 1 5 0 1 1 1 1 1 1 1 1 1
ciInstanceKlass java/lang/NullPointerException 1 1 52 10 7 12 1 1 1 10 12 1 9 7 12 1 1 1 10 12 1 1 9 12 1 1 10 12 1 1 10 12 1 1 1 1 5 0 1 1 1 1 1 1 1 1 100 1 100 1 100 1 1 1
instanceKlass sun/awt/SoftCache
instanceKlass org/apache/tomcat/util/collections/ManagedConcurrentWeakHashMap
instanceKlass org/hibernate/validator/internal/util/ConcurrentReferenceHashMap
instanceKlass java/util/TreeMap$NavigableSubMap
instanceKlass org/springframework/util/ConcurrentReferenceHashMap
instanceKlass java/util/Collections$SingletonMap
instanceKlass java/util/concurrent/ConcurrentSkipListMap
instanceKlass java/util/TreeMap
instanceKlass java/util/IdentityHashMap
instanceKlass java/util/EnumMap
instanceKlass java/util/WeakHashMap
instanceKlass java/util/Collections$EmptyMap
instanceKlass sun/util/PreHashedMap
instanceKlass java/util/HashMap
instanceKlass java/util/ImmutableCollections$AbstractImmutableMap
instanceKlass java/util/concurrent/ConcurrentHashMap
ciInstanceKlass java/util/AbstractMap 1 1 192 10 7 12 1 1 1 10 7 12 1 1 1 11 7 12 1 1 1 10 11 12 1 1 11 7 12 1 1 1 11 12 1 1 7 1 11 12 1 10 12 1 1 11 12 1 100 1 10 11 12 1 11 7 1 10 12 1 1 11 12 1 9 12 1 1 7 1 10 12 1 9 12 1 1 100 1 10 11 11 12 1 1 11 12 1 100 1 100 1 11 12 1 8 1 100 1 10 10 12 1 1 8 1 10 12 1 10 12 1 1 10 12 1 1 1 1 1 1 1 1 1 1 1 1 1 1 1 1 1 1 1 1 1 1 1 1 1 1 1 1 1 1 1 1 1 1 1 1 1 1 1 1 100 1 1 1 1 1 1 1 1 1 1 1 1 1 1 1 1 7 1 1 1 1 1 1 1 1 1 100 1 100 1 100 1 100 1 1 1 1 1
ciMethod java/lang/IllegalArgumentException <init> (Ljava/lang/String;)V 0 0 5 0 0
ciMethod java/lang/RuntimeException <init> (Ljava/lang/String;)V 6 0 23 0 -1
ciInstanceKlass java/security/AccessControlContext 1 1 373 9 7 12 1 1 1 9 12 1 1 10 7 12 1 1 1 8 1 10 7 12 1 1 1 10 7 12 1 1 1 9 12 1 9 12 1 1 9 12 1 1 10 7 12 1 1 100 1 10 12 1 11 100 12 1 1 1 11 12 1 11 12 1 11 12 1 1 7 1 11 12 1 1 10 12 1 10 7 12 1 1 1 9 100 12 1 1 1 10 100 12 1 1 1 11 100 12 1 1 1 10 7 1 100 1 8 1 10 12 1 10 12 1 1 7 1 10 7 12 1 1 1 9 12 1 9 12 1 9 12 1 9 12 1 1 9 12 1 1 9 12 1 9 12 1 10 7 12 1 1 1 9 12 1 10 12 1 1 10 12 1 1 8 1 10 12 1 1 10 12 1 1 10 100 12 1 1 1 7 1 10 10 12 1 1 10 100 12 1 1 1 10 8 1 10 100 12 1 1 8 1 10 100 12 1 1 8 1 8 1 10 12 1 8 1 10 12 1 8 1 10 12 1 10 12 1 10 12 1 1 8 1 8 1 100 1 10 12 1 10 12 1 1 7 1 10 12 1 8 1 10 12 1 10 12 1 10 8 1 10 12 1 1 10 12 1 1 10 12 1 1 10 12 1 1 10 12 1 10 12 1 10 12 1 10 12 1 1 10 10 10 12 1 1 1 1 1 1 1 1 1 1 1 1 1 1 1 1 1 1 1 1 1 1 1 1 100 1 1 1 1 1 1 1 1 1 1 1 1 1 1 1 1 1 1 1 1 1 1 1 1 1 1 1 1 1 1 1 1 1 1 1 1 1 1 1 1 1 1 1 1 1 1 1 1 1 1 1 1 3 1 1
ciInstanceKlass java/net/URL 1 1 743 10 7 12 1 1 1 10 12 1 10 7 12 1 1 9 12 1 1 9 12 1 10 7 12 1 1 1 10 12 1 1 10 12 1 1 9 12 1 1 10 7 12 1 1 1 8 1 10 12 1 1 7 1 10 10 12 1 1 8 1 10 12 1 1 9 12 1 7 1 8 1 10 12 1 10 12 1 8 1 9 12 1 10 12 1 1 9 12 1 10 12 1 10 12 1 9 12 1 9 12 1 8 1 9 12 1 10 12 1 1 8 1 9 12 1 1 10 12 1 1 10 7 12 1 1 1 8 1 10 12 1 7 1 10 12 1 10 12 1 10 12 1 10 12 1 1 10 12 1 1 8 1 10 12 1 1 10 12 1 8 1 9 12 1 8 1 10 12 1 10 7 12 1 1 1 100 1 10 12 1 10 12 1 1 10 7 12 1 1 1 100 1 8 1 10 10 12 1 8 1 10 12 1 1 10 12 1 10 12 1 10 12 1 10 12 1 10 12 1 8 1 10 12 1 10 10 7 12 1 1 1 10 12 1 9 100 12 1 1 1 10 100 12 1 1 1 9 12 1 1 10 12 1 10 100 12 1 1 1 100 1 100 1 10 12 1 10 12 1 10 12 1 10 12 1 10 12 1 10 12 10 10 10 12 1 100 1 10 12 1 10 12 1 1 8 1 9 100 12 1 1 1 10 100 12 1 1 1 10 12 1 1 9 100 12 1 1 1 10 12 1 1 100 1 10 12 1 10 12 1 10 10 12 1 1 10 12 1 1 10 12 1 10 12 1 10 12 1 10 7 12 1 1 1 10 12 1 1 10 12 1 9 12 1 1 9 12 1 1 100 1 8 1 10 10 12 1 9 12 1 1 10 7 12 1 1 8 1 10 7 12 1 1 8 1 10 12 1 1 10 12 1 8 1 8 1 10 7 12 1 1 1 100 1 10 100 12 1 1 1 10 12 1 10 12 1 7 1 10 9 12 1 1 10 7 12 1 1 8 1 10 12 1 1 7 1 10 10 7 12 1 1 1 8 9 100 12 1 1 1 10 12 1 10 12 1 10 12 1 10 12 1 10 100 12 1 1 11 7 12 1 1 10 12 1 10 12 1 9 12 1 10 12 1 1 10 100 12 1 1 10 100 12 1 1 1 8 10 100 12 1 1 100 1 10 8 8 10 12 1 8 8 8 100 1 10 12 1 9 12 1 1 10 12 1 10 12 1 1 10 12 1 10 12 10 12 1 1 10 12 1 1 10 10 10 12 1 10 12 1 10 12 1 10 12 1 10 12 1 10 10 12 1 100 1 8 1 10 10 10 12 1 1 10 12 1 10 12 1 1 8 1 7 1 10 10 10 7 1 10 12 1 9 7 12 1 1 1 9 12 1 1 7 1 10 10 7 12 1 1 1 100 1 1 1 1 1 5 0 1 1 1 1 1 1 1 1 1 1 1 1 1 1 1 1 1 1 1 1 1 1 1 1 1 1 1 1 1 1 1 1 1 1 1 1 1 1 1 100 1 1 1 1 1 1 1 1 1 1 1 1 1 1 1 1 1 1 1 1 1 1 1 1 1 1 1 1 1 1 1 1 1 1 1 1 1 100 1 1 1 1 1 1 1 1 1 1 1 1 1 1 1 1 100 1 1 1 1 1 1 1 1 1 1 1 1 1 1 1 1 1 1
staticfield java/net/URL defaultFactory Ljava/net/URLStreamHandlerFactory; java/net/URL$DefaultFactory
staticfield java/net/URL streamHandlerLock Ljava/lang/Object; java/lang/Object
staticfield java/net/URL serialPersistentFields [Ljava/io/ObjectStreamField; 7 [Ljava/io/ObjectStreamField;
ciInstanceKlass java/util/jar/Manifest 1 1 336 10 7 12 1 1 1 7 1 10 9 7 12 1 1 1 7 1 10 9 12 1 1 9 12 1 1 10 12 1 10 12 1 1 10 12 1 1 10 12 1 1 10 12 1 1 11 7 1 11 12 1 1 10 12 1 1 10 100 12 1 1 1 100 1 100 1 10 8 1 10 12 1 1 10 12 1 1 10 12 1 10 12 1 11 100 1 10 12 1 10 12 1 1 11 12 1 1 10 12 1 11 12 1 1 11 100 12 1 1 1 11 100 12 1 1 11 12 1 1 100 1 10 12 1 8 1 11 12 1 7 1 10 12 1 1 11 12 1 10 12 1 10 12 1 10 100 12 1 1 1 8 1 10 12 1 1 10 9 7 12 1 1 1 10 12 1 1 10 100 12 1 10 12 1 10 12 1 9 100 12 1 1 1 8 1 10 12 1 8 1 8 1 7 1 10 12 1 10 12 1 10 12 1 1 100 1 8 1 10 12 1 1 8 1 10 10 12 1 1 8 1 10 12 1 1 10 100 12 1 1 1 10 12 1 10 11 12 1 1 10 12 1 10 7 12 1 1 1 10 12 1 1 10 12 1 1 11 10 12 1 11 10 12 1 100 1 1 1 1 1 1 1 1 1 1 1 1 1 1 1 1 1 1 1 1 1 1 1 1 1 1 1 1 1 1 1 1 1 1 1 1 1 1 1 1 1 1 1 100 1 1 1 1 1 1 1 1 1 1 1 1 1 1 100 1 1 1 1 1 1 1 1 1 1 1
ciInstanceKlass java/lang/module/ModuleDescriptor 1 1 496 10 7 12 1 1 1 9 7 12 1 1 1 100 1 10 9 12 1 1 9 12 1 1 9 12 1 11 7 12 1 1 1 9 12 1 1 9 7 12 1 1 1 11 12 1 1 9 12 1 9 12 1 9 12 1 11 12 1 1 18 12 1 1 11 100 12 1 1 1 11 12 1 11 12 1 1 11 12 1 1 9 12 1 9 12 1 9 12 1 9 12 1 9 12 1 9 12 1 9 12 1 9 12 1 1 10 7 12 1 1 1 10 7 12 1 1 1 10 12 1 100 1 10 10 12 10 12 1 1 8 1 10 12 1 10 10 7 12 1 1 1 10 12 1 1 10 12 1 10 12 1 1 10 100 12 1 1 10 12 1 10 12 1 11 10 100 12 1 1 10 12 1 10 12 1 1 11 10 12 1 10 12 1 1 8 1 8 1 10 12 1 11 12 1 8 1 8 1 8 1 8 1 8 1 8 1 7 1 10 12 1 100 1 8 1 10 12 1 7 1 10 12 1 11 12 11 12 1 10 12 1 1 100 1 10 100 12 1 1 1 10 100 12 1 1 1 10 12 1 10 12 1 1 8 1 10 12 1 1 18 11 12 1 11 12 1 1 8 1 10 100 12 1 1 1 11 12 1 1 11 7 12 1 1 1 11 7 12 1 1 11 12 1 1 7 1 10 100 1 11 12 11 12 1 1 10 100 12 1 1 1 10 12 1 11 10 12 1 10 12 1 10 9 100 12 1 1 1 10 12 1 1 10 7 12 1 1 7 1 10 10 7 12 1 1 1 1 1 1 1 1 1 1 1 1 1 1 1 1 1 1 1 1 1 1 1 1 1 1 1 1 1 1 1 1 1 1 1 1 1 1 1 1 1 1 1 1 1 1 1 1 1 1 1 1 1 1 1 1 1 1 7 1 1 1 1 1 1 1 1 1 1 1 1 1 1 1 1 1 1 1 1 1 1 1 1 1 1 1 1 1 1 1 1 1 1 1 1 1 1 1 1 1 1 1 1 1 1 1 1 100 1 100 1 100 1 100 1 100 1 100 1 100 1 1 15 10 100 12 1 1 1 16 15 10 16 1 15 10 12 16 1 1 1 1 1 1 1 1 1 100 1 100 1 1
staticfield java/lang/module/ModuleDescriptor $assertionsDisabled Z 1
ciInstanceKlass java/util/Objects 1 1 151 10 7 12 1 1 1 100 1 8 1 10 12 1 10 12 1 1 10 7 12 1 1 1 10 12 1 1 10 12 1 10 100 12 1 1 1 10 12 1 1 11 100 12 1 1 1 100 1 10 10 12 1 8 1 10 7 12 1 1 1 8 1 100 1 11 12 1 1 8 1 10 7 12 1 1 1 10 12 1 1 10 12 1 10 12 1 10 12 1 10 12 1 1 1 1 1 1 1 1 1 1 1 1 1 1 1 1 1 1 1 1 1 1 1 1 1 1 1 1 1 1 1 1 1 1 1 1 1 1 1 1 1 1 1 1 1 1 1 1 1 1 1 1 1 1 1 1 1 1 1
instanceKlass org/springframework/boot/web/servlet/ServletContextInitializerBeans
instanceKlass java/util/concurrent/ConcurrentLinkedDeque
instanceKlass java/util/IdentityHashMap$Values
instanceKlass java/util/LinkedHashMap$LinkedValues
instanceKlass java/util/AbstractQueue
instanceKlass java/util/TreeMap$Values
instanceKlass java/util/HashMap$Values
instanceKlass java/util/ArrayDeque
instanceKlass java/util/AbstractSet
instanceKlass java/util/ImmutableCollections$AbstractImmutableCollection
instanceKlass java/util/AbstractList
ciInstanceKlass java/util/AbstractCollection 1 1 160 10 7 12 1 1 1 10 7 12 1 1 1 10 12 1 1 11 7 12 1 1 1 11 12 1 1 10 12 1 1 10 100 12 1 1 1 10 12 1 1 10 12 1 1 10 7 12 1 1 10 7 12 1 1 1 7 1 10 100 12 1 1 1 10 100 12 1 1 1 100 1 10 11 12 1 11 7 1 10 12 1 10 12 1 10 7 12 1 1 1 11 8 1 7 1 10 10 12 1 1 8 1 10 12 1 10 12 1 1 1 1 1 1 1 1 1 1 1 1 1 1 1 1 1 1 1 1 1 1 1 1 1 1 1 1 1 1 1 1 1 1 1 1 1 1 1 1 1 1 1 1 1 1 1 1 1 1 1 1
ciMethod java/util/AbstractCollection add (Ljava/lang/Object;)Z 0 0 1 0 -1
ciInstanceKlass java/util/List 1 1 217 10 100 12 1 1 1 11 100 12 1 1 1 11 100 12 1 1 1 11 12 1 1 11 100 12 1 1 11 12 1 1 11 12 1 1 10 100 12 1 1 1 100 1 100 1 10 12 1 1 100 1 10 100 12 1 1 1 9 7 12 1 1 1 7 1 10 12 10 12 1 7 1 10 12 1 1 10 12 1 10 12 1 1 100 1 1 1 1 1 1 1 1 1 1 1 1 1 1 1 1 1 1 1 1 1 1 1 1 1 1 1 1 1 1 1 1 1 1 1 1 1 1 1 1 1 1 1 1 1 1 1 1 1 1 100 1 100 1 1 1 1 1 1 1 1 1 1 1 1 1 1 1 1 1 1 1 1 1 1 1 1 1 1 1 1 1 1 1 1 1 1 1 1 1 1 1 1 1 1 1 1 1 1 1 1 1 1 1 1 1 1 1 1 1 1 1 1 1 1 1 1 1 1 1 1 1 1 1 1 100 1 1 100 1 1 1
ciMethod java/util/AbstractCollection contains (Ljava/lang/Object;)Z 0 0 1 0 -1
ciMethod java/util/AbstractCollection <init> ()V 842 0 134833 0 64
instanceKlass sun/security/jca/ProviderList$ServiceList
instanceKlass io/netty/handler/codec/CodecOutputList
instanceKlass java/util/Collections$CopiesList
instanceKlass sun/security/jca/ProviderList$3
instanceKlass java/util/ArrayList$SubList
instanceKlass java/util/Collections$SingletonList
instanceKlass java/util/AbstractSequentialList
instanceKlass java/util/Vector
instanceKlass java/util/Arrays$ArrayList
instanceKlass java/util/Collections$EmptyList
instanceKlass java/util/ArrayList
ciInstanceKlass java/util/AbstractList 1 1 218 10 7 12 1 1 1 9 7 12 1 1 1 10 12 1 1 10 12 1 1 100 1 10 10 12 1 1 11 7 12 1 1 1 11 12 1 1 11 12 1 10 7 12 1 1 1 10 12 1 11 12 1 11 12 1 11 12 1 10 12 1 1 10 12 1 1 11 100 12 1 1 1 11 7 1 11 7 1 10 12 1 7 1 10 12 1 10 12 1 1 100 1 100 1 10 12 1 100 1 10 100 1 100 1 10 8 1 10 12 1 1 10 12 1 10 12 1 1 10 12 1 8 1 100 1 8 1 8 1 8 1 10 7 1 11 10 10 12 1 11 12 1 10 12 1 1 8 1 8 1 1 1 1 1 1 1 1 1 1 1 1 1 1 1 1 1 1 1 1 1 1 1 1 1 1 1 1 1 1 1 1 1 1 1 1 1 1 1 1 1 1 1 1 1 1 1 1 1 1 1 1 1 1 1 1 1 1 100 1 100 1 1 1 1 1 1 1
ciMethod java/util/Objects equals (Ljava/lang/Object;Ljava/lang/Object;)Z 674 0 47550 0 -1
ciMethod java/util/Objects requireNonNull (Ljava/lang/Object;)Ljava/lang/Object; 780 0 331190 0 -1
ciInstanceKlass java/lang/AssertionStatusDirectives 0 0 24 10 100 12 1 1 1 100 1 1 1 1 1 1 1 1 1 1 1 1 1 1 1 1
ciInstanceKlass java/lang/invoke/MethodHandleNatives$CallSiteContext 1 1 49 10 7 12 1 1 1 7 1 10 10 7 12 1 1 1 10 7 12 1 1 1 10 7 12 1 1 1 100 1 1 1 1 1 1 1 1 1 1 1 1 1 1 1 1 1 100 1 1
ciInstanceKlass jdk/internal/invoke/NativeEntryPoint 0 0 92 10 100 12 1 1 1 9 100 12 1 1 1 10 100 12 1 1 1 100 1 9 12 1 9 12 1 9 12 1 1 9 12 1 1 9 12 1 1 100 1 8 1 10 12 1 11 100 12 1 1 1 10 12 1 1 10 12 1 11 100 12 1 1 11 12 1 10 12 1 1 10 12 1 1 1 1 1 1 1 1 1 1 1 1 1 1 1 1 1 1 1
instanceKlass java/lang/invoke/VolatileCallSite
instanceKlass java/lang/invoke/MutableCallSite
instanceKlass java/lang/invoke/ConstantCallSite
ciInstanceKlass java/lang/invoke/CallSite 1 1 302 10 7 12 1 1 1 10 7 12 1 1 1 9 7 12 1 1 1 10 12 1 1 9 12 1 1 10 7 12 1 1 1 10 12 1 100 1 10 12 1 1 10 12 1 1 9 100 12 1 1 1 10 100 12 1 1 10 12 1 1 100 1 100 1 10 10 100 12 1 1 1 10 12 1 1 8 1 10 12 1 10 12 1 1 10 12 1 10 12 1 1 10 12 1 1 10 10 100 12 1 1 10 12 1 1 9 12 1 9 100 12 1 1 1 8 1 10 7 12 1 1 1 10 12 1 1 100 1 10 12 1 1 9 12 1 8 1 100 1 10 12 1 10 12 1 100 1 8 1 10 10 12 1 10 12 1 1 100 1 10 12 1 1 10 12 1 10 12 1 10 12 1 1 10 12 1 1 9 12 1 1 8 10 12 1 1 9 12 1 1 100 1 10 10 12 1 10 100 12 1 1 1 10 12 1 1 10 12 1 1 10 12 1 10 7 12 1 1 1 100 1 8 1 10 10 12 10 12 1 1 100 1 100 1 100 1 8 1 10 12 1 10 7 12 1 1 1 1 1 1 1 1 1 1 1 1 1 1 1 1 1 1 1 1 1 1 1 1 1 1 1 1 1 1 1 1 1 1 1 1 1 1 1 1 1 1 1 1 1 1 1 1 1 1 1 1 1 1 1 1 1
staticfield java/lang/invoke/CallSite $assertionsDisabled Z 1
ciInstanceKlass java/lang/invoke/VolatileCallSite 0 0 37 10 100 12 1 1 1 10 12 1 10 100 12 1 1 1 10 12 1 10 12 1 1 1 1 1 1 1 1 1 1 1 1 1 1 1 1
ciInstanceKlass java/lang/invoke/MethodType 1 1 771 7 1 10 7 12 1 1 1 9 12 1 1 9 12 1 1 9 12 1 1 10 7 12 1 1 1 9 7 12 1 1 8 1 10 100 12 1 1 1 9 7 1 9 7 1 10 12 1 1 100 1 10 8 1 10 12 1 1 10 12 1 10 12 1 1 100 1 8 1 10 12 1 100 1 10 10 12 1 10 12 1 1 10 12 1 1 11 7 12 1 1 1 9 12 1 11 12 1 1 7 7 1 10 7 12 1 1 1 10 12 1 9 12 1 1 10 7 12 1 1 10 12 1 1 10 7 12 1 1 1 10 7 12 1 1 1 10 12 1 9 12 1 1 10 12 1 1 7 1 10 12 1 1 10 12 1 1 10 12 1 1 10 12 1 1 10 12 1 1 10 12 1 10 12 1 10 12 1 1 10 12 1 8 1 8 1 10 12 1 1 9 12 1 1 100 1 10 10 12 1 1 10 12 1 10 12 1 1 10 12 1 1 10 12 1 10 12 1 1 10 12 1 8 1 10 12 1 1 10 7 12 1 1 1 10 12 1 10 12 1 1 10 12 1 10 12 1 10 12 1 1 10 12 1 10 12 1 9 12 1 10 12 1 10 10 12 1 1 10 12 1 9 12 1 1 10 12 1 1 10 12 1 1 10 12 1 1 10 12 1 1 7 1 10 12 10 12 1 10 12 1 100 1 8 1 8 1 8 1 10 12 1 10 12 1 10 12 1 10 11 12 1 1 11 12 1 10 100 12 1 1 1 9 12 1 10 12 1 10 12 1 1 10 12 1 1 10 12 1 10 12 1 10 100 12 1 1 1 10 12 1 1 10 12 1 10 12 1 10 12 1 10 9 12 1 1 7 1 10 12 1 10 12 1 1 9 100 12 1 1 1 10 100 12 1 1 1 10 100 12 1 1 1 10 12 1 1 10 100 12 1 1 1 10 12 1 1 8 1 10 7 12 1 1 1 11 12 1 1 9 12 1 1 10 12 1 1 10 12 1 10 12 1 1 10 12 1 1 10 100 12 1 1 100 1 10 12 1 1 11 100 12 1 1 1 18 12 1 1 11 12 1 1 18 12 1 11 12 1 100 1 11 100 12 1 1 10 12 1 100 1 10 12 1 10 100 12 1 1 10 12 1 1 9 12 1 1 9 100 12 1 1 1 10 100 12 1 1 1 9 12 1 10 100 12 1 1 10 12 1 100 10 12 1 1 10 12 1 10 7 1 7 1 9 12 1 1 100 1 100 1 100 1 1 1 5 0 1 1 1 1 1 1 1 3 1 3 1 3 1 1 1 1 1 1 1 1 1 1 1 1 1 1 1 1 1 1 1 1 1 1 1 1 1 1 1 1 1 1 1 1 1 1 1 1 1 1 1 1 1 1 1 1 1 1 1 1 1 1 1 1 1 1 1 1 1 1 1 1 1 1 1 1 1 1 1 1 1 1 1 1 1 1 1 1 1 1 1 1 1 1 1 1 1 1 1 1 1 1 1 1 1 1 1 1 1 1 1 1 1 1 1 1 1 1 1 1 1 1 1 1 1 1 1 1 1 1 1 1 1 1 1 1 1 1 1 100 1 100 1 1 1 1 1 1 1 1 1 1 1 1 1 100 1 1 1 100 1 1 1 1 1 1 1 1 1 1 1 1 1 1 1 1 1 1 1 1 1 15 10 100 12 1 1 1 16 15 10 12 16 16 15 10 12 16 1 1 1 1 100 1 1 100 1 1 100 1 100 1 1
staticfield java/lang/invoke/MethodType internTable Ljava/lang/invoke/MethodType$ConcurrentWeakInternSet; java/lang/invoke/MethodType$ConcurrentWeakInternSet
staticfield java/lang/invoke/MethodType NO_PTYPES [Ljava/lang/Class; 0 [Ljava/lang/Class;
staticfield java/lang/invoke/MethodType objectOnlyTypes [Ljava/lang/invoke/MethodType; 20 [Ljava/lang/invoke/MethodType;
staticfield java/lang/invoke/MethodType METHOD_HANDLE_ARRAY [Ljava/lang/Class; 1 [Ljava/lang/Class;
staticfield java/lang/invoke/MethodType serialPersistentFields [Ljava/io/ObjectStreamField; 0 [Ljava/io/ObjectStreamField;
staticfield java/lang/invoke/MethodType $assertionsDisabled Z 1
ciInstanceKlass java/lang/BootstrapMethodError 0 0 45 10 100 12 1 1 1 10 12 1 10 12 1 10 100 12 1 1 1 10 100 12 1 1 1 1 1 1 5 0 1 1 1 1 1 1 1 1 1 1 1 100 1 1 1
ciInstanceKlass jdk/internal/loader/ClassLoaders$AppClassLoader 1 1 119 8 1 10 7 12 1 1 1 10 7 12 1 1 1 10 100 12 1 1 1 10 12 1 1 10 100 12 1 1 1 10 12 1 1 10 12 1 1 7 1 8 1 10 12 10 7 12 1 1 1 10 7 12 1 1 10 12 1 1 10 12 1 1 10 7 12 1 1 1 100 1 10 12 1 1 1 1 1 1 1 1 1 1 1 1 1 1 1 1 1 1 1 1 1 7 1 1 1 1 1 1 1 1 1 1 1 1 1 1 1 1 1 1 1 100 1 1 1
ciInstanceKlass jdk/internal/loader/ClassLoaders$PlatformClassLoader 1 1 42 8 1 10 7 12 1 1 1 10 7 12 1 1 1 100 1 10 12 1 100 1 1 1 1 1 1 1 1 1 1 1 1 1 1 100 1 1 1 100 1 1
ciInstanceKlass java/lang/ArrayStoreException 1 1 26 10 100 12 1 1 1 10 12 1 100 1 1 1 1 5 0 1 1 1 1 1 1 1 1 1
ciInstanceKlass java/lang/ClassCastException 1 1 26 10 7 12 1 1 1 10 12 1 100 1 1 1 1 5 0 1 1 1 1 1 1 1 1 1
ciInstanceKlass java/lang/NoClassDefFoundError 1 1 26 10 7 12 1 1 1 10 12 1 100 1 1 1 1 5 0 1 1 1 1 1 1 1 1 1
ciInstanceKlass java/lang/IllegalMonitorStateException 1 1 26 10 100 12 1 1 1 10 12 1 100 1 1 1 1 5 0 1 1 1 1 1 1 1 1 1
ciInstanceKlass java/lang/StackOverflowError 1 1 26 10 100 12 1 1 1 10 12 1 100 1 1 1 1 5 0 1 1 1 1 1 1 1 1 1
instanceKlass java/lang/StackOverflowError
instanceKlass java/lang/OutOfMemoryError
instanceKlass java/lang/InternalError
ciInstanceKlass java/lang/VirtualMachineError 1 1 34 10 7 12 1 1 1 10 12 1 10 12 1 10 12 1 100 1 1 1 1 5 0 1 1 1 1 1 1 1 1 1 1 1
instanceKlass io/netty/util/internal/OutOfDirectMemoryError
ciInstanceKlass java/lang/OutOfMemoryError 1 1 26 10 100 12 1 1 1 10 12 1 100 1 1 1 1 5 0 1 1 1 1 1 1 1 1 1
ciInstanceKlass java/lang/InternalError 1 1 34 10 7 12 1 1 1 10 12 1 10 12 1 10 12 1 100 1 1 1 1 5 0 1 1 1 1 1 1 1 1 1 1 1
ciInstanceKlass java/lang/StackTraceElement 1 1 224 10 7 12 1 1 1 10 7 12 1 1 9 12 1 1 9 12 1 1 9 12 1 9 12 1 8 1 10 7 12 1 1 1 7 1 9 12 1 8 1 9 12 1 9 12 1 9 12 1 1 8 1 10 12 1 1 10 12 1 100 1 10 10 12 1 1 8 1 10 12 1 1 10 12 1 8 1 8 1 8 1 10 12 1 8 1 8 1 10 12 1 8 1 8 1 10 12 1 1 10 12 1 10 12 1 1 10 12 1 9 12 1 1 10 7 12 1 1 1 10 12 1 1 7 1 10 12 1 1 10 7 12 1 1 10 7 12 1 1 1 10 7 12 1 1 10 7 12 1 1 10 10 12 1 1 10 12 1 10 12 1 1 100 1 1 1 1 1 3 1 3 1 1 5 0 1 1 1 1 1 1 1 1 1 1 1 1 1 1 1 1 1 1 1 1 1 1 1 1 1 1 100 1 100 1 1 1 1 1 1 1 1 1 1 100 1 1 1 1 1 1 1 1
instanceKlass java/nio/DoubleBuffer
instanceKlass java/nio/FloatBuffer
instanceKlass java/nio/ShortBuffer
instanceKlass java/nio/IntBuffer
instanceKlass java/nio/LongBuffer
instanceKlass java/nio/CharBuffer
instanceKlass java/nio/ByteBuffer
ciInstanceKlass java/nio/Buffer 1 1 224 100 1 10 7 12 1 1 1 9 7 12 1 1 1 9 12 1 9 12 1 1 9 12 1 9 12 1 1 10 12 1 1 10 12 1 1 10 12 100 1 100 1 10 8 1 10 12 1 1 10 12 1 8 1 8 1 10 12 1 1 10 12 1 8 1 9 12 1 1 100 1 8 1 10 12 1 8 1 8 1 9 12 10 12 1 8 1 8 1 8 1 10 12 1 8 1 8 1 8 1 100 1 10 100 1 10 100 1 10 100 1 10 10 100 12 1 1 1 10 11 100 12 1 1 10 7 12 1 1 1 10 7 12 1 1 1 9 12 1 1 10 7 12 1 1 1 9 12 1 1 7 1 10 10 7 12 1 1 1 1 1 3 1 1 1 1 1 1 1 1 1 1 1 1 1 1 1 1 1 1 100 1 1 1 1 1 1 1 1 1 1 1 1 1 1 1 1 1 1 1 1 1 1 1 1 1 1 1 1 1 1 1 1 1 1 1 1 1 1 1 1 1 1
staticfield java/nio/Buffer UNSAFE Ljdk/internal/misc/Unsafe; jdk/internal/misc/Unsafe
staticfield java/nio/Buffer SCOPED_MEMORY_ACCESS Ljdk/internal/misc/ScopedMemoryAccess; jdk/internal/misc/ScopedMemoryAccess
staticfield java/nio/Buffer $assertionsDisabled Z 1
instanceKlass reactor/core/scheduler/BoundedElasticScheduler$BoundedServices
ciInstanceKlass java/util/concurrent/atomic/AtomicInteger 1 1 181 10 7 12 1 1 1 9 7 12 1 1 1 9 12 1 1 9 12 1 1 10 7 12 1 1 1 10 12 1 1 10 12 1 1 10 12 1 10 12 1 10 12 1 1 11 100 12 1 1 1 10 12 1 1 11 100 12 1 1 10 100 12 1 1 1 10 12 1 1 10 12 1 10 12 1 10 12 1 10 12 1 10 12 1 1 10 12 1 10 12 1 10 12 1 10 12 1 10 12 1 10 12 1 1 8 10 12 1 1 100 1 1 1 5 0 1 1 1 1 1 1 1 1 1 1 1 1 1 1 1 1 1 1 1 1 1 1 1 1 1 1 1 1 1 1 1 1 1 1 1 1 1 1 1 1 1 1 1 1 1 1 1 1 1 1 1 1 1 1 1 1 1 1 1 1 1 1 1 1 1
staticfield java/util/concurrent/atomic/AtomicInteger U Ljdk/internal/misc/Unsafe; jdk/internal/misc/Unsafe
staticfield java/util/concurrent/atomic/AtomicInteger VALUE J 12
ciMethod java/util/concurrent/atomic/AtomicInteger get ()I 274 0 137 0 0
ciMethod java/util/concurrent/atomic/AtomicInteger set (I)V 260 0 130 0 -1
ciMethod java/util/concurrent/atomic/AtomicInteger incrementAndGet ()I 512 0 1280 0 96
ciMethod java/util/Map computeIfAbsent (Ljava/lang/Object;Ljava/util/function/Function;)Ljava/lang/Object; 972 0 6595 0 -1
ciMethod java/util/Spliterator getComparator ()Ljava/util/Comparator; 0 0 1 0 -1
ciInstanceKlass java/util/Spliterator 1 1 85 11 7 12 1 1 1 11 12 1 1 5 0 11 12 1 1 100 1 10 12 1 1 100 1 1 1 1 3 1 3 1 3 1 3 1 3 1 3 1 3 1 3 1 1 1 1 1 1 1 1 1 1 1 1 1 1 1 1 1 1 1 1 1 1 1 1 1 1 1 1 1 100 1 100 1 100 1 100 1 1 1 1 1 1
ciInstanceKlass jdk/internal/misc/UnsafeConstants 1 1 34 10 100 12 1 1 1 9 7 12 1 1 1 9 12 1 9 12 1 1 9 12 1 9 12 1 1 1 1 1 1 1 1 1
staticfield jdk/internal/misc/UnsafeConstants ADDRESS_SIZE0 I 8
staticfield jdk/internal/misc/UnsafeConstants PAGE_SIZE I 4096
staticfield jdk/internal/misc/UnsafeConstants BIG_ENDIAN Z 0
staticfield jdk/internal/misc/UnsafeConstants UNALIGNED_ACCESS Z 1
staticfield jdk/internal/misc/UnsafeConstants DATA_CACHE_LINE_FLUSH_SIZE I 0
instanceKlass java/lang/invoke/DelegatingMethodHandle
instanceKlass java/lang/invoke/BoundMethodHandle
instanceKlass java/lang/invoke/DirectMethodHandle
ciInstanceKlass java/lang/invoke/MethodHandle 1 1 641 100 1 9 7 12 1 1 1 10 7 12 1 1 1 10 7 12 1 1 1 7 1 7 1 10 12 1 1 9 12 1 1 10 12 1 10 12 1 1 10 12 1 1 10 7 12 1 1 1 10 12 1 1 10 12 1 1 11 100 12 1 1 1 10 12 1 1 10 12 1 10 12 1 9 12 1 1 10 12 1 1 100 1 100 1 10 8 1 10 12 1 1 10 12 1 8 1 10 12 1 1 10 12 1 10 7 12 1 1 1 10 12 1 10 12 1 1 10 12 1 1 10 12 1 1 10 12 1 1 10 7 12 1 1 1 10 7 12 1 1 1 7 1 10 12 1 1 10 12 1 1 10 12 1 1 8 1 10 7 12 1 1 1 8 1 10 12 1 1 10 12 1 1 10 12 1 1 10 12 1 8 1 10 12 1 1 8 1 10 12 1 8 1 10 100 12 1 1 1 9 12 1 1 100 1 10 9 100 12 1 1 1 9 100 1 8 1 10 12 1 1 10 12 1 10 12 1 1 10 12 1 10 12 1 1 10 12 1 10 12 1 1 10 12 1 10 12 1 1 10 12 1 1 8 1 10 12 1 1 8 1 10 12 1 10 12 1 1 10 12 1 10 12 1 10 12 1 1 9 100 12 1 1 1 10 12 1 1 11 12 1 10 12 1 10 12 1 1 10 100 12 1 1 1 100 1 11 12 1 10 100 1 11 12 1 100 1 10 12 1 11 12 1 9 100 12 1 1 1 11 12 1 1 11 100 12 1 1 1 10 12 1 1 9 12 1 11 12 1 9 12 1 9 12 1 9 12 1 11 12 1 1 9 12 1 9 12 1 9 12 1 9 12 1 9 12 1 9 12 1 9 12 1 8 1 10 12 1 10 12 1 8 1 10 12 1 10 12 1 10 10 7 12 1 1 10 12 1 1 100 1 8 1 10 12 1 1 10 12 1 1 10 12 1 10 12 1 100 1 10 100 12 1 1 1 10 12 1 9 7 12 1 1 1 10 12 1 1 10 12 1 1 8 1 9 12 1 9 12 1 1 9 12 1 1 10 12 1 7 1 10 12 1 10 12 1 1 9 12 1 1 9 12 1 1 10 7 12 1 1 1 11 7 12 1 1 9 12 1 10 12 1 1 9 12 1 10 12 1 8 10 12 1 1 8 1 1 1 1 1 1 100 1 1 1 1 1 1 1 1 1 1 1 1 1 1 1 1 1 1 1 1 1 1 1 1 1 1 1 1 1 1 1 1 1 1 1 1 1 1 1 1 1 1 1 1 1 1 1 1 1 1 1 1 1 1 1 1 1 1 1 1 1 1 1 1 1 1 1 1 1 100 1 1 1 1 1 1 1 1 1 100 1 1 1 1 1 1 1 1 1 1 1 1 1 1 1 1 1 1 1 1 1 1 1 1 1 1 1 100 1 1 100 1 1 100 1 1 1 1
staticfield java/lang/invoke/MethodHandle FORM_OFFSET J 20
staticfield java/lang/invoke/MethodHandle UPDATE_OFFSET J 13
staticfield java/lang/invoke/MethodHandle $assertionsDisabled Z 1
instanceKlass org/apache/ibatis/session/defaults/DefaultSqlSession$StrictMap
instanceKlass org/springframework/web/servlet/FlashMap
instanceKlass org/apache/ibatis/scripting/xmltags/DynamicContext$ContextMap
instanceKlass org/apache/ibatis/builder/ParameterExpression
instanceKlass org/apache/ibatis/binding/MapperMethod$ParamMap
instanceKlass com/baomidou/mybatisplus/core/MybatisConfiguration$StrictMap
instanceKlass io/micrometer/core/instrument/binder/jvm/JvmGcMetrics$GcGenerationAge$1
instanceKlass java/lang/ProcessEnvironment
instanceKlass java/util/LinkedHashMap
ciInstanceKlass java/util/HashMap 1 1 610 10 7 12 1 1 1 100 1 10 12 1 1 100 1 10 7 12 1 1 1 100 1 11 12 1 1 11 12 1 11 12 1 1 10 7 12 1 1 1 7 1 3 10 7 12 1 1 1 100 1 100 1 10 8 1 10 12 1 1 10 12 1 10 12 1 1 10 12 1 10 7 12 1 1 1 8 1 10 12 1 9 12 1 1 10 12 1 9 12 1 1 4 10 12 1 10 12 1 1 11 7 12 1 1 9 12 1 1 4 10 12 1 1 11 12 1 1 11 7 12 1 1 1 11 7 12 1 1 1 11 12 1 1 7 1 11 12 1 11 12 1 10 12 1 10 12 1 1 9 12 10 12 1 1 9 7 12 1 1 1 9 12 9 12 1 10 12 1 1 9 12 1 7 1 10 12 1 1 10 12 1 1 10 12 1 1 10 12 1 1 10 12 1 1 9 12 1 10 12 1 1 3 10 12 1 1 10 12 1 1 9 12 1 1 9 10 12 1 1 10 12 1 1 10 12 1 1 10 12 1 9 12 1 1 7 1 10 12 1 10 12 1 10 7 12 1 1 1 7 1 9 12 1 1 7 1 10 9 12 7 1 10 100 1 10 11 7 12 1 1 1 100 1 10 11 7 12 1 1 11 7 12 1 1 1 10 12 1 100 1 100 1 10 12 1 10 12 1 10 12 1 10 100 12 1 1 10 12 1 1 10 12 1 1 10 100 12 1 1 1 8 10 100 12 1 1 1 100 1 10 4 10 100 12 1 1 1 4 10 12 1 10 100 12 1 1 1 10 12 1 8 1 4 10 100 12 1 1 1 100 1 11 100 12 1 1 1 10 12 1 10 12 1 10 10 12 1 1 100 1 100 1 1 1 1 5 0 1 3 1 1 1 3 1 3 1 3 1 1 1 1 1 1 1 1 1 1 1 1 1 1 1 1 1 1 1 1 1 1 100 1 1 1 1 1 1 1 1 1 1 1 1 1 1 1 1 1 1 1 1 1 1 1 1 1 1 1 1 1 1 1 1 100 1 1 1 1 1 1 1 1 1 1 1 1 1 1 1 1 1 1 1 1 1 1 1 1 1 1 1 1 1 1 1 1 1 1 1 1 1 1 1 1 1 1 1 1 1 1 1 1 1 1 100 1 1 1 1 1 1 1 1 1 1 1 1 1 1 1 1 1 1 1 1 1 1 1 1 1 1 1 1 1 1 1 1 1 1 1 1 1 1 1 1 1 1 1 1 1 1 1 1 100 1 1 1 1 1 1 1 1 100 1 1 1 1 1 1 1 1 1 1 1 1 1 1 100 1 100 1 100 1 100 1 100 1 100 1 100 1 100 1 1 1 1 1 1 1 1 1 1 1 1 1 1 1 1 1 1
instanceKlass com/mysql/cj/util/LRUCache
instanceKlass io/swagger/v3/oas/models/security/SecurityRequirement
instanceKlass org/springframework/web/servlet/view/AbstractCachingViewResolver$2
instanceKlass io/swagger/v3/oas/models/media/Content
instanceKlass org/springframework/ui/ModelMap
instanceKlass io/swagger/v3/oas/models/servers/ServerVariables
instanceKlass io/swagger/v3/oas/models/security/Scopes
instanceKlass io/swagger/v3/oas/models/callbacks/Callback
instanceKlass io/swagger/v3/oas/models/Paths
instanceKlass io/swagger/v3/oas/models/responses/ApiResponses
instanceKlass org/apache/tomcat/util/res/StringManager$1
instanceKlass org/springframework/beans/factory/support/ManagedMap
instanceKlass org/springframework/boot/autoconfigure/template/TemplateAvailabilityProviders$1
instanceKlass org/springframework/util/LinkedCaseInsensitiveMap$1
instanceKlass com/fasterxml/classmate/util/LRUTypeCache$CacheMap
instanceKlass org/springframework/core/type/classreading/CachingMetadataReaderFactory$LocalResourceCache
instanceKlass org/springframework/core/annotation/AnnotationAttributes
ciInstanceKlass java/util/LinkedHashMap 1 1 289 9 7 12 1 1 1 9 12 1 9 7 12 1 1 9 12 1 10 7 12 1 1 1 10 12 1 1 10 12 1 1 9 12 1 1 9 12 1 1 9 12 1 10 12 1 1 100 1 10 10 12 1 1 10 12 1 10 12 1 1 9 12 1 1 9 12 1 10 100 12 1 1 1 10 12 1 10 12 1 10 12 10 12 1 1 10 100 12 1 1 1 10 12 1 1 10 12 1 1 9 7 1 10 12 1 9 12 1 1 7 1 10 12 1 9 12 1 1 7 1 10 9 12 1 7 1 10 100 1 10 11 7 12 1 1 1 100 1 10 11 100 12 1 1 1 100 1 1 1 1 5 0 1 1 1 1 1 1 1 1 1 1 1 1 1 1 1 1 1 1 1 1 1 1 1 1 1 1 1 1 1 1 1 1 1 1 1 1 1 1 1 1 1 1 1 1 1 1 1 1 1 1 1 100 1 1 1 1 1 1 1 1 1 1 1 1 1 1 1 1 1 1 1 1 1 1 1 1 1 100 1 1 1 1 1 1 1 1 100 1 1 1 1 1 100 1 1 1 1 1 1 1 1 1 1 1 1 1 1 1 1 1 1 1 1 1 1 100 1 100 1 100 1 100 1 1 1 1 1 100 1 1 1 1 1 1 1 1
ciMethod java/util/HashMap put (Ljava/lang/Object;Ljava/lang/Object;)Ljava/lang/Object; 1024 0 16959 0 256
ciMethod java/util/HashMap isEmpty ()Z 520 0 12200 0 96
ciMethod java/util/HashMap newNode (ILjava/lang/Object;Ljava/lang/Object;Ljava/util/HashMap$Node;)Ljava/util/HashMap$Node; 542 0 7152 0 -1
ciMethod java/util/HashMap afterNodeAccess (Ljava/util/HashMap$Node;)V 4 0 1098 0 -1
ciMethod java/util/HashMap afterNodeInsertion (Z)V 650 0 1749 0 -1
ciMethod java/util/HashMap replacementTreeNode (Ljava/util/HashMap$Node;Ljava/util/HashMap$Node;)Ljava/util/HashMap$TreeNode; 0 0 1 0 -1
instanceKlass java/lang/invoke/DirectMethodHandle$Special
instanceKlass java/lang/invoke/DirectMethodHandle$Interface
instanceKlass java/lang/invoke/DirectMethodHandle$Constructor
instanceKlass java/lang/invoke/DirectMethodHandle$Accessor
ciInstanceKlass java/lang/invoke/DirectMethodHandle 1 1 940 7 1 7 1 100 1 7 1 7 1 10 7 12 1 1 1 10 7 12 1 1 1 100 1 10 12 1 10 12 1 1 10 7 12 1 1 10 12 1 1 10 12 1 10 12 1 7 1 10 12 1 1 10 12 1 1 10 12 1 10 12 1 1 10 7 12 1 1 1 10 12 1 9 12 1 1 100 1 10 9 12 1 1 9 12 1 10 12 1 10 12 1 10 12 1 1 10 12 1 10 12 1 10 12 1 10 7 12 1 1 1 10 12 1 10 12 1 1 8 1 10 12 1 1 7 1 10 12 1 7 1 10 10 12 1 10 12 1 10 12 1 10 7 12 1 1 1 10 12 1 1 100 1 10 12 1 10 12 1 7 1 10 12 1 10 12 1 1 10 12 1 1 10 12 1 8 10 100 12 1 1 1 10 12 1 10 12 1 10 12 1 1 10 12 1 9 7 12 1 1 1 7 1 10 12 1 10 7 12 1 1 1 10 12 1 10 12 1 1 9 12 1 1 100 1 10 8 1 10 12 1 1 10 12 1 10 12 1 10 10 12 1 10 12 1 10 12 1 10 12 1 10 12 1 1 10 12 1 10 12 1 1 10 12 1 10 12 1 1 10 10 7 12 1 1 1 10 12 1 10 12 1 1 10 12 1 10 12 1 1 8 1 9 7 12 1 1 1 8 1 9 12 1 9 12 1 8 1 9 12 1 9 12 1 8 1 9 12 1 9 12 1 8 1 10 12 1 10 12 1 1 9 12 1 1 7 1 10 12 1 1 100 1 10 7 12 1 1 1 10 12 1 1 10 12 1 10 12 1 1 7 1 10 12 1 1 10 12 1 10 12 1 1 7 1 10 12 1 1 10 7 12 1 1 1 10 12 1 10 12 1 10 12 1 9 12 1 1 10 7 1 9 12 9 12 1 10 7 12 1 1 1 10 12 1 7 1 7 1 7 1 9 12 1 1 10 7 12 1 10 12 1 1 10 12 1 100 1 10 12 1 10 12 1 1 9 100 12 1 1 1 10 12 1 1 100 1 10 100 12 1 1 1 10 12 1 10 12 1 8 1 9 12 1 9 12 1 10 12 1 9 12 1 1 10 100 12 1 1 1 9 12 1 1 9 12 1 1 10 12 1 10 12 1 10 12 1 10 12 1 10 12 1 1 10 12 1 10 7 12 1 1 9 12 1 10 12 1 10 12 1 10 12 1 10 12 1 1 10 12 1 1 9 12 1 1 10 12 1 1 9 7 12 1 1 1 9 12 1 9 12 1 9 12 1 9 12 1 9 12 1 9 12 1 9 12 1 9 12 1 9 12 1 9 12 1 9 12 1 9 12 1 9 12 1 9 12 1 9 12 1 9 12 1 9 12 1 9 12 1 9 12 1 9 12 1 9 12 1 9 12 1 9 12 1 9 12 1 9 12 1 9 12 1 9 12 1 9 12 1 9 12 1 9 12 1 9 12 1 9 12 1 9 12 1 9 12 1 9 12 1 9 12 1 8 1 9 12 1 1 9 12 1 1 10 12 1 10 12 1 1 9 7 1 10 12 1 9 12 1 1 10 12 10 12 1 10 12 1 10 12 1 10 8 1 8 1 8 1 8 1 10 12 1 1 9 12 1 1 10 12 1 10 100 12 1 1 1 8 9 12 1 1 10 12 1 1 8 1 8 8 9 12 1 8 1 8 8 8 8 8 1 8 10 12 1 10 12 1 8 1 8 1 10 12 1 10 12 1 10 12 1 10 12 1 1 7 1 1 1 1 3 1 3 1 3 1 3 1 3 1 3 1 3 1 3 1 3 1 3 1 1 1 1 1 1 1 1 1 1 3 1 3 1 1 1 1 3 1 1 1 1 1 1 1 1 1 1 1 1 1 1 1 1 1 1 1 1 1 1 1 1 1 1 1 1 1 1 1 1 1 1 1 1 1 1 1 1 1 1 1 1 1 1 1 1 1 1 1 1 1 1 1 1 100 1 1 1 1 1 1 1 1 1 1 1 1 100 1 1 1 1 1 1 1 1 1 1 1 1 1 1 1 1 1 1 1 1 1 1 1 1 1 1 1 1 1 1 1 1 1 1 1 1 1 1 1 1 1 1 1 1 1 1 1 1 1 1 1
staticfield java/lang/invoke/DirectMethodHandle IMPL_NAMES Ljava/lang/invoke/MemberName$Factory; java/lang/invoke/MemberName$Factory
staticfield java/lang/invoke/DirectMethodHandle FT_UNCHECKED_REF I 8
staticfield java/lang/invoke/DirectMethodHandle ACCESSOR_FORMS [Ljava/lang/invoke/LambdaForm; 132 [Ljava/lang/invoke/LambdaForm;
staticfield java/lang/invoke/DirectMethodHandle ALL_WRAPPERS [Lsun/invoke/util/Wrapper; 10 [Lsun/invoke/util/Wrapper;
staticfield java/lang/invoke/DirectMethodHandle NFS [Ljava/lang/invoke/LambdaForm$NamedFunction; 12 [Ljava/lang/invoke/LambdaForm$NamedFunction;
staticfield java/lang/invoke/DirectMethodHandle OBJ_OBJ_TYPE Ljava/lang/invoke/MethodType; java/lang/invoke/MethodType
staticfield java/lang/invoke/DirectMethodHandle LONG_OBJ_TYPE Ljava/lang/invoke/MethodType; java/lang/invoke/MethodType
staticfield java/lang/invoke/DirectMethodHandle $assertionsDisabled Z 1
ciInstanceKlass java/lang/invoke/LambdaForm 1 1 1052 100 1 9 7 12 1 1 1 10 7 12 1 1 1 10 7 12 1 1 9 12 1 1 9 12 1 1 10 12 1 1 100 1 10 9 12 1 10 12 1 1 9 12 1 10 7 12 1 1 1 9 12 1 9 12 1 9 12 1 1 9 12 1 10 12 1 1 7 1 10 12 1 10 100 12 1 1 1 10 100 12 1 1 1 10 12 1 10 12 1 1 9 100 12 1 1 1 10 12 1 1 9 12 1 10 12 1 1 10 12 1 10 12 1 1 10 12 1 1 10 100 12 1 1 1 7 1 10 10 12 1 1 8 1 10 12 1 10 12 1 10 12 1 1 7 1 10 7 12 1 1 1 10 12 1 1 10 12 1 10 12 1 1 9 12 1 1 9 12 1 9 12 1 1 10 12 1 9 12 1 10 100 12 1 1 1 10 12 1 1 10 12 1 9 12 1 1 10 100 12 1 1 1 10 12 1 10 12 1 10 12 1 10 12 1 10 12 1 10 12 1 1 10 12 1 10 12 1 1 8 1 10 12 1 10 12 1 8 1 8 1 9 12 1 9 12 1 9 12 1 1 10 12 1 1 10 12 1 9 12 1 10 12 1 1 10 7 12 1 1 1 10 12 1 1 10 12 1 10 12 1 10 12 1 1 9 12 1 10 12 1 8 1 8 1 8 1 8 1 8 1 8 1 8 1 8 1 10 12 1 9 12 1 7 1 10 12 1 1 9 12 1 10 12 1 10 12 1 1 10 12 10 12 1 10 12 1 1 10 12 1 1 10 10 12 1 1 10 12 1 1 7 1 8 1 10 12 1 1 10 12 1 10 12 1 1 10 8 1 10 12 1 1 8 1 8 1 8 1 10 12 1 9 12 1 1 10 12 1 1 10 12 1 1 100 1 10 12 1 1 10 12 1 10 7 12 1 1 1 10 12 1 1 9 12 1 1 8 1 10 100 12 1 1 1 10 7 12 1 1 10 12 10 10 12 1 1 9 12 1 8 10 12 1 1 100 1 10 12 1 1 10 12 1 9 7 12 1 1 9 12 1 1 8 1 10 100 12 1 1 10 12 1 1 100 1 100 1 10 10 12 1 1 10 12 1 1 8 1 8 1 100 1 8 1 10 12 10 12 1 10 12 1 10 12 1 1 8 1 8 1 9 100 12 1 1 1 10 12 1 10 12 1 1 8 1 8 1 8 1 100 1 8 1 100 1 8 1 100 1 8 1 10 12 1 8 1 9 10 7 12 1 1 1 10 12 1 9 12 1 1 10 12 1 10 10 12 1 10 12 1 10 12 1 10 12 1 1 10 12 1 10 12 1 1 10 12 1 1 10 12 1 1 8 1 100 10 12 1 10 12 1 9 12 1 1 10 7 12 1 1 8 1 8 1 100 1 8 1 8 1 8 1 8 1 8 1 8 1 8 1 8 1 10 12 1 1 10 12 1 1 10 12 1 10 12 1 8 1 8 1 8 1 10 12 1 8 1 10 12 1 8 1 8 1 8 1 8 1 8 1 10 12 1 10 12 1 10 12 1 1 10 7 12 1 1 1 10 12 1 10 12 1 10 12 1 10 12 1 10 12 1 10 12 1 10 12 1 9 12 1 1 8 1 10 12 1 1 9 12 1 1 10 12 1 1 9 12 1 9 12 1 1 9 12 1 9 12 1 1 7 1 10 7 12 1 1 1 9 12 1 10 12 1 10 12 1 8 1 10 12 1 9 12 1 1 7 1 10 7 12 1 1 1 8 1 100 1 10 12 1 9 12 1 9 12 1 10 12 1 10 12 1 10 7 12 1 1 1 10 12 1 9 7 12 1 1 10 12 1 1 10 12 1 10 12 1 9 12 10 12 1 10 10 12 1 9 9 12 1 7 9 12 1 1 10 12 1 1 9 12 1 10 12 1 10 7 1 9 1 1 1 1 3 1 3 1 3 1 1 1 1 1 1 1 1 1 1 1 1 1 1 1 1 1 1 1 1 1 1 1 1 1 1 1 1 1 1 1 1 1 1 1 1 1 1 1 1 1 1 1 1 1 1 1 1 1 1 1 1 1 1 1 1 100 1 1 1 1 1 1 1 1 1 1 1 1 1 1 1 1 1 1 1 1 1 1 1 1 1 1 1 1 1 1 1 1 1 1 1 1 1 1 1 1 1 1 1 1 1 1 1 1 1 1 1 1 1 1 1 1 1 1 1 100 1 1 1 1 1 1 1 1 1 1 1 1 1 1 1 1 1 1 1 1 1 1 1 1 1 1 1 1 1 1 1 1 1 1 100 1 1 1 1 1 1 1 1 1 1 1 1 1 1 1 1 1 1 1 1 1 1 100 1 1 1 100 1 1 100 1 1 1 1 1 1 1 1 1 1 1
staticfield java/lang/invoke/LambdaForm COMPILE_THRESHOLD I 0
staticfield java/lang/invoke/LambdaForm INTERNED_ARGUMENTS [[Ljava/lang/invoke/LambdaForm$Name; 5 [[Ljava/lang/invoke/LambdaForm$Name;
staticfield java/lang/invoke/LambdaForm IMPL_NAMES Ljava/lang/invoke/MemberName$Factory; java/lang/invoke/MemberName$Factory
staticfield java/lang/invoke/LambdaForm LF_identity [Ljava/lang/invoke/LambdaForm; 6 [Ljava/lang/invoke/LambdaForm;
staticfield java/lang/invoke/LambdaForm LF_zero [Ljava/lang/invoke/LambdaForm; 6 [Ljava/lang/invoke/LambdaForm;
staticfield java/lang/invoke/LambdaForm NF_identity [Ljava/lang/invoke/LambdaForm$NamedFunction; 6 [Ljava/lang/invoke/LambdaForm$NamedFunction;
staticfield java/lang/invoke/LambdaForm NF_zero [Ljava/lang/invoke/LambdaForm$NamedFunction; 6 [Ljava/lang/invoke/LambdaForm$NamedFunction;
staticfield java/lang/invoke/LambdaForm createFormsLock Ljava/lang/Object; java/lang/Object
staticfield java/lang/invoke/LambdaForm DEBUG_NAME_COUNTERS Ljava/util/HashMap; null
staticfield java/lang/invoke/LambdaForm DEBUG_NAMES Ljava/util/HashMap; null
staticfield java/lang/invoke/LambdaForm TRACE_INTERPRETER Z 0
staticfield java/lang/invoke/LambdaForm $assertionsDisabled Z 1
ciInstanceKlass java/lang/invoke/MethodHandleNatives 1 1 684 100 1 10 7 12 1 1 1 9 7 12 1 1 1 10 12 1 1 100 1 10 10 12 1 1 10 12 1 10 12 1 8 1 8 1 8 1 8 1 8 1 8 1 8 1 8 1 8 1 8 1 10 12 1 1 7 1 10 7 12 1 1 1 10 100 12 1 1 1 7 1 10 10 12 1 1 8 1 10 12 1 8 1 10 12 1 1 8 1 10 12 1 1 9 100 12 1 1 1 8 1 10 100 12 1 1 1 100 1 10 12 100 1 100 1 8 1 7 1 10 10 12 1 7 1 9 7 12 1 1 10 12 1 1 10 12 1 10 7 12 1 1 1 7 1 10 12 1 1 10 7 12 1 1 1 10 12 1 10 12 1 1 10 12 1 1 9 12 1 8 1 10 12 1 8 1 10 12 1 8 1 8 1 8 1 100 1 10 12 1 8 1 10 12 1 1 10 12 1 10 100 12 1 1 1 100 1 8 1 10 100 12 1 1 1 7 1 8 1 10 12 1 8 1 8 1 8 1 8 1 8 1 10 12 1 1 10 12 1 1 10 12 1 10 12 1 1 10 12 1 1 7 1 10 12 1 100 1 100 1 10 12 1 10 12 1 8 1 8 1 10 10 12 1 1 10 12 1 1 8 1 10 100 12 1 1 1 8 1 8 1 10 12 1 1 10 7 12 1 1 1 100 1 10 12 1 1 7 1 9 12 1 1 10 7 12 1 1 1 10 10 12 1 9 12 1 10 12 1 1 9 12 1 9 12 1 10 12 1 1 10 12 1 10 12 1 1 7 1 7 1 10 12 1 1 10 12 1 10 12 1 1 10 7 12 1 1 1 10 12 1 8 1 10 12 1 10 12 1 10 12 1 1 10 12 1 10 7 12 1 1 1 10 12 1 1 100 1 8 1 10 9 7 12 1 1 1 10 12 1 1 10 12 1 1 100 1 10 12 1 1 10 12 1 1 100 1 100 1 10 10 100 1 100 1 10 100 1 10 10 12 1 1 10 100 1 10 12 1 10 12 1 10 12 1 1 10 12 1 1 10 12 1 1 10 12 1 10 12 1 1 10 8 1 100 1 10 12 1 10 12 1 10 12 1 10 12 1 10 12 1 1 10 12 1 9 12 1 1 10 7 12 1 1 1 9 12 1 1 11 7 12 1 1 1 10 12 1 10 12 1 10 10 12 1 10 7 12 1 1 1 1 1 1 1 1 1 1 1 1 1 1 1 100 1 1 1 1 1 1 1 1 1 1 1 1 1 1 1 1 1 1 1 1 1 1 1 1 1 1 1 1 1 1 1 1 1 1 1 1 1 1 1 1 1 1 1 1 1 1 1 1 1 1 1 1 1 1 1 1 1 1 1 1 1 1 1 1 1 1 1 1 1 1 1 1 1 1 1 1 1 1 1 1 1 1 1 1 1 1 1 1 1 1 1 1 1 1 1 1 1 1 100 1 1 1 1 1 1 1 1 1 1 1 1 1 1 1 1 1 1 1 1 1 1 1 1 1 1 1 1 100 1 1 1 1 1 1 1 100 1 1 1
staticfield java/lang/invoke/MethodHandleNatives JLA Ljdk/internal/access/JavaLangAccess; java/lang/System$2
staticfield java/lang/invoke/MethodHandleNatives $assertionsDisabled Z 1
ciInstanceKlass java/util/Collections 1 1 852 10 7 12 1 1 1 11 7 12 1 1 1 7 1 11 12 1 1 7 1 10 12 1 1 10 12 1 11 12 1 1 100 1 11 12 1 1 11 12 1 1 10 12 1 11 100 12 1 1 11 12 1 1 11 12 1 10 12 1 10 12 1 10 12 11 100 12 1 1 1 10 12 1 1 11 12 1 11 12 1 1 9 12 1 1 100 1 10 10 12 1 1 10 12 1 1 11 12 1 1 10 12 1 11 12 1 100 1 8 1 10 12 1 11 7 12 1 1 1 11 100 1 11 12 1 1 10 12 1 1 10 12 1 10 12 1 1 10 12 1 11 12 1 1 10 12 1 1 10 12 1 1 10 12 1 1 10 12 1 1 7 1 10 12 1 7 1 10 12 1 100 1 10 12 1 100 1 10 12 1 7 1 7 1 10 12 10 7 1 10 12 1 7 1 10 12 1 100 1 10 12 1 100 1 10 10 12 1 7 1 10 10 12 1 100 1 10 100 1 10 7 1 10 100 1 10 10 12 1 10 7 1 10 100 1 10 100 1 10 100 1 10 12 1 10 100 12 1 1 1 100 1 100 1 10 12 1 100 1 10 12 1 100 1 10 12 1 100 1 10 12 1 100 1 10 12 1 100 1 10 100 1 10 12 1 100 1 10 12 1 100 1 10 12 1 9 7 12 1 1 1 9 100 12 1 1 9 7 12 1 1 1 9 12 1 1 9 12 1 1 9 12 1 1 9 12 1 1 9 12 1 1 7 1 10 12 7 1 10 7 1 10 7 1 10 7 1 10 12 1 100 1 100 1 10 8 1 10 12 1 1 10 12 1 10 12 1 1 10 7 1 10 12 1 9 7 12 1 1 1 9 7 12 1 1 1 7 1 9 12 1 1 10 12 7 1 10 7 1 10 11 7 12 1 1 11 12 1 10 12 1 100 1 11 11 12 1 11 7 1 10 100 1 10 100 12 1 1 1 100 1 10 12 1 7 1 10 7 1 10 7 1 10 1 1 1 3 1 3 1 3 1 3 1 3 1 3 1 3 1 3 1 1 1 1 1 1 1 1 1 1 1 1 1 1 1 1 1 1 1 1 1 1 1 1 1 1 1 1 1 1 1 1 1 1 1 1 1 1 1 1 1 1 1 1 1 1 1 1 1 1 1 1 1 1 1 1 1 1 1 1 1 1 1 1 1 1 1 1 1 1 1 1 1 1 1 1 1 1 1 1 1 1 1 1 1 1 1 1 1 1 1 1 1 1 1 1 1 1 1 1 1 1 1 1 1 1 1 1 1 1 1 1 1 1 1 1 1 1 1 1 1 1 1 1 1 1 1 1 1 1 1 1 1 1 1 1 1 1 1 1 1 1 1 1 1 1 1 1 1 1 1 1 1 1 1 1 1 1 1 1 1 1 1 1 1 1 1 1 1 1 1 1 1 1 1 1 1 1 1 1 1 1 1 1 1 1 1 1 1 1 1 1 1 1 1 1 1 1 1 1 1 1 1 1 1 1 1 1 1 1 1 1 1 1 1 1 1 1 1 1 1 1 1 1 1 1 1 1 1 1 1 1 1 1 1 1 1 1 1 1 1 1 1 1 1 1 1 1 1 1 1 1 1 1 1 1 1 1 1 1 1 1 1 1 1 1 1 1 1 1 1 1 1 1 1 1 1 1 1 1 1 1 1 1 1 1 1 1 1 1 1 1 1 1 1 1 1 1 1 1 1 1 1 1 1 1 1 1 1 1 1 100 1 100 1 100 1 100 1 100 1 100 1 100 1 100 1 100 1 100 1 100 1 100 1 100 1 1 1 1 1 1 1 1 1 1 1 1 1 1 1 1 1 1 1 1 1 1 1 1 1 1 1 1 1 1 1 1 1 1 1 1 1 1 1 100 1 1 1 1 1 1 1 1 1 1 1 1 1 1
staticfield java/util/Collections EMPTY_SET Ljava/util/Set; java/util/Collections$EmptySet
staticfield java/util/Collections EMPTY_LIST Ljava/util/List; java/util/Collections$EmptyList
staticfield java/util/Collections EMPTY_MAP Ljava/util/Map; java/util/Collections$EmptyMap
ciInstanceKlass jdk/internal/reflect/CallerSensitive 1 1 17 100 1 100 1 100 1 1 1 1 1 1 1 1 1 1 1
ciInstanceKlass java/lang/annotation/Annotation 1 0 17 100 1 100 1 1 1 1 1 1 1 1 1 1 1 1 1
ciInstanceKlass jdk/internal/reflect/ConstantPool 1 1 142 10 100 12 1 1 1 9 7 12 1 1 1 10 12 1 1 10 12 1 1 10 12 1 10 12 1 1 10 12 1 1 10 12 1 10 12 1 1 10 12 1 10 12 1 1 10 12 1 10 12 1 10 12 1 10 12 1 1 10 12 1 1 10 12 1 1 10 12 1 1 10 12 1 10 12 1 1 10 100 12 1 1 1 8 11 7 12 1 1 1 10 7 12 1 1 1 1 1 1 1 1 1 1 1 1 1 1 1 1 1 1 1 1 1 1 1 1 1 1 1 1 1 1 1 1 1 1 1 1 1 1 1 1 1 1 1 1 1 1 1 1
instanceKlass jdk/internal/reflect/UnsafeStaticObjectFieldAccessorImpl
instanceKlass jdk/internal/reflect/UnsafeQualifiedStaticFieldAccessorImpl
ciInstanceKlass jdk/internal/reflect/UnsafeStaticFieldAccessorImpl 1 1 47 10 7 12 1 1 1 9 7 12 1 1 1 10 7 12 1 1 1 9 12 1 1 8 11 7 12 1 1 1 10 7 12 1 1 1 1 1 1 1 1 1 1 1 1 1 1
instanceKlass jdk/internal/reflect/UnsafeFieldAccessorImpl
ciInstanceKlass jdk/internal/reflect/FieldAccessorImpl 1 1 59 10 7 12 1 1 1 100 1 100 1 1 1 1 1 1 1 1 1 100 1 1 1 1 1 1 1 1 1 1 1 1 1 1 1 1 1 1 1 100 1 1 1 1 1 1 1 1 1 1 1 1 1 1 1 1 1 1 1
instanceKlass jdk/internal/reflect/UnsafeObjectFieldAccessorImpl
instanceKlass jdk/internal/reflect/UnsafeQualifiedFieldAccessorImpl
instanceKlass jdk/internal/reflect/UnsafeStaticFieldAccessorImpl
ciInstanceKlass jdk/internal/reflect/UnsafeFieldAccessorImpl 1 1 254 10 7 12 1 1 1 9 7 12 1 1 1 10 7 12 1 1 1 10 7 12 1 1 1 9 12 1 1 10 7 12 1 1 1 9 12 1 1 10 12 1 10 12 1 9 12 1 10 12 1 1 10 7 12 1 1 10 7 12 1 1 1 10 12 1 1 100 1 10 10 12 1 1 10 12 1 1 8 1 10 10 12 1 100 1 8 1 10 12 1 8 1 10 12 1 8 1 10 12 1 100 1 10 12 1 1 10 8 1 10 12 1 1 8 1 10 100 12 1 1 8 1 10 100 12 1 1 8 1 10 100 12 1 1 8 1 10 100 12 1 1 8 1 10 100 12 1 1 8 1 10 100 12 1 1 8 1 10 100 12 1 1 8 1 10 100 12 1 1 10 12 1 1 8 1 8 1 8 1 8 1 8 1 8 1 10 100 12 1 1 1 8 1 8 1 8 1 10 12 10 12 1 1 1 1 1 1 1 1 1 1 1 1 1 1 1 1 1 1 1 1 1 1 1 1 1 1 1 1 1 1 1 1 1 1 1 1 1 1 1 1 1 1 1 1 1 1 1 1 1 1 1 1
staticfield jdk/internal/reflect/UnsafeFieldAccessorImpl unsafe Ljdk/internal/misc/Unsafe; jdk/internal/misc/Unsafe
ciMethod java/lang/annotation/Annotation annotationType ()Ljava/lang/Class; 0 0 1 0 -1
ciInstanceKlass jdk/internal/reflect/NativeConstructorAccessorImpl 1 1 126 10 7 12 1 1 1 9 7 12 1 1 1 9 12 1 1 10 7 12 1 1 1 10 7 12 1 1 1 10 7 12 1 1 1 9 12 1 9 12 1 1 9 12 1 1 10 7 12 1 1 1 7 1 10 10 12 1 1 10 12 1 10 12 1 10 12 1 1 9 12 1 1 10 7 12 1 1 1 100 1 10 12 1 1 10 12 1 1 8 10 12 1 1 1 1 1 1 1 1 1 1 1 1 1 1 1 1 1 1 1 1 1 1 100 1 100 1 100 1 1 1 1 1 1 1
staticfield jdk/internal/reflect/NativeConstructorAccessorImpl U Ljdk/internal/misc/Unsafe; jdk/internal/misc/Unsafe
staticfield jdk/internal/reflect/NativeConstructorAccessorImpl GENERATED_OFFSET J 16
ciInstanceKlass java/lang/invoke/ConstantCallSite 1 1 65 10 7 12 1 1 1 9 7 12 1 1 1 9 12 1 1 10 7 12 1 1 1 10 12 1 100 1 10 12 9 12 1 1 100 1 10 10 12 1 1 10 12 1 1 1 1 1 1 1 1 1 1 1 1 1 100 1 1 1 1 1 1 1 1
staticfield java/lang/invoke/ConstantCallSite UNSAFE Ljdk/internal/misc/Unsafe; jdk/internal/misc/Unsafe
ciInstanceKlass java/lang/invoke/MutableCallSite 0 0 63 10 100 12 1 1 1 10 12 1 9 100 12 1 1 1 10 12 1 10 12 1 1 9 12 1 1 10 100 12 1 1 1 10 100 12 1 1 1 10 12 1 1 1 1 1 1 1 1 1 1 1 1 1 1 1 1 1 1 100 1 1 1
instanceKlass java/lang/invoke/VarHandleReferences$Array
instanceKlass java/lang/invoke/VarHandleReferences$FieldStaticReadOnly
instanceKlass java/lang/invoke/VarHandleBooleans$FieldInstanceReadOnly
instanceKlass java/lang/invoke/VarHandleInts$FieldStaticReadOnly
instanceKlass java/lang/invoke/VarHandleByteArrayAsLongs$ByteArrayViewVarHandle
instanceKlass java/lang/invoke/VarHandleByteArrayAsInts$ByteArrayViewVarHandle
instanceKlass java/lang/invoke/VarHandleInts$FieldInstanceReadOnly
instanceKlass java/lang/invoke/VarHandleLongs$FieldInstanceReadOnly
instanceKlass java/lang/invoke/VarHandleReferences$FieldInstanceReadOnly
ciInstanceKlass java/lang/invoke/VarHandle 1 1 390 10 7 12 1 1 1 10 7 12 1 1 9 12 1 1 9 12 1 1 100 1 10 8 1 10 12 1 1 10 7 12 1 1 1 10 12 1 1 10 100 12 1 1 1 9 100 12 1 1 1 10 12 1 1 10 100 12 1 1 1 10 12 1 1 9 12 1 10 12 1 9 12 1 1 10 7 12 1 1 10 12 1 9 7 12 1 1 1 9 12 1 1 10 12 1 1 100 1 100 1 10 8 1 10 12 1 1 10 12 1 8 1 10 12 1 10 12 1 10 12 1 1 9 7 12 1 1 1 10 12 1 10 12 1 1 10 12 1 10 10 100 12 1 1 1 10 12 1 1 10 12 1 1 10 100 12 1 1 1 10 100 12 1 1 1 10 100 12 1 1 1 9 12 1 1 10 9 12 1 1 10 12 1 10 12 1 10 12 1 1 10 12 1 10 100 12 1 1 1 9 12 1 1 10 12 1 1 9 12 1 10 12 1 10 12 1 10 100 12 1 1 100 1 10 9 7 12 1 1 1 9 12 1 1 10 7 12 1 1 1 10 12 1 10 12 1 10 12 1 10 12 1 10 12 1 10 12 1 1 7 1 10 10 7 12 1 1 1 9 12 1 1 8 10 12 1 1 7 1 10 12 1 1 100 1 1 1 1 1 1 1 1 1 1 1 1 1 1 1 1 1 1 1 1 1 1 1 1 1 1 1 1 1 1 1 1 1 1 1 1 1 1 1 1 1 1 1 1 1 1 1 1 1 1 1 1 1 1 1 1 1 1 1 1 1 1 1 1 1 1 1 1 1 1 1 1 1 1 1 1 1 1 1 1 1 1 1 1 1 1 1 1 1 100 1 100 1 100 1 1 1 1 1 1 1 100 1 1 1
staticfield java/lang/invoke/VarHandle AIOOBE_SUPPLIER Ljava/util/function/BiFunction; jdk/internal/util/Preconditions$1
staticfield java/lang/invoke/VarHandle VFORM_OFFSET J 16
staticfield java/lang/invoke/VarHandle $assertionsDisabled Z 1
ciInstanceKlass java/lang/invoke/MemberName 1 1 757 7 1 7 1 100 1 9 12 1 1 10 7 12 1 1 1 9 12 1 1 10 12 1 1 10 12 1 1 10 12 1 1 10 12 1 10 12 1 1 10 7 12 1 1 1 10 12 1 9 100 12 1 1 10 12 1 100 1 100 1 10 12 1 8 1 10 12 1 1 10 12 1 10 12 1 1 10 12 1 9 12 1 1 8 1 10 100 12 1 1 1 7 1 10 10 12 1 1 100 1 100 1 10 12 1 1 9 12 1 1 100 1 8 1 10 12 1 10 12 1 10 12 1 10 12 1 10 12 1 1 10 12 1 10 12 1 10 12 1 1 10 12 1 1 10 12 1 8 1 8 1 8 1 10 100 12 1 1 1 10 12 1 9 12 1 1 3 10 12 1 10 12 1 10 12 1 10 10 7 12 1 1 1 10 12 1 10 12 1 10 12 1 10 12 1 7 1 8 10 12 1 1 10 12 1 1 8 1 9 100 1 8 9 100 1 10 12 1 1 10 12 1 10 12 1 8 1 10 12 1 1 10 12 1 10 12 1 10 12 1 10 12 1 1 100 1 10 12 1 1 10 12 1 8 1 10 12 1 10 12 1 8 1 10 12 1 1 10 12 1 1 7 1 10 12 1 1 10 12 8 1 8 1 100 1 10 12 1 10 100 12 1 1 1 100 1 10 12 10 12 1 10 12 1 10 12 1 10 12 1 10 10 12 1 10 12 1 10 12 1 3 10 12 1 3 10 12 1 3 3 3 3 3 3 3 100 1 10 12 1 10 7 12 1 1 1 10 12 1 3 9 12 1 10 12 1 1 3 10 12 1 10 10 7 12 1 1 1 10 12 1 1 10 7 1 10 10 12 1 10 12 1 10 12 1 10 10 12 1 1 10 12 1 10 12 1 10 12 1 100 1 10 10 10 12 100 1 10 10 10 12 1 1 10 12 1 1 10 10 12 1 8 10 100 1 10 12 1 10 100 1 10 12 1 10 12 1 10 12 1 10 10 12 1 10 12 1 1 10 12 1 1 10 12 1 10 12 1 10 12 1 100 1 10 12 1 1 100 1 8 1 10 7 1 10 12 1 10 12 10 12 1 1 10 12 1 10 12 1 8 1 8 1 8 1 8 1 10 12 1 10 12 1 10 12 1 1 8 1 8 1 10 12 1 8 1 10 10 12 1 10 12 1 8 1 8 1 10 10 12 1 8 1 10 100 12 1 1 1 8 1 10 12 1 10 12 1 1 10 12 1 8 1 8 1 8 1 8 1 100 1 10 8 1 8 1 8 1 8 1 10 12 1 100 1 100 1 100 1 10 100 1 10 100 1 10 100 12 1 1 1 9 7 12 1 1 1 100 1 100 1 1 1 1 1 1 1 3 1 3 1 3 1 3 1 3 1 3 1 1 1 1 1 1 1 1 3 1 3 1 1 1 1 3 1 1 1 1 1 1 1 1 1 1 1 1 1 1 1 1 1 1 1 1 1 1 1 1 1 1 1 1 1 1 1 1 1 1 1 1 1 1 1 1 1 1 1 1 1 1 1 1 1 1 1 1 1 1 1 1 1 1 1 1 1 1 1 1 1 1 1 1 1 1 1 1 1 1 1 1 1 1 1 1 1 1 1 1 1 1 1 1 1 1 1 1 1 1 1 1 1 1 1 1 1 1 1 1 1 1 100 1 1 1 1 1 1 1 1 1 1 1 1 1 1 1
staticfield java/lang/invoke/MemberName $assertionsDisabled Z 1
ciInstanceKlass java/lang/invoke/ResolvedMethodName 1 1 16 10 100 12 1 1 1 100 1 1 1 1 1 1 1 1
ciInstanceKlass java/lang/StackWalker 1 1 235 9 7 12 1 1 1 10 7 12 1 1 1 7 1 10 7 12 1 1 1 10 12 1 1 11 7 12 1 1 1 10 12 1 1 10 12 1 1 10 12 1 1 100 1 8 1 10 12 1 10 12 1 10 12 1 10 7 12 1 1 9 12 1 1 9 12 1 1 9 12 1 1 9 12 1 1 10 12 1 1 9 12 1 1 10 7 12 1 1 1 11 12 1 1 100 1 8 1 10 10 100 12 1 1 9 12 1 1 10 12 1 1 10 7 12 1 1 1 10 7 12 1 1 1 18 12 1 1 100 1 8 1 10 10 12 1 1 10 100 12 1 1 1 9 7 12 1 1 11 7 12 1 1 1 10 12 1 1 1 1 1 1 1 1 1 1 1 1 1 1 1 1 1 1 1 1 1 1 1 1 1 1 1 1 1 1 1 1 1 1 1 1 1 1 1 1 1 1 1 1 1 1 1 1 1 1 1 100 1 1 15 10 7 12 1 1 1 16 15 10 12 16 1 1 1 1 1 1 1 100 1 100 1 1
staticfield java/lang/StackWalker DEFAULT_EMPTY_OPTION Ljava/util/EnumSet; java/util/RegularEnumSet
staticfield java/lang/StackWalker DEFAULT_WALKER Ljava/lang/StackWalker; java/lang/StackWalker
instanceKlass java/lang/StackStreamFactory$StackFrameTraverser
ciInstanceKlass java/lang/StackStreamFactory$AbstractStackWalker 1 1 306 7 1 100 1 3 10 7 12 1 1 1 10 7 12 1 1 10 7 12 1 1 1 9 12 1 1 10 12 1 1 9 12 1 1 9 12 1 1 9 12 1 1 9 12 1 9 7 12 1 1 1 10 7 12 1 1 1 10 12 1 1 9 12 1 1 10 7 12 1 1 1 10 12 1 1 9 12 1 1 9 100 12 1 1 1 100 1 10 8 1 10 12 1 1 10 12 1 8 1 10 12 1 1 10 100 12 1 1 1 100 1 8 1 10 12 1 8 1 10 12 9 7 12 1 1 1 10 7 12 1 1 9 12 1 8 1 5 0 8 1 8 1 9 12 1 1 10 12 1 1 10 12 1 1 10 12 1 9 12 1 10 12 1 10 12 1 10 12 1 10 12 1 1 10 12 1 10 12 1 1 8 1 10 12 1 10 12 1 10 12 1 10 12 1 1 8 1 10 12 1 1 10 12 1 1 10 12 1 1 10 12 1 10 12 1 10 7 12 1 1 1 9 12 1 8 1 10 12 1 10 12 1 10 12 1 10 12 1 10 12 1 10 12 1 10 12 1 1 10 12 1 1 10 12 1 1 10 12 1 8 1 1 1 1 1 1 1 1 1 1 1 1 1 1 1 1 1 1 100 1 1 1 1 100 1 1 1 1 1 1 1 1 1 1 1 1 1 1 1 1 1 1 1 1 1
ciInstanceKlass jdk/internal/module/Modules 1 1 504 10 100 12 1 1 1 9 7 12 1 1 1 11 7 12 1 1 1 11 12 1 1 11 12 1 1 11 12 1 1 11 12 1 11 12 1 11 12 1 11 12 1 11 12 1 1 10 7 12 1 1 1 10 100 12 1 1 1 18 12 1 1 10 100 12 1 1 1 100 1 10 100 12 1 1 1 10 100 12 1 1 1 10 100 12 1 1 10 12 1 1 11 12 1 9 12 1 1 11 7 12 1 1 1 10 12 1 1 10 10 12 1 10 9 12 1 1 10 7 12 1 1 10 12 1 1 10 7 12 1 1 100 1 11 100 12 1 1 1 10 100 12 1 1 1 11 100 12 1 1 10 12 1 1 10 100 12 1 1 10 100 12 1 1 1 10 12 1 1 10 12 1 1 11 12 1 1 18 12 1 1 11 100 12 1 1 10 100 12 1 1 1 11 100 12 1 1 1 100 1 11 12 1 1 11 100 12 1 1 1 11 12 1 1 10 12 1 1 10 100 12 1 1 18 12 1 1 11 12 1 1 18 12 1 1 11 12 1 1 10 12 1 18 18 10 12 1 1 9 12 1 1 11 100 12 1 1 1 100 1 10 11 12 1 11 12 1 1 11 12 1 1 10 100 1 10 12 1 1 10 100 12 1 1 10 12 1 1 11 12 10 12 1 1 100 1 10 18 12 1 10 12 1 1 100 1 8 1 10 12 1 10 100 12 1 1 18 12 1 11 11 12 10 12 1 10 10 100 1 18 12 1 10 10 10 7 12 1 1 10 7 12 1 1 1 10 12 1 1 1 1 1 1 1 1 1 1 1 1 1 1 1 1 1 1 1 1 1 1 1 1 1 1 1 1 1 1 1 1 1 100 1 1 1 1 1 1 1 1 1 1 1 1 1 1 1 1 1 1 1 1 1 1 1 1 1 1 1 1 1 1 1 1 1 1 1 100 1 1 1 1 1 1 1 1 1 1 1 1 1 1 1 1 1 1 1 1 1 1 1 15 10 100 12 1 1 1 16 15 10 12 1 16 16 15 10 12 1 16 1 16 1 15 10 12 1 16 1 16 1 15 10 12 16 1 15 10 16 1 15 10 12 16 1 15 10 12 16 15 10 12 16 15 10 12 1 1 1 100 1 100 1 1
staticfield jdk/internal/module/Modules JLA Ljdk/internal/access/JavaLangAccess; java/lang/System$2
staticfield jdk/internal/module/Modules JLMA Ljdk/internal/access/JavaLangModuleAccess; java/lang/module/ModuleDescriptor$1
staticfield jdk/internal/module/Modules $assertionsDisabled Z 1
ciInstanceKlass java/lang/invoke/Invokers$Holder 1 1 99 1 100 1 100 1 1 1 1 1 1 1 7 1 7 1 7 1 1 12 10 1 1 12 10 1 1 12 10 1 1 100 1 1 12 9 1 1 1 12 10 1 1 1 12 10 1 1 12 10 1 1 1 12 10 1 1 100 1 1 12 10 1 1 12 10 1 1 12 10 1 12 10 1 1 12 10 1 1 12 10 1 12 10 1 12 10 12 10 1 1 12 10 1 12 10 1 1 1
ciInstanceKlass java/lang/invoke/DirectMethodHandle$Holder 1 1 483 1 100 1 100 1 1 1 1 1 1 1 7 1 1 12 10 1 12 10 1 7 1 7 1 1 12 10 1 1 1 1 12 10 1 1 12 10 1 1 12 10 1 1 12 10 1 1 12 10 1 1 12 10 1 1 12 10 1 1 12 10 1 1 12 10 1 1 12 10 1 1 12 10 1 1 12 10 1 1 12 10 1 1 12 10 1 1 12 10 1 1 12 10 1 1 12 10 1 1 12 10 1 1 12 10 1 1 12 10 1 1 12 10 1 1 12 10 1 1 12 10 1 1 12 10 1 1 12 10 1 1 12 10 1 1 12 10 1 1 12 10 1 1 12 10 1 1 12 10 1 1 1 12 10 1 1 12 10 1 1 1 1 12 10 1 1 12 10 1 1 12 10 1 1 12 10 1 1 12 10 1 1 12 10 1 1 12 10 1 1 12 10 1 1 12 10 1 1 12 10 12 10 12 10 12 10 1 1 12 10 12 10 12 10 1 1 12 10 12 10 12 10 12 10 1 1 12 10 1 1 12 10 1 1 12 10 1 1 12 10 1 1 12 10 1 1 12 10 1 1 12 10 1 1 12 10 1 1 12 10 1 1 12 10 1 1 12 10 1 1 12 10 1 1 12 10 12 10 12 10 12 10 1 12 10 1 1 12 10 1 1 12 10 1 1 1 1 12 10 12 10 1 1 12 10 1 12 10 12 10 1 1 12 10 1 12 10 12 10 1 1 1 12 10 1 12 10 1 100 1 1 12 9 1 100 1 12 10 1 12 10 1 1 1 12 10 1 12 10 1 1 12 10 1 12 10 1 1 1 12 10 1 12 10 1 1 12 10 1 12 10 1 1 12 10 1 12 10 1 1 12 10 1 12 10 1 1 12 10 1 12 10 1 1 12 10 1 12 10 1 1 12 10 1 12 10 1 1 12 10 1 12 10 1 1 1 12 10 1 12 10 1 1 1 12 10 1 12 10 1 1 1 1 12 10 1 12 10 1 1 1 12 10 1 12 10 1 1 1 1 1 12 10 1 12 10 1 1 1 12 10 1 12 10 1 1 1 12 10 1 12 10 1 1 12 10 1 12 10 1 1 1
ciMethod java/lang/invoke/DirectMethodHandle$Holder newInvokeSpecial (Ljava/lang/Object;Ljava/lang/Object;Ljava/lang/Object;Ljava/lang/Object;)Ljava/lang/Object; 550 0 8165 0 -1
ciMethod java/lang/invoke/Invokers$Holder linkToTargetMethod (Ljava/lang/Object;Ljava/lang/Object;)Ljava/lang/Object; 522 0 51356 0 -1
ciMethod java/lang/invoke/Invokers$Holder linkToTargetMethod (Ljava/lang/Object;)Ljava/lang/Object; 524 0 98921 0 -1
ciMethod java/lang/invoke/Invokers$Holder linkToTargetMethod (Ljava/lang/Object;Ljava/lang/Object;Ljava/lang/Object;Ljava/lang/Object;)Ljava/lang/Object; 554 0 8367 0 -1
ciInstanceKlass java/util/Comparator 1 1 288 10 7 12 1 1 1 10 7 12 1 1 1 18 12 1 1 7 1 7 1 11 12 1 1 11 12 1 11 12 1 11 12 1 1 11 12 1 1 11 12 1 1 10 12 1 9 100 12 1 1 1 7 1 10 12 1 1 18 12 1 18 12 18 12 18 12 18 12 10 100 12 1 1 1 10 100 12 1 1 1 8 1 10 12 1 1 8 1 8 1 8 1 8 1 8 1 10 12 1 10 12 1 8 10 100 1 10 12 1 8 10 12 1 8 1 10 12 1 10 12 1 8 1 10 12 1 1 7 1 8 1 7 1 8 1 8 1 100 1 8 1 8 1 7 1 100 1 8 1 10 12 1 11 12 1 1 10 100 12 1 1 11 12 1 1 10 7 12 1 1 11 12 1 1 10 7 12 1 1 11 12 1 7 1 11 12 1 11 12 1 1 1 1 1 1 1 1 1 1 1 1 1 1 1 1 1 1 1 1 1 1 1 1 1 1 1 1 1 1 1 1 1 1 1 1 1 1 1 1 1 1 1 1 1 1 1 1 1 1 1 1 1 1 1 1 1 1 1 1 15 10 7 12 1 1 1 16 15 11 12 3 3 15 11 12 15 11 12 15 11 12 15 11 12 15 11 12 1 100 1 1 1 100 1 100 1 1
instanceKlass org/springframework/beans/factory/support/ManagedSet
ciInstanceKlass java/util/LinkedHashSet 1 1 70 10 7 12 1 1 1 4 11 7 12 1 1 1 10 7 12 1 1 1 10 7 12 1 1 1 100 1 10 7 12 1 1 1 100 1 100 1 100 1 1 1 1 5 0 1 1 1 1 1 1 1 1 1 1 1 1 1 1 1 1 1 1 1 1 1 1 1 1 1
ciInstanceKlass java/util/stream/Stream 1 1 446 10 7 12 1 1 1 18 12 1 1 11 7 12 1 1 1 18 11 12 1 1 18 11 12 1 1 18 11 12 1 1 100 1 11 12 1 1 10 12 1 1 11 12 1 1 10 7 12 1 1 1 18 12 1 1 11 12 1 1 100 1 10 100 1 11 12 1 1 10 7 12 1 1 1 10 12 1 10 100 12 1 1 1 7 1 10 12 1 10 7 12 1 1 10 12 1 11 12 1 1 10 12 1 100 1 100 1 5 0 100 1 10 12 1 100 1 10 12 1 100 1 10 12 1 7 1 10 12 1 10 7 12 1 1 1 100 1 10 11 100 12 1 1 1 10 12 1 10 12 1 1 100 1 10 10 12 1 10 12 1 1 100 1 10 10 12 1 10 12 1 1 100 1 10 10 100 1 100 1 1 1 1 1 1 1 1 1 1 1 1 1 1 1 1 1 1 1 1 1 1 1 1 1 1 1 1 1 1 1 1 1 1 1 1 1 1 1 1 1 1 1 1 1 1 1 1 1 1 1 1 1 1 1 1 1 1 1 1 1 1 1 1 1 1 1 1 1 1 1 1 1 1 1 1 1 1 1 1 1 1 1 1 1 1 1 1 1 1 1 1 1 1 1 1 1 1 1 1 1 1 1 1 1 1 1 1 1 1 1 1 1 1 1 1 1 1 1 1 1 1 1 1 1 1 1 1 1 1 1 1 1 1 1 1 1 1 1 1 1 1 1 1 1 1 1 1 1 1 1 1 1 1 1 1 1 1 1 1 1 100 1 1 15 10 100 12 1 1 1 16 15 11 12 16 15 11 12 16 1 15 11 12 16 1 15 11 12 16 1 16 15 11 12 1 1 100 1 100 1 1 100 1 1 1 1 1 100 1 100 1 1 100 1 1 1 100 1 1 100 1 1 100 1 1 100 1 100 1 1 1 100 1 8 1 1 12 10 1 1 1 8 1 1 1 8 1 1 1 8 1 1 1 8 1 1 1 8 1 1 8 1 1 1 8 1
ciInstanceKlass java/util/stream/Collectors$CollectorImpl 1 1 74 10 7 12 1 1 1 9 7 12 1 1 1 9 12 1 1 9 12 1 1 9 12 1 1 9 12 1 1 10 7 12 1 1 1 10 12 1 100 1 1 1 1 1 1 1 1 1 1 1 1 1 1 1 1 1 1 1 1 1 1 1 1 1 1 1 1 1 1 1 1 100 1 1
ciInstanceKlass java/util/stream/Collector 1 1 103 10 7 12 1 1 1 9 7 12 1 1 1 9 100 12 1 1 1 10 7 12 1 1 1 10 7 12 1 1 1 7 1 10 12 1 1 9 12 1 10 12 1 1 10 12 1 1 10 12 1 100 1 100 1 1 1 1 1 1 1 1 1 1 1 1 1 1 1 1 1 1 1 1 1 1 1 1 1 1 1 1 1 1 1 1 100 1 1 1 1 1 1 1 1 1 1 1 1 1 1 1 1
ciInstanceKlass java/util/stream/Collectors 1 1 1457 10 100 12 1 1 1 100 1 8 1 10 100 12 1 1 1 10 12 1 18 12 1 1 18 12 1 1 18 12 1 7 1 18 12 1 18 9 7 12 1 1 1 10 12 1 18 12 1 1 18 18 18 18 9 12 1 10 12 1 18 18 18 9 12 1 18 18 9 12 1 18 18 18 18 8 1 10 12 1 1 18 12 1 18 18 18 18 12 1 11 7 12 1 1 11 12 1 18 12 1 11 12 1 11 12 1 11 12 1 1 18 12 1 18 12 1 9 7 12 1 1 1 11 7 12 1 1 1 11 12 1 1 10 7 12 1 1 1 11 12 1 10 7 12 1 1 1 11 7 12 1 1 1 18 12 1 1 10 12 1 1 11 100 12 1 1 1 10 12 1 1 11 12 1 18 18 12 1 18 18 18 18 12 1 18 18 18 18 12 1 18 18 10 7 12 1 1 1 10 12 1 18 18 18 18 18 18 18 18 18 18 18 18 10 12 1 1 18 12 1 18 18 18 12 18 12 1 18 18 18 18 12 1 18 18 10 12 1 1 10 12 1 1 18 10 12 1 18 12 1 10 12 1 18 12 18 10 12 1 9 12 1 18 18 9 12 1 18 9 12 1 10 12 1 1 18 12 1 18 18 12 1 18 12 1 10 12 1 10 12 1 8 1 10 7 12 1 1 1 8 1 10 12 1 1 18 10 12 1 1 10 12 1 8 1 18 18 18 12 1 18 10 12 1 18 18 18 18 18 18 18 18 18 18 10 12 1 1 8 1 8 1 8 1 8 1 100 1 8 1 8 1 100 1 8 1 8 1 8 1 8 1 8 1 11 12 1 1 10 12 1 1 10 12 1 10 12 1 10 18 12 1 18 18 18 100 1 10 12 1 10 100 12 1 1 1 11 100 12 1 1 1 10 12 1 10 100 12 1 1 11 100 12 1 1 10 12 1 10 100 12 1 1 11 100 12 1 1 1 10 12 1 11 12 1 11 100 12 1 1 1 11 7 1 10 7 12 1 1 100 1 11 12 1 1 100 1 11 12 1 1 11 100 1 9 12 1 1 9 12 1 10 12 1 11 12 1 11 12 1 11 100 12 1 1 11 12 18 12 1 11 12 1 1 8 1 18 12 1 11 12 1 1 18 18 11 18 11 9 100 12 1 1 10 100 12 1 1 1 9 12 1 1 10 12 1 10 12 1 10 12 1 1 10 12 1 1 10 12 1 1 10 100 12 1 1 10 100 12 1 1 100 1 11 12 1 1 18 12 1 11 12 1 1 11 12 1 100 1 10 12 1 1 11 12 1 1 11 100 12 1 1 1 11 12 1 11 12 1 11 12 1 7 1 10 12 1 10 7 12 1 1 1 10 7 12 1 1 11 12 1 1 10 10 10 12 1 1 7 1 10 100 12 1 1 1 10 11 100 12 1 1 1 100 1 10 10 11 7 1 10 12 11 12 1 10 12 1 1 9 12 1 10 12 1 10 12 1 10 12 1 10 12 1 1 1 1 1 1 1 1 1 1 1 1 1 1 1 1 1 1 1 1 1 1 1 1 1 1 1 1 1 1 1 1 1 1 1 1 1 1 1 1 1 1 1 1 1 1 1 1 1 1 1 1 1 1 1 1 1 1 1 1 1 1 1 1 1 1 1 1 1 1 1 1 1 1 1 1 1 1 1 1 1 1 1 1 1 1 1 1 1 1 1 1 1 1 1 1 1 1 1 1 1 1 1 1 1 1 1 1 1 1 1 1 1 1 1 1 1 1 1 1 1 1 1 1 1 1 1 1 1 1 1 1 1 1 1 1 1 1 1 1 1 1 1 1 1 1 1 1 1 1 1 1 1 1 1 1 1 1 1 1 1 1 1 1 1 1 1 1 1 1 1 1 1 1 1 1 1 1 1 1 1 1 1 1 1 1 100 1 1 1 1 1 1 1 1 1 1 1 1 1 1 1 1 1 1 1 1 1 1 1 1 1 1 1 1 1 1 1 1 1 1 1 1 1 1 1 1 1 1 1 1 1 1 1 1 1 1 1 1 1 1 1 1 1 1 1 1 1 1 1 1 1 1 1 1 1 1 1 1 1 1 1 1 1 1 1 1 1 1 1 1 1 1 1 1 1 1 1 1 1 1 1 1 1 1 1 1 1 1 1 1 1 1 1 1 1 1 1 1 1 1 1 1 1 1 1 1 1 1 1 1 1 1 1 1 1 1 1 1 1 1 1 1 1 1 1 1 1 1 1 1 1 1 1 1 1 1 1 1 1 1 1 1 1 1 1 1 1 1 1 1 1 1 1 1 1 1 1 1 1 1 1 1 1 1 1 1 1 1 1 1 1 1 1 1 1 100 1 1 15 10 7 12 1 1 1 16 15 10 12 16 16 15 10 12 16 1 16 15 10 12 15 11 12 1 16 1 15 10 12 16 16 15 10 16 1 15 11 7 1 16 1 15 10 12 16 15 10 12 15 10 12 16 15 10 16 1 15 11 16 1 15 10 12 16 15 10 12 15 10 12 16 15 10 16 1 15 16 1 15 10 12 16 15 10 12 1 1 16 1 15 10 12 16 1 15 10 12 1 16 1 15 10 12 1 16 1 15 10 16 1 15 10 12 15 10 12 15 10 12 15 10 12 16 15 10 12 15 10 12 16 15 10 12 16 1 15 10 12 16 15 10 12 16 15 10 12 16 15 10 12 16 1 15 10 12 16 15 10 12 16 15 10 12 16 15 10 12 16 1 15 10 12 16 15 10 12 16 15 10 12 15 10 12 15 10 12 15 10 12 16 15 10 12 15 10 12 15 10 12 15 10 12 15 10 12 15 10 12 15 10 12 15 10 12 15 10 12 16 1 15 10 12 16 1 15 10 12 16 15 10 12 16 15 10 12 16 1 15 16 1 15 10 12 16 15 10 12 16 15 10 12 15 10 12 15 10 12 15 10 16 1 15 10 12 15 10 12 16 15 10 100 1 16 1 15 10 12 16 1 15 10 12 15 10 12 16 1 15 10 12 16 1 15 10 12 16 1 15 10 12 16 1 15 10 12 16 1 15 10 12 16 1 15 10 12 16 15 10 12 15 10 12 15 10 16 1 15 10 12 16 1 15 10 12 16 15 10 16 1 15 10 12 16 1 15 10 12 16 15 10 16 1 15 10 12 16 1 15 10 12 16 15 10 12 16 1 15 10 12 16 1 15 10 12 1 16 1 15 10 16 1 15 10 12 15 10 12 15 10 12 15 10 12 15 10 12 16 15 10 12 1 1 1 1 1 1 1 100 1 100 1 1
staticfield java/util/stream/Collectors CH_CONCURRENT_ID Ljava/util/Set; java/util/Collections$UnmodifiableSet
staticfield java/util/stream/Collectors CH_CONCURRENT_NOID Ljava/util/Set; java/util/Collections$UnmodifiableSet
staticfield java/util/stream/Collectors CH_ID Ljava/util/Set; java/util/Collections$UnmodifiableSet
staticfield java/util/stream/Collectors CH_UNORDERED_ID Ljava/util/Set; java/util/Collections$UnmodifiableSet
staticfield java/util/stream/Collectors CH_NOID Ljava/util/Set; java/util/Collections$EmptySet
staticfield java/util/stream/Collectors CH_UNORDERED_NOID Ljava/util/Set; java/util/Collections$UnmodifiableSet
ciInstanceKlass java/util/stream/Collector$Characteristics 1 1 59 7 1 9 12 1 1 9 12 1 9 12 1 9 12 1 1 10 7 12 1 1 10 7 12 1 1 1 10 12 1 1 8 10 8 8 10 12 1 1 1 1 1 1 1 1 1 1 1 1 1 1 1 1 1 100 1 1 1
staticfield java/util/stream/Collector$Characteristics CONCURRENT Ljava/util/stream/Collector$Characteristics; java/util/stream/Collector$Characteristics
staticfield java/util/stream/Collector$Characteristics UNORDERED Ljava/util/stream/Collector$Characteristics; java/util/stream/Collector$Characteristics
staticfield java/util/stream/Collector$Characteristics IDENTITY_FINISH Ljava/util/stream/Collector$Characteristics; java/util/stream/Collector$Characteristics
staticfield java/util/stream/Collector$Characteristics $VALUES [Ljava/util/stream/Collector$Characteristics; 3 [Ljava/util/stream/Collector$Characteristics;
ciMethod java/util/stream/Collectors$CollectorImpl <init> (Ljava/util/function/Supplier;Ljava/util/function/BiConsumer;Ljava/util/function/BinaryOperator;Ljava/util/function/Function;Ljava/util/Set;)V 512 0 11540 0 1216
ciMethod java/util/stream/Collectors$CollectorImpl <init> (Ljava/util/function/Supplier;Ljava/util/function/BiConsumer;Ljava/util/function/BinaryOperator;Ljava/util/Set;)V 512 0 7536 0 1216
instanceKlass javax/imageio/spi/PartiallyOrderedSet
instanceKlass org/springframework/util/LinkedCaseInsensitiveMap$EntrySet
instanceKlass org/springframework/util/ConcurrentReferenceHashMap$EntrySet
instanceKlass java/util/EnumMap$EntrySet
instanceKlass java/util/WeakHashMap$EntrySet
instanceKlass io/netty/channel/group/DefaultChannelGroup
instanceKlass io/netty/util/collection/IntObjectHashMap$EntrySet
instanceKlass io/netty/util/collection/IntObjectHashMap$KeySet
instanceKlass io/netty/channel/nio/SelectedSelectionKeySet
instanceKlass java/util/Hashtable$EntrySet
instanceKlass java/lang/ProcessEnvironment$CheckedKeySet
instanceKlass java/util/concurrent/CopyOnWriteArraySet
instanceKlass java/lang/ProcessEnvironment$CheckedEntrySet
instanceKlass java/util/Hashtable$KeySet
instanceKlass java/util/AbstractMap$1
instanceKlass java/util/IdentityHashMap$EntrySet
instanceKlass java/util/LinkedHashMap$LinkedEntrySet
instanceKlass java/util/Collections$SingletonSet
instanceKlass java/util/TreeMap$EntrySet
instanceKlass java/util/concurrent/ConcurrentSkipListMap$KeySet
instanceKlass java/util/concurrent/ConcurrentSkipListSet
instanceKlass java/util/LinkedHashMap$LinkedKeySet
instanceKlass java/util/TreeMap$KeySet
instanceKlass java/util/TreeSet
instanceKlass java/util/IdentityHashMap$KeySet
instanceKlass java/util/EnumSet
instanceKlass java/util/HashMap$KeySet
instanceKlass java/util/WeakHashMap$KeySet
instanceKlass java/util/Collections$SetFromMap
instanceKlass java/util/HashSet
instanceKlass java/util/Collections$EmptySet
instanceKlass java/util/HashMap$EntrySet
instanceKlass java/util/ImmutableCollections$MapN$1
ciInstanceKlass java/util/AbstractSet 1 1 96 10 7 12 1 1 1 7 1 7 1 11 12 1 1 10 7 1 10 12 1 1 100 1 100 1 10 12 1 1 11 7 12 1 1 1 11 12 1 1 10 7 12 1 1 10 7 12 1 1 1 11 10 12 1 1 11 12 1 11 12 1 1 1 1 1 1 1 1 1 1 1 1 1 1 1 1 100 1 1 1 1 1 1 1 1 1 1 1 1 1 1 1 1 1 1
ciMethod java/util/stream/Stream map (Ljava/util/function/Function;)Ljava/util/stream/Stream; 0 0 1 0 -1
ciMethod java/util/stream/Stream collect (Ljava/util/stream/Collector;)Ljava/lang/Object; 0 0 1 0 -1
ciMethod java/util/stream/Stream empty ()Ljava/util/stream/Stream; 302 0 1106 0 0
ciInstanceKlass java/lang/StringLatin1$CharsSpliterator 1 1 87 10 7 12 1 1 1 10 7 12 1 1 9 12 1 1 9 12 1 1 9 12 1 100 1 9 12 1 100 1 10 11 7 12 1 1 1 10 12 1 1 10 12 1 1 10 12 1 1 100 1 1 1 1 1 1 1 1 1 1 1 1 1 1 1 1 1 100 1 1 1 1 1 1 1 1 1 1 1 100 1 1 1 1 100 1 1
ciInstanceKlass java/util/stream/StreamSupport 1 1 107 10 100 12 1 1 1 10 7 12 1 1 1 7 1 10 7 12 1 1 1 10 12 1 10 12 1 10 12 1 7 1 10 10 7 1 10 10 100 1 10 10 100 1 1 1 1 1 1 1 1 1 1 1 1 1 1 1 1 1 1 1 1 1 1 1 1 1 1 1 1 1 1 1 1 1 1 1 1 1 1 1 1 1 1 1 1 100 1 1 100 1 100 1 100 1 100 1 100 1 1 100 1 1 100 1 1
ciInstanceKlass java/util/function/Consumer 1 1 59 10 100 12 1 1 1 18 12 1 1 11 100 12 1 1 100 1 1 1 1 1 1 1 1 1 1 1 1 1 1 1 1 1 1 1 1 1 1 1 1 1 15 10 100 12 1 1 1 16 15 11 12 1 100 1 100 1 1
ciInstanceKlass java/util/stream/ReferencePipeline$Head 1 1 80 10 7 12 1 1 1 10 12 1 100 1 10 12 1 10 7 12 1 1 1 10 12 1 1 11 7 12 1 1 1 10 12 1 10 12 1 10 12 1 1 1 1 1 1 1 1 1 1 1 1 1 1 1 1 1 1 1 1 1 1 1 1 1 1 1 1 1 1 1 1 1 1 1 1 1 1 1 1 1
instanceKlass java/util/stream/AbstractPipeline
ciInstanceKlass java/util/stream/PipelineHelper 1 1 54 10 7 12 1 1 1 100 1 1 1 1 1 1 1 1 1 1 1 1 1 1 1 1 1 1 1 1 1 1 1 1 1 1 1 1 1 1 1 1 1 1 1 1 1 1 1 1 1 100 1 100 1 1
instanceKlass java/util/stream/LongPipeline
instanceKlass java/util/stream/DoublePipeline
instanceKlass java/util/stream/IntPipeline
instanceKlass java/util/stream/ReferencePipeline
ciInstanceKlass java/util/stream/AbstractPipeline 1 1 423 10 7 12 1 1 1 9 7 12 1 1 1 9 12 1 1 9 12 1 9 7 12 1 1 1 9 12 1 9 12 1 9 12 1 9 12 1 9 12 1 1 9 12 1 1 9 12 1 100 1 8 1 10 12 1 9 12 1 9 12 1 10 12 1 1 10 12 1 1 9 12 1 9 12 1 10 12 1 1 11 7 12 1 1 100 1 10 10 12 1 11 12 1 1 10 12 1 11 12 1 1 11 12 1 10 12 1 1 10 12 1 1 10 11 100 12 1 1 1 7 1 8 1 9 12 1 1 11 100 12 1 1 10 7 12 1 1 1 10 100 12 1 1 1 10 12 1 1 18 12 1 10 12 1 1 10 12 1 1 9 12 1 1 10 12 1 1 9 12 1 10 12 1 1 11 12 1 9 12 1 9 12 1 10 12 1 9 12 1 11 12 1 1 5 0 9 12 1 10 12 1 1 7 1 10 12 1 1 10 12 1 1 11 12 1 1 11 12 1 1 11 12 1 10 12 1 1 10 12 1 1 9 12 1 10 12 1 1 18 12 1 10 12 1 1 10 12 1 1 10 12 1 1 10 12 1 1 7 1 11 12 1 1 100 1 8 1 10 18 12 1 1 11 100 12 1 1 1 100 1 10 7 12 1 1 100 1 1 1 1 1 1 1 1 1 1 1 1 1 1 1 1 1 1 1 1 1 1 1 1 1 1 1 1 1 1 1 1 1 1 1 1 1 1 1 1 1 1 1 1 1 1 1 1 1 1 1 1 1 1 1 1 1 1 1 1 1 1 1 1 1 1 1 1 1 1 1 1 1 1 1 1 1 1 1 1 1 1 1 1 1 1 1 1 1 1 1 1 1 1 1 1 1 1 1 1 1 1 1 1 1 1 1 1 15 10 7 12 1 1 1 16 15 10 12 16 15 10 12 16 1 15 10 12 16 1 1 100 1 100 1 1
staticfield java/util/stream/AbstractPipeline $assertionsDisabled Z 1
instanceKlass java/util/stream/ReferencePipeline$StatefulOp
instanceKlass java/util/stream/ReferencePipeline$StatelessOp
instanceKlass java/util/stream/ReferencePipeline$Head
ciInstanceKlass java/util/stream/ReferencePipeline 1 1 640 10 7 12 1 1 1 10 12 1 10 12 1 9 7 12 1 1 1 10 7 12 1 1 1 7 1 10 12 1 100 1 10 12 1 11 7 12 1 1 1 11 7 12 1 1 1 10 12 1 1 10 7 12 1 1 1 10 7 12 1 1 1 10 12 1 100 1 9 7 12 1 1 1 10 12 1 10 7 12 1 1 1 7 1 9 12 1 10 12 1 7 1 9 12 1 9 12 1 10 12 1 100 1 10 12 1 7 1 10 12 1 7 1 10 12 1 7 1 10 100 1 10 100 1 10 100 1 10 100 1 10 12 1 100 1 10 100 1 10 100 1 10 100 1 10 12 1 10 7 12 1 1 1 10 7 12 1 1 10 12 1 100 1 10 7 12 1 1 1 10 12 1 10 100 12 1 1 5 0 10 100 12 1 1 1 10 12 1 10 7 12 1 1 10 12 1 1 10 12 1 1 10 12 1 1 11 7 12 1 1 1 18 12 1 1 10 12 1 10 7 12 1 1 1 10 12 1 11 7 12 1 1 1 9 7 12 1 1 1 10 7 12 1 1 7 1 10 12 1 9 12 1 9 12 1 10 7 12 1 1 7 1 10 7 12 1 1 10 12 1 10 12 1 11 7 12 1 1 1 9 7 12 1 1 1 11 7 12 1 1 1 9 12 1 11 12 1 1 11 100 12 1 1 1 11 12 1 1 18 12 1 1 10 12 1 1 10 12 1 9 12 1 11 12 1 1 11 7 12 1 10 12 1 11 7 12 1 1 1 10 12 1 1 11 12 1 10 12 1 1 10 12 1 1 10 12 1 1 11 100 12 1 1 7 1 100 1 1 1 1 1 1 1 1 1 1 1 1 1 1 1 1 1 1 1 1 1 1 1 1 1 1 1 1 1 1 1 1 1 1 1 1 1 1 1 1 1 1 1 1 1 1 1 1 1 1 1 1 1 1 1 1 1 1 1 1 1 1 1 1 1 1 1 1 1 1 1 1 1 1 1 1 1 1 1 1 1 1 1 1 1 1 1 1 1 1 1 1 1 1 1 1 1 1 1 1 1 1 1 1 1 1 1 1 1 1 1 1 1 1 1 1 1 1 1 1 1 1 1 1 1 1 1 1 1 1 1 1 1 1 1 1 1 1 1 1 1 1 1 1 1 1 1 1 1 1 1 1 1 1 1 1 1 1 1 1 1 1 1 1 1 1 1 1 1 1 1 1 1 1 1 1 1 1 1 1 1 1 1 1 1 1 1 1 1 1 1 1 1 1 1 1 1 1 1 1 1 1 100 1 100 1 100 1 100 1 100 1 100 1 100 1 100 1 100 1 100 1 100 1 100 1 100 1 100 1 100 1 100 1 100 1 1 15 10 7 12 1 1 1 16 1 15 10 12 16 16 1 15 10 12 1 100 1 1 1 100 1 1 1 1 1 1 1 100 1 100 1 1
instanceKlass java/util/stream/LongPipeline$1
instanceKlass java/util/stream/ReferencePipeline$7
instanceKlass java/util/stream/ReferencePipeline$3
instanceKlass java/util/stream/ReferencePipeline$2
ciInstanceKlass java/util/stream/ReferencePipeline$StatelessOp 1 1 63 10 7 12 1 1 1 9 7 12 1 1 1 10 100 12 1 1 1 100 1 10 12 1 10 12 1 1 10 7 12 1 1 1 1 1 1 1 1 1 1 1 1 1 1 1 1 1 1 1 100 1 1 1 1 1 1 1 1 1 1 1 1
staticfield java/util/stream/ReferencePipeline$StatelessOp $assertionsDisabled Z 1
ciMethod java/util/stream/AbstractPipeline isParallel ()Z 544 0 28124 0 -1
ciMethod java/util/stream/ReferencePipeline map (Ljava/util/function/Function;)Ljava/util/stream/Stream; 512 0 4932 0 0
ciMethod java/util/stream/ReferencePipeline collect (Ljava/util/stream/Collector;)Ljava/lang/Object; 514 0 8739 0 2656
ciInstanceKlass java/util/stream/StreamOpFlag 1 1 261 7 1 9 12 1 1 9 12 1 9 12 1 9 12 1 9 12 1 9 12 1 9 12 1 1 10 7 12 1 1 10 7 12 1 1 1 7 1 7 1 7 1 10 12 1 1 10 12 1 10 12 1 1 10 12 1 10 12 1 1 9 12 1 1 9 12 1 1 9 12 9 12 1 9 12 1 9 12 1 1 11 7 12 1 1 1 7 1 10 12 1 1 10 12 1 1 9 12 1 9 12 1 9 12 1 10 12 1 1 9 12 1 11 7 12 1 1 11 12 1 1 8 9 12 1 10 9 12 1 10 12 1 10 12 1 8 8 9 12 1 10 12 9 12 1 8 8 8 10 12 1 10 12 1 1 9 12 1 9 12 1 9 12 1 9 12 1 10 12 1 9 12 1 9 12 1 9 12 1 9 12 1 9 12 1 9 12 1 9 12 1 9 12 1 9 12 1 9 12 1 9 12 1 1 1 3 1 3 1 3 1 1 1 1 1 1 1 1 1 1 1 1 1 1 1 1 1 1 1 1 1 1 1 1 1 1 1 1 1 1 1 1 1 1 1 1 1 1 1 1 1 1 1 1 1 1 1 1 1 1
staticfield java/util/stream/StreamOpFlag DISTINCT Ljava/util/stream/StreamOpFlag; java/util/stream/StreamOpFlag
staticfield java/util/stream/StreamOpFlag SORTED Ljava/util/stream/StreamOpFlag; java/util/stream/StreamOpFlag
staticfield java/util/stream/StreamOpFlag ORDERED Ljava/util/stream/StreamOpFlag; java/util/stream/StreamOpFlag
staticfield java/util/stream/StreamOpFlag SIZED Ljava/util/stream/StreamOpFlag; java/util/stream/StreamOpFlag
staticfield java/util/stream/StreamOpFlag SHORT_CIRCUIT Ljava/util/stream/StreamOpFlag; java/util/stream/StreamOpFlag
staticfield java/util/stream/StreamOpFlag SIZE_ADJUSTING Ljava/util/stream/StreamOpFlag; java/util/stream/StreamOpFlag
staticfield java/util/stream/StreamOpFlag SPLITERATOR_CHARACTERISTICS_MASK I 85
staticfield java/util/stream/StreamOpFlag STREAM_MASK I 85
staticfield java/util/stream/StreamOpFlag OP_MASK I 83886271
staticfield java/util/stream/StreamOpFlag TERMINAL_OP_MASK I 16777248
staticfield java/util/stream/StreamOpFlag UPSTREAM_TERMINAL_OP_MASK I 32
staticfield java/util/stream/StreamOpFlag FLAG_MASK I 251658495
staticfield java/util/stream/StreamOpFlag FLAG_MASK_IS I 85
staticfield java/util/stream/StreamOpFlag FLAG_MASK_NOT I 170
staticfield java/util/stream/StreamOpFlag INITIAL_OPS_VALUE I 255
staticfield java/util/stream/StreamOpFlag IS_DISTINCT I 1
staticfield java/util/stream/StreamOpFlag NOT_DISTINCT I 2
staticfield java/util/stream/StreamOpFlag IS_SORTED I 4
staticfield java/util/stream/StreamOpFlag NOT_SORTED I 8
staticfield java/util/stream/StreamOpFlag IS_ORDERED I 16
staticfield java/util/stream/StreamOpFlag NOT_ORDERED I 32
staticfield java/util/stream/StreamOpFlag IS_SIZED I 64
staticfield java/util/stream/StreamOpFlag NOT_SIZED I 128
staticfield java/util/stream/StreamOpFlag IS_SHORT_CIRCUIT I 16777216
staticfield java/util/stream/StreamOpFlag IS_SIZE_ADJUSTING I 67108864
staticfield java/util/stream/StreamOpFlag $VALUES [Ljava/util/stream/StreamOpFlag; 6 [Ljava/util/stream/StreamOpFlag;
ciMethod java/util/stream/StreamOpFlag getMask (I)I 518 0 8577 0 0
ciMethod java/util/stream/StreamOpFlag combineOpFlags (II)I 516 0 8577 0 0
ciMethod java/util/stream/StreamOpFlag fromCharacteristics (Ljava/util/Spliterator;)I 512 0 6274 0 0
ciInstanceKlass java/util/stream/StreamShape 1 1 58 7 1 9 12 1 1 9 12 1 9 12 1 9 12 1 9 12 1 1 10 100 12 1 1 10 7 12 1 1 1 10 12 1 1 8 10 8 8 8 10 12 1 1 1 1 1 1 1 1 1 1 1 1 1 1 1 1
staticfield java/util/stream/StreamShape REFERENCE Ljava/util/stream/StreamShape; java/util/stream/StreamShape
staticfield java/util/stream/StreamShape INT_VALUE Ljava/util/stream/StreamShape; java/util/stream/StreamShape
staticfield java/util/stream/StreamShape LONG_VALUE Ljava/util/stream/StreamShape; java/util/stream/StreamShape
staticfield java/util/stream/StreamShape DOUBLE_VALUE Ljava/util/stream/StreamShape; java/util/stream/StreamShape
staticfield java/util/stream/StreamShape $VALUES [Ljava/util/stream/StreamShape; 4 [Ljava/util/stream/StreamShape;
ciMethod java/util/stream/StreamSupport stream (Ljava/util/Spliterator;Z)Ljava/util/stream/Stream; 512 0 5434 0 800
instanceKlass java/util/Collections$UnmodifiableMap$UnmodifiableEntrySet
ciInstanceKlass java/util/Collections$UnmodifiableSet 1 1 57 10 7 12 1 1 1 9 7 12 1 1 1 11 7 12 1 1 1 11 12 1 1 100 1 100 1 1 1 1 5 0 1 1 1 1 1 1 1 1 1 1 1 1 1 1 1 1 1 1 1 1 100 1 1 1 1
instanceKlass java/util/JumboEnumSet
instanceKlass java/util/RegularEnumSet
ciInstanceKlass java/util/EnumSet 1 1 242 10 7 12 1 1 1 9 7 12 1 1 1 9 12 1 1 10 12 1 1 100 1 100 1 10 10 12 1 1 8 1 10 12 1 10 12 1 1 10 12 1 7 1 10 12 1 7 1 10 10 12 1 1 10 12 1 10 12 1 1 11 7 12 1 1 1 100 1 8 1 10 11 12 1 1 11 7 12 1 1 1 7 1 10 12 1 1 11 12 1 10 12 1 1 10 12 1 1 10 12 1 10 12 1 1 10 12 1 1 8 1 10 12 1 1 10 7 12 1 100 1 100 1 10 12 1 10 12 1 10 100 12 1 1 8 1 10 7 12 1 1 1 11 7 12 1 1 100 1 10 12 1 100 1 8 1 10 100 1 100 1 1 1 1 5 0 1 1 1 1 1 1 1 1 1 1 1 1 100 1 1 1 1 1 1 1 1 1 1 1 1 1 1 1 1 1 1 1 1 1 1 1 1 1 1 1 1 1 1 1 1 1 1 1 1 1 1 1 1 1 1 1 1 1 1 1 1 1 1 1 1 1 1 1 1 1 1 1 1 1 1
ciInstanceKlass java/util/RegularEnumSet 1 1 157 10 7 12 1 1 1 9 7 12 1 1 1 5 0 10 7 12 1 1 1 9 12 1 1 7 1 10 12 1 10 7 12 1 1 1 10 7 12 1 1 1 9 12 1 1 10 100 12 1 1 10 12 1 1 10 12 1 1 10 12 1 1 10 12 1 100 1 100 1 10 12 1 10 12 1 1 8 1 10 12 1 10 12 1 1 10 12 1 10 12 1 10 12 1 10 12 1 1 10 12 1 1 1 1 5 0 1 1 1 1 1 1 1 1 1 1 1 1 1 1 1 1 1 1 1 1 1 1 1 1 1 1 1 1 1 1 1 1 1 1 1 1 1 1 1 1 1 1 1 1 1 1 1 1 1 1
ciMethod java/util/RegularEnumSet add (Ljava/lang/Object;)Z 516 0 18434 0 224
ciMethod java/util/RegularEnumSet contains (Ljava/lang/Object;)Z 516 0 5385 0 224
ciMethod java/util/RegularEnumSet add (Ljava/lang/Enum;)Z 516 0 6433 0 0
ciMethod java/util/EnumSet <init> (Ljava/lang/Class;[Ljava/lang/Enum;)V 526 0 7986 0 0
ciMethod java/util/EnumSet of (Ljava/lang/Enum;[Ljava/lang/Enum;)Ljava/util/EnumSet; 516 1032 4934 0 0
ciMethod java/util/EnumSet noneOf (Ljava/lang/Class;)Ljava/util/EnumSet; 526 0 7876 0 0
ciMethod java/util/EnumSet typeCheck (Ljava/lang/Enum;)V 516 0 6430 0 0
ciMethod java/util/EnumSet getUniverse (Ljava/lang/Class;)[Ljava/lang/Enum; 526 0 7876 0 0
ciInstanceKlass java/util/Spliterators 1 1 303 10 100 12 1 1 1 9 7 12 1 1 1 9 12 1 1 9 12 1 1 9 12 1 1 7 1 10 7 12 1 1 1 7 1 10 12 1 10 12 1 1 10 12 1 100 1 100 1 10 12 1 10 12 1 100 1 100 1 10 12 1 10 12 1 100 1 100 1 10 12 1 10 12 1 100 1 100 1 10 8 1 10 12 1 1 10 12 1 8 1 8 1 10 12 1 1 10 12 1 10 12 1 7 1 7 1 10 12 1 7 1 10 12 1 10 12 1 100 1 100 1 10 12 1 10 12 1 100 1 100 1 10 12 1 10 12 1 100 1 100 1 10 12 1 10 12 1 7 1 10 12 1 100 1 10 12 1 100 1 10 12 1 100 1 10 12 1 7 1 10 7 1 10 7 1 10 7 1 10 1 1 1 1 1 1 1 1 1 1 1 1 1 1 1 1 1 1 1 1 1 1 1 1 1 1 1 1 1 1 1 1 1 1 1 1 1 1 1 1 1 1 1 1 1 1 1 1 1 1 1 1 1 1 1 1 1 1 1 1 1 1 1 1 1 1 1 1 1 1 1 1 100 1 100 1 100 1 100 1 100 1 100 1 100 1 100 1 100 1 1 100 1 100 1 1 100 1 1 100 1 1 1 1 1 1 1 1 100 1 1 1 1 1 1 1 1 1 1 1 1 1 1
staticfield java/util/Spliterators EMPTY_SPLITERATOR Ljava/util/Spliterator; java/util/Spliterators$EmptySpliterator$OfRef
staticfield java/util/Spliterators EMPTY_INT_SPLITERATOR Ljava/util/Spliterator$OfInt; java/util/Spliterators$EmptySpliterator$OfInt
staticfield java/util/Spliterators EMPTY_LONG_SPLITERATOR Ljava/util/Spliterator$OfLong; java/util/Spliterators$EmptySpliterator$OfLong
staticfield java/util/Spliterators EMPTY_DOUBLE_SPLITERATOR Ljava/util/Spliterator$OfDouble; java/util/Spliterators$EmptySpliterator$OfDouble
ciInstanceKlass java/util/function/Supplier 1 0 14 100 1 100 1 1 1 1 1 1 1 1 1 1
ciInstanceKlass java/util/Spliterators$ArraySpliterator 1 1 91 10 7 12 1 1 1 10 7 12 1 1 9 12 1 1 9 12 1 1 9 12 1 100 1 9 12 1 100 1 10 11 7 12 1 1 1 10 12 1 1 100 1 10 1 1 1 1 1 1 1 1 1 1 1 1 1 1 1 1 1 1 1 1 1 1 1 1 1 100 1 1 1 1 1 1 1 1 1 1 1 1 1 1 1 1 1 100 1 1 1
ciInstanceKlass java/util/Spliterators$EmptySpliterator$OfRef 1 1 38 10 7 12 1 1 1 10 12 1 1 10 12 1 1 100 1 100 1 1 1 1 1 1 1 1 1 1 1 1 1 1 1 100 1 1 1 1
ciMethod java/util/Spliterators spliterator ([Ljava/lang/Object;III)Ljava/util/Spliterator; 534 0 5600 0 0
ciMethod java/util/Spliterators emptySpliterator ()Ljava/util/Spliterator; 310 0 1280 0 0
ciMethod java/util/Spliterators checkFromToBounds (III)V 534 0 5600 0 0
ciInstanceKlass java/lang/reflect/Modifier 1 1 133 100 1 10 100 12 1 1 1 100 1 10 7 1 8 1 10 12 1 8 1 10 12 1 1 8 1 8 1 8 1 8 1 8 1 8 1 8 1 8 1 8 1 8 1 8 1 10 12 1 1 3 1 1 1 3 1 3 1 3 1 3 1 3 1 3 1 3 1 3 1 3 1 3 1 3 1 3 1 1 1 3 1 3 1 3 1 1 3 1 3 1 3 1 3 1 3 1 1 1 1 1 1 1 1 1 1 1 1 1 1 1 1 1 1 1 1 1 1 1 1 1 1 1 1 1 1 1 1 1 1 1 1
ciInstanceKlass java/lang/Class$ReflectionData 1 1 55 10 7 12 1 1 1 9 7 12 1 1 1 7 1 10 9 12 1 1 1 1 1 1 1 1 1 1 1 1 1 1 1 1 1 1 1 1 1 1 1 1 1 1 1 1 1 1 1 1 1 100 1 1 1
staticfield java/lang/Class$ReflectionData NULL_SENTINEL Ljava/lang/String; ""ciMethod java/lang/reflect/Modifier isPublic (I)Z 512 0 33701 0 64
ciMethod java/lang/reflect/Modifier isPrivate (I)Z 512 0 44153 0 64
ciInstanceKlass jdk/internal/reflect/ReflectionFactory 1 1 581 10 7 12 1 1 1 10 7 12 1 1 1 9 7 12 1 1 1 10 7 12 1 1 1 9 100 12 1 1 1 10 100 12 1 1 1 9 12 1 1 7 1 10 8 1 10 12 1 1 10 7 12 1 1 1 10 12 1 10 12 1 1 10 12 1 1 10 7 12 1 1 1 7 1 10 12 1 11 7 12 1 1 1 7 1 10 12 1 1 10 7 12 1 1 1 11 12 1 1 10 7 12 1 1 1 10 7 12 1 1 1 10 12 1 1 9 12 1 1 10 12 1 1 7 1 10 10 12 1 10 12 1 10 10 12 1 1 7 1 10 12 1 7 1 10 12 1 10 12 1 1 10 7 1 10 10 12 1 100 1 10 12 1 8 1 7 1 10 12 1 1 7 1 10 12 1 10 10 10 10 12 1 1 7 1 10 7 1 10 12 1 10 12 1 11 12 1 1 11 12 1 1 11 12 1 1 11 12 1 11 12 1 11 12 1 1 11 12 1 1 11 12 1 1 11 12 1 1 11 12 1 1 100 1 10 12 1 1 10 12 1 1 10 12 1 1 10 12 1 10 12 1 9 12 1 7 1 100 1 10 10 12 1 10 12 1 1 10 12 1 9 12 1 10 12 1 10 12 1 10 12 1 1 11 12 1 1 11 12 1 1 11 12 1 1 11 12 1 10 10 8 1 100 1 10 12 1 1 8 1 8 1 100 1 9 100 12 1 1 1 10 12 1 10 12 1 10 10 100 12 1 1 1 10 100 12 1 1 1 100 1 100 1 8 1 10 12 1 8 1 10 12 1 1 8 1 10 12 1 10 12 1 9 12 1 1 100 1 8 1 8 1 10 12 1 10 12 1 1 100 1 10 12 1 100 1 8 1 100 1 9 8 1 9 12 1 1 9 12 1 10 7 12 1 1 10 7 12 1 1 1 8 1 10 7 12 1 1 1 8 1 10 7 12 1 1 1 8 1 10 100 12 1 1 1 100 1 100 1 8 1 10 8 1 10 12 1 10 12 1 1 10 12 1 10 12 1 10 1 1 1 1 1 1 1 1 1 1 1 1 1 1 1 1 1 1 1 1 1 1 1 1 1 1 1 1 1 1 1 1 1 1 1 1 1 1 1 1 1 1 1 1 1 1 1 1 1 1 1 1 1 1 1 1 1 1 1 1 1 100 1 1 1 1 1 1 1 1 1 1 1 100 1 1 1 1 1 1 1 1 1 1 1 1 1 1 1 1 1 1 1 1 1 1 1 1 100 1 1 1 1 1 1 1 1 1 1 1 1 1 1 1 1 1 1 100 1 1 1 1
staticfield jdk/internal/reflect/ReflectionFactory soleInstance Ljdk/internal/reflect/ReflectionFactory; jdk/internal/reflect/ReflectionFactory
staticfield jdk/internal/reflect/ReflectionFactory $assertionsDisabled Z 1
ciInstanceKlass jdk/internal/reflect/ReflectionFactory$GetReflectionFactoryAction 1 1 33 10 7 12 1 1 1 10 7 12 1 1 1 10 7 12 1 1 100 1 1 1 1 1 1 1 1 1 1 1 1 1 1
ciMethod jdk/internal/reflect/ReflectionFactory$GetReflectionFactoryAction <init> ()V 6 0 4 0 -1
ciMethod jdk/internal/reflect/ReflectionFactory copyMethod (Ljava/lang/reflect/Method;)Ljava/lang/reflect/Method; 782 0 32207 0 0
instanceKlass java/util/LinkedHashSet
ciInstanceKlass java/util/HashSet 1 1 285 10 7 12 1 1 1 7 1 10 9 7 12 1 1 1 11 7 12 1 1 1 4 10 7 12 1 1 1 10 12 1 10 12 1 1 10 12 1 7 1 10 10 12 1 1 11 7 12 1 1 1 10 10 12 1 1 10 12 1 1 9 12 1 1 10 12 1 1 10 12 1 1 10 12 1 10 7 12 1 1 1 10 100 1 100 1 10 12 1 10 100 12 1 1 10 12 1 10 12 1 10 12 1 1 10 12 1 1 11 100 12 1 1 11 12 1 10 12 1 1 10 100 12 1 1 1 10 12 1 100 1 100 1 10 8 1 10 12 1 1 10 12 1 10 12 1 1 10 12 1 10 12 1 10 100 12 1 1 1 8 1 10 12 1 4 10 12 1 4 10 12 1 8 1 4 10 100 12 1 1 1 100 1 10 12 1 1 11 100 12 1 1 1 100 1 10 12 1 7 1 10 12 1 10 12 1 1 10 12 1 10 100 1 100 1 1 1 1 5 0 1 1 1 1 1 1 1 1 1 1 1 1 1 1 1 1 1 1 1 1 1 1 1 1 1 1 1 1 1 1 1 1 1 1 100 1 1 1 1 100 1 1 1 1 1 1 1 1 1 1 1 1 1 1 1 100 1 1 100 1 100 1 1 1
staticfield java/util/HashSet PRESENT Ljava/lang/Object; java/lang/Object
ciInstanceKlass java/util/Collections$EmptySet 1 1 100 10 7 12 1 1 1 10 7 12 1 1 1 11 7 12 1 1 1 7 1 10 7 12 1 1 1 10 7 12 1 1 1 9 12 1 1 100 1 100 1 1 1 1 5 0 1 1 1 1 1 1 1 1 1 1 1 1 1 1 1 1 1 1 1 1 1 1 1 1 1 1 1 1 1 1 1 1 1 1 1 1 1 1 1 1 1 1 1 1 1 1 1 1 1 1 1 1 1 1
ciMethod java/util/HashSet isEmpty ()Z 528 0 6457 0 96
instanceKlass java/util/LinkedHashMap$Entry
ciInstanceKlass java/util/HashMap$Node 1 1 95 10 7 12 1 1 1 9 7 12 1 1 1 9 12 1 1 9 12 1 9 12 1 1 100 1 10 10 12 1 1 8 1 10 12 1 10 12 1 1 10 7 12 1 1 1 100 1 11 12 1 1 10 12 1 1 11 12 1 1 1 1 1 1 1 1 1 1 1 1 1 1 1 1 1 1 1 1 1 1 1 1 1 1 1 1 1 1 100 1 1 1 100 1 1
instanceKlass java/util/HashMap$TreeNode
ciInstanceKlass java/util/LinkedHashMap$Entry 1 1 41 10 7 12 1 1 1 100 1 1 1 1 1 1 1 1 1 1 1 1 1 1 1 1 1 1 1 1 1 1 1 1 1 1 100 1 1 100 1 1 1
ciInstanceKlass java/util/HashMap$TreeNode 0 0 250 100 1 10 100 12 1 1 1 9 100 12 1 1 1 9 12 1 1 9 12 1 9 12 1 1 9 12 1 1 10 12 1 1 100 1 10 12 1 9 12 1 9 12 1 9 12 1 1 10 100 12 1 1 1 10 12 1 1 10 12 1 1 10 12 1 1 10 12 1 1 10 12 1 1 10 100 12 1 1 1 10 100 12 1 1 1 10 100 12 1 1 1 9 12 1 10 12 1 1 10 12 1 1 10 12 1 1 10 12 1 1 9 100 1 10 12 1 1 10 12 1 1 10 12 1 10 12 1 1 10 12 1 10 12 1 10 12 1 1 1 1 1 1 1 1 1 1 1 1 1 1 1 1 1 1 1 1 1 1 1 1 1 1 100 1 1 1 1 1 1 1 1 1 1 1 1 1 1 1 1 1 1 1 1 1 1 1 1 1 1 1 1 1 1 1 1 1 1 1 1 1 1 1 1 1 1 1 1 1 1 1 1 1 1 1 1 1 1 1 1 1 1 1 1 1 1 1 1 1 1 1 1 1 1 1 1 1 1 1 1 1 1 1 1 100 1 1 1 1
ciMethod java/util/LinkedHashMap$Entry <init> (ILjava/lang/Object;Ljava/lang/Object;Ljava/util/HashMap$Node;)V 582 0 5552 0 0
ciMethod java/util/HashMap$Node <init> (ILjava/lang/Object;Ljava/lang/Object;Ljava/util/HashMap$Node;)V 552 0 12704 0 0
ciInstanceKlass java/lang/ref/ReferenceQueue$Lock 1 1 21 10 7 12 1 1 1 100 1 1 1 1 1 1 1 1 1 7 1 1 1
ciInstanceKlass java/util/concurrent/ConcurrentMap 1 1 208 11 7 12 1 1 1 10 7 12 1 1 11 12 1 1 11 100 12 1 1 1 11 100 12 1 1 1 11 12 1 1 100 1 11 12 1 11 12 1 100 1 11 100 12 1 1 1 18 12 1 11 12 1 1 11 7 12 1 1 11 12 1 1 11 100 12 1 11 12 1 1 11 12 1 1 100 1 100 1 1 1 1 1 1 1 1 1 1 1 1 1 1 1 1 1 1 1 1 1 1 1 1 1 1 1 1 1 1 1 1 1 1 1 1 1 1 1 1 1 1 1 1 1 1 1 1 1 1 1 1 1 1 1 1 1 1 1 1 15 10 100 12 1 1 1 16 15 11 12 1 1 100 1 100 1 1 1 100 1 8 1 1 12 10 1 1 1 8 1 1 8 1 1 1 8 1 1 1 8 1 1 1 8 1 1 1 8 1 1 1 8 1 1 1 8 1 1 1 8 1 1 1 8 1 1 8 1
ciMethod java/util/concurrent/ConcurrentMap get (Ljava/lang/Object;)Ljava/lang/Object; 0 0 1 0 -1
ciMethod java/util/concurrent/ConcurrentMap putIfAbsent (Ljava/lang/Object;Ljava/lang/Object;)Ljava/lang/Object; 0 0 1 0 -1
ciMethod java/util/concurrent/ConcurrentMap computeIfAbsent (Ljava/lang/Object;Ljava/util/function/Function;)Ljava/lang/Object; 296 0 6301 0 256
ciInstanceKlass java/util/function/BiConsumer 1 1 60 10 100 12 1 1 1 18 12 1 1 11 100 12 1 1 100 1 1 1 1 1 1 1 1 1 1 1 1 1 1 1 1 1 1 1 1 1 1 1 1 1 1 15 10 100 12 1 1 1 16 15 11 12 1 100 1 100 1 1
ciInstanceKlass jdk/internal/reflect/MethodAccessor 1 0 14 100 1 100 1 1 1 1 100 1 100 1 1 1
ciInstanceKlass java/lang/invoke/DirectMethodHandle$Constructor 1 1 90 10 7 12 1 1 1 9 7 12 1 1 1 9 12 1 1 9 12 1 1 10 100 12 1 1 1 100 1 10 12 1 9 12 1 9 12 1 10 12 1 10 12 1 1 9 12 1 1 10 12 1 1 10 7 12 1 1 1 1 1 1 1 1 1 1 1 1 1 1 100 1 100 1 1 1 1 1 1 1 1 1 1 1 1 1 1 1 1 1
staticfield java/lang/invoke/DirectMethodHandle$Constructor $assertionsDisabled Z 1
ciInstanceKlass java/util/concurrent/locks/LockSupport 1 1 94 10 100 12 1 1 1 9 7 12 1 1 1 9 12 1 1 10 7 12 1 1 1 10 7 12 1 1 1 10 12 1 1 10 12 1 1 10 12 1 1 100 1 10 10 12 1 1 9 12 1 10 12 1 1 10 12 1 1 8 1 10 12 1 1 8 1 1 1 1 1 1 1 1 1 1 1 1 1 1 1 1 1 1 1 1 1 1 1 1 1 1 1 1
staticfield java/util/concurrent/locks/LockSupport U Ljdk/internal/misc/Unsafe; jdk/internal/misc/Unsafe
staticfield java/util/concurrent/locks/LockSupport PARKBLOCKER J 76
staticfield java/util/concurrent/locks/LockSupport TID J 32
instanceKlass org/hibernate/validator/internal/util/ConcurrentReferenceHashMap$Segment
instanceKlass org/springframework/util/ConcurrentReferenceHashMap$Segment
instanceKlass java/util/concurrent/ConcurrentHashMap$Segment
ciInstanceKlass java/util/concurrent/locks/ReentrantLock 1 1 177 10 7 12 1 1 1 7 1 10 9 7 12 1 1 1 100 1 10 10 7 12 1 1 10 12 1 10 12 1 1 10 100 12 1 1 1 10 12 1 1 10 12 1 1 10 12 1 1 10 12 1 1 10 12 1 10 12 1 10 12 1 1 10 12 1 10 12 1 1 10 12 1 10 12 1 1 100 1 10 100 1 100 1 8 1 10 12 1 10 12 1 1 10 12 1 1 10 12 1 1 100 1 10 10 12 1 1 10 12 1 1 8 1 8 1 10 100 12 1 1 8 1 10 100 1 100 1 1 1 1 5 0 1 1 1 1 1 1 1 1 1 1 100 1 1 1 1 1 1 1 1 1 1 1 1 1 1 1 1 1 1 1 1 1 100 1 1 1 1 1 1 1 1 100 1 1
ciMethod java/util/concurrent/locks/ReentrantLock lock ()V 246 0 18680 0 704
ciMethod java/util/concurrent/locks/ReentrantLock unlock ()V 242 0 23201 0 416
instanceKlass java/util/ArrayList$ListItr
ciInstanceKlass java/util/ArrayList$Itr 1 1 103 9 7 12 1 1 1 10 7 12 1 1 1 9 12 1 1 9 7 12 1 1 9 12 1 9 12 1 9 12 1 10 12 1 100 1 10 9 12 1 1 100 1 10 100 1 10 10 12 1 1 100 1 10 100 12 1 1 1 10 12 1 1 11 100 12 1 1 1 100 1 1 1 1 1 1 1 1 1 1 1 1 1 1 1 100 1 1 1 1 1 1 1 1 1 1 1 1 1 1 1 1 1
ciInstanceKlass java/util/ArrayList$ArrayListSpliterator 1 1 100 9 7 12 1 1 1 10 7 12 1 1 1 9 12 1 1 9 12 1 9 12 1 9 7 12 1 1 9 12 1 10 12 1 1 10 12 1 100 1 10 9 12 1 1 11 7 12 1 1 1 100 1 10 100 1 10 12 1 1 1 1 1 1 1 1 1 1 1 1 1 1 1 1 1 1 1 1 1 1 1 1 1 1 1 1 1 1 100 1 1 1 1 1 1 1 1 1 1 1
ciInstanceKlass jdk/internal/access/JavaLangReflectAccess 1 0 64 100 1 100 1 1 1 1 1 1 1 1 1 1 1 1 1 1 1 1 1 1 1 1 1 1 1 1 1 1 1 1 1 1 1 1 1 1 1 1 1 1 1 1 1 1 1 1 1 1 100 1 100 1 100 1 1 1 1 100 1 1 1 1
ciMethod jdk/internal/access/JavaLangReflectAccess copyMethod (Ljava/lang/reflect/Method;)Ljava/lang/reflect/Method; 0 0 1 0 -1
ciInstanceKlass java/util/stream/TerminalOp 1 1 55 9 100 12 1 1 1 9 100 12 1 1 1 10 100 12 1 1 1 8 1 10 12 1 1 11 100 12 1 1 1 1 1 1 1 1 1 1 1 1 1 1 1 1 1 1 1 1 1 1 1 1 1 1 1
ciInstanceKlass java/util/TreeMap 1 1 686 10 7 12 1 1 1 9 7 12 1 1 1 9 12 1 9 12 1 1 10 12 1 1 11 7 12 1 1 11 12 1 11 12 1 1 11 7 12 1 1 1 10 12 1 1 7 1 7 1 10 12 1 1 10 12 1 1 9 7 12 1 1 1 10 12 1 1 10 12 1 1 10 12 1 1 10 12 1 11 7 1 10 7 12 1 1 11 10 10 12 1 10 12 1 1 7 1 9 12 1 1 9 12 11 12 1 1 9 12 1 9 12 1 11 7 12 1 1 1 10 9 12 1 10 12 1 1 10 12 1 1 10 12 1 1 10 12 1 1 10 12 1 1 10 12 1 1 10 12 1 11 7 12 1 1 100 1 10 11 100 12 1 1 10 12 1 10 12 1 1 10 12 1 10 12 1 1 100 1 100 1 10 12 1 9 12 1 9 12 1 1 9 12 1 1 10 10 12 1 1 10 12 1 10 12 1 10 12 1 10 12 1 10 12 1 10 12 1 7 1 10 12 1 10 12 1 11 7 1 9 12 1 1 7 1 10 12 1 7 1 10 7 1 10 12 1 100 1 10 10 12 1 1 10 12 1 1 10 12 1 11 7 12 1 1 7 1 10 12 1 100 1 10 10 7 12 1 1 100 1 10 12 1 100 1 10 9 12 1 1 10 12 1 10 12 1 10 12 1 10 12 1 1 10 12 1 1 10 12 1 10 12 1 10 12 1 10 7 12 1 1 10 12 1 1 11 7 12 1 1 1 11 12 1 7 1 11 12 1 10 12 1 1 11 12 1 10 100 12 1 1 10 12 1 11 100 1 11 10 12 1 1 10 12 1 10 12 1 10 100 12 1 1 10 12 1 1 9 12 1 1 10 12 1 100 1 10 7 1 10 12 1 100 1 10 10 9 12 1 100 1 100 1 1 1 1 1 1 1 1 1 3 1 3 1 1 5 0 1 1 1 1 1 1 1 1 1 1 1 1 1 1 1 100 1 1 1 1 1 1 1 1 1 1 1 1 1 1 1 1 1 1 1 1 1 1 1 1 1 1 1 1 1 1 1 1 1 1 1 1 1 1 1 1 1 1 1 1 1 1 1 1 1 1 1 1 1 1 1 1 1 1 1 1 1 1 1 1 1 1 1 1 1 1 1 1 1 1 1 1 1 1 1 1 1 100 1 1 1 1 1 1 100 1 1 1 1 1 1 1 1 1 1 1 1 1 1 1 1 1 1 1 1 1 1 1 1 1 1 1 1 1 1 1 1 1 1 1 1 1 1 1 1 1 1 1 1 1 1 1 1 1 1 1 1 1 1 1 1 1 1 1 1 1 1 1 1 1 1 1 1 1 1 1 1 1 1 1 1 1 1 1 1 1 1 1 1 1 1 1 1 1 1 1 1 1 1 1 1 1 1 1 1 1 1 1 1 100 1 100 1 100 1 100 1 100 1 100 1 100 1 100 1 100 1 100 1 100 1 100 1 100 1 100 1 100 1 1 1 1 1 1 1 1 1 1 1 1 1 1 1 1 1 1 1 1 1 1 1 1 1 1 1 1 1
staticfield java/util/TreeMap UNBOUNDED Ljava/lang/Object; java/lang/Object
ciInstanceKlass java/lang/invoke/BoundMethodHandle$Species_L 1 1 125 10 7 12 1 1 1 9 7 12 1 1 1 9 12 1 1 10 12 1 9 7 12 1 1 1 10 7 12 1 1 1 10 12 1 1 10 7 12 1 1 1 100 1 10 100 12 1 1 1 9 12 1 10 12 1 9 12 1 10 12 1 9 12 1 10 12 1 9 12 1 10 12 1 10 12 1 1 10 12 1 1 1 1 1 1 1 1 1 1 1 1 1 1 1 1 1 1 1 1 1 1 1 1 1 1 1 1 1 1 1 1 1 1 1 1 1 1 1 1 1 1 100 1 1
ciInstanceKlass java/lang/invoke/BoundMethodHandle$Species_LLLLLLLLL 1 1 94 1 7 1 7 1 1 1 1 1 1 1 1 1 1 1 1 1 1 1 12 9 1 1 1 12 10 12 9 12 9 12 9 12 9 12 9 12 9 12 9 12 9 12 9 1 1 12 10 1 1 1 100 1 7 1 1 12 10 1 7 1 1 12 10 1 1 1 12 10 1 1 1 12 10 1 1 1 12 10 1 1 1 12 10 1 1 1 12 10 1 1 1 1
ciInstanceKlass java/util/function/BinaryOperator 1 1 79 10 7 12 1 1 1 18 12 1 1 18 11 100 12 1 1 1 7 1 100 1 100 1 1 1 1 1 1 1 1 1 1 1 1 1 1 1 1 1 1 1 1 1 1 1 1 1 15 10 7 12 1 1 1 16 1 15 11 12 15 11 12 1 100 1 100 1 1 1 100 1 8 1 1 12 10 1 1
ciInstanceKlass java/util/stream/ReduceOps 1 1 263 10 100 12 1 1 1 10 7 12 1 1 1 7 1 9 7 12 1 1 1 10 12 1 7 1 10 12 1 7 1 11 12 1 1 11 12 1 1 11 12 1 1 7 1 10 12 1 100 1 10 12 1 7 1 10 12 1 100 1 9 12 1 10 12 1 100 1 10 12 1 100 1 10 12 1 100 1 10 7 1 9 12 1 10 12 1 100 1 10 12 1 100 1 10 12 1 100 1 10 100 1 9 12 1 10 12 1 100 1 10 12 1 7 1 10 12 1 100 1 10 100 1 1 1 1 1 1 1 1 1 1 1 1 1 1 1 1 1 1 1 1 1 1 1 1 1 1 1 1 1 1 1 1 1 1 1 1 1 1 1 1 1 1 1 1 1 1 1 1 1 1 1 1 1 1 1 1 1 1 1 1 1 1 1 1 1 1 1 1 1 1 1 1 1 1 1 1 1 1 1 1 1 1 1 1 1 1 100 1 100 1 100 1 100 1 100 1 100 1 100 1 100 1 100 1 100 1 100 1 100 1 100 1 100 1 100 1 100 1 100 1 100 1 100 1 100 1 100 1 100 1 1 1 1 1 1 1 1 1 1 1 1
ciMethod java/util/stream/AbstractPipeline opIsStateful ()Z 0 0 1 0 -1
ciMethod java/util/stream/ReduceOps makeRef (Ljava/util/stream/Collector;)Ljava/util/stream/TerminalOp; 514 0 8739 0 -1
ciInstanceKlass java/util/stream/ReferencePipeline$2 1 1 56 9 7 12 1 1 1 9 12 1 1 10 7 12 1 1 1 7 1 10 12 1 1 1 1 1 1 1 1 1 1 1 1 1 1 1 1 1 1 1 1 1 1 1 1 1 1 1 100 1 12 1 1 1 1 1
ciMethod java/util/stream/ReferencePipeline$StatelessOp opIsStateful ()Z 258 0 129 0 0
ciInstanceKlass java/util/stream/ReferencePipeline$3 1 1 56 9 7 12 1 1 1 9 12 1 1 10 7 12 1 1 1 7 1 10 12 1 1 1 1 1 1 1 1 1 1 1 1 1 1 1 1 1 1 1 1 1 1 1 1 1 1 1 100 1 12 1 1 1 1 1
ciMethod java/util/stream/ReferencePipeline$3 <init> (Ljava/util/stream/ReferencePipeline;Ljava/util/stream/AbstractPipeline;Ljava/util/stream/StreamShape;ILjava/util/function/Function;)V 512 0 4932 0 0
ciInstanceKlass java/util/stream/Collectors$$Lambda$23+0x80000003a 1 1 23 1 7 1 7 1 100 1 1 12 10 1 1 1 7 1 7 1 1 12 10 1 1
ciInstanceKlass java/util/stream/Collectors$$Lambda$26+0x80000003d 1 1 21 1 7 1 7 1 100 1 1 12 10 1 1 1 100 1 1 12 10 1 1
ciInstanceKlass java/util/stream/Collectors$$Lambda$27+0x80000003e 1 1 20 1 7 1 7 1 100 1 1 12 10 1 1 1 7 1 12 10 1 1
ciInstanceKlass java/util/stream/Collectors$$Lambda$28+0x80000003f 1 1 21 1 7 1 7 1 100 1 1 12 10 1 1 1 7 1 1 12 10 1 1
ciInstanceKlass java/util/stream/Collectors$$Lambda$31+0x800000042 1 1 32 1 7 1 7 1 100 1 1 1 1 1 1 1 12 10 12 9 12 9 12 9 1 1 1 7 1 1 12 10 1 1
ciMethod java/util/stream/Collectors$$Lambda$31+0x800000042 <init> (Ljava/lang/CharSequence;Ljava/lang/CharSequence;Ljava/lang/CharSequence;)V 638 0 2583 0 0
ciMethod java/util/concurrent/locks/LockSupport parkNanos (Ljava/lang/Object;J)V 8 0 2055 0 -1
ciMethod java/util/concurrent/locks/LockSupport unpark (Ljava/lang/Thread;)V 0 0 3258 0 0
ciMethod java/util/concurrent/locks/LockSupport park (Ljava/lang/Object;)V 420 0 1244 0 -1
ciMethod java/lang/ref/ReferenceQueue poll ()Ljava/lang/ref/Reference; 514 0 32937 0 1344
ciMethod java/util/HashMap$TreeNode treeify ([Ljava/util/HashMap$Node;)V 0 0 1 0 -1
ciMethod java/util/HashMap$TreeNode putTreeVal (Ljava/util/HashMap;[Ljava/util/HashMap$Node;ILjava/lang/Object;Ljava/lang/Object;)Ljava/util/HashMap$TreeNode; 0 0 1 0 -1
ciMethod java/util/HashMap$TreeNode split (Ljava/util/HashMap;[Ljava/util/HashMap$Node;II)V 0 0 1 0 -1
ciMethod java/util/Spliterators$ArraySpliterator <init> ([Ljava/lang/Object;III)V 512 0 6269 0 0
ciMethod java/util/function/Supplier get ()Ljava/lang/Object; 0 0 1 0 -1
ciMethod java/util/RegularEnumSet <init> (Ljava/lang/Class;[Ljava/lang/Enum;)V 526 0 7984 0 0
ciMethod java/util/stream/ReferencePipeline$Head <init> (Ljava/util/Spliterator;IZ)V 512 0 5434 0 0
ciMethod java/util/stream/ReferencePipeline$StatelessOp <init> (Ljava/util/stream/AbstractPipeline;Ljava/util/stream/StreamShape;I)V 522 0 8360 0 0
ciMethod java/util/stream/ReferencePipeline <init> (Ljava/util/stream/AbstractPipeline;I)V 516 0 8419 0 0
ciMethod java/util/stream/ReferencePipeline <init> (Ljava/util/Spliterator;IZ)V 512 0 5434 0 0
ciMethod java/util/stream/AbstractPipeline <init> (Ljava/util/stream/AbstractPipeline;I)V 516 0 7871 0 1024
ciMethod java/util/stream/AbstractPipeline <init> (Ljava/util/Spliterator;IZ)V 512 0 6274 0 0
ciMethod java/util/stream/AbstractPipeline getOutputShape ()Ljava/util/stream/StreamShape; 0 0 1 0 -1
ciMethod java/util/stream/AbstractPipeline evaluate (Ljava/util/stream/TerminalOp;)Ljava/lang/Object; 542 0 9492 0 -1
ciMethod java/util/stream/AbstractPipeline isOrdered ()Z 0 0 1 0 -1
ciMethod java/util/stream/PipelineHelper <init> ()V 518 0 14145 0 0
ciMethod java/util/AbstractSet <init> ()V 662 0 56857 0 -1
ciMethod java/util/stream/Collectors castingIdentity ()Ljava/util/function/Function; 512 0 7536 0 0
ciMethod java/util/stream/Collectors joining (Ljava/lang/CharSequence;Ljava/lang/CharSequence;Ljava/lang/CharSequence;)Ljava/util/stream/Collector; 380 0 2583 0 0
ciMethod java/util/stream/Collector of (Ljava/util/function/Supplier;Ljava/util/function/BiConsumer;Ljava/util/function/BinaryOperator;[Ljava/util/stream/Collector$Characteristics;)Ljava/util/stream/Collector; 712 0 7796 0 0
ciMethod java/util/stream/Collector characteristics ()Ljava/util/Set; 0 0 1 0 -1
ciMethod java/util/stream/Collector supplier ()Ljava/util/function/Supplier; 0 0 1 0 -1
ciMethod java/util/stream/Collector accumulator ()Ljava/util/function/BiConsumer; 0 0 1 0 -1
ciMethod java/util/stream/Collector finisher ()Ljava/util/function/Function; 0 0 1 0 -1
ciMethod java/util/Collections emptySet ()Ljava/util/Set; 512 0 18506 0 -1
ciMethod java/util/Collections unmodifiableSet (Ljava/util/Set;)Ljava/util/Set; 516 0 2217 0 -1
ciMethod java/util/Collections emptyList ()Ljava/util/List; 1024 0 16681 0 -1
ciMethod java/lang/invoke/DirectMethodHandle allocateInstance (Ljava/lang/Object;)Ljava/lang/Object; 518 0 84251 0 0
ciMethod java/lang/invoke/DirectMethodHandle constructorMethod (Ljava/lang/Object;)Ljava/lang/Object; 518 0 84251 0 0
ciMethod java/util/HashMap removeNode (ILjava/lang/Object;Ljava/lang/Object;ZZ)Ljava/util/HashMap$Node; 516 0 2788 0 -1
ciMethod java/util/HashMap resize ()[Ljava/util/HashMap$Node; 34 550 1231 0 -1
ciMethod java/util/HashMap treeifyBin ([Ljava/util/HashMap$Node;I)V 0 0 1 0 0
ciMethod java/util/HashMap putVal (ILjava/lang/Object;Ljava/lang/Object;ZZ)Ljava/lang/Object; 546 80 35949 0 1952
ciMethod java/util/HashMap hash (Ljava/lang/Object;)I 548 0 66055 0 192
ciMethod java/util/LinkedHashMap newNode (ILjava/lang/Object;Ljava/lang/Object;Ljava/util/HashMap$Node;)Ljava/util/HashMap$Node; 582 0 5552 0 1088
ciMethod java/util/LinkedHashMap afterNodeAccess (Ljava/util/HashMap$Node;)V 0 0 2568 0 0
ciMethod java/util/LinkedHashMap afterNodeInsertion (Z)V 582 0 6492 0 160
ciMethod java/util/LinkedHashMap linkNodeLast (Ljava/util/LinkedHashMap$Entry;)V 582 0 5552 0 0
ciMethod java/util/LinkedHashMap removeEldestEntry (Ljava/util/Map$Entry;)Z 264 0 3473 0 -1
ciMethod java/util/Spliterator characteristics ()I 0 0 1 0 -1
ciMethod java/util/AbstractList <init> ()V 330 0 63742 0 64
ciMethod java/util/List get (I)Ljava/lang/Object; 0 0 1 0 -1
ciMethod java/util/List isEmpty ()Z 0 0 1 0 -1
ciMethod java/util/List size ()I 0 0 1 0 -1
ciMethod java/util/List iterator ()Ljava/util/Iterator; 0 0 1 0 -1
ciMethod java/util/function/Function apply (Ljava/lang/Object;)Ljava/lang/Object; 0 0 1 0 -1
ciMethod java/lang/reflect/Method isBridge ()Z 28 0 26855 0 96
ciMethod java/lang/reflect/Method copy ()Ljava/lang/reflect/Method; 782 0 6550 0 704
ciMethod java/lang/reflect/Method getReturnType ()Ljava/lang/Class; 288 0 144 0 0
ciMethod java/lang/reflect/Method <init> (Ljava/lang/Class;Ljava/lang/String;[Ljava/lang/Class;Ljava/lang/Class;[Ljava/lang/Class;IILjava/lang/String;[B[B[B)V 782 0 6550 0 2304
ciMethod java/lang/reflect/Member getDeclaringClass ()Ljava/lang/Class; 0 0 1 0 -1
ciMethod java/lang/ref/ReferenceQueue reallyPoll ()Ljava/lang/ref/Reference; 4 0 2662 0 0
ciMethod java/lang/PublicMethods$MethodList filter ([Ljava/lang/reflect/Method;Ljava/lang/String;[Ljava/lang/Class;Z)Ljava/lang/PublicMethods$MethodList; 442 4134 5537 0 -1
ciMethod java/lang/PublicMethods$MethodList getMostSpecific ()Ljava/lang/reflect/Method; 520 0 7447 0 0
ciMethod java/lang/PublicMethods$MethodList merge (Ljava/lang/PublicMethods$MethodList;Ljava/lang/PublicMethods$MethodList;)Ljava/lang/PublicMethods$MethodList; 56 54 4911 0 -1
ciMethod java/util/concurrent/locks/ReentrantLock$Sync lock ()V 246 0 18680 0 0
ciMethod java/util/concurrent/locks/ReentrantLock$NonfairSync tryAcquire (I)Z 734 0 5488 0 320
ciMethod java/util/concurrent/locks/ReentrantLock$NonfairSync initialTryLock ()Z 512 0 10537 0 384
ciMethod java/util/Arrays sort ([Ljava/lang/Object;Ljava/util/Comparator;)V 514 0 374 0 -1
ciMethod java/util/Arrays spliterator ([Ljava/lang/Object;II)Ljava/util/Spliterator; 534 0 5600 0 0
ciMethod java/util/Arrays stream ([Ljava/lang/Object;II)Ljava/util/stream/Stream; 534 0 5600 0 0
ciMethod java/util/Arrays stream ([Ljava/lang/Object;)Ljava/util/stream/Stream; 534 0 5600 0 0
ciMethod java/util/Arrays copyOf ([Ljava/lang/Object;I)[Ljava/lang/Object; 24 0 8484 0 -1
ciMethod java/util/Arrays equals ([Ljava/lang/Object;[Ljava/lang/Object;)Z 482 824 3114 0 384
ciMethod java/lang/Math max (II)I 518 0 196176 0 -1
ciMethod java/lang/ReflectiveOperationException <init> (Ljava/lang/String;)V 514 0 645 0 -1
ciMethod jdk/internal/access/JavaLangAccess getEnumConstantsShared (Ljava/lang/Class;)[Ljava/lang/Enum; 0 0 1 0 -1
ciMethod java/lang/Thread interrupted ()Z 512 0 25969 0 -1
ciMethod java/lang/Thread onSpinWait ()V 350 0 175 0 -1
ciMethod java/lang/Thread currentThread ()Ljava/lang/Thread; 256 0 128 0 -1
ciMethod java/util/Set contains (Ljava/lang/Object;)Z 0 0 1 0 -1
ciMethod java/util/Set size ()I 0 0 1 0 -1
ciMethod java/util/Set isEmpty ()Z 0 0 1 0 -1
ciMethod java/util/Map put (Ljava/lang/Object;Ljava/lang/Object;)Ljava/lang/Object; 0 0 1 0 -1
ciMethod java/util/Map get (Ljava/lang/Object;)Ljava/lang/Object; 0 0 1 0 -1
ciMethod jdk/internal/access/SharedSecrets getJavaLangAccess ()Ljdk/internal/access/JavaLangAccess; 514 0 45348 0 96
ciMethod java/lang/reflect/ReflectAccess copyMethod (Ljava/lang/reflect/Method;)Ljava/lang/reflect/Method; 782 0 32207 0 0
ciMethod jdk/internal/misc/Unsafe allocateInstance (Ljava/lang/Class;)Ljava/lang/Object; 256 0 128 0 -1
ciMethod jdk/internal/misc/Unsafe compareAndSetInt (Ljava/lang/Object;JII)Z 256 0 128 0 -1
ciMethod jdk/internal/misc/Unsafe getAndAddInt (Ljava/lang/Object;JI)I 512 0 1614 0 -1
ciMethod jdk/internal/misc/Unsafe unpark (Ljava/lang/Object;)V 258 0 129 0 -1
ciMethod jdk/internal/misc/Unsafe getAndBitwiseAndInt (Ljava/lang/Object;JI)I 536 0 5123 0 -1
ciMethod jdk/internal/misc/VM addFinalRefCount (I)V 0 0 30 0 -1
ciMethod jdk/internal/reflect/Reflection getCallerClass ()Ljava/lang/Class; 256 0 128 0 -1
ciMethod java/lang/StringBuilder <init> ()V 146 0 100091 0 384
ciMethod java/lang/StringBuilder toString ()Ljava/lang/String; 148 0 104584 0 1088
ciMethod java/lang/StringBuilder append (Ljava/lang/String;)Ljava/lang/StringBuilder; 284 0 301804 0 1888
ciMethod java/lang/StringBuilder append (C)Ljava/lang/StringBuilder; 264 0 369109 0 1408
ciMethod java/lang/String length ()I 584 0 1435099 0 96
ciMethod java/lang/String equals (Ljava/lang/Object;)Z 970 0 15959 0 384
ciMethod java/lang/String hashCode ()I 1024 0 18006 0 448
ciMethod java/lang/String coder ()B 648 0 1649315 0 64
ciMethod java/lang/String isLatin1 ()Z 912 0 2412764 0 96
ciMethod java/lang/String startsWith (Ljava/lang/String;I)Z 512 3366 6727 0 1120
ciMethod java/lang/String startsWith (Ljava/lang/String;)Z 512 0 1268856 0 864
ciMethod java/util/ArrayList isEmpty ()Z 512 0 10672 0 96
ciMethod java/util/ArrayList <init> ()V 514 0 37377 0 256
ciMethod java/security/AccessController doPrivileged (Ljava/security/PrivilegedAction;)Ljava/lang/Object; 132 0 18013 0 -1
ciMethod java/lang/Enum getDeclaringClass ()Ljava/lang/Class; 768 0 5823 0 0
ciMethod java/lang/Enum ordinal ()I 356 0 178 0 0
ciMethod java/util/Iterator hasNext ()Z 0 0 1 0 -1
ciMethod java/util/Iterator next ()Ljava/lang/Object; 0 0 1 0 -1
ciMethod java/lang/reflect/AnnotatedElement getDeclaredAnnotations ()[Ljava/lang/annotation/Annotation; 0 0 1 0 -1
ciMethod java/lang/Class getDeclaredMethods ()[Ljava/lang/reflect/Method; 512 0 1597 0 -1
ciMethod java/lang/Class getMethods ()[Ljava/lang/reflect/Method; 512 0 1165 0 -1
ciMethod java/lang/Class getMethod (Ljava/lang/String;[Ljava/lang/Class;)Ljava/lang/reflect/Method; 406 0 8293 4 0
ciMethod java/lang/Class getEnumConstantsShared ()[Ljava/lang/Object; 512 0 7954 0 -1
ciMethod java/lang/Class getMethodsRecursive (Ljava/lang/String;[Ljava/lang/Class;Z)Ljava/lang/PublicMethods$MethodList; 526 56 9796 0 20768
ciMethod java/lang/Class methodToString (Ljava/lang/String;[Ljava/lang/Class;)Ljava/lang/String; 304 0 531 0 0
ciMethod java/lang/Class getMethod0 (Ljava/lang/String;[Ljava/lang/Class;)Ljava/lang/reflect/Method; 524 0 7780 0 416
ciMethod java/lang/Class privateGetDeclaredMethods (Z)[Ljava/lang/reflect/Method; 516 0 10855 0 -1
ciMethod java/lang/Class getEnclosingClass ()Ljava/lang/Class; 0 0 658 0 -1
ciMethod java/lang/Class getInterfaces0 ()[Ljava/lang/Class; 258 0 129 0 -1
ciMethod java/lang/Class reflectionData ()Ljava/lang/Class$ReflectionData; 578 0 5452 0 -1
ciMethod java/lang/Class getInterfaces (Z)[Ljava/lang/Class; 514 0 7898 0 2688
ciMethod java/lang/Class getInterfaces ()[Ljava/lang/Class; 516 0 48887 0 96
ciMethod java/lang/Class initClassName ()Ljava/lang/String; 260 0 130 0 -1
ciMethod java/lang/Class getReflectionFactory ()Ljdk/internal/reflect/ReflectionFactory; 526 0 18315 0 0
ciMethod java/lang/Class checkMemberAccess (Ljava/lang/SecurityManager;ILjava/lang/Class;Z)V 0 0 1 0 -1
ciMethod java/lang/Class getComponentType ()Ljava/lang/Class; 286 0 44311 0 0
ciMethod java/lang/Class getSuperclass ()Ljava/lang/Class; 256 0 128 0 -1
ciMethod java/lang/Class isInterface ()Z 256 0 128 0 -1
ciMethod java/lang/Class isAssignableFrom (Ljava/lang/Class;)Z 256 0 128 0 -1
ciMethod java/lang/Class getName ()Ljava/lang/String; 512 0 253906 0 96
ciMethod java/lang/Object getClass ()Ljava/lang/Class; 256 0 128 0 -1
ciMethod java/lang/Object <init> ()V 1024 0 1579043 0 128
ciInstanceKlass java/lang/invoke/LambdaForm$MH+0x0000024511000400 1 1 41 1 7 1 100 1 1 1 1 1 1 1 7 1 1 12 9 1 1 1 1 1 7 1 1 12 10 1 7 1 1 12 11 1 7 12 9 1 1 1 1
staticfield java/lang/invoke/LambdaForm$MH+0x0000024511000400 _D_0 Ljava/lang/invoke/LambdaForm; java/lang/invoke/LambdaForm
ciInstanceKlass org/springframework/util/Assert 1 1 323 10 100 10 10 8 10 7 10 8 10 8 10 8 10 10 8 10 10 8 10 10 18 10 10 8 10 8 10 10 8 10 11 11 11 10 8 10 8 10 10 8 10 8 10 10 10 10 10 8 10 100 10 10 8 10 10 8 8 10 8 8 10 8 8 8 8 11 100 8 8 7 100 1 1 1 1 1 1 1 1 1 1 1 1 1 1 1 1 1 1 1 1 1 1 1 1 1 1 1 1 1 1 1 1 1 1 1 1 1 1 1 1 1 1 1 1 1 1 1 1 1 1 1 1 1 1 1 1 1 1 1 100 1 1 1 1 1 1 1 1 1 100 1 1 1 1 1 1 1 1 1 1 1 1 1 1 1 1 1 1 1 1 1 1 1 1 1 1 1 1 1 1 1 1 1 1 100 1 1 1 1 1 1 100 100 1 1 1 1 1 1 1 12 1 12 12 1 12 1 1 12 1 12 1 12 7 12 1 12 12 1 12 12 1 15 16 15 16 12 12 7 12 1 12 1 12 7 12 1 12 100 12 100 12 12 12 1 12 1 7 12 12 1 12 1 12 12 12 12 12 1 12 1 12 1 12 12 1 1 12 1 1 12 1 1 1 1 100 12 1 1 1 1 1 1 1 1 1 10 1 10 1 1 1 1 1 1 1 1 1 1 1 1 1 1 1 1 1 1 1 1 1 1 1 1 1 1 1 1 1 100 12 12 1 1 100 1 1 1 100 1 1
ciInstanceKlass jdk/proxy1/$Proxy0 1 1 136 1 7 1 7 1 100 1 1 12 10 1 1 1 1 1 100 1 100 1 100 1 1 12 9 12 9 1 7 1 1 12 11 1 100 1 12 10 1 100 1 12 10 1 1 1 12 9 1 100 1 100 1 1 12 10 1 1 1 12 9 1 100 1 1 1 12 9 1 7 1 1 1 12 9 1 7 1 1 1 100 1 100 1 8 1 1 12 10 8 1 1 12 10 8 8 1 8 8 8 1 100 1 12 10 1 12 10 1 100 10 1 1 1 100 1 100 1 12 10 1 12 10 1 100 1 1 12 10 12 10 10 1 1 1 1
staticfield jdk/proxy1/$Proxy0 m0 Ljava/lang/reflect/Method; java/lang/reflect/Method
staticfield jdk/proxy1/$Proxy0 m1 Ljava/lang/reflect/Method; java/lang/reflect/Method
staticfield jdk/proxy1/$Proxy0 m2 Ljava/lang/reflect/Method; java/lang/reflect/Method
staticfield jdk/proxy1/$Proxy0 m3 Ljava/lang/reflect/Method; java/lang/reflect/Method
staticfield jdk/proxy1/$Proxy0 m4 Ljava/lang/reflect/Method; java/lang/reflect/Method
instanceKlass sun/java2d/InvalidPipeException
instanceKlass org/apache/coyote/http11/HeadersTooLargeException
instanceKlass java/nio/channels/WritePendingException
instanceKlass java/nio/channels/ReadPendingException
instanceKlass reactor/core/publisher/Sinks$EmissionException
instanceKlass io/netty/util/IllegalReferenceCountException
instanceKlass java/nio/channels/ConnectionPendingException
instanceKlass java/nio/channels/NotYetConnectedException
instanceKlass java/nio/channels/CancelledKeyException
instanceKlass io/netty/util/concurrent/BlockingOperationException
instanceKlass java/util/concurrent/CancellationException
instanceKlass io/micrometer/core/instrument/config/validate/ValidationException
instanceKlass org/apache/catalina/session/TooManyActiveSessionsException
instanceKlass org/springframework/context/annotation/ConflictingBeanDefinitionException
instanceKlass org/springframework/beans/factory/support/ImplicitlyAppearedSingletonException
instanceKlass org/springframework/core/env/MissingRequiredPropertiesException
ciInstanceKlass java/lang/IllegalStateException 1 1 35 10 7 12 1 1 1 10 12 1 10 12 1 10 12 1 100 1 1 1 1 5 0 1 1 1 1 1 1 1 1 1 1 1 1
instanceKlass java/security/AccessControlException
ciInstanceKlass java/lang/SecurityException 1 1 35 10 7 12 1 1 1 10 12 1 10 12 1 10 12 1 100 1 1 1 1 5 0 1 1 1 1 1 1 1 1 1 1 1 1
ciInstanceKlass java/lang/Class$$Lambda$69+0x0000024511082fd0 1 1 21 1 7 1 7 1 100 1 1 12 10 1 1 1 7 1 1 12 10 1 1
ciInstanceKlass java/lang/ArrayIndexOutOfBoundsException 1 0 45 10 100 12 1 1 1 10 12 1 100 1 10 8 1 10 12 1 1 10 12 1 10 12 1 1 100 1 1 1 1 5 0 1 1 1 1 1 1 1 1 1 1 1 1
ciInstanceKlass sun/rmi/transport/tcp/TCPEndpoint 1 1 562 18 12 1 1 10 7 12 1 1 1 100 1 10 12 1 1 18 12 1 7 1 10 12 1 1 18 12 1 7 1 10 7 12 1 1 1 10 7 12 1 1 9 12 1 1 9 12 1 1 8 1 9 12 1 1 9 12 1 9 12 1 1 9 12 1 1 10 12 1 1 9 12 1 1 11 7 12 1 1 1 7 1 10 12 1 1 10 10 12 1 1 7 1 10 12 1 11 12 1 1 9 12 1 1 9 7 12 1 1 1 10 12 1 1 10 12 1 1 18 12 1 1 10 12 1 1 10 12 1 1 10 12 1 10 12 1 10 12 1 9 12 1 1 10 12 1 1 9 12 1 18 12 1 18 11 12 1 1 11 100 12 1 1 1 11 7 12 1 1 11 12 1 10 10 12 1 18 12 1 100 1 11 10 12 1 10 12 1 11 100 1 10 12 1 10 12 1 10 12 1 1 10 12 1 1 10 100 12 1 1 1 18 18 12 1 10 12 1 1 10 11 7 12 1 1 11 12 1 11 12 1 11 12 1 1 11 100 12 1 1 1 11 12 1 11 12 1 11 12 1 100 1 10 100 12 1 1 1 100 1 8 1 10 12 8 1 100 1 8 1 10 11 100 1 11 11 100 1 11 10 12 1 10 100 12 1 1 1 9 12 1 1 9 12 1 18 10 12 1 11 12 1 1 100 1 100 1 18 10 12 1 100 1 100 1 18 10 10 100 1 100 1 100 1 18 10 10 100 12 1 1 1 10 12 1 18 11 7 12 1 1 1 10 7 12 1 1 10 12 1 1 8 1 10 7 12 1 1 10 12 1 1 10 12 1 10 12 1 1 10 7 12 1 1 1 10 12 1 1 8 1 10 10 100 12 1 1 1 10 12 1 18 12 1 7 1 10 100 1 1 1 1 1 3 1 3 1 1 1 1 1 1 1 1 1 1 1 1 1 1 1 1 1 1 1 1 100 1 1 1 1 1 1 1 1 1 1 1 1 100 1 1 1 1 1 1 1 1 1 1 1 1 1 1 1 1 1 1 1 1 1 1 1 1 100 1 1 1 1 1 1 1 1 1 1 1 1 1 1 1 1 1 1 1 1 1 1 1 1 1 1 1 1 1 1 1 1 100 1 1 1 1 15 10 7 12 1 1 1 16 15 10 12 16 1 15 10 12 16 1 15 10 12 16 15 10 100 12 1 1 8 1 8 1 8 1 8 1 8 1 8 1 8 1 8 1 8 1 8 1 8 1 8 1 1 1 100 1 100 1 1
staticfield sun/rmi/transport/tcp/TCPEndpoint localEndpoints Ljava/util/Map; java/util/HashMap
ciInstanceKlass java/util/concurrent/ThreadPoolExecutor$Worker 1 1 111 9 7 12 1 1 1 10 7 12 1 1 1 10 12 1 1 9 12 1 1 10 7 12 1 1 1 11 7 12 1 1 1 9 12 1 1 10 12 1 1 10 12 1 1 10 12 1 1 10 7 12 1 1 1 10 12 1 1 10 12 1 10 12 1 1 10 12 1 10 12 1 1 10 12 1 10 12 1 100 1 100 1 1 1 1 5 0 1 1 1 1 1 1 1 1 1 1 1 1 1 1 1 1 1 1 1 1 1 1 1
ciInstanceKlass java/util/concurrent/CountDownLatch$Sync 1 1 50 10 7 12 1 1 1 10 7 12 1 1 1 10 12 1 1 10 12 1 1 1 1 1 5 0 1 1 1 1 1 1 1 1 1 1 1 1 1 1 1 1 1 1 1 1 100 1 1 1
instanceKlass java/util/concurrent/locks/AbstractQueuedSynchronizer$SharedNode
instanceKlass java/util/concurrent/locks/AbstractQueuedSynchronizer$ExclusiveNode
instanceKlass java/util/concurrent/locks/AbstractQueuedSynchronizer$ConditionNode
ciInstanceKlass java/util/concurrent/locks/AbstractQueuedSynchronizer$Node 1 1 84 10 7 12 1 1 1 9 7 12 1 1 1 9 7 12 1 1 1 10 7 12 1 1 1 9 12 1 9 12 1 10 12 1 1 10 12 1 1 10 12 1 1 10 12 1 8 1 10 12 1 1 8 1 8 1 1 1 1 1 1 1 1 1 1 1 1 1 1 1 1 1 1 1 1 1 1 1 1 1 1 1 1 1
staticfield java/util/concurrent/locks/AbstractQueuedSynchronizer$Node STATUS J 12
staticfield java/util/concurrent/locks/AbstractQueuedSynchronizer$Node NEXT J 20
staticfield java/util/concurrent/locks/AbstractQueuedSynchronizer$Node PREV J 16
ciInstanceKlass org/springframework/util/ClassUtils 1 1 926 7 10 9 10 11 10 10 7 7 10 10 10 10 8 10 10 11 7 8 10 10 10 10 10 10 8 10 8 8 10 10 10 7 10 7 10 10 10 10 7 100 8 8 10 10 100 100 8 8 10 8 100 10 8 10 10 9 9 11 10 10 10 10 9 9 8 8 10 8 10 8 10 8 8 8 10 8 10 10 10 100 8 10 11 11 11 10 10 9 11 7 8 10 10 10 10 10 10 10 10 7 10 10 11 10 8 10 10 7 9 11 10 10 10 10 8 10 10 10 8 10 10 8 8 10 10 10 8 10 10 10 10 10 10 8 10 10 8 10 10 10 10 7 10 10 10 8 10 8 10 10 10 11 11 7 11 8 10 10 10 10 10 10 10 10 9 18 11 10 10 10 10 8 10 7 10 10 7 10 7 10 7 10 7 9 7 9 7 9 7 9 7 9 7 9 7 9 7 9 7 11 7 11 11 10 11 11 7 7 7 7 7 7 7 7 10 7 7 7 7 7 7 7 7 7 7 7 7 7 7 7 7 7 7 7 7 7 7 7 7 7 7 7 7 7 7 7 7 7 10 1 1 1 1 1 1 1 1 1 1 1 3 1 3 1 3 1 1 1 1 3 1 3 1 1 1 1 1 1 1 1 1 1 1 1 1 1 1 1 1 1 1 1 1 1 1 1 1 1 1 1 1 1 1 1 1 100 100 1 1 1 1 1 1 1 1 100 1 1 1 1 1 1 1 1 1 1 1 1 1 100 100 100 1 1 1 1 1 1 1 100 100 1 1 1 1 1 100 1 1 1 1 1 1 1 1 1 1 1 1 1 1 1 1 1 1 1 1 1 1 1 1 1 1 1 1 1 1 1 1 1 1 1 1 1 1 1 1 1 1 1 1 1 1 1 1 1 1 1 1 1 100 100 1 1 1 1 1 1 1 1 1 1 1 1 1 1 1 1 1 1 1 1 1 1 1 1 100 1 1 1 1 1 1 1 1 1 1 1 1 1 1 1 1 1 1 1 1 1 1 1 1 1 1 1 1 100 1 1 1 1 1 1 1 1 1 1 1 1 1 1 1 1 1 1 100 100 1 1 1 1 1 1 1 1 1 100 1 1 1 1 1 1 1 1 1 1 1 1 1 1 1 1 1 1 100 1 1 1 1 1 1 1 1 1 1 1 1 1 1 1 1 1 1 1 1 1 1 1 1 1 1 1 1 1 1 1 1 1 1 1 1 1 1 1 1 1 12 12 12 12 7 12 12 1 1 12 7 12 12 12 1 7 12 12 12 1 1 12 12 12 12 100 12 12 1 12 1 1 12 12 12 1 12 1 12 12 12 1 1 1 1 12 12 1 1 1 1 1 1 12 1 12 12 12 12 12 12 12 12 12 12 12 1 1 12 1 12 1 12 1 1 1 12 1 7 12 12 7 12 1 1 12 12 12 12 12 12 12 1 12 12 12 12 12 12 12 7 12 1 12 12 12 1 12 7 12 1 12 12 12 12 12 12 1 12 12 12 1 12 12 1 1 12 12 1 12 12 12 12 12 7 12 1 12 12 1 12 12 12 1 12 12 12 1 12 1 12 12 12 12 1 12 1 12 12 12 12 12 7 12 12 12 1 15 16 15 16 12 12 12 12 12 1 12 1 12 12 1 1 1 1 1 1 1 1 1 1 1 1 12 1 12 12 12 12 12 1 1 1 1 1 1 1 1 12 1 1 1 1 1 1 1 1 1 1 1 1 1 1 1 1 1 1 1 1 1 1 1 1 1 1 1 1 1 1 1 1 1 12 1 1 1 1 1 1 1 1 1 1 1 1 1 1 1 1 1 1 1 1 1 1 1 1 1 1 1 1 1 1 1 1 1 1 1 1 1 1 1 1 1 1 1 1 1 1 1 1 1 1 1 1 1 1 1 1 1 1 1 1 1 1 1 1 1 1 1 1 1 1 1 1 1 1 1 1 1 1 1 1 1 1 1 1 1 1 1 1 1 1 1 1 1 1 1 1 1 1 1 1 1 1 1 1 1 1 10 10 1 1 1 1 1 1 1 1 1 1 1 1 1 1 1 1 7 12 12 1 1 100 1 1 100 1 1
staticfield org/springframework/util/ClassUtils EMPTY_CLASS_ARRAY [Ljava/lang/Class; 0 [Ljava/lang/Class;
staticfield org/springframework/util/ClassUtils primitiveWrapperTypeMap Ljava/util/Map; java/util/IdentityHashMap
staticfield org/springframework/util/ClassUtils primitiveTypeToWrapperMap Ljava/util/Map; java/util/IdentityHashMap
staticfield org/springframework/util/ClassUtils primitiveTypeNameMap Ljava/util/Map; java/util/HashMap
staticfield org/springframework/util/ClassUtils commonClassCache Ljava/util/Map; java/util/HashMap
staticfield org/springframework/util/ClassUtils javaLanguageInterfaces Ljava/util/Set; java/util/HashSet
staticfield org/springframework/util/ClassUtils interfaceMethodCache Ljava/util/Map; org/springframework/util/ConcurrentReferenceHashMap
ciInstanceKlass org/springframework/util/ConcurrentReferenceHashMap 1 1 343 9 9 7 4 9 10 10 8 10 8 8 8 10 9 3 10 9 3 7 10 7 10 10 7 10 10 9 10 11 10 10 10 10 10 10 10 7 7 9 9 10 10 100 9 9 10 100 10 100 9 10 100 10 100 10 10 10 10 9 7 10 10 9 7 100 100 1 1 100 1 1 7 1 100 1 1 100 1 1 100 1 7 1 7 1 1 7 1 1 1 1 3 1 1 1 1 1 1 1 1 1 1 1 1 1 1 1 1 100 1 1 1 1 1 1 1 1 1 1 1 1 1 1 1 1 1 1 1 1 1 1 1 1 1 1 1 100 100 1 1 1 1 1 1 1 1 1 1 1 1 1 1 1 1 1 1 1 1 1 1 1 1 1 1 100 100 100 1 1 1 1 1 1 1 1 1 1 1 1 1 1 1 1 1 1 1 1 1 1 1 1 1 1 1 1 1 1 1 1 1 1 1 1 1 1 1 100 1 1 1 1 1 1 1 1 1 1 1 1 1 1 1 1 1 1 1 1 1 12 12 1 12 12 12 1 7 12 1 1 1 12 12 12 12 1 7 12 12 12 1 12 7 12 12 12 12 12 12 7 12 12 12 12 12 1 1 12 12 12 12 1 12 12 12 1 12 1 12 12 1 12 1 12 12 12 12 1 12 12 12 1 1 1 1 1 1 1 1 1 1 1 100 1 1 1 1 1 1 1 1 1 1 1 1 1 1 1 1 1 1 1 1 1 1 1 1 1 1 1 1 1 1 1 1 1 1 1 1 1 1 1 1
staticfield org/springframework/util/ConcurrentReferenceHashMap DEFAULT_REFERENCE_TYPE Lorg/springframework/util/ConcurrentReferenceHashMap$ReferenceType; org/springframework/util/ConcurrentReferenceHashMap$ReferenceType
instanceKlass org/springframework/util/ConcurrentReferenceHashMap$5
instanceKlass org/springframework/util/ConcurrentReferenceHashMap$4
instanceKlass org/springframework/util/ConcurrentReferenceHashMap$1
instanceKlass org/springframework/util/ConcurrentReferenceHashMap$2
instanceKlass org/springframework/util/ConcurrentReferenceHashMap$3
ciInstanceKlass org/springframework/util/ConcurrentReferenceHashMap$Task 1 1 90 9 10 100 10 10 9 10 10 7 7 1 1 1 1 1 1 1 1 1 1 1 1 1 1 1 1 1 1 1 1 100 100 100 100 1 1 1 1 1 1 100 1 100 1 100 1 1 1 1 1 1 1 1 1 1 1 1 1 1 1 1 1 1 1 1 12 12 100 1 7 12 12 12 12 12 1 1 1 1 1 1 1 1 1 1 1 1 1 1
ciInstanceKlass org/springframework/util/ConcurrentReferenceHashMap$1 1 1 95 9 9 9 10 10 10 8 10 11 7 7 1 1 1 1 1 1 1 100 1 1 1 1 1 1 1 1 1 1 1 1 1 100 1 100 1 7 1 1 1 1 1 1 1 1 1 1 1 1 1 1 100 1 1 1 1 1 1 1 1 1 1 100 12 12 12 12 12 12 12 1 7 12 12 1 1 1 1 1 1 1 1 1 1 1 1 1 1 1 1 1 1 1 1
ciInstanceKlass org/springframework/util/ConcurrentReferenceHashMap$ReferenceType 1 1 55 9 10 100 7 10 10 8 10 9 8 9 7 1 1 1 1 1 1 1 1 1 1 1 1 1 1 1 1 1 1 1 1 1 1 1 1 1 1 1 1 12 100 12 100 1 12 12 12 12 1 1 1 1 1
staticfield org/springframework/util/ConcurrentReferenceHashMap$ReferenceType SOFT Lorg/springframework/util/ConcurrentReferenceHashMap$ReferenceType; org/springframework/util/ConcurrentReferenceHashMap$ReferenceType
staticfield org/springframework/util/ConcurrentReferenceHashMap$ReferenceType WEAK Lorg/springframework/util/ConcurrentReferenceHashMap$ReferenceType; org/springframework/util/ConcurrentReferenceHashMap$ReferenceType
staticfield org/springframework/util/ConcurrentReferenceHashMap$ReferenceType $VALUES [Lorg/springframework/util/ConcurrentReferenceHashMap$ReferenceType; 2 [Lorg/springframework/util/ConcurrentReferenceHashMap$ReferenceType;
ciInstanceKlass org/springframework/util/ConcurrentReferenceHashMap$Segment 1 1 292 7 9 9 10 7 10 9 10 9 9 10 9 9 10 10 10 10 9 10 9 9 10 10 11 18 10 9 10 10 10 10 10 100 10 11 11 3 11 11 10 11 10 10 10 7 7 10 10 7 7 1 7 1 1 1 1 1 1 1 1 1 1 1 1 1 1 1 1 1 1 1 1 1 1 1 1 1 1 1 1 7 1 1 1 1 1 1 1 1 1 1 1 1 1 1 1 1 1 7 1 1 1 1 1 1 1 100 1 1 1 1 1 1 1 1 1 100 100 100 100 100 100 100 1 1 1 1 1 1 1 1 1 1 1 1 1 1 1 1 1 100 100 1 1 1 1 1 1 1 1 1 1 1 1 1 1 1 1 1 1 1 1 1 1 1 1 1 1 1 1 12 12 12 1 12 12 12 12 12 12 12 12 12 12 12 7 12 12 12 12 12 12 12 1 15 16 15 12 12 12 12 12 12 12 7 12 1 7 12 12 12 12 12 12 7 12 12 7 12 1 1 12 12 1 1 1 1 1 1 1 1 1 1 1 1 1 1 1 1 1 1 1 1 1 1 1 1 1 10 1 10 1 1 1 1 1 1 1 1 1 1 1 1 1 1 1 1 1 1 1 1 1 1 1 1 1 1 1 1 1 7 12 12 1 1 100 1 1 100 1 1
ciInstanceKlass org/springframework/util/ConcurrentReferenceHashMap$ReferenceManager 1 1 86 9 10 7 10 9 10 9 100 10 7 10 10 100 7 7 1 1 1 100 1 1 1 1 1 1 1 1 1 1 1 1 1 1 1 1 1 1 1 1 1 1 1 1 1 1 1 1 1 1 1 1 1 1 1 1 1 12 12 1 12 7 12 7 12 1 1 12 1 1 12 1 1 1 1 1 1 1 1 1 1 1 1 1 1 1
ciInstanceKlass org/springframework/util/ConcurrentReferenceHashMap$Reference 1 0 28 100 100 1 100 1 1 1 1 1 1 1 1 1 1 1 1 1 1 1 1 1 1 100 1 1 1 1
ciInstanceKlass org/springframework/util/ConcurrentReferenceHashMap$Restructure 1 1 55 9 10 100 7 10 10 8 10 9 8 9 7 1 1 1 1 1 1 1 1 1 1 1 1 1 1 1 1 1 1 1 1 1 1 1 1 1 1 1 1 12 100 12 100 1 12 12 12 12 1 1 1 1 1
staticfield org/springframework/util/ConcurrentReferenceHashMap$Restructure WHEN_NECESSARY Lorg/springframework/util/ConcurrentReferenceHashMap$Restructure; org/springframework/util/ConcurrentReferenceHashMap$Restructure
staticfield org/springframework/util/ConcurrentReferenceHashMap$Restructure NEVER Lorg/springframework/util/ConcurrentReferenceHashMap$Restructure; org/springframework/util/ConcurrentReferenceHashMap$Restructure
staticfield org/springframework/util/ConcurrentReferenceHashMap$Restructure $VALUES [Lorg/springframework/util/ConcurrentReferenceHashMap$Restructure; 2 [Lorg/springframework/util/ConcurrentReferenceHashMap$Restructure;
ciInstanceKlass org/springframework/util/ConcurrentReferenceHashMap$TaskOption 1 1 63 9 10 7 7 10 10 8 10 9 8 9 8 9 8 9 7 1 1 1 1 1 1 1 1 1 1 1 1 1 1 1 1 1 1 1 1 1 1 1 1 1 1 1 1 1 1 12 7 12 100 1 12 12 12 12 12 12 1 1 1 1 1
staticfield org/springframework/util/ConcurrentReferenceHashMap$TaskOption RESTRUCTURE_BEFORE Lorg/springframework/util/ConcurrentReferenceHashMap$TaskOption; org/springframework/util/ConcurrentReferenceHashMap$TaskOption
staticfield org/springframework/util/ConcurrentReferenceHashMap$TaskOption RESTRUCTURE_AFTER Lorg/springframework/util/ConcurrentReferenceHashMap$TaskOption; org/springframework/util/ConcurrentReferenceHashMap$TaskOption
staticfield org/springframework/util/ConcurrentReferenceHashMap$TaskOption SKIP_IF_EMPTY Lorg/springframework/util/ConcurrentReferenceHashMap$TaskOption; org/springframework/util/ConcurrentReferenceHashMap$TaskOption
staticfield org/springframework/util/ConcurrentReferenceHashMap$TaskOption RESIZE Lorg/springframework/util/ConcurrentReferenceHashMap$TaskOption; org/springframework/util/ConcurrentReferenceHashMap$TaskOption
staticfield org/springframework/util/ConcurrentReferenceHashMap$TaskOption $VALUES [Lorg/springframework/util/ConcurrentReferenceHashMap$TaskOption; 4 [Lorg/springframework/util/ConcurrentReferenceHashMap$TaskOption;
ciInstanceKlass org/springframework/util/ConcurrentReferenceHashMap$Entries 1 0 20 100 100 1 1 1 1 1 1 1 1 1 1 1 100 1 1 1 1 1
ciInstanceKlass org/springframework/util/ConcurrentReferenceHashMap$Segment$$Lambda$97+0x00000245110c60b0 1 1 41 1 7 1 7 1 100 1 1 1 1 1 1 1 1 1 1 1 1 12 10 12 9 12 9 12 9 12 9 12 9 1 1 1 7 1 1 12 10 1 1
ciInstanceKlass org/springframework/util/ConcurrentReferenceHashMap$Entry 1 1 97 9 10 9 100 10 11 10 10 11 10 100 10 10 8 10 10 7 7 1 1 1 1 1 1 1 1 1 1 1 1 1 1 1 1 1 1 1 1 1 1 1 1 1 1 1 1 1 1 1 1 1 1 1 1 1 1 100 1 1 1 1 1 1 1 1 1 1 12 12 12 100 1 12 100 12 12 12 1 12 1 12 12 100 1 1 1 1 1 1 1 1 1 1 1 1 1
ciInstanceKlass org/springframework/util/ConcurrentReferenceHashMap$SoftEntryReference 1 1 71 10 9 9 10 10 10 7 7 7 100 1 1 1 1 1 1 1 1 1 1 1 1 1 1 1 1 1 1 1 1 1 1 1 1 1 1 1 1 1 1 1 1 1 1 1 1 1 1 1 1 1 1 1 12 12 12 12 12 12 100 1 1 1 1 1 1 1 1 1 1
ciInstanceKlass org/springframework/util/ObjectUtils 1 1 535 7 10 100 100 10 10 10 10 7 10 7 11 10 7 11 100 11 10 8 10 10 10 10 10 10 100 7 10 8 10 8 10 10 10 10 7 10 7 10 9 8 10 10 10 10 10 7 10 7 10 7 10 7 10 7 10 7 10 7 10 7 10 10 10 10 10 10 10 10 10 10 10 10 10 10 10 10 8 8 10 10 10 10 8 7 10 10 10 10 10 10 10 10 10 10 8 100 8 8 8 10 10 10 10 10 10 10 10 10 10 10 8 8 10 10 8 8 7 100 10 100 10 100 10 10 10 10 100 9 10 100 10 100 100 100 100 100 100 100 100 100 100 100 100 1 1 1 3 1 3 1 1 1 1 1 1 1 1 1 1 1 1 1 1 1 1 1 1 1 1 1 1 1 1 1 1 1 1 1 1 1 1 1 1 100 1 1 1 1 1 1 1 1 1 1 1 1 1 1 1 1 1 100 100 1 1 1 1 1 1 1 1 1 1 1 1 1 1 1 1 1 1 100 100 1 1 1 1 1 1 1 1 1 1 1 1 1 100 1 1 1 1 1 1 1 1 1 1 1 1 1 1 1 1 1 1 1 1 1 1 1 1 1 1 1 1 1 1 1 1 1 1 1 1 1 1 1 1 1 1 1 1 1 1 1 1 1 1 1 1 1 1 1 100 1 1 1 1 1 1 100 1 1 1 1 1 1 1 1 1 1 1 1 1 1 1 1 1 1 1 1 1 1 1 12 1 1 12 12 12 12 1 12 1 12 100 12 1 12 1 12 1 100 12 12 12 12 12 12 1 1 1 12 1 12 12 12 1 12 7 12 12 1 12 12 12 7 12 12 12 12 12 12 12 12 12 12 12 12 12 12 12 12 12 12 12 12 100 12 100 12 100 12 100 12 1 1 12 12 7 12 12 1 1 12 12 12 12 12 12 12 12 12 1 1 1 1 1 12 12 12 12 12 12 12 12 12 12 1 1 12 12 1 1 1 1 12 1 12 1 12 100 12 12 12 1 12 100 12 1 12 1 1 1 1 1 1 1 1 1 1 1 1 1 1 1 1 1 1 1 1 1 1 1 1 1 1 1 1 1 1 1 1 1 1 1 1 1 1 1 1 1 1 1 1 1 1 1 1 1 1 1 1 1 1 1 1 1 1 1 1 1 1 1 1 1 1 1 1 1 1 1 1 1 1 1 1 1 1 1 1 1 1 1
staticfield org/springframework/util/ObjectUtils EMPTY_OBJECT_ARRAY [Ljava/lang/Object; 0 [Ljava/lang/Object;
ciInstanceKlass java/lang/invoke/LambdaForm$DMH+0x00000245110c9000 1 1 52 1 7 1 100 1 1 1 1 1 1 1 7 1 1 12 10 1 12 10 1 7 1 7 1 1 12 10 1 1 1 1 1 7 1 1 12 10 1 7 1 1 12 11 1 7 12 9 1 1 1 1
staticfield java/lang/invoke/LambdaForm$DMH+0x00000245110c9000 _D_0 Ljava/lang/invoke/LambdaForm; java/lang/invoke/LambdaForm
ciInstanceKlass java/lang/invoke/LambdaForm$MH+0x00000245110c9800 1 1 41 1 7 1 100 1 1 1 1 1 1 1 7 1 1 12 10 1 1 1 1 1 7 1 1 12 10 1 7 1 1 12 11 1 7 12 9 1 1 1 1
staticfield java/lang/invoke/LambdaForm$MH+0x00000245110c9800 _D_0 Ljava/lang/invoke/LambdaForm; java/lang/invoke/LambdaForm
ciInstanceKlass org/springframework/core/annotation/TypeMappedAnnotations 1 1 291 9 9 10 10 9 9 9 9 11 9 10 10 10 11 10 11 7 10 7 10 9 11 10 10 10 10 10 10 7 10 10 9 7 10 7 11 10 11 11 10 10 9 7 10 10 10 10 10 7 10 7 100 100 1 1 100 1 1 1 7 1 1 1 1 1 1 1 1 1 1 100 1 1 1 1 1 1 1 1 1 1 1 1 1 1 1 1 1 1 1 1 1 1 1 1 1 1 1 1 1 1 1 1 1 1 1 1 1 1 1 1 1 1 1 1 1 1 1 1 100 1 1 1 1 1 1 1 1 1 1 1 1 1 1 1 1 1 1 1 1 1 1 1 1 100 1 1 1 1 1 1 1 1 1 1 1 1 1 1 1 1 1 1 1 1 100 1 1 1 1 1 1 1 1 1 1 1 1 12 12 12 12 12 12 12 12 7 12 7 12 12 12 12 12 12 12 1 12 1 12 12 7 12 12 7 12 12 100 12 100 12 12 1 12 12 12 1 12 1 12 12 7 12 12 7 12 12 12 1 12 12 7 12 7 12 7 1 7 12 1 1 1 1 1 1 1 1 1 1 1 1 1 1 1 1 1 1 1 1 1 1 1 1 1 1 1 1 1 1 1 1 1 1 1 1 1 1 1 1 1 1 1 1 1 1 1 1 1 1 1
staticfield org/springframework/core/annotation/TypeMappedAnnotations NONE Lorg/springframework/core/annotation/MergedAnnotations; org/springframework/core/annotation/TypeMappedAnnotations
ciInstanceKlass org/springframework/core/annotation/AnnotationsProcessor 1 1 39 100 100 1 1 1 1 1 1 1 1 1 1 1 1 1 1 1 1 1 1 1 1 1 1 1 1 1 1 1 1 1 1 1 1 1 1 1 1
ciInstanceKlass org/springframework/core/annotation/AnnotationsScanner 1 1 424 10 10 11 7 10 7 10 10 9 10 10 10 100 100 10 8 10 10 10 10 10 100 3 7 10 11 10 10 11 11 10 7 10 10 10 10 10 10 10 10 10 10 10 10 9 9 11 7 10 10 10 10 11 10 10 10 10 10 10 10 10 10 10 10 10 9 7 11 10 10 10 9 7 10 9 11 9 10 11 10 8 10 7 9 11 7 7 10 7 7 1 1 1 1 1 1 1 1 1 1 1 1 1 1 1 1 1 1 1 7 1 1 1 1 1 1 1 1 1 1 1 1 1 1 1 1 1 1 1 1 1 1 1 1 1 1 1 1 1 1 1 1 1 1 1 1 1 1 1 100 100 100 100 100 1 1 1 1 1 1 1 1 1 1 1 1 1 1 100 1 1 1 1 1 1 1 100 1 1 1 1 1 1 1 1 1 1 1 1 1 1 1 1 1 1 1 1 1 1 1 1 1 1 1 1 1 1 1 1 1 1 1 100 1 1 1 1 1 1 1 1 1 1 1 1 1 100 1 1 1 1 1 1 1 1 1 1 1 1 1 1 1 1 1 12 12 7 12 1 12 1 12 12 12 12 12 12 1 1 1 12 12 12 12 12 1 1 12 12 12 12 12 12 12 1 100 12 12 12 12 12 12 12 12 12 12 12 7 12 12 12 7 12 12 12 7 12 12 12 12 7 12 12 12 12 7 12 12 12 7 12 12 7 12 100 12 12 7 12 12 7 12 12 12 1 7 12 7 12 12 12 12 1 12 1 12 12 1 1 12 1 1 100 1 1 1 1 1 1 1 1 1 1 1 1 1 1 1 1 1 1 1 1 1 1 1 1 1 1 1 1 1 1 1 1 1 1 1 1 1 1 1 1 1 1 1 1 1 1 1 1 1 1 1 1 1 1 1 1 1 1 1 1 1 1 1 1 1 1 1 1 1 1 1 1 1 1 1 1 1 1 1 1
staticfield org/springframework/core/annotation/AnnotationsScanner NO_ANNOTATIONS [Ljava/lang/annotation/Annotation; 0 [Ljava/lang/annotation/Annotation;
staticfield org/springframework/core/annotation/AnnotationsScanner NO_METHODS [Ljava/lang/reflect/Method; 0 [Ljava/lang/reflect/Method;
staticfield org/springframework/core/annotation/AnnotationsScanner declaredAnnotationCache Ljava/util/Map; org/springframework/util/ConcurrentReferenceHashMap
staticfield org/springframework/core/annotation/AnnotationsScanner baseTypeMethodsCache Ljava/util/Map; org/springframework/util/ConcurrentReferenceHashMap
ciInstanceKlass org/springframework/core/annotation/RepeatableContainers$ExplicitRepeatableContainer 1 1 214 10 8 10 10 10 100 8 10 100 8 10 10 10 10 100 100 10 8 10 10 8 8 10 10 7 8 8 10 9 9 9 100 10 18 10 11 11 10 10 100 10 10 7 10 10 10 8 7 1 1 1 1 1 1 1 1 1 1 1 1 1 1 1 1 1 1 1 1 1 1 1 1 1 100 100 100 100 100 100 1 1 1 1 1 1 1 1 1 1 1 1 1 1 1 1 1 1 1 1 1 1 1 1 1 12 1 7 12 12 7 12 1 1 12 1 1 12 7 12 7 12 12 1 1 12 1 12 12 1 1 12 1 1 1 12 12 12 12 1 12 1 15 16 15 16 12 12 12 7 12 12 100 12 1 12 12 1 100 12 1 1 1 1 100 1 1 1 1 1 1 1 1 1 1 1 1 1 1 1 1 1 1 1 1 1 1 1 1 10 1 10 1 1 1 1 1 1 1 1 1 1 1 100 12 12 1 1 100 1 1 100 1 1
ciInstanceKlass org/springframework/core/annotation/AnnotationFilter 1 1 89 11 11 10 11 7 10 7 8 8 11 9 8 8 9 7 10 9 7 10 9 7 100 1 1 1 1 1 1 1 1 1 1 1 1 1 1 1 1 1 1 1 1 1 1 1 1 1 1 1 1 1 1 1 1 1 1 1 7 12 12 7 12 12 1 12 1 1 1 12 12 1 1 12 1 12 12 1 12 1 1 1 1 1 1 1 1 1 1
staticfield org/springframework/core/annotation/AnnotationFilter PLAIN Lorg/springframework/core/annotation/AnnotationFilter; org/springframework/core/annotation/PackagesAnnotationFilter
staticfield org/springframework/core/annotation/AnnotationFilter JAVA Lorg/springframework/core/annotation/AnnotationFilter; org/springframework/core/annotation/PackagesAnnotationFilter
staticfield org/springframework/core/annotation/AnnotationFilter ALL Lorg/springframework/core/annotation/AnnotationFilter; org/springframework/core/annotation/AnnotationFilter$1
staticfield org/springframework/core/annotation/AnnotationFilter NONE Lorg/springframework/core/annotation/AnnotationFilter; org/springframework/core/annotation/AnnotationFilter$2
ciInstanceKlass org/springframework/core/annotation/PackagesAnnotationFilter 1 1 102 10 8 10 7 9 8 10 7 10 10 8 10 10 10 9 10 10 7 10 8 10 7 100 1 1 1 1 1 1 1 1 1 1 1 1 1 1 1 1 100 100 1 1 1 1 1 1 1 1 1 1 1 1 1 1 1 1 12 1 7 12 1 12 1 12 1 12 1 12 7 12 12 12 12 12 1 12 1 100 12 1 1 1 1 1 1 1 1 1 1 1 1 1 1 1 1 1 1 1 1 1
ciInstanceKlass org/springframework/core/annotation/AnnotationFilter$1 1 1 39 10 8 100 7 100 1 1 1 1 1 1 1 1 1 1 1 1 1 1 1 1 1 1 1 1 1 1 1 1 1 1 1 1 12 1 1 1 1
ciInstanceKlass org/springframework/util/ReflectionUtils 1 1 633 10 100 100 100 10 8 10 10 10 10 100 8 100 10 100 100 10 10 10 100 100 10 10 10 10 10 10 10 10 9 10 8 10 8 10 10 10 10 10 10 10 10 10 10 9 10 10 10 8 8 10 10 11 8 8 10 10 9 7 11 10 7 10 10 18 10 9 11 7 10 18 9 11 10 10 11 7 10 11 11 11 11 7 8 10 8 10 8 10 10 10 10 10 11 8 8 8 10 10 10 10 7 8 10 10 10 10 10 10 10 8 10 10 10 10 10 10 10 11 8 10 11 9 7 10 9 8 8 100 8 8 10 18 9 10 10 10 10 10 10 11 10 10 11 10 10 10 18 18 7 7 7 10 100 1 1 7 1 7 1 7 1 1 1 1 1 1 1 1 1 1 1 1 1 1 1 1 1 1 1 1 1 1 1 1 1 1 1 1 1 1 1 1 1 1 1 1 1 1 1 1 1 1 1 1 1 1 1 1 1 1 1 1 1 1 1 1 1 1 1 1 1 1 1 1 1 1 1 1 1 1 1 1 100 100 100 100 1 1 1 1 1 1 1 1 1 1 1 100 1 1 1 1 1 1 1 1 1 1 1 100 100 1 1 1 1 1 100 1 1 1 1 1 1 1 1 1 1 1 1 1 1 1 1 1 1 1 1 100 100 100 100 1 1 1 1 1 1 1 1 1 1 1 1 1 1 1 1 1 1 1 1 1 1 1 100 1 1 1 1 1 1 1 1 1 1 100 1 1 1 1 1 100 1 1 1 1 1 1 1 1 1 1 1 1 1 1 1 1 1 1 1 1 1 1 1 1 1 1 12 1 1 1 1 12 12 12 12 1 1 1 12 1 1 12 12 12 1 1 12 12 7 12 7 12 12 12 12 12 12 1 7 12 1 12 12 12 12 7 12 12 12 12 12 7 12 12 12 12 12 1 1 12 12 12 1 1 12 12 12 1 12 12 1 12 12 1 15 16 15 12 12 12 7 12 12 15 12 7 12 12 12 12 1 7 12 12 7 12 12 12 1 1 1 12 1 12 7 12 12 12 1 1 1 12 12 12 1 1 12 12 12 100 12 12 1 12 12 12 12 12 1 12 12 12 12 12 1 1 1 1 1 16 15 12 12 12 12 12 12 12 12 12 12 12 16 15 12 16 15 12 1 1 1 1 1 1 1 1 1 1 1 1 1 1 1 1 1 1 1 1 1 1 1 1 1 1 1 1 1 1 1 1 1 1 1 1 1 1 1 1 1 1 1 1 1 1 1 1 1 1 1 1 1 1 1 1 1 10 1 1 1 10 1 1 1 1 1 1 1 1 1 1 1 1 1 1 1 1 1 1 1 1 1 1 1 1 1 1 1 1 1 1 1 1 10 1 1 1 1 1 1 1 1 10 1 10 1 7 12 12 12 12 12 1 1 100 1 1 100 1 1
staticfield org/springframework/util/ReflectionUtils USER_DECLARED_METHODS Lorg/springframework/util/ReflectionUtils$MethodFilter; org/springframework/util/ReflectionUtils$$Lambda$98+0x00000245110cd678
staticfield org/springframework/util/ReflectionUtils COPYABLE_FIELDS Lorg/springframework/util/ReflectionUtils$FieldFilter; org/springframework/util/ReflectionUtils$$Lambda$100+0x00000245110cda98
staticfield org/springframework/util/ReflectionUtils EMPTY_CLASS_ARRAY [Ljava/lang/Class; 0 [Ljava/lang/Class;
staticfield org/springframework/util/ReflectionUtils EMPTY_METHOD_ARRAY [Ljava/lang/reflect/Method; 0 [Ljava/lang/reflect/Method;
staticfield org/springframework/util/ReflectionUtils EMPTY_FIELD_ARRAY [Ljava/lang/reflect/Field; 0 [Ljava/lang/reflect/Field;
staticfield org/springframework/util/ReflectionUtils EMPTY_OBJECT_ARRAY [Ljava/lang/Object; 0 [Ljava/lang/Object;
staticfield org/springframework/util/ReflectionUtils declaredMethodsCache Ljava/util/Map; org/springframework/util/ConcurrentReferenceHashMap
staticfield org/springframework/util/ReflectionUtils declaredFieldsCache Ljava/util/Map; org/springframework/util/ConcurrentReferenceHashMap
ciInstanceKlass org/springframework/util/ReflectionUtils$MethodFilter 1 1 59 8 10 18 11 100 100 1 1 1 1 1 1 1 1 1 1 1 1 1 1 1 1 1 1 1 1 1 1 1 100 12 1 15 16 15 12 12 100 1 1 1 1 1 10 11 1 1 100 12 12 1 1 100 1 1 100 1 1
ciInstanceKlass org/springframework/core/Ordered 1 0 17 100 100 100 1 1 1 3 1 3 1 1 1 1 1 1 1
ciInstanceKlass org/springframework/core/annotation/MergedAnnotations$SearchStrategy 1 1 67 9 10 7 7 10 10 8 10 9 8 9 8 9 8 9 8 9 7 1 1 1 1 1 1 1 1 1 1 1 1 1 1 1 1 1 1 1 1 1 1 1 1 1 1 1 1 1 1 1 12 7 12 100 1 12 12 12 12 12 12 12 1 1 1 1 1
staticfield org/springframework/core/annotation/MergedAnnotations$SearchStrategy DIRECT Lorg/springframework/core/annotation/MergedAnnotations$SearchStrategy; org/springframework/core/annotation/MergedAnnotations$SearchStrategy
staticfield org/springframework/core/annotation/MergedAnnotations$SearchStrategy INHERITED_ANNOTATIONS Lorg/springframework/core/annotation/MergedAnnotations$SearchStrategy; org/springframework/core/annotation/MergedAnnotations$SearchStrategy
staticfield org/springframework/core/annotation/MergedAnnotations$SearchStrategy SUPERCLASS Lorg/springframework/core/annotation/MergedAnnotations$SearchStrategy; org/springframework/core/annotation/MergedAnnotations$SearchStrategy
staticfield org/springframework/core/annotation/MergedAnnotations$SearchStrategy TYPE_HIERARCHY Lorg/springframework/core/annotation/MergedAnnotations$SearchStrategy; org/springframework/core/annotation/MergedAnnotations$SearchStrategy
staticfield org/springframework/core/annotation/MergedAnnotations$SearchStrategy TYPE_HIERARCHY_AND_ENCLOSING_CLASSES Lorg/springframework/core/annotation/MergedAnnotations$SearchStrategy; org/springframework/core/annotation/MergedAnnotations$SearchStrategy
staticfield org/springframework/core/annotation/MergedAnnotations$SearchStrategy $VALUES [Lorg/springframework/core/annotation/MergedAnnotations$SearchStrategy; 5 [Lorg/springframework/core/annotation/MergedAnnotations$SearchStrategy;
ciInstanceKlass org/springframework/core/annotation/MergedAnnotations 1 1 130 9 11 10 11 9 11 8 10 8 10 11 11 11 10 10 7 100 100 7 1 1 1 1 1 1 1 1 1 1 1 1 1 1 1 1 1 1 1 1 1 1 1 1 1 1 1 1 1 1 1 1 1 1 1 1 1 1 1 1 1 1 1 1 1 1 1 1 1 1 1 1 1 1 1 1 1 1 1 1 1 1 1 1 1 1 1 12 12 7 12 12 7 12 12 1 7 12 1 7 12 12 12 7 12 1 1 1 1 1 1 1 1 1 1 1 1 1 1 1 1 100 1 8 1 1 12 10 1 1
instanceKlass org/springframework/core/annotation/RepeatableContainers$StandardRepeatableContainers
instanceKlass org/springframework/core/annotation/RepeatableContainers$NoRepeatableContainers
instanceKlass org/springframework/core/annotation/RepeatableContainers$ExplicitRepeatableContainer
ciInstanceKlass org/springframework/core/annotation/RepeatableContainers 1 1 102 10 10 9 7 10 10 10 7 10 10 10 10 7 10 9 7 100 1 7 1 1 7 1 1 1 1 1 1 1 1 1 1 1 1 1 1 1 1 1 1 1 1 1 1 1 1 1 1 1 1 1 1 1 1 1 1 1 1 1 1 1 1 1 1 1 1 1 1 1 1 12 12 12 1 12 12 12 1 100 12 12 12 12 1 12 1 1 1 1 1 1 1 1 1 1 1 1 1 1 1 1
staticfield org/springframework/core/annotation/RepeatableContainers cache Ljava/util/Map; org/springframework/util/ConcurrentReferenceHashMap
ciInstanceKlass org/springframework/core/annotation/TypeMappedAnnotations$MergedAnnotationFinder 1 1 191 9 10 9 9 10 9 9 10 11 10 10 10 10 11 10 10 10 10 9 10 11 11 10 11 7 10 10 7 7 100 1 1 1 1 1 1 1 1 1 1 1 1 1 1 1 1 1 1 1 1 1 1 1 1 1 1 1 1 100 100 100 100 100 1 1 1 1 1 1 1 1 1 1 1 1 1 1 1 1 1 100 1 1 1 1 1 1 1 1 1 1 100 100 100 1 1 1 1 1 1 1 1 1 1 1 1 1 1 12 12 12 12 7 12 12 12 7 12 7 12 12 12 7 12 12 7 12 7 12 12 12 12 7 12 7 12 7 12 7 12 12 12 1 12 12 1 1 1 1 1 1 1 1 1 1 1 1 1 1 1 1 1 1 1 1 1 1 1 1 1 1 1 1 1 1 1 1 1 1 1 1 1 1 1 1 1 1 1 1 1
instanceKlass org/springframework/core/ResolvableType$1
ciInstanceKlass org/springframework/core/ResolvableType 1 1 712 9 9 10 9 10 10 9 9 10 10 9 9 10 7 10 7 11 7 11 10 10 10 10 10 8 10 9 10 10 10 11 10 10 10 10 7 7 11 10 10 10 10 10 10 7 10 11 10 7 10 10 10 11 7 7 10 10 10 9 10 100 9 10 10 10 9 10 10 10 10 10 10 7 11 11 10 10 7 10 10 9 11 9 10 10 11 11 10 11 11 11 10 7 10 100 10 10 8 10 10 8 10 10 8 10 7 10 8 10 8 8 10 18 10 7 10 7 10 7 10 7 11 8 7 10 10 10 10 10 8 7 10 10 10 8 10 10 8 10 10 7 10 10 9 10 8 10 10 10 9 10 10 10 10 10 10 9 8 10 7 10 100 7 1 1 7 1 1 1 1 7 1 1 1 1 1 1 1 1 1 1 1 1 7 1 1 1 1 1 1 1 1 1 1 1 1 1 1 1 1 1 1 1 1 1 1 1 1 1 1 1 1 1 1 1 100 100 1 1 1 1 1 1 100 1 1 1 1 1 100 1 1 1 1 1 1 1 1 1 1 1 1 1 1 1 1 1 1 1 1 1 1 1 1 1 1 1 1 100 100 100 100 1 1 1 1 1 1 1 1 1 1 1 1 1 1 1 1 100 1 1 1 1 100 1 1 1 1 100 1 1 1 1 1 1 1 100 1 1 1 1 1 1 1 1 100 1 1 1 1 1 100 1 1 1 1 1 1 1 1 100 1 1 1 1 1 1 1 1 1 1 1 1 1 1 1 1 1 1 1 1 1 1 1 1 1 100 100 1 1 1 1 1 1 1 1 1 1 1 1 1 1 1 1 1 1 1 1 1 1 1 1 1 1 1 1 1 1 1 1 1 1 1 1 1 1 1 1 1 1 1 1 1 1 1 1 1 1 1 1 1 1 1 1 1 1 1 1 1 1 1 1 1 1 1 1 1 1 1 1 1 1 100 1 1 1 1 1 1 1 1 1 1 1 1 1 1 1 1 1 1 1 1 1 1 1 1 1 1 1 12 12 12 12 12 12 12 12 12 12 12 12 12 1 7 12 1 12 1 12 12 12 12 12 12 1 7 12 12 12 12 12 12 12 12 12 12 1 1 12 12 12 7 12 12 12 1 12 12 1 12 12 12 12 1 1 12 12 12 12 12 1 12 12 12 12 12 12 7 12 12 12 12 12 1 12 12 12 12 1 12 12 12 12 12 7 12 12 12 12 7 12 12 12 12 1 12 1 12 1 12 12 1 12 1 100 12 1 12 1 12 1 1 12 1 15 16 15 16 12 12 1 1 12 1 12 1 12 1 1 1 12 12 7 12 12 12 1 1 12 12 12 1 12 12 1 12 1 1 12 12 12 12 1 12 100 12 12 12 12 12 12 1 12 1 1 1 1 1 1 1 1 1 1 1 1 1 1 1 1 1 1 1 1 1 1 1 1 1 1 1 1 1 1 1 1 1 1 1 1 1 1 1 1 1 1 1 1 1 1 1 1 1 1 1 1 1 1 1 1 1 1 1 1 1 1 1 10 10 1 1 1 1 1 1 1 1 1 1 1 1 1 1 1 1 1 1 1 1 1 7 12 12 1 1 100 1 1 100 1 1
staticfield org/springframework/core/ResolvableType NONE Lorg/springframework/core/ResolvableType; org/springframework/core/ResolvableType
staticfield org/springframework/core/ResolvableType EMPTY_TYPES_ARRAY [Lorg/springframework/core/ResolvableType; 0 [Lorg/springframework/core/ResolvableType;
staticfield org/springframework/core/ResolvableType cache Lorg/springframework/util/ConcurrentReferenceHashMap; org/springframework/util/ConcurrentReferenceHashMap
ciInstanceKlass org/springframework/core/annotation/AttributeMethods 1 1 303 10 9 9 9 10 10 10 10 10 10 7 7 10 9 9 10 10 10 10 10 7 100 100 10 8 10 10 8 11 10 10 10 8 10 10 10 10 10 9 9 18 11 7 10 10 9 10 10 7 10 10 9 8 10 10 8 10 8 8 8 8 10 7 7 10 18 7 1 1 1 1 1 1 1 1 1 1 1 1 1 1 1 1 1 1 1 1 1 1 1 1 1 1 1 1 1 1 1 1 1 1 1 1 1 100 100 100 100 1 1 1 1 1 1 1 1 1 100 1 1 1 1 1 1 1 1 1 1 1 1 1 1 1 1 1 1 1 1 1 1 1 1 1 1 1 1 1 100 1 1 1 1 1 1 1 1 1 12 12 12 12 12 12 12 12 12 7 12 1 1 12 12 12 12 12 12 12 7 12 1 1 1 1 12 12 1 100 12 12 12 12 1 7 12 12 12 7 12 12 12 1 15 16 15 16 12 7 12 1 12 12 12 7 12 12 12 12 7 12 1 12 12 1 1 1 1 1 12 1 1 16 15 16 12 1 1 1 1 1 1 1 1 1 1 1 1 1 1 1 1 1 1 1 1 1 1 1 1 1 1 1 1 1 1 1 10 1 10 1 1 1 1 1 1 1 1 1 1 1 1 1 1 1 1 1 1 10 1 1 7 12 12 12 1 1 100 1 1 1 100 1 1
staticfield org/springframework/core/annotation/AttributeMethods NONE Lorg/springframework/core/annotation/AttributeMethods; org/springframework/core/annotation/AttributeMethods
staticfield org/springframework/core/annotation/AttributeMethods cache Ljava/util/Map; org/springframework/util/ConcurrentReferenceHashMap
staticfield org/springframework/core/annotation/AttributeMethods methodComparator Ljava/util/Comparator; org/springframework/core/annotation/AttributeMethods$$Lambda$130+0x00000245110db728
ciInstanceKlass org/springframework/core/annotation/AttributeMethods$$Lambda$131+0x00000245110db9b8 1 1 23 1 7 1 7 1 100 1 1 12 10 1 1 1 7 1 7 1 1 12 10 1 1
ciInstanceKlass org/springframework/core/annotation/AnnotationTypeMappings$Cache$$Lambda$134+0x00000245110def50 1 1 32 1 7 1 7 1 100 1 1 1 1 1 1 1 12 10 12 9 12 9 1 1 1 7 1 7 1 1 12 10 1 1
ciInstanceKlass org/springframework/core/annotation/AnnotationConfigurationException 0 0 24 10 10 100 100 1 1 1 1 1 1 1 1 1 1 1 1 1 1 1 12 12 1 1
ciInstanceKlass java/lang/AssertionError 0 0 79 10 100 12 1 1 1 10 12 1 10 100 12 1 1 1 10 100 1 100 1 10 12 1 1 10 12 1 10 12 1 10 12 1 10 12 1 10 12 1 10 12 1 10 12 1 1 1 1 5 0 1 1 1 1 1 1 1 1 1 1 100 1 1 1 1 1 1 1 1 1 1 1 1 1 1 1 1 1
ciInstanceKlass java/util/concurrent/locks/ReentrantReadWriteLock$NonfairSync 1 1 33 10 7 12 1 1 1 10 7 12 1 1 1 1 1 1 5 0 1 1 1 1 1 1 1 1 1 1 100 1 1 1 1
ciInstanceKlass org/springframework/boot/context/config/ConfigData$Option 1 1 59 9 10 7 7 10 10 8 10 9 8 9 8 9 7 1 1 1 1 1 1 1 1 1 1 1 1 1 1 1 1 1 1 1 1 1 1 1 1 1 1 1 1 1 12 7 12 100 1 12 12 12 12 12 1 1 1 1 1
staticfield org/springframework/boot/context/config/ConfigData$Option IGNORE_IMPORTS Lorg/springframework/boot/context/config/ConfigData$Option; org/springframework/boot/context/config/ConfigData$Option
staticfield org/springframework/boot/context/config/ConfigData$Option IGNORE_PROFILES Lorg/springframework/boot/context/config/ConfigData$Option; org/springframework/boot/context/config/ConfigData$Option
staticfield org/springframework/boot/context/config/ConfigData$Option PROFILE_SPECIFIC Lorg/springframework/boot/context/config/ConfigData$Option; org/springframework/boot/context/config/ConfigData$Option
staticfield org/springframework/boot/context/config/ConfigData$Option $VALUES [Lorg/springframework/boot/context/config/ConfigData$Option; 3 [Lorg/springframework/boot/context/config/ConfigData$Option;
ciInstanceKlass org/springframework/util/ReflectionUtils$MethodCallback 1 0 22 100 100 1 1 1 100 100 1 1 1 1 1 1 100 1 1 1 1 1 1 1
ciInstanceKlass jdk/proxy2/$Proxy14 1 1 143 1 7 1 7 1 100 1 1 12 10 1 1 1 1 1 100 1 100 1 7 1 1 12 9 12 9 1 7 1 1 12 11 1 100 1 12 10 1 100 1 12 10 1 1 1 12 9 1 100 1 100 1 1 12 10 1 1 1 12 9 1 7 1 1 12 9 1 1 1 12 9 1 7 1 1 12 9 1 1 12 9 1 1 1 100 1 100 1 8 1 1 12 10 8 1 1 12 10 8 8 1 8 8 8 8 8 1 100 1 12 10 1 12 10 1 100 10 1 1 1 100 1 100 1 12 10 1 12 10 1 100 1 1 12 10 12 10 10 1 1 1 1
staticfield jdk/proxy2/$Proxy14 m0 Ljava/lang/reflect/Method; java/lang/reflect/Method
staticfield jdk/proxy2/$Proxy14 m1 Ljava/lang/reflect/Method; java/lang/reflect/Method
staticfield jdk/proxy2/$Proxy14 m2 Ljava/lang/reflect/Method; java/lang/reflect/Method
staticfield jdk/proxy2/$Proxy14 m3 Ljava/lang/reflect/Method; java/lang/reflect/Method
staticfield jdk/proxy2/$Proxy14 m4 Ljava/lang/reflect/Method; java/lang/reflect/Method
staticfield jdk/proxy2/$Proxy14 m5 Ljava/lang/reflect/Method; java/lang/reflect/Method
staticfield jdk/proxy2/$Proxy14 m6 Ljava/lang/reflect/Method; java/lang/reflect/Method
ciInstanceKlass javax/validation/constraintvalidation/ValidationTarget 1 1 48 9 10 7 7 10 10 8 10 9 8 9 7 1 1 1 1 1 1 1 1 1 1 1 1 1 1 1 1 1 1 1 1 1 1 1 12 7 12 1 12 12 12 12 1 1 1 1
staticfield javax/validation/constraintvalidation/ValidationTarget ANNOTATED_ELEMENT Ljavax/validation/constraintvalidation/ValidationTarget; javax/validation/constraintvalidation/ValidationTarget
staticfield javax/validation/constraintvalidation/ValidationTarget PARAMETERS Ljavax/validation/constraintvalidation/ValidationTarget; javax/validation/constraintvalidation/ValidationTarget
staticfield javax/validation/constraintvalidation/ValidationTarget $VALUES [Ljavax/validation/constraintvalidation/ValidationTarget; 2 [Ljavax/validation/constraintvalidation/ValidationTarget;
ciInstanceKlass org/springframework/core/annotation/AnnotationAttributes 1 1 332 10 9 9 7 8 9 10 10 8 10 10 10 10 100 7 10 7 7 10 7 7 7 7 100 7 10 10 100 8 10 10 10 10 10 10 10 10 10 18 10 7 100 8 100 10 10 8 10 10 10 11 100 8 10 11 11 100 11 10 10 11 10 8 10 8 100 10 8 10 8 10 10 8 7 1 1 1 1 1 1 1 1 1 1 1 1 1 1 1 1 1 1 1 1 1 1 1 1 1 1 1 1 1 1 1 1 1 1 1 1 1 1 1 1 1 1 100 1 1 1 1 1 1 1 1 1 1 1 1 1 1 1 1 1 1 1 1 1 1 1 1 1 1 1 1 1 1 1 1 1 1 1 1 1 1 100 1 1 1 1 1 1 1 1 1 1 1 1 1 1 1 1 1 1 1 1 1 100 100 1 1 1 1 1 1 1 1 1 12 12 12 1 1 12 12 12 1 7 12 12 12 100 12 1 1 12 1 1 12 1 1 1 1 1 1 100 12 12 1 1 12 12 12 12 12 12 12 12 12 1 15 16 15 16 12 12 1 1 1 1 12 12 1 12 12 12 100 12 1 1 100 12 12 100 1 12 12 12 12 12 1 12 1 1 1 100 12 1 12 1 1 1 1 1 1 1 1 1 1 1 1 1 1 1 1 1 1 1 1 1 1 1 1 10 1 10 1 1 1 1 1 1 1 1 1 1 1 1 1 1 1 1 1 1 1 1 1 1 1 1 7 12 12 1 1 100 1 1 100 1 1
ciInstanceKlass org/springframework/core/annotation/TypeMappedAnnotations$AggregatesSpliterator 1 1 164 9 10 9 9 9 11 11 7 10 9 10 100 3 10 10 9 9 10 11 10 10 10 10 10 10 100 7 7 1 1 1 1 1 1 1 1 1 1 1 1 1 1 1 1 1 1 1 1 1 1 1 1 1 1 1 1 1 1 1 1 1 1 1 1 1 100 1 1 1 1 1 1 1 1 1 1 100 100 100 100 100 1 1 1 1 100 1 1 1 1 1 1 1 1 1 1 100 1 1 1 1 1 12 12 12 12 12 7 12 12 7 1 12 12 1 12 7 12 7 12 12 12 7 12 12 12 12 12 100 100 12 1 1 1 1 1 1 1 1 1 1 1 1 1 1 1 1 1 1 1 1 1 1 1 1 1 1 1 1 1 1 1 1
ciInstanceKlass org/springframework/core/annotation/TypeMappedAnnotations$AggregatesCollector 1 1 129 10 9 10 7 10 9 10 11 10 7 10 10 10 10 11 10 10 7 10 10 7 7 100 1 1 1 1 1 1 1 1 1 1 1 1 1 1 1 1 1 1 1 1 1 1 1 1 1 1 1 1 1 1 1 1 1 1 1 1 1 1 1 1 1 1 1 1 1 100 100 1 1 1 1 1 1 1 100 1 1 1 1 1 1 1 12 12 12 1 12 12 12 12 7 1 12 12 12 12 7 12 12 7 12 1 12 12 1 1 1 1 1 1 1 1 1 1 1 1 1 1 1 1 1 1 1 1 1
ciInstanceKlass org/springframework/core/BridgeMethodResolver 1 1 276 10 10 9 11 7 7 10 18 10 10 18 10 11 11 11 10 11 10 10 10 10 11 11 11 10 10 10 10 10 10 10 10 10 10 10 10 10 10 7 10 10 10 10 10 7 10 10 7 10 7 1 1 1 1 1 1 1 1 1 1 1 1 1 1 1 1 100 1 1 1 1 1 1 1 1 1 100 100 100 1 1 1 1 1 1 1 1 1 100 1 1 1 1 1 1 1 1 1 1 1 1 1 1 1 1 1 1 1 1 1 1 100 100 100 100 1 1 1 1 1 1 1 1 1 1 1 1 100 1 1 1 1 1 1 12 12 12 7 12 1 1 1 15 16 15 12 12 12 16 15 12 7 12 7 12 12 12 12 12 12 12 7 12 12 7 12 12 12 12 7 12 12 12 12 7 12 7 12 12 12 12 7 12 12 1 12 12 12 12 12 1 12 12 1 1 1 1 1 1 1 1 1 1 1 1 10 1 10 1 1 1 1 1 1 11 1 100 1 1 1 1 1 1 1 1 1 1 1 1 1 1 1 1 1 1 1 1 1 1 1 1 1 1 1 1 1 1 1 1 1 1 1 1 1 1 1 1 1 1 1 1 7 12 12 12 1 1 1 100 1 1 1 100 1 1
staticfield org/springframework/core/BridgeMethodResolver cache Ljava/util/Map; org/springframework/util/ConcurrentReferenceHashMap
ciInstanceKlass org/hibernate/validator/internal/metadata/raw/ConstrainedExecutable 1 1 304 10 100 12 1 1 1 10 12 1 1 10 7 12 1 1 1 11 7 12 1 1 1 10 7 12 1 1 9 12 1 1 11 7 12 1 1 1 11 12 1 9 12 1 1 11 100 12 1 1 1 10 7 12 1 1 1 9 12 1 1 10 12 1 1 9 12 1 1 10 12 1 1 11 7 12 1 1 1 9 12 1 11 12 1 1 11 12 1 1 7 1 10 12 1 100 1 10 12 1 8 1 10 12 1 1 10 12 1 8 1 8 1 10 12 1 8 1 10 12 1 1 11 12 1 1 11 7 12 1 1 11 12 1 1 10 10 12 1 1 11 12 1 1 10 12 1 1 10 12 1 1 10 100 1 10 12 1 9 12 1 1 10 100 12 1 1 1 10 12 1 1 10 12 1 1 11 12 1 10 12 1 1 11 12 1 1 9 12 1 100 1 9 12 1 10 12 1 9 12 1 1 10 12 1 10 12 1 11 100 1 100 1 10 12 1 1 11 10 12 1 10 7 1 10 10 12 1 1 10 10 7 12 1 1 1 10 7 12 1 1 1 1 1 1 1 1 1 1 1 1 1 1 1 1 1 1 1 1 1 1 1 1 1 1 1 1 1 1 1 1 1 1 1 1 1 1 1 1 1 1 1 1 1 1 1 1 1 1 1 1 1 1 1 1 1 100 1 100 1 1 100 1 1
staticfield org/hibernate/validator/internal/metadata/raw/ConstrainedExecutable LOG Lorg/hibernate/validator/internal/util/logging/Log; org/hibernate/validator/internal/util/logging/Log_$logger
ciInstanceKlass jdk/proxy2/$Proxy25 1 1 159 1 7 1 7 1 100 1 1 12 10 1 1 1 1 1 100 1 100 1 7 1 1 12 9 12 9 1 7 1 1 12 11 1 100 1 12 10 1 100 1 12 10 1 1 1 12 9 1 100 1 100 1 1 12 10 1 1 1 12 9 1 100 1 1 1 12 9 1 100 1 1 1 12 9 1 100 1 1 12 9 1 1 12 9 1 1 12 9 1 1 1 12 9 1 7 1 1 1 100 1 100 1 8 1 1 12 10 8 1 1 12 10 8 8 1 8 8 8 8 8 8 8 1 100 1 12 10 1 12 10 1 100 10 1 1 1 100 1 100 1 12 10 1 12 10 1 100 1 1 12 10 12 10 10 1 1 1 1
staticfield jdk/proxy2/$Proxy25 m0 Ljava/lang/reflect/Method; java/lang/reflect/Method
staticfield jdk/proxy2/$Proxy25 m1 Ljava/lang/reflect/Method; java/lang/reflect/Method
staticfield jdk/proxy2/$Proxy25 m2 Ljava/lang/reflect/Method; java/lang/reflect/Method
staticfield jdk/proxy2/$Proxy25 m3 Ljava/lang/reflect/Method; java/lang/reflect/Method
staticfield jdk/proxy2/$Proxy25 m4 Ljava/lang/reflect/Method; java/lang/reflect/Method
staticfield jdk/proxy2/$Proxy25 m5 Ljava/lang/reflect/Method; java/lang/reflect/Method
staticfield jdk/proxy2/$Proxy25 m6 Ljava/lang/reflect/Method; java/lang/reflect/Method
staticfield jdk/proxy2/$Proxy25 m7 Ljava/lang/reflect/Method; java/lang/reflect/Method
staticfield jdk/proxy2/$Proxy25 m8 Ljava/lang/reflect/Method; java/lang/reflect/Method
ciInstanceKlass org/springframework/scheduling/annotation/Scheduled 1 1 46 100 100 100 100 1 1 1 8 1 1 1 1 1 1 1 5 0 1 1 1 1 1 1 1 1 1 1 1 1 1 1 1 1 1 1 1 1 1 1 1 1 1 1 1 1
ciInstanceKlass org/springframework/scheduling/annotation/Schedules 1 0 20 100 100 100 1 1 1 1 1 1 1 1 1 1 1 1 1 1 1 1
ciInstanceKlass org/springframework/scheduling/annotation/ScheduledAnnotationBeanPostProcessor 1 1 770 10 10 10 9 7 10 10 9 7 10 9 7 10 9 8 10 100 3 9 9 9 9 9 11 10 10 10 7 7 11 7 11 10 10 11 11 11 11 10 10 8 10 7 10 10 100 11 100 10 8 10 10 10 11 100 11 8 10 10 11 8 10 7 8 8 8 8 10 7 8 11 7 11 7 11 10 10 11 7 10 11 7 7 7 10 10 18 10 11 11 8 18 11 11 10 8 8 10 8 7 10 11 11 10 11 10 8 10 11 10 10 100 100 8 8 10 11 11 5 0 8 8 10 10 10 7 7 10 10 10 11 100 10 10 11 8 11 100 10 10 11 8 18 11 7 11 100 8 10 10 10 10 8 10 7 10 9 10 10 10 10 10 10 10 10 10 11 10 11 11 100 10 11 11 10 7 10 18 11 10 10 11 7 100 100 100 100 100 100 100 100 100 100 1 1 1 1 1 1 1 1 1 1 1 1 1 1 1 1 1 1 1 1 1 1 1 1 1 1 1 1 1 1 1 1 1 1 1 1 1 1 1 1 1 1 1 1 1 1 1 1 1 1 1 1 1 1 1 1 1 1 1 1 1 1 1 1 1 1 1 100 100 100 100 100 1 1 1 1 1 1 1 1 1 1 1 100 100 1 1 1 1 1 1 1 1 1 1 1 1 1 1 1 100 1 1 1 1 1 1 1 1 1 1 1 1 1 1 1 1 1 1 1 1 1 1 1 1 1 1 100 100 100 100 100 100 100 100 100 100 1 1 1 1 1 1 1 1 1 1 1 1 1 1 1 1 1 1 1 1 1 1 100 1 1 1 1 1 1 1 1 1 1 1 1 1 1 1 1 1 1 1 1 1 1 1 12 12 7 12 12 1 12 7 12 12 1 12 1 12 1 7 12 1 12 12 12 12 12 12 12 12 12 1 1 12 1 7 12 12 7 12 7 12 7 12 12 12 12 12 1 12 1 12 12 1 7 12 1 1 12 12 12 12 1 12 1 12 12 12 1 1 1 1 1 1 12 1 1 100 12 1 12 1 12 7 12 12 12 1 7 12 12 1 1 1 7 12 7 12 1 15 16 15 16 12 7 12 12 12 1 16 15 16 12 12 12 12 1 1 12 1 1 12 12 12 12 7 12 1 12 7 12 12 12 1 1 1 1 12 12 12 1 1 7 12 12 7 12 1 1 12 12 12 12 1 12 12 12 1 12 1 12 12 1 16 15 16 12 12 1 12 1 1 7 12 12 1 7 12 1 12 7 12 12 12 100 12 12 100 12 12 12 12 100 12 12 1 12 12 12 1 12 16 15 16 12 12 12 7 12 1 1 1 1 1 1 1 1 1 1 1 1 1 1 1 1 1 1 1 1 1 1 1 1 1 1 1 1 1 1 1 1 1 1 1 1 1 1 1 1 1 1 1 1 1 1 1 1 1 1 1 1 1 1 1 1 1 1 1 1 1 1 1 1 1 1 1 1 1 1 1 1 1 1 1 1 1 1 1 1 1 1 1 1 1 1 1 1 1 1 10 1 10 1 100 1 1 1 1 1 1 1 1 1 10 1 1 1 1 1 1 1 1 1 1 1 1 1 1 1 1 1 1 1 1 1 1 1 1 1 1 1 1 1 1 1 10 1 1 1 1 1 1 1 1 1 1 1 1 1 1 1 1 1 1 1 1 1 1 1 1 1 1 1 1 1 10 1 1 1 1 1 1 7 12 12 1 12 12 12 1 1 100 1 1 100 1 1
ciInstanceKlass org/springframework/core/annotation/AnnotatedElementUtils 1 1 426 10 7 10 11 10 11 11 10 10 10 10 11 18 11 18 10 11 7 11 18 11 11 9 11 10 11 11 11 10 11 10 10 11 11 18 11 10 7 10 10 11 10 10 10 10 18 10 18 18 10 100 10 10 11 10 10 9 10 11 10 10 9 11 18 11 11 11 11 11 7 100 1 1 1 1 1 1 1 1 1 1 1 1 1 1 1 1 1 1 1 1 1 1 1 1 1 1 1 1 1 1 100 1 1 1 1 1 1 1 1 1 1 1 1 1 1 1 1 1 1 1 1 1 1 1 1 1 1 1 1 1 1 1 1 1 1 1 1 1 1 1 1 1 1 7 1 1 1 1 1 1 1 1 1 1 1 1 1 1 1 1 100 1 1 1 1 1 1 1 1 100 1 1 1 1 1 1 1 1 1 1 1 12 1 12 7 12 12 12 12 100 12 100 12 100 12 12 7 12 1 15 16 15 16 12 7 12 16 15 16 12 100 12 12 1 12 16 15 16 12 12 12 7 12 12 7 12 12 12 12 7 12 12 12 12 12 12 15 7 12 7 12 1 7 12 100 12 12 12 12 12 12 15 16 12 15 16 15 16 12 1 12 12 12 12 12 7 12 7 12 12 12 12 12 12 16 15 16 12 100 12 12 12 12 12 1 1 1 1 1 1 1 1 1 1 1 1 1 1 1 1 1 1 1 1 1 1 10 1 10 1 1 1 1 1 10 1 1 1 1 1 1 1 1 1 11 1 1 1 1 1 1 1 1 1 1 1 1 1 1 1 1 1 1 1 1 1 1 1 1 1 1 1 1 1 1 1 1 1 1 1 1 1 11 1 1 1 11 1 10 1 1 1 1 1 1 1 1 1 1 1 1 1 1 1 1 1 1 1 11 1 1 1 1 1 1 1 1 1 1 7 12 12 100 12 12 12 12 12 1 1 100 1 1 1 1 1 1 1 1 1 1 100 1 1
ciInstanceKlass org/springframework/core/type/AnnotatedTypeMetadata$$Lambda$398+0x00000245113075f8 1 1 23 1 7 1 7 1 100 1 1 12 10 1 1 1 7 1 7 1 1 12 11 1 1
ciInstanceKlass org/springframework/core/annotation/MergedAnnotationCollectors 1 1 281 10 18 18 18 7 11 18 10 18 18 18 18 11 11 10 10 9 9 18 18 18 11 11 11 10 18 11 10 11 100 10 100 11 10 100 11 9 7 7 1 1 1 1 1 1 1 1 1 1 1 1 1 1 1 1 1 1 1 1 1 1 1 1 1 1 100 1 1 1 1 1 1 1 1 1 1 1 100 1 1 1 1 1 1 1 1 1 1 1 1 1 1 1 1 1 1 1 1 1 1 1 1 1 1 1 1 1 1 1 1 1 1 1 1 1 1 1 12 1 15 16 15 16 12 16 15 16 12 16 15 16 12 7 1 12 16 15 16 12 12 15 16 15 16 16 16 15 16 12 12 7 12 12 12 12 12 15 16 15 16 12 15 16 100 12 7 12 7 12 12 15 16 12 7 12 100 12 100 12 1 12 1 12 12 1 7 12 1 1 1 10 1 10 1 1 1 1 10 1 1 1 10 1 1 1 1 1 1 1 10 1 10 1 10 1 1 10 1 1 1 1 1 1 10 1 10 1 1 10 1 1 1 1 1 1 1 1 1 1 11 1 1 1 1 1 1 1 1 1 1 1 1 1 1 1 1 1 1 7 12 7 12 12 12 12 12 7 12 12 12 1 1 100 1 1 1 1 100 1 1
staticfield org/springframework/core/annotation/MergedAnnotationCollectors NO_CHARACTERISTICS [Ljava/util/stream/Collector$Characteristics; 0 [Ljava/util/stream/Collector$Characteristics;
staticfield org/springframework/core/annotation/MergedAnnotationCollectors IDENTITY_FINISH_CHARACTERISTICS [Ljava/util/stream/Collector$Characteristics; 1 [Ljava/util/stream/Collector$Characteristics;
ciInstanceKlass org/springframework/core/BridgeMethodResolver$$Lambda$527+0x000002451140c798 1 1 26 1 7 1 7 1 100 1 1 1 1 1 12 10 12 9 1 1 1 7 1 1 12 10 1 1
ciInstanceKlass org/springframework/core/BridgeMethodResolver$$Lambda$528+0x000002451140c9c8 1 1 26 1 7 1 7 1 100 1 1 1 1 1 12 10 12 9 1 1 1 7 1 1 12 11 1 1
ciInstanceKlass org/springframework/core/MethodIntrospector 1 1 254 10 7 10 7 10 10 10 11 10 11 11 11 11 7 18 9 10 18 10 11 10 10 10 10 10 10 100 100 8 100 10 10 10 11 9 10 11 10 11 7 7 1 1 1 1 1 1 1 1 1 1 1 1 1 1 1 1 1 1 1 1 1 1 1 1 1 1 1 1 100 100 100 100 1 1 1 7 1 1 1 1 1 1 1 1 1 1 1 1 1 1 1 1 1 100 100 100 100 1 1 1 100 1 1 1 1 1 1 1 100 1 100 100 1 1 12 1 1 7 12 7 12 7 12 12 12 12 7 12 12 1 1 15 16 15 12 7 12 12 16 15 16 12 12 7 12 7 12 12 12 12 12 12 1 1 1 1 12 100 12 12 12 7 12 12 12 7 12 12 1 1 1 1 1 1 1 1 1 1 1 1 1 1 1 1 1 1 1 1 1 1 1 1 1 1 1 1 1 10 1 10 1 100 1 1 1 1 1 1 1 10 1 1 1 1 1 1 1 1 1 1 1 1 1 1 1 1 1 1 1 1 1 1 1 1 1 1 1 1 1 7 12 12 1 12 1 1 100 1 1 100 1 1
ciInstanceKlass org/springframework/core/MethodIntrospector$MetadataLookup 1 0 21 100 100 1 1 1 1 1 1 1 1 1 1 1 1 100 1 1 1 1 1
ciInstanceKlass org/springframework/scheduling/annotation/ScheduledAnnotationBeanPostProcessor$$Lambda$543+0x0000024511414bf8 1 1 21 1 7 1 7 1 100 1 1 12 10 1 1 1 7 1 1 12 10 1 1
ciInstanceKlass org/springframework/core/MethodIntrospector$$Lambda$544+0x0000024511418000 1 1 34 1 7 1 7 1 100 1 1 1 1 1 1 1 1 1 12 10 12 9 12 9 12 9 1 1 1 7 1 1 12 10 1 1
ciInstanceKlass org/springframework/core/annotation/MergedAnnotationCollectors$$Lambda$545+0x0000024511418220 1 1 18 1 7 1 7 1 100 1 1 12 10 1 1 1 7 10 1 1
ciInstanceKlass org/springframework/core/annotation/MergedAnnotationCollectors$$Lambda$546+0x0000024511418438 1 1 25 1 7 1 7 1 100 1 1 12 10 1 1 1 7 1 7 1 7 1 1 12 10 1 1
ciInstanceKlass org/springframework/core/annotation/MergedAnnotationCollectors$$Lambda$547+0x0000024511418660 1 1 25 1 7 1 7 1 100 1 1 12 10 1 1 1 100 1 100 1 100 1 1 12 10 1 1
instanceKlass java/util/TreeMap$ValueSpliterator
instanceKlass java/util/TreeMap$KeySpliterator
ciInstanceKlass java/util/TreeMap$TreeMapSpliterator 1 1 76 10 7 12 1 1 1 9 7 12 1 1 1 9 12 1 1 9 12 1 9 12 1 1 9 12 1 9 12 1 10 7 12 1 1 1 10 12 1 9 12 1 9 12 1 10 12 1 1 1 1 1 1 1 1 1 1 1 1 1 1 1 1 1 1 100 1 1 1 1 1 1 1 1 1 1
ciInstanceKlass java/util/TreeMap$KeySpliterator 1 1 132 10 7 12 1 1 1 9 7 12 1 1 1 10 12 1 1 9 12 1 9 12 1 1 9 12 1 9 12 1 1 9 7 12 1 1 9 7 12 1 1 9 12 1 9 12 1 1 10 12 1 1 9 12 1 10 100 1 10 12 1 11 7 12 1 1 1 9 12 1 9 12 1 100 1 10 10 12 1 1 100 1 9 12 1 1 10 12 1 1 1 1 1 1 1 1 1 1 1 1 1 1 1 1 1 1 1 1 1 1 1 1 1 1 1 1 1 1 1 1 1 1 1 1 1 1 1 1 1 1 1 1
ciInstanceKlass java/util/concurrent/locks/AbstractQueuedSynchronizer$ExclusiveNode 1 1 22 10 7 12 1 1 1 100 1 1 1 1 1 1 1 1 1 100 1 1 1 1
ciInstanceKlass java/util/stream/Streams$RangeLongSpliterator 1 1 118 10 7 12 1 1 1 10 7 12 1 1 9 12 1 1 100 1 10 9 12 1 1 9 12 1 9 12 1 1 10 7 12 1 1 1 11 7 12 1 1 1 100 1 10 12 1 1 10 12 1 1 5 0 5 0 5 0 10 12 1 1 10 12 1 1 10 12 1 1 7 1 10 7 12 1 1 1 100 1 1 1 1 1 1 1 1 1 1 1 1 1 1 1 1 1 1 1 1 1 1 1 1 1 1 1 1 1 1 1 1 1 1 1 1 100 1 1
staticfield java/util/stream/Streams$RangeLongSpliterator $assertionsDisabled Z 1
ciInstanceKlass java/util/concurrent/locks/AbstractQueuedSynchronizer$SharedNode 1 1 22 10 7 12 1 1 1 100 1 1 1 1 1 1 1 1 1 100 1 1 1 1
ciInstanceKlass org/springframework/core/annotation/TypeMappedAnnotations$1 0 0 11 100 100 1 1 1 100 1 1 1 1
ciInstanceKlass org/springframework/core/MethodIntrospector$$Lambda$1138+0x000002451179f6f8 1 1 26 1 7 1 7 1 100 1 1 1 1 1 12 10 12 9 1 1 1 7 1 1 12 10 1 1
ciInstanceKlass org/springframework/core/annotation/RepeatableContainers$1 0 0 11 100 100 1 1 1 100 1 1 1 1
ciInstanceKlass java/util/JumboEnumSet 1 1 196 10 7 12 1 1 1 9 7 12 1 1 1 9 12 1 1 10 100 12 1 1 1 5 0 9 12 1 1 7 1 10 12 1 10 100 12 1 1 1 9 12 1 1 10 100 12 1 1 10 12 1 1 10 12 1 1 10 12 1 1 10 12 1 100 1 100 1 10 12 1 10 12 1 1 8 1 10 12 1 10 12 1 1 10 12 1 10 12 1 10 12 1 10 12 1 10 12 1 10 100 12 1 1 1 10 12 1 1 10 12 1 10 100 12 1 1 1 10 12 1 1 10 100 12 1 10 12 1 1 10 1 1 1 5 0 1 1 1 1 1 1 1 1 1 1 1 1 1 1 1 1 1 1 1 1 1 1 1 1 1 1 1 1 1 1 1 1 1 1 1 1 1 1 1 1 1 1 1 1 1 1 1 1 1 1 1 1 100 1 1 1 1 1 1 1
ciMethodData java/lang/Object <init> ()V 2 1579043 orig 80 1 0 0 0 0 0 0 0 0 0 0 0 0 0 0 0 0 0 0 0 0 0 0 0 0 0 0 0 0 0 0 0 0 0 0 0 0 0 0 0 0 0 0 0 0 0 0 0 0 0 0 0 0 0 0 0 0 0 0 0 0 0 0 0 0 0 0 0 0 0 0 0 0 0 0 0 0 0 0 0 data 4 0x0 0x9 0x1 0x0 oops 0 methods 0
ciMethodData java/lang/String isLatin1 ()Z 2 2412764 orig 80 0 0 0 0 0 0 0 0 0 0 0 0 0 0 0 0 0 0 0 0 0 0 0 0 0 0 0 0 0 0 0 0 0 0 0 0 0 0 0 0 0 0 0 0 0 0 0 0 0 0 0 0 0 0 0 0 0 0 0 0 0 0 0 0 0 0 0 0 0 0 0 0 0 0 0 0 0 0 0 0 data 18 0x30007 0x0 0x58 0x24cfa6 0xa0007 0x25f8f 0x38 0x226d16 0xe0003 0x22727e 0x18 0x0 0x0 0x0 0x0 0x9 0x1 0x0 oops 0 methods 0
ciMethodData java/lang/StringLatin1 hashCode ([B)I 2 30571 orig 80 0 0 0 0 0 0 0 0 0 0 0 0 0 0 0 0 0 0 0 0 0 0 0 0 0 0 0 0 0 0 0 0 0 0 0 0 0 0 0 0 0 0 0 0 0 0 0 0 0 0 0 0 0 0 0 0 0 0 0 0 0 0 0 0 0 0 0 0 0 0 0 0 0 0 0 0 0 0 0 0 data 14 0xd0007 0x42d 0x38 0x6c81 0x250003 0x6c81 0xffffffffffffffe0 0x0 0x0 0x0 0x0 0x9 0x1 0x0 oops 0 methods 0
ciMethodData java/lang/String hashCode ()I 2 18006 orig 80 1 0 0 0 0 0 0 0 0 0 0 0 0 0 0 0 0 0 0 0 0 0 0 0 0 0 0 0 0 0 0 0 0 0 0 0 0 0 0 1 0 0 0 0 0 0 0 0 0 0 0 0 0 0 0 0 0 0 0 0 0 0 0 0 0 0 0 0 0 0 0 0 0 0 0 0 0 0 0 0 data 42 0x60007 0x3734 0x108 0xd23 0xd0007 0x1c 0xe8 0xd07 0x110005 0xd07 0x0 0x0 0x0 0x0 0x0 0x8000000600140007 0x7 0x48 0xd01 0x1b0002 0xd01 0x1e0003 0xd01 0x28 0x250002 0x7 0x2a0007 0xd07 0x38 0x1 0x320003 0x1 0x18 0x0 0x0 0x0 0x0 0x0 0x0 0x9 0x1 0xe oops 0 methods 0
ciMethodData java/lang/StringUTF16 hashCode ([B)I 2 87482 orig 80 0 0 0 0 0 0 0 0 0 0 0 0 0 0 0 0 0 0 0 0 0 0 0 0 0 0 0 0 0 0 0 0 0 0 0 0 0 0 0 0 0 0 0 0 0 0 0 0 0 0 0 0 0 0 0 0 0 0 0 0 0 0 0 0 0 0 0 0 0 0 0 0 0 0 0 0 0 0 0 0 data 18 0xb0007 0x396 0x48 0x155b7 0x140002 0x2615 0x1c0003 0x155b7 0xffffffffffffffd0 0x0 0x0 0x0 0x0 0x0 0x0 0x9 0x1 0x0 oops 0 methods 0
ciMethodData java/lang/String equals (Ljava/lang/Object;)Z 2 15959 orig 80 2 0 0 0 1 0 0 0 0 0 0 0 0 0 0 0 0 0 0 0 5 0 0 0 0 0 0 0 0 0 0 0 0 0 0 0 0 0 0 1 0 0 0 0 0 0 0 0 0 0 0 0 0 0 0 0 0 0 0 0 0 0 0 0 0 0 0 0 0 0 0 0 0 0 0 0 0 0 0 0 data 49 0x20007 0x37dc 0x20 0x496 0x8000000400080104 0xfffffffffffffff9 0x0 0x24551119ed0 0x37d9 0x24551119f60 0x7 0xb0007 0x8 0xe0 0x37d9 0xf0004 0x0 0x0 0x24551119ed0 0x37d9 0x0 0x0 0x160007 0x0 0x40 0x37d9 0x8000000600210007 0x3c4 0x68 0x3416 0x2c0002 0x3416 0x2f0007 0x2966 0x38 0xab1 0x330003 0xab1 0x18 0x0 0x0 0x0 0x0 0x0 0x0 0x9 0x2 0x0 0x0 oops 3 7 java/lang/String 9 java/lang/Class 18 java/lang/String methods 0
ciMethodData java/util/Objects requireNonNull (Ljava/lang/Object;)Ljava/lang/Object; 2 331190 orig 80 0 0 0 0 0 0 0 0 0 0 0 0 0 0 0 0 0 0 0 0 0 0 0 0 0 0 0 0 0 0 0 0 0 0 0 0 0 0 0 0 0 0 0 0 0 0 0 0 0 0 0 0 0 0 0 0 0 0 0 0 0 0 0 0 0 0 0 0 0 0 0 0 0 0 0 0 0 0 0 0 data 15 0x10007 0x50c2f 0x30 0x0 0x80002 0x0 0x0 0x0 0x0 0x0 0x0 0x0 0x9 0x1 0x0 oops 0 methods 0
ciMethodData java/util/AbstractCollection <init> ()V 2 134833 orig 80 0 0 0 0 0 0 0 0 0 0 0 0 0 0 0 0 0 0 0 0 0 0 0 0 0 0 0 0 0 0 0 0 0 0 0 0 0 0 0 0 0 0 0 0 0 0 0 0 0 0 0 0 0 0 0 0 0 0 0 0 0 0 0 0 0 0 0 0 0 0 0 0 0 0 0 0 0 0 0 0 data 7 0x10002 0x20d0a 0x0 0x0 0x9 0x1 0x0 oops 0 methods 0
ciMethodData java/lang/String coder ()B 2 1649315 orig 80 0 0 0 0 0 0 0 0 0 0 0 0 0 0 0 0 0 0 0 0 0 0 0 0 0 0 0 0 0 0 0 0 0 0 0 0 0 0 0 0 0 0 0 0 0 0 0 0 0 0 0 0 0 0 0 0 0 0 0 0 0 0 0 0 0 0 0 0 0 0 0 0 0 0 0 0 0 0 0 0 data 14 0x30007 0x0 0x38 0x192960 0xa0003 0x192143 0x18 0x0 0x0 0x0 0x0 0x9 0x1 0x0 oops 0 methods 0
ciMethodData java/lang/String length ()I 2 1435099 orig 80 0 0 0 0 0 0 0 0 0 0 0 0 0 0 0 0 0 0 0 0 0 0 0 0 0 0 0 0 0 0 0 0 0 0 0 0 0 0 0 0 0 0 0 0 0 0 0 0 0 0 0 0 0 0 0 0 0 0 0 0 0 0 0 0 0 0 0 0 0 0 0 0 0 0 0 0 0 0 0 0 data 16 0x60005 0x15e384 0x0 0x0 0x0 0x0 0x0 0x0 0x0 0x0 0x0 0x0 0x0 0x9 0x1 0x0 oops 0 methods 0
ciMethodData java/lang/StringBuilder <init> ()V 2 101883 orig 80 0 0 0 0 0 0 0 0 0 0 0 0 0 0 0 0 0 0 0 0 0 0 0 0 0 0 0 0 0 0 0 0 0 0 0 0 0 0 0 0 0 0 0 0 0 0 0 0 0 0 0 0 0 0 0 0 0 0 0 0 0 0 0 0 0 0 0 0 0 0 0 0 0 0 0 0 0 0 0 0 data 7 0x30002 0x18db3 0x0 0x0 0x9 0x1 0xc oops 0 methods 0
ciMethodData java/lang/AbstractStringBuilder <init> (I)V 2 5271 orig 80 0 0 0 0 0 0 0 0 0 0 0 0 0 0 0 0 0 0 0 0 0 0 0 0 0 0 0 0 0 0 0 0 0 0 0 0 0 0 0 0 0 0 0 0 0 0 0 0 0 0 0 0 0 0 0 0 0 0 0 0 0 0 0 0 0 0 0 0 0 0 0 0 0 0 0 0 0 0 0 0 data 21 0x10002 0x144d 0x70007 0x0 0x38 0x144e 0x160003 0x144e 0x28 0x1b0002 0x0 0x0 0x0 0x0 0x0 0x0 0x0 0x9 0x2 0xc 0x0 oops 0 methods 0
ciMethodData java/lang/StringBuilder append (Ljava/lang/String;)Ljava/lang/StringBuilder; 2 302646 orig 80 2 0 0 0 0 0 0 0 0 0 0 0 0 0 0 0 0 0 0 0 0 0 0 0 0 0 0 0 0 0 0 0 0 0 0 0 0 0 0 0 0 0 0 0 0 0 0 0 0 0 0 0 0 0 0 0 0 0 0 0 0 0 0 0 0 0 0 0 0 0 0 0 0 0 0 0 0 0 0 0 data 9 0x20002 0x49f0b 0x0 0x0 0x0 0x9 0x2 0xffffffffffffffff 0xffffffffffffffff oops 0 methods 0
ciMethodData java/lang/StringBuilder toString ()Ljava/lang/String; 2 105376 orig 80 0 0 0 0 0 0 0 0 0 0 0 0 0 0 0 0 0 0 0 0 0 0 0 0 0 0 0 0 0 0 0 0 0 0 0 0 0 0 0 0 0 0 0 0 0 0 0 0 0 0 0 0 0 0 0 0 0 0 0 0 0 0 0 0 0 0 0 0 0 0 0 0 0 0 0 0 0 0 0 0 data 27 0x10005 0x19b54 0x0 0x0 0x0 0x0 0x0 0x40007 0x67c 0x48 0x194da 0x100002 0x194db 0x130003 0x194ec 0x28 0x1f0002 0x67c 0x0 0x0 0x0 0x0 0x0 0x0 0x9 0x1 0x0 oops 0 methods 0
ciMethodData java/lang/String startsWith (Ljava/lang/String;I)Z 2 40081 orig 80 1 0 0 0 0 0 0 0 0 0 0 0 0 0 0 0 0 0 0 0 0 0 0 0 0 0 0 0 0 0 0 0 0 0 0 0 0 0 0 1 0 0 0 0 0 0 0 0 0 0 0 0 0 0 0 0 0 0 0 0 0 0 0 0 0 0 0 0 0 0 0 0 0 0 0 0 0 0 0 0 data 83 0x10007 0x1c 0xb0 0x192b 0x60005 0x192b 0x0 0x0 0x0 0x0 0x0 0xa0005 0x192a 0x0 0x0 0x0 0x0 0x0 0xe0007 0x1923 0x20 0x7 0x270005 0x1924 0x0 0x0 0x0 0x0 0x0 0x2f0005 0x1923 0x0 0x0 0x0 0x0 0x0 0x8000000600320007 0x1 0xb0 0x1923 0x370007 0x0 0x38 0x1923 0x3b0003 0x1923 0x18 0x470007 0x8ba 0x40 0xa666 0x590007 0x95fd 0xffffffffffffffe0 0x106a 0x5e0003 0x8ba 0x88 0x630007 0x1 0x20 0x0 0x6c0007 0x1 0x50 0x1 0x740002 0x1 0x830007 0x1 0xffffffffffffffd0 0x0 0x0 0x0 0x0 0x0 0x0 0x0 0x9 0x3 0x0 0x0 0x0 oops 0 methods 0
ciMethodData java/lang/String startsWith (Ljava/lang/String;)Z 2 1268857 orig 80 0 0 0 0 0 0 0 0 0 0 0 0 0 0 0 0 0 0 0 0 0 0 0 0 0 0 0 0 0 0 0 0 0 0 0 0 0 0 0 0 0 0 0 0 0 0 0 0 0 0 0 0 0 0 0 0 0 0 0 0 0 0 0 0 0 0 0 0 0 0 0 0 0 0 0 0 0 0 0 0 data 17 0x30005 0x136bf9 0x0 0x0 0x0 0x0 0x0 0x0 0x0 0x0 0x0 0x0 0x0 0x9 0x2 0x0 0x0 oops 0 methods 0
ciMethodData java/lang/System getSecurityManager ()Ljava/lang/SecurityManager; 2 152330 orig 80 0 0 0 0 0 0 0 0 0 0 0 0 0 0 0 0 0 0 0 0 0 0 0 0 0 0 0 0 0 0 0 0 0 0 0 0 0 0 0 0 0 0 0 0 0 0 0 0 0 0 0 0 0 0 0 0 0 0 0 0 0 0 0 0 0 0 0 0 0 0 0 0 0 0 0 0 0 0 0 0 data 14 0x2 0x25208 0x30007 0x0 0x20 0x25202 0x0 0x0 0x0 0x0 0x0 0x0 0x9 0x0 oops 0 methods 0
ciMethodData java/lang/System allowSecurityManager ()Z 2 152364 orig 80 0 0 0 0 0 0 0 0 0 0 0 0 0 0 0 0 0 0 0 0 0 0 0 0 0 0 0 0 0 0 0 0 0 0 0 0 0 0 0 0 0 0 0 0 0 0 0 0 0 0 0 0 0 0 0 0 0 0 0 0 0 0 0 0 0 0 0 0 0 0 0 0 0 0 0 0 0 0 0 0 data 11 0x40007 0x0 0x38 0x25229 0x80003 0x25229 0x18 0x0 0x0 0x9 0x0 oops 0 methods 0
ciMethod java/lang/invoke/MethodHandle invokeBasic ()Ljava/lang/Object; 0 0 1 0 -1
ciMethodData java/lang/ref/ReferenceQueue poll ()Ljava/lang/ref/Reference; 2 32937 orig 80 0 0 0 0 0 0 0 0 0 0 0 0 0 0 0 0 0 0 0 0 0 0 0 0 0 0 0 0 0 0 0 0 0 0 0 0 0 0 0 0 0 0 0 0 0 0 0 0 0 0 0 0 0 0 0 0 0 0 0 0 0 0 0 0 0 0 0 0 0 0 0 0 0 0 0 0 0 0 0 0 data 20 0x40007 0x1bf 0x20 0x7de9 0x110005 0x1bf 0x0 0x0 0x0 0x0 0x0 0x0 0x0 0x0 0x0 0x0 0x0 0x9 0x1 0xc oops 0 methods 0
ciMethodData java/lang/ref/ReferenceQueue reallyPoll ()Ljava/lang/ref/Reference; 2 2662 orig 80 0 0 0 0 0 0 0 0 0 0 0 0 0 0 0 0 0 0 0 0 0 0 0 0 0 0 0 0 0 0 0 0 0 0 0 0 0 0 0 0 0 0 0 0 0 0 0 0 0 0 0 0 0 0 0 0 0 0 0 0 0 0 0 0 0 0 0 0 0 0 0 0 0 0 0 0 0 0 0 0 data 33 0x60007 0x1c5 0xc0 0x89f 0x180007 0x883 0x38 0x1c 0x1c0003 0x1c 0x18 0x330004 0xfffffffffffff770 0x0 0x245511ec800 0x12b 0x245511ec8b0 0x6d 0x360007 0x890 0x30 0xf 0x3a0002 0xf 0x0 0x0 0x0 0x0 0x0 0x0 0x9 0x1 0xc oops 2 14 jdk/internal/ref/CleanerImpl$PhantomCleanableRef 16 java/lang/invoke/MethodType$ConcurrentWeakInternSet$WeakEntry methods 0
ciMethodData java/util/HashMap hash (Ljava/lang/Object;)I 2 66055 orig 80 1 0 0 0 2 0 0 0 0 0 0 0 0 0 0 0 0 0 0 0 0 0 0 0 0 0 0 0 0 0 0 0 0 0 0 0 0 0 0 4 0 0 0 0 0 0 0 0 0 0 0 0 0 0 0 0 0 0 0 0 0 0 0 0 0 0 0 0 0 0 0 0 0 0 0 0 0 0 0 0 data 23 0x8000000600010007 0xfef0 0x38 0x208 0x50003 0x208 0x50 0x90005 0x33a7 0x0 0x24551119ed0 0xc95a 0x2455baedb80 0x1ef 0x0 0x0 0x0 0x0 0x0 0x0 0x9 0x1 0xffffffffffffffff oops 2 10 java/lang/String 12 java/lang/module/ModuleDescriptor methods 0
ciMethodData java/util/HashMap putVal (ILjava/lang/Object;Ljava/lang/Object;ZZ)Ljava/lang/Object; 2 35949 orig 80 6 0 0 0 2 0 0 0 0 0 0 0 0 0 0 0 0 0 0 0 5 0 0 9 0 0 0 0 0 0 0 0 0 0 0 0 0 0 0 2 0 0 0 0 0 0 0 0 0 0 0 0 0 0 0 0 0 0 0 0 0 0 0 0 0 0 0 0 0 0 0 0 0 0 0 0 0 0 0 0 data 198 0x70007 0x10e3 0x40 0x7a79 0x100007 0x7a79 0x58 0x0 0x140005 0x10e3 0x0 0x0 0x0 0x0 0x0 0x2c0007 0x26b5 0xa8 0x64a5 0x8000000700380005 0x8a 0x0 0x2457e362fc0 0x3abc 0x24558376210 0x2964 0x3b0004 0x0 0x0 0x245819fa1f0 0x3af8 0x2457ed1c5b0 0x29b1 0x3c0003 0x64a6 0x410 0x450007 0x2296 0xd0 0x41f 0x510007 0x35a 0x98 0xc5 0x550007 0x0 0x90 0xc5 0x4005b0005 0x15 0x0 0x24551119ed0 0xb0 0x2457ed1c660 0x1 0x5e0007 0x8 0x38 0xbe 0x650003 0x418 0x2a8 0x6a0004 0xffffffffffffdd62 0x0 0x245819fa1f0 0x124 0x2457ed1c5b0 0x7 0x6d0007 0x229e 0xa8 0x0 0x720004 0x0 0x0 0x0 0x0 0x0 0x0 0x7b0005 0x0 0x0 0x0 0x0 0x0 0x0 0x800003 0x0 0x1c8 0x8e0007 0xb07 0xc8 0x221d 0x980005 0x35 0x0 0x2457e362fc0 0x165b 0x24558376210 0xb8d 0x8000000600a20007 0x221d 0x158 0x1 0xa90005 0x1 0x0 0x0 0x0 0x0 0x0 0xac0003 0x1 0x100 0x8000000600b50007 0xa84 0xd0 0x84 0xc10007 0x6d 0xc8 0x17 0xc50007 0x0 0x90 0x17 0x8000000700cb0005 0x8 0x0 0x24551119ed0 0xe 0x2457ed1c710 0x3 0xce0007 0x3 0x38 0x16 0xd10003 0x16 0x30 0xdb0003 0xa87 0xfffffffffffffe68 0xe00007 0x221e 0x98 0x49b 0xec0007 0x492 0x40 0x9 0xf10007 0x9 0x20 0x0 0xffffffff00fd0005 0xf 0x0 0x2457e362fc0 0x2ed 0x24558376210 0x1a5 0x11c0007 0x834a 0x58 0x377 0x1200005 0x377 0x0 0x0 0x0 0x0 0x0 0x1270005 0xbf 0x0 0x2457e362fc0 0x5113 0x24558376210 0x34f1 0x0 0x0 0x0 0x0 0x0 0x0 0x0 0x0 0x0 0x9 0x6 0x0 0x0 0x0 0x0 0x0 0x0 oops 16 22 java/util/HashMap 24 java/util/LinkedHashMap 29 java/util/HashMap$Node 31 java/util/LinkedHashMap$Entry 51 java/lang/String 53 sun/rmi/transport/tcp/TCPEndpoint 65 java/util/HashMap$Node 67 java/util/LinkedHashMap$Entry 97 java/util/HashMap 99 java/util/LinkedHashMap 130 java/lang/String 132 org/hibernate/validator/internal/metadata/raw/ConstrainedExecutable 159 java/util/HashMap 161 java/util/LinkedHashMap 177 java/util/HashMap 179 java/util/LinkedHashMap methods 0
ciMethodData java/util/HashMap$Node <init> (ILjava/lang/Object;Ljava/lang/Object;Ljava/util/HashMap$Node;)V 2 12704 orig 80 0 0 0 0 0 0 0 0 0 0 0 0 0 0 0 0 0 0 0 0 0 0 0 0 0 0 0 0 0 0 0 0 0 0 0 0 0 0 0 0 0 0 0 0 0 0 0 0 0 0 0 0 0 0 0 0 0 0 0 0 0 0 0 0 0 0 0 0 0 0 0 0 0 0 0 0 0 0 0 0 data 13 0x10002 0x308c 0x0 0x0 0x0 0x0 0x9 0x5 0xe 0x0 0x0 0x0 0x0 oops 0 methods 0
ciMethodData java/util/HashMap resize ()[Ljava/util/HashMap$Node; 2 17382 orig 80 0 0 0 0 0 0 0 0 0 0 0 0 0 0 0 0 0 0 0 0 0 0 0 0 0 0 0 0 0 0 0 0 0 0 0 0 0 0 0 0 0 0 0 0 0 0 0 0 0 0 0 0 0 0 0 0 0 0 0 0 0 0 0 0 0 0 0 0 0 0 0 0 0 0 0 0 0 0 0 0 data 171 0x60007 0x143 0x38 0x37b 0xa0003 0x37b 0x18 0x190007 0x37b 0x98 0x143 0x1f0007 0x143 0x20 0x0 0x320007 0x0 0x90 0x143 0x380007 0x4 0x70 0x13f 0x400003 0x13f 0x50 0x440007 0x2ee 0x38 0x8d 0x4a0003 0x8d 0x18 0x570007 0x42d 0x78 0x91 0x680007 0x0 0x58 0x91 0x700007 0x0 0x38 0x91 0x760003 0x91 0x18 0x910007 0x37b 0x378 0x143 0x9a0007 0x143 0x358 0x359d 0xa40007 0x195c 0x320 0x1c41 0xab0104 0x0 0x0 0x0 0x0 0x0 0x0 0xb10007 0x9ac 0x70 0x1295 0xc20004 0x0 0x0 0x245819fa1f0 0x1076 0x2457ed1c5b0 0x21f 0xc30003 0x1295 0x270 0xc80004 0xfffffffffffff654 0x0 0x245819fa1f0 0x350 0x0 0x0 0xcb0007 0x9ac 0xa8 0x0 0xd00004 0x0 0x0 0x0 0x0 0x0 0x0 0xd90005 0x0 0x0 0x0 0x0 0x0 0x0 0xdc0003 0x0 0x190 0xf90007 0xbb4 0x70 0xb2e 0xfe0007 0x397 0x38 0x797 0x1050003 0x797 0x18 0x1130003 0xb2e 0x50 0x1180007 0x3fb 0x38 0x7b9 0x11f0003 0x7b9 0x18 0x1320007 0xd36 0xffffffffffffff58 0x9ac 0x1370007 0x215 0x58 0x797 0x1460004 0x0 0x0 0x245819fa1f0 0x6ce 0x2457ed1c5b0 0xc9 0x1490007 0x1f3 0x58 0x7b9 0x15a0004 0x0 0x0 0x245819fa1f0 0x6f8 0x2457ed1c5b0 0xc1 0x15e0003 0x359d 0xfffffffffffffcc0 0x0 0x0 0x0 0x0 0x0 0x0 0x0 0x0 0x0 0x9 0x1 0x0 oops 7 74 java/util/HashMap$Node 76 java/util/LinkedHashMap$Entry 84 java/util/HashMap$Node 141 java/util/HashMap$Node 143 java/util/LinkedHashMap$Entry 152 java/util/HashMap$Node 154 java/util/LinkedHashMap$Entry methods 0
ciMethodData java/util/HashMap treeifyBin ([Ljava/util/HashMap$Node;I)V 1 1 orig 80 0 0 0 0 0 0 0 0 0 0 0 0 0 0 0 0 0 0 0 0 0 0 0 0 0 0 0 0 0 0 0 0 0 0 0 0 0 0 0 0 0 0 0 0 0 0 0 0 0 0 0 0 0 0 0 0 0 0 0 0 0 0 0 0 0 0 0 0 0 0 0 0 0 0 0 0 0 0 0 0 data 69 0x10007 0x0 0x40 0x1 0xa0007 0x0 0x70 0x1 0xe0005 0x1 0x0 0x0 0x0 0x0 0x0 0x120003 0x1 0x158 0x220007 0x0 0x140 0x0 0x2f0005 0x0 0x0 0x0 0x0 0x0 0x0 0x360007 0x0 0x38 0x0 0x3d0003 0x0 0x18 0x5a0007 0x0 0xffffffffffffff90 0x0 0x630004 0x0 0x0 0x0 0x0 0x0 0x0 0x640007 0x0 0x58 0x0 0x6a0005 0x0 0x0 0x0 0x0 0x0 0x0 0x0 0x0 0x0 0x0 0x0 0x0 0x9 0x3 0xffffffffffffffff 0xffffffffffffffff 0x0 oops 0 methods 0
ciMethodData java/util/HashMap put (Ljava/lang/Object;Ljava/lang/Object;)Ljava/lang/Object; 2 16959 orig 80 3 0 0 0 0 0 0 0 0 0 0 0 0 0 0 0 0 0 0 0 0 0 0 0 0 0 0 0 0 0 0 0 0 0 0 0 0 0 0 0 0 0 0 0 0 0 0 0 0 0 0 0 0 0 0 0 0 0 0 0 0 0 0 0 0 0 0 0 0 0 0 0 0 0 0 0 0 0 0 0 data 20 0x20002 0x4040 0x90005 0x4040 0x0 0x0 0x0 0x0 0x0 0x0 0x0 0x0 0x0 0x0 0x0 0x9 0x3 0xffffffffffffffff 0xffffffffffffffff 0xffffffffffffffff oops 0 methods 0
ciMethodData java/lang/IllegalArgumentException <init> (Ljava/lang/String;)V 1 5 orig 80 0 0 0 0 0 0 0 0 0 0 0 0 0 0 0 0 0 0 0 0 0 0 0 0 0 0 0 0 0 0 0 0 0 0 0 0 0 0 0 0 0 0 0 0 0 0 0 0 0 0 0 0 0 0 0 0 0 0 0 0 0 0 0 0 0 0 0 0 0 0 0 0 0 0 0 0 0 0 0 0 data 8 0x20002 0x5 0x0 0x0 0x9 0x2 0x1c 0x0 oops 0 methods 0
ciMethodData java/lang/StringBuilder append (C)Ljava/lang/StringBuilder; 2 370754 orig 80 0 0 0 0 0 0 0 0 0 0 0 0 0 0 0 0 0 0 0 0 0 0 0 0 0 0 0 0 0 0 0 0 0 0 0 0 0 0 0 0 0 0 0 0 0 0 0 0 0 0 0 0 0 0 0 0 0 0 0 0 0 0 0 0 0 0 0 0 0 0 0 0 0 0 0 0 0 0 0 0 data 9 0x20002 0x5a7dc 0x0 0x0 0x0 0x9 0x2 0xe 0x0 oops 0 methods 0
ciMethodData java/lang/Class getName ()Ljava/lang/String; 2 253906 orig 80 0 0 0 0 0 0 0 0 0 0 0 0 0 0 0 0 0 0 0 0 0 0 0 0 0 0 0 0 0 0 0 0 0 0 0 0 0 0 0 0 0 0 0 0 0 0 0 0 0 0 0 0 0 0 0 0 0 0 0 0 0 0 0 0 0 0 0 0 0 0 0 0 0 0 0 0 0 0 0 0 data 23 0x60007 0xde0 0x38 0x3d0f1 0xa0003 0x3d0f1 0x50 0xe0005 0xde0 0x0 0x0 0x0 0x0 0x0 0x0 0x0 0x0 0x0 0x0 0x0 0x9 0x1 0xffffffffffffffff oops 0 methods 0
ciMethodData java/util/AbstractList <init> ()V 2 63742 orig 80 0 0 0 0 0 0 0 0 0 0 0 0 0 0 0 0 0 0 0 0 0 0 0 0 0 0 0 0 0 0 0 0 0 0 0 0 0 0 0 0 0 0 0 0 0 0 0 0 0 0 0 0 0 0 0 0 0 0 0 0 0 0 0 0 0 0 0 0 0 0 0 0 0 0 0 0 0 0 0 0 data 9 0x10002 0xf85a 0x0 0x0 0x0 0x0 0x9 0x1 0x6 oops 0 methods 0
ciMethodData java/util/LinkedHashMap newNode (ILjava/lang/Object;Ljava/lang/Object;Ljava/util/HashMap$Node;)Ljava/util/HashMap$Node; 2 5552 orig 80 0 0 0 0 0 0 0 0 0 0 0 0 0 0 0 0 0 0 0 0 0 0 0 0 0 0 0 0 0 0 0 0 0 0 0 0 0 0 0 0 0 0 0 0 0 0 0 0 0 0 0 0 0 0 0 0 0 0 0 0 0 0 0 0 0 0 0 0 0 0 0 0 0 0 0 0 0 0 0 0 data 22 0x90002 0x148d 0x110005 0x148d 0x0 0x0 0x0 0x0 0x0 0x0 0x0 0x0 0x0 0x0 0x0 0x9 0x5 0xc0 0x0 0x0 0x0 0x0 oops 0 methods 0
ciMethodData java/util/LinkedHashMap$Entry <init> (ILjava/lang/Object;Ljava/lang/Object;Ljava/util/HashMap$Node;)V 2 5552 orig 80 0 0 0 0 0 0 0 0 0 0 0 0 0 0 0 0 0 0 0 0 0 0 0 0 0 0 0 0 0 0 0 0 0 0 0 0 0 0 0 0 0 0 0 0 0 0 0 0 0 0 0 0 0 0 0 0 0 0 0 0 0 0 0 0 0 0 0 0 0 0 0 0 0 0 0 0 0 0 0 0 data 11 0x60002 0x148d 0x0 0x0 0x9 0x5 0xe 0x0 0x0 0x0 0x0 oops 0 methods 0
ciMethodData java/util/LinkedHashMap linkNodeLast (Ljava/util/LinkedHashMap$Entry;)V 2 5552 orig 80 0 0 0 0 0 0 0 0 0 0 0 0 0 0 0 0 0 0 0 0 0 0 0 0 0 0 0 0 0 0 0 0 0 0 0 0 0 0 0 0 0 0 0 0 0 0 0 0 0 0 0 0 0 0 0 0 0 0 0 0 0 0 0 0 0 0 0 0 0 0 0 0 0 0 0 0 0 0 0 0 data 17 0xb0007 0x1257 0x38 0x236 0x130003 0x236 0x18 0x0 0x0 0x0 0x0 0x0 0x0 0x9 0x2 0xc0 0x18 oops 0 methods 0
ciMethodData java/util/LinkedHashMap afterNodeInsertion (Z)V 2 6492 orig 80 0 0 0 0 0 0 0 0 0 0 0 0 0 0 0 0 0 0 0 0 0 0 0 0 0 0 0 0 0 0 0 0 0 0 0 0 0 0 0 0 0 0 0 0 0 0 0 0 0 0 0 0 0 0 0 0 0 0 0 0 0 0 0 0 0 0 0 0 0 0 0 0 0 0 0 0 0 0 0 0 data 38 0x10007 0x5e6 0xe0 0x1253 0xa0007 0x0 0xc0 0x1253 0xf0005 0x3 0x0 0x24558376210 0x1216 0x2455bf899c0 0x3a 0x120007 0x1252 0x68 0x0 0x1c0002 0x0 0x230005 0x0 0x0 0x0 0x0 0x0 0x0 0x0 0x0 0x0 0x0 0x0 0x0 0x9 0x2 0xffffffffffffffff 0x0 oops 2 11 java/util/LinkedHashMap 13 org/springframework/core/annotation/AnnotationAttributes methods 0
ciMethodData java/util/Arrays equals ([Ljava/lang/Object;[Ljava/lang/Object;)Z 2 17896 orig 80 0 0 0 0 0 0 0 0 0 0 0 0 0 0 0 0 0 0 0 0 0 0 0 0 0 0 0 0 0 0 0 0 0 0 0 0 0 0 0 0 0 0 0 0 0 0 0 0 0 0 0 0 0 0 0 0 0 0 0 0 0 0 0 0 0 0 0 0 0 0 0 0 0 0 0 0 0 0 0 0 data 39 0x20007 0x81c 0x20 0x31d 0x80007 0x0 0x40 0x81c 0xc0007 0x81c 0x20 0x0 0x170007 0x7f1 0x20 0x2b 0x200007 0x7e7 0x68 0x4456 0x290002 0x4456 0x2c0007 0x444c 0x20 0xa 0x340003 0x444c 0xffffffffffffffb0 0x0 0x0 0x0 0x0 0x0 0x0 0x9 0x2 0x0 0x0 oops 0 methods 0
ciMethodData java/lang/Class getComponentType ()Ljava/lang/Class; 2 44314 orig 80 1 0 0 0 0 0 0 0 0 0 0 0 0 0 0 0 0 0 0 0 0 0 0 0 0 0 0 0 0 0 0 0 0 0 0 0 0 0 0 1 0 0 0 0 0 0 0 0 0 0 0 0 0 0 0 0 0 0 0 0 0 0 0 0 0 0 0 0 0 0 0 0 0 0 0 0 0 0 0 0 data 20 0x10005 0xac8c 0x0 0x0 0x0 0x0 0x0 0x8000000600040007 0x16 0x20 0xacdc 0x0 0x0 0x0 0x0 0x0 0x0 0x9 0x1 0xffffffffffffffff oops 0 methods 0
ciMethod java/lang/invoke/MethodHandle linkToSpecial (Ljava/lang/Object;Ljava/lang/Object;Ljava/lang/Object;Ljava/lang/Object;Ljava/lang/invoke/MemberName;)V 0 0 1 0 -1
ciMethod java/lang/invoke/MethodHandle invokeBasic (Ljava/lang/Object;Ljava/lang/Object;Ljava/lang/Object;)Ljava/lang/Object; 0 0 1 0 -1
ciMethodData java/lang/reflect/Modifier isPublic (I)Z 2 33866 orig 80 0 0 0 0 0 0 0 0 0 0 0 0 0 0 0 0 0 0 0 0 0 0 0 0 0 0 0 0 0 0 0 0 0 0 0 0 0 0 0 0 0 0 0 0 0 0 0 0 0 0 0 0 0 0 0 0 0 0 0 0 0 0 0 0 0 0 0 0 0 0 0 0 0 0 0 0 0 0 0 0 data 11 0x30007 0x1a5c 0x38 0x68ee 0x70003 0x68ee 0x18 0x0 0x9 0x1 0x0 oops 0 methods 0
ciMethodData java/util/LinkedHashMap afterNodeAccess (Ljava/util/HashMap$Node;)V 2 2568 orig 80 0 0 0 0 0 0 0 0 0 0 0 0 0 0 0 0 0 0 0 0 0 0 0 0 0 0 0 0 0 0 0 0 0 0 0 0 0 0 0 0 0 0 0 0 0 0 0 0 0 0 0 0 0 0 0 0 0 0 0 0 0 0 0 0 0 0 0 0 0 0 0 0 0 0 0 0 0 0 0 0 data 46 0x40007 0x9b9 0x120 0x4f 0xe0007 0x4f 0x100 0x0 0x120004 0x0 0x0 0x0 0x0 0x0 0x0 0x290007 0x0 0x38 0x0 0x320003 0x0 0x18 0x3e0007 0x0 0x38 0x0 0x480003 0x0 0x18 0x4f0007 0x0 0x38 0x0 0x570003 0x0 0x18 0x0 0x0 0x0 0x0 0x0 0x0 0x9 0x2 0xc8 0x18 oops 0 methods 0
ciMethodData java/lang/reflect/Method getParameterTypes ()[Ljava/lang/Class; 2 34693 orig 80 0 0 0 0 0 0 0 0 0 0 0 0 0 0 0 0 0 0 0 0 0 0 0 0 0 0 0 0 0 0 0 0 0 0 0 0 0 0 0 0 0 0 0 0 0 0 0 0 0 0 0 0 0 0 0 0 0 0 0 0 0 0 0 0 0 0 0 0 0 0 0 0 0 0 0 0 0 0 0 0 data 23 0x40005 0x0 0x0 0x2457f7390c0 0x86b4 0x0 0x0 0x70004 0x0 0x0 0x2457f7390c0 0x86b4 0x0 0x0 0x0 0x0 0x0 0x0 0x0 0x0 0x9 0x1 0x0 oops 2 3 [Ljava/lang/Class; 10 [Ljava/lang/Class; methods 0
ciMethodData java/lang/ref/SoftReference get ()Ljava/lang/Object; 2 5472 orig 80 0 0 0 0 0 0 0 0 0 0 0 0 0 0 0 0 0 0 0 0 0 0 0 0 0 0 0 0 0 0 0 0 0 0 0 0 0 0 0 0 0 0 0 0 0 0 0 0 0 0 0 0 0 0 0 0 0 0 0 0 0 0 0 0 0 0 0 0 0 0 0 0 0 0 0 0 0 0 0 0 data 19 0x10002 0x145e 0x60007 0x6 0x40 0x1458 0x110007 0x139c 0x20 0xbc 0x0 0x0 0x0 0x0 0x0 0x0 0x9 0x1 0x30 oops 0 methods 0
ciMethodData java/lang/reflect/AccessibleObject <init> ()V 2 13464 orig 80 0 0 0 0 0 0 0 0 0 0 0 0 0 0 0 0 0 0 0 0 0 0 0 0 0 0 0 0 0 0 0 0 0 0 0 0 0 0 0 0 0 0 0 0 0 0 0 0 0 0 0 0 0 0 0 0 0 0 0 0 0 0 0 0 0 0 0 0 0 0 0 0 0 0 0 0 0 0 0 0 data 7 0x10002 0x338b 0x0 0x0 0x9 0x1 0x0 oops 0 methods 0
ciMethodData java/util/ArrayList <init> ()V 2 37377 orig 80 0 0 0 0 0 0 0 0 0 0 0 0 0 0 0 0 0 0 0 0 0 0 0 0 0 0 0 0 0 0 0 0 0 0 0 0 0 0 0 0 0 0 0 0 0 0 0 0 0 0 0 0 0 0 0 0 0 0 0 0 0 0 0 0 0 0 0 0 0 0 0 0 0 0 0 0 0 0 0 0 data 9 0x10002 0x9100 0x0 0x0 0x0 0x0 0x9 0x1 0x0 oops 0 methods 0
ciMethodData java/lang/reflect/Executable <init> ()V 2 9923 orig 80 0 0 0 0 0 0 0 0 0 0 0 0 0 0 0 0 0 0 0 0 0 0 0 0 0 0 0 0 0 0 0 0 0 0 0 0 0 0 0 0 0 0 0 0 0 0 0 0 0 0 0 0 0 0 0 0 0 0 0 0 0 0 0 0 0 0 0 0 0 0 0 0 0 0 0 0 0 0 0 0 data 7 0x10002 0x2543 0x0 0x0 0x9 0x1 0x0 oops 0 methods 0
ciMethodData java/lang/Class getReflectionFactory ()Ljdk/internal/reflect/ReflectionFactory; 2 18318 orig 80 0 0 0 0 0 0 0 0 0 0 0 0 0 0 0 0 0 0 0 0 0 0 0 0 0 0 0 0 0 0 0 0 0 0 0 0 0 0 0 0 0 0 0 0 0 0 0 0 0 0 0 0 0 0 0 0 0 0 0 0 0 0 0 0 0 0 0 0 0 0 0 0 0 0 0 0 0 0 0 0 data 23 0x50007 0x0 0x20 0x4687 0xe0002 0x0 0x110002 0x0 0x140004 0x0 0x0 0x0 0x0 0x0 0x0 0x0 0x0 0x0 0x0 0x0 0x0 0x9 0x0 oops 0 methods 0
ciMethodData jdk/internal/reflect/ReflectionFactory copyMethod (Ljava/lang/reflect/Method;)Ljava/lang/reflect/Method; 2 32207 orig 80 0 0 0 0 0 0 0 0 0 0 0 0 0 0 0 0 0 0 0 0 0 0 0 0 0 0 0 0 0 0 0 0 0 0 0 0 0 0 0 0 0 0 0 0 0 0 0 0 0 0 0 0 0 0 0 0 0 0 0 0 0 0 0 0 0 0 0 0 0 0 0 0 0 0 0 0 0 0 0 0 data 17 0x50005 0x0 0x0 0x24551b58180 0x7c48 0x0 0x0 0x0 0x0 0x0 0x0 0x0 0x0 0x9 0x2 0x0 0x0 oops 1 3 java/lang/reflect/ReflectAccess methods 0
ciMethodData java/lang/reflect/ReflectAccess copyMethod (Ljava/lang/reflect/Method;)Ljava/lang/reflect/Method; 2 32207 orig 80 0 0 0 0 0 0 0 0 0 0 0 0 0 0 0 0 0 0 0 0 0 0 0 0 0 0 0 0 0 0 0 0 0 0 0 0 0 0 0 0 0 0 0 0 0 0 0 0 0 0 0 0 0 0 0 0 0 0 0 0 0 0 0 0 0 0 0 0 0 0 0 0 0 0 0 0 0 0 0 0 data 17 0x10005 0x7c48 0x0 0x0 0x0 0x0 0x0 0x0 0x0 0x0 0x0 0x0 0x0 0x9 0x2 0x0 0x0 oops 0 methods 0
ciMethodData java/lang/reflect/Method copy ()Ljava/lang/reflect/Method; 2 6550 orig 80 0 0 0 0 0 0 0 0 0 0 0 0 0 0 0 0 0 0 0 0 0 0 0 0 0 0 0 0 0 0 0 0 0 0 0 0 0 0 0 0 0 0 0 0 0 0 0 0 0 0 0 0 0 0 0 0 0 0 0 0 0 0 0 0 0 0 0 0 0 0 0 0 0 0 0 0 0 0 0 0 data 21 0x40007 0x180f 0x30 0x0 0xd0002 0x0 0x410002 0x180f 0x0 0x0 0x0 0x0 0x0 0x0 0x0 0x0 0x0 0x0 0x9 0x1 0x0 oops 0 methods 0
ciMethodData java/lang/reflect/Method <init> (Ljava/lang/Class;Ljava/lang/String;[Ljava/lang/Class;Ljava/lang/Class;[Ljava/lang/Class;IILjava/lang/String;[B[B[B)V 2 6550 orig 80 0 0 0 0 0 0 0 0 0 0 0 0 0 0 0 0 0 0 0 0 0 0 0 0 0 0 0 0 0 0 0 0 0 0 0 0 0 0 0 0 0 0 0 0 0 0 0 0 0 0 0 0 0 0 0 0 0 0 0 0 0 0 0 0 0 0 0 0 0 0 0 0 0 0 0 0 0 0 0 0 data 23 0x10002 0x180f 0x0 0x0 0x0 0x0 0x0 0x0 0x0 0x9 0xc 0x0 0x0 0x0 0x0 0x0 0x0 0x0 0x0 0x0 0x0 0x0 0x0 oops 0 methods 0
ciMethodData jdk/internal/access/SharedSecrets getJavaLangAccess ()Ljdk/internal/access/JavaLangAccess; 2 45357 orig 80 0 0 0 0 0 0 0 0 0 0 0 0 0 0 0 0 0 0 0 0 0 0 0 0 0 0 0 0 0 0 0 0 0 0 0 0 0 0 0 0 0 0 0 0 0 0 0 0 0 0 0 0 0 0 0 0 0 0 0 0 0 0 0 0 0 0 0 0 0 0 0 0 0 0 0 0 0 0 0 0 data 4 0x0 0x0 0x9 0x0 oops 0 methods 0
ciMethod java/lang/invoke/LambdaForm$MH+0x0000024511000400 invoke (Ljava/lang/Object;)Ljava/lang/Object; 524 0 100559 0 -1
ciMethodData java/lang/invoke/LambdaForm$MH+0x0000024511000400 invoke (Ljava/lang/Object;)Ljava/lang/Object; 2 100559 orig 80 0 0 0 0 0 0 0 0 0 0 0 0 0 0 0 0 0 0 0 0 0 0 0 0 0 0 0 0 0 0 0 0 0 0 0 0 0 0 0 0 0 0 0 0 0 0 0 0 0 0 0 0 0 0 0 0 0 0 0 0 0 0 0 0 0 0 0 0 0 0 0 0 0 0 0 0 0 0 0 0 data 20 0x10004 0x0 0x0 0x24558a2cbd0 0x16d4 0x0 0x0 0x0 0x0 0x0 0x0 0x0 0x0 0x9 0x1 0x0 0xc 0x2 0x0 0x24558a2cbd0 oops 2 3 java/lang/invoke/BoundMethodHandle$Species_L 19 java/lang/invoke/BoundMethodHandle$Species_L methods 0
ciMethod org/springframework/util/ConcurrentReferenceHashMap$Segment findInChain (Lorg/springframework/util/ConcurrentReferenceHashMap$Reference;Ljava/lang/Object;I)Lorg/springframework/util/ConcurrentReferenceHashMap$Reference; 512 90 13197 0 1664
ciMethod org/springframework/util/ConcurrentReferenceHashMap$Segment createReferenceArray (I)[Lorg/springframework/util/ConcurrentReferenceHashMap$Reference; 512 0 2074 0 -1
ciMethod org/springframework/util/ConcurrentReferenceHashMap$Segment getIndex (I[Lorg/springframework/util/ConcurrentReferenceHashMap$Reference;)I 514 0 31704 0 0
ciMethod org/springframework/util/ConcurrentReferenceHashMap$Segment lambda$doTask$0 (Ljava/lang/Object;ILorg/springframework/util/ConcurrentReferenceHashMap$Reference;ILjava/lang/Object;)V 590 0 5417 0 0
ciMethod org/springframework/util/Assert state (ZLjava/lang/String;)V 416 0 20707 0 96
ciMethod org/springframework/util/Assert notNull (Ljava/lang/Object;Ljava/lang/String;)V 4404 0 260662 1 192
ciMethod org/springframework/util/ClassUtils getPackageName (Ljava/lang/Class;)Ljava/lang/String; 12 0 104 0 0
ciMethod org/springframework/util/ClassUtils getPackageName (Ljava/lang/String;)Ljava/lang/String; 18 0 107 0 -1
ciMethod org/springframework/util/ClassUtils getMostSpecificMethod (Ljava/lang/reflect/Method;Ljava/lang/Class;)Ljava/lang/reflect/Method; 556 0 11138 0 0
ciMethod org/springframework/util/ClassUtils isOverridable (Ljava/lang/reflect/Method;Ljava/lang/Class;)Z 412 0 6921 0 0
ciMethod org/springframework/util/ConcurrentReferenceHashMap getLoadFactor ()F 256 0 128 0 -1
ciMethod org/springframework/util/ConcurrentReferenceHashMap getHash (Ljava/lang/Object;)I 514 0 5396 0 256
ciMethod org/springframework/util/ConcurrentReferenceHashMap get (Ljava/lang/Object;)Ljava/lang/Object; 354 0 14286 0 288
ciMethod org/springframework/util/ConcurrentReferenceHashMap getReference (Ljava/lang/Object;Lorg/springframework/util/ConcurrentReferenceHashMap$Restructure;)Lorg/springframework/util/ConcurrentReferenceHashMap$Reference; 512 0 19631 0 3808
ciMethod org/springframework/util/ConcurrentReferenceHashMap putIfAbsent (Ljava/lang/Object;Ljava/lang/Object;)Ljava/lang/Object; 512 0 461 0 0
ciMethod org/springframework/util/ConcurrentReferenceHashMap put (Ljava/lang/Object;Ljava/lang/Object;Z)Ljava/lang/Object; 204 0 4370 0 0
ciMethod org/springframework/util/ConcurrentReferenceHashMap doTask (Ljava/lang/Object;Lorg/springframework/util/ConcurrentReferenceHashMap$Task;)Ljava/lang/Object; 460 0 5039 0 0
ciMethod org/springframework/util/ConcurrentReferenceHashMap getSegmentForHash (I)Lorg/springframework/util/ConcurrentReferenceHashMap$Segment; 514 0 24670 0 160
ciMethod org/springframework/util/ConcurrentReferenceHashMap access$400 (Lorg/springframework/util/ConcurrentReferenceHashMap;)Lorg/springframework/util/ConcurrentReferenceHashMap$ReferenceType; 258 0 129 0 -1
ciMethod org/springframework/util/ConcurrentReferenceHashMap$Task <init> (Lorg/springframework/util/ConcurrentReferenceHashMap;[Lorg/springframework/util/ConcurrentReferenceHashMap$TaskOption;)V 460 0 4376 0 0
ciMethod org/springframework/util/ConcurrentReferenceHashMap$Task hasOption (Lorg/springframework/util/ConcurrentReferenceHashMap$TaskOption;)Z 512 0 20621 0 192
ciMethod org/springframework/util/ConcurrentReferenceHashMap$Task execute (Lorg/springframework/util/ConcurrentReferenceHashMap$Reference;Lorg/springframework/util/ConcurrentReferenceHashMap$Entry;Lorg/springframework/util/ConcurrentReferenceHashMap$Entries;)Ljava/lang/Object; 0 0 1 0 -1
ciMethod org/springframework/util/ConcurrentReferenceHashMap$1 <init> (Lorg/springframework/util/ConcurrentReferenceHashMap;[Lorg/springframework/util/ConcurrentReferenceHashMap$TaskOption;ZLjava/lang/Object;)V 460 0 4370 0 0
ciMethod org/springframework/util/ConcurrentReferenceHashMap$1 execute (Lorg/springframework/util/ConcurrentReferenceHashMap$Reference;Lorg/springframework/util/ConcurrentReferenceHashMap$Entry;Lorg/springframework/util/ConcurrentReferenceHashMap$Entries;)Ljava/lang/Object; 516 0 5417 0 0
ciMethod org/springframework/util/ConcurrentReferenceHashMap$Segment getReference (Ljava/lang/Object;ILorg/springframework/util/ConcurrentReferenceHashMap$Restructure;)Lorg/springframework/util/ConcurrentReferenceHashMap$Reference; 512 0 19617 0 -1
ciMethod org/springframework/util/ConcurrentReferenceHashMap$Segment doTask (ILjava/lang/Object;Lorg/springframework/util/ConcurrentReferenceHashMap$Task;)Ljava/lang/Object; 516 0 5039 0 0
ciMethod org/springframework/util/ConcurrentReferenceHashMap$Segment restructureIfNecessary (Z)V 536 0 6674 0 1696
ciMethod org/springframework/util/ConcurrentReferenceHashMap$Segment restructure (ZLorg/springframework/util/ConcurrentReferenceHashMap$Reference;)V 2 4 712 0 0
ciMethod org/springframework/util/ConcurrentReferenceHashMap$ReferenceManager createReference (Lorg/springframework/util/ConcurrentReferenceHashMap$Entry;ILorg/springframework/util/ConcurrentReferenceHashMap$Reference;)Lorg/springframework/util/ConcurrentReferenceHashMap$Reference; 516 0 6429 0 768
ciMethod org/springframework/util/ConcurrentReferenceHashMap$ReferenceManager pollForPurge ()Lorg/springframework/util/ConcurrentReferenceHashMap$Reference; 536 0 6674 0 0
ciMethod org/springframework/util/ConcurrentReferenceHashMap$Reference get ()Lorg/springframework/util/ConcurrentReferenceHashMap$Entry; 0 0 1 0 -1
ciMethod org/springframework/util/ConcurrentReferenceHashMap$Reference getHash ()I 0 0 1 0 -1
ciMethod org/springframework/util/ConcurrentReferenceHashMap$Reference getNext ()Lorg/springframework/util/ConcurrentReferenceHashMap$Reference; 0 0 1 0 -1
ciMethod java/lang/invoke/LambdaForm$DMH+0x00000245110c9000 newInvokeSpecial (Ljava/lang/Object;Ljava/lang/Object;Ljava/lang/Object;ILjava/lang/Object;I)Ljava/lang/Object; 516 0 5039 0 -1
ciMethodData java/lang/invoke/LambdaForm$DMH+0x00000245110c9000 newInvokeSpecial (Ljava/lang/Object;Ljava/lang/Object;Ljava/lang/Object;ILjava/lang/Object;I)Ljava/lang/Object; 2 5039 orig 80 0 0 0 0 0 0 0 0 0 0 0 0 0 0 0 0 0 0 0 0 0 0 0 0 0 0 0 0 0 0 0 0 0 0 0 0 0 0 0 0 0 0 0 0 0 0 0 0 0 0 0 0 0 0 0 0 0 0 0 0 0 0 0 0 0 0 0 0 0 0 0 0 0 0 0 0 0 0 0 0 data 46 0x1000a 0x12ad 0x3 0x0 0x24581a2a0a0 0x2455928d430 0x7000a 0x12ad 0x3 0x0 0x24581a2a0a0 0x2455111c0a0 0x170004 0x0 0x0 0x0 0x0 0x0 0x0 0x1a000a 0x12ad 0x4 0x0 0x2455928d430 0x1 0x245566ec290 0x0 0x0 0x0 0x0 0x0 0x0 0x9 0x6 0x0 0x0 0x0 0x0 0x0 0x0 0xc 0x4 0x0 0x24581a2a0a0 0x1 0x245566ec290 oops 8 4 java/lang/invoke/DirectMethodHandle$Constructor 5 org/springframework/util/ConcurrentReferenceHashMap$Segment$$Lambda$97+0x00000245110c60b0 10 java/lang/invoke/DirectMethodHandle$Constructor 11 java/lang/invoke/MemberName 23 org/springframework/util/ConcurrentReferenceHashMap$Segment$$Lambda$97+0x00000245110c60b0 25 org/springframework/util/ConcurrentReferenceHashMap$Segment 43 java/lang/invoke/DirectMethodHandle$Constructor 45 org/springframework/util/ConcurrentReferenceHashMap$Segment methods 0
ciMethod java/lang/invoke/LambdaForm$MH+0x00000245110c9800 linkToTargetMethod (Ljava/lang/Object;Ljava/lang/Object;ILjava/lang/Object;ILjava/lang/Object;)Ljava/lang/Object; 516 0 5039 0 -1
ciMethodData java/lang/invoke/LambdaForm$MH+0x00000245110c9800 linkToTargetMethod (Ljava/lang/Object;Ljava/lang/Object;ILjava/lang/Object;ILjava/lang/Object;)Ljava/lang/Object; 2 5039 orig 80 0 0 0 0 0 0 0 0 0 0 0 0 0 0 0 0 0 0 0 0 0 0 0 0 0 0 0 0 0 0 0 0 0 0 0 0 0 0 0 0 0 0 0 0 0 0 0 0 0 0 0 0 0 0 0 0 0 0 0 0 0 0 0 0 0 0 0 0 0 0 0 0 0 0 0 0 0 0 0 0 data 40 0x20004 0x0 0x0 0x24581a2a0a0 0x2c 0x0 0x0 0xb000b 0x12ad 0x0 0x0 0x0 0x0 0x0 0x5 0x1 0x245566ec290 0x2 0x2 0x2455928d430 0x0 0x0 0x0 0x0 0x0 0x0 0x9 0x6 0x0 0x0 0x0 0x0 0x0 0x0 0xc 0x4 0x0 0x245566ec290 0x1 0x2 oops 4 3 java/lang/invoke/DirectMethodHandle$Constructor 16 org/springframework/util/ConcurrentReferenceHashMap$Segment 19 org/springframework/util/ConcurrentReferenceHashMap$Segment$$Lambda$97+0x00000245110c60b0 37 org/springframework/util/ConcurrentReferenceHashMap$Segment methods 0
ciMethod org/springframework/util/ConcurrentReferenceHashMap$Entries add (Ljava/lang/Object;)V 0 0 1 0 -1
ciMethod org/springframework/util/ConcurrentReferenceHashMap$Segment$$Lambda$97+0x00000245110c60b0 <init> (Lorg/springframework/util/ConcurrentReferenceHashMap$Segment;Ljava/lang/Object;ILorg/springframework/util/ConcurrentReferenceHashMap$Reference;I)V 516 0 5039 0 0
ciMethod org/springframework/util/ConcurrentReferenceHashMap$Segment$$Lambda$97+0x00000245110c60b0 add (Ljava/lang/Object;)V 516 0 5417 0 0
ciMethod org/springframework/util/ConcurrentReferenceHashMap$Entry <init> (Ljava/lang/Object;Ljava/lang/Object;)V 516 0 5384 0 0
ciMethod org/springframework/util/ConcurrentReferenceHashMap$Entry getKey ()Ljava/lang/Object; 134 0 67 0 0
ciMethod org/springframework/util/ConcurrentReferenceHashMap$Entry getValue ()Ljava/lang/Object; 404 0 202 0 0
ciMethod org/springframework/util/ConcurrentReferenceHashMap$Entry setValue (Ljava/lang/Object;)Ljava/lang/Object; 0 0 1 0 -1
ciMethod org/springframework/util/ConcurrentReferenceHashMap$SoftEntryReference <init> (Lorg/springframework/util/ConcurrentReferenceHashMap$Entry;ILorg/springframework/util/ConcurrentReferenceHashMap$Reference;Ljava/lang/ref/ReferenceQueue;)V 516 0 6429 0 -1
ciMethod org/springframework/util/ConcurrentReferenceHashMap$SoftEntryReference getHash ()I 276 0 138 0 0
ciMethod org/springframework/util/ConcurrentReferenceHashMap$SoftEntryReference getNext ()Lorg/springframework/util/ConcurrentReferenceHashMap$Reference; 256 0 128 0 0
ciMethod org/springframework/util/ConcurrentReferenceHashMap$SoftEntryReference get ()Lorg/springframework/util/ConcurrentReferenceHashMap$Entry; 238 0 25693 0 224
ciMethod org/springframework/util/ObjectUtils nullSafeEquals (Ljava/lang/Object;Ljava/lang/Object;)Z 194 0 5335 0 288
ciMethod org/springframework/util/ObjectUtils arrayEquals (Ljava/lang/Object;Ljava/lang/Object;)Z 0 0 1641 0 -1
ciMethodData java/lang/invoke/Invokers$Holder linkToTargetMethod (Ljava/lang/Object;)Ljava/lang/Object; 2 98921 orig 80 0 0 0 0 0 0 0 0 0 0 0 0 0 0 0 0 0 0 0 0 0 0 0 0 0 0 0 0 0 0 0 0 0 0 0 0 0 0 0 0 0 0 0 0 0 0 0 0 0 0 0 0 0 0 0 0 0 0 0 0 0 0 0 0 0 0 0 0 0 0 0 0 0 0 0 0 0 0 0 0 data 29 0x10004 0x0 0x0 0x24558a2cbd0 0x106e 0x0 0x0 0x4000b 0x18162 0x0 0x0 0x0 0x0 0x0 0x1 0x2 0x0 0x0 0x0 0x0 0x0 0x0 0x9 0x1 0x0 0xc 0x2 0x0 0x24558a2cbd0 oops 2 3 java/lang/invoke/BoundMethodHandle$Species_L 28 java/lang/invoke/BoundMethodHandle$Species_L methods 0
ciMethod java/lang/invoke/MethodHandle linkToSpecial (Ljava/lang/Object;Ljava/lang/Object;Ljava/lang/Object;ILjava/lang/Object;ILjava/lang/invoke/MemberName;)V 0 0 1 0 -1
ciMethod java/lang/invoke/MethodHandle invokeBasic (Ljava/lang/Object;Ljava/lang/Object;ILjava/lang/Object;I)Ljava/lang/Object; 0 0 1 0 -1
ciMethod org/springframework/util/ReflectionUtils findMethod (Ljava/lang/Class;Ljava/lang/String;[Ljava/lang/Class;)Ljava/lang/reflect/Method; 142 2338 688 0 0
ciMethod org/springframework/util/ReflectionUtils hasSameParams (Ljava/lang/reflect/Method;[Ljava/lang/Class;)Z 230 0 779 0 0
ciMethod org/springframework/util/ReflectionUtils doWithMethods (Ljava/lang/Class;Lorg/springframework/util/ReflectionUtils$MethodCallback;Lorg/springframework/util/ReflectionUtils$MethodFilter;)V 202 880 3930 0 -1
ciMethod org/springframework/util/ReflectionUtils getDeclaredMethods (Ljava/lang/Class;Z)[Ljava/lang/reflect/Method; 516 110 7181 0 19008
ciMethod org/springframework/util/ReflectionUtils findConcreteMethodsOnInterfaces (Ljava/lang/Class;)Ljava/util/List; 294 264 720 0 -1
ciMethod org/springframework/core/annotation/MergedAnnotations stream (Ljava/lang/Class;)Ljava/util/stream/Stream; 0 0 1 0 -1
ciMethod org/springframework/core/annotation/MergedAnnotations from (Ljava/lang/reflect/AnnotatedElement;Lorg/springframework/core/annotation/MergedAnnotations$SearchStrategy;Lorg/springframework/core/annotation/RepeatableContainers;)Lorg/springframework/core/annotation/MergedAnnotations; 244 0 45489 0 128
ciMethod org/springframework/core/annotation/MergedAnnotations from (Ljava/lang/reflect/AnnotatedElement;Lorg/springframework/core/annotation/MergedAnnotations$SearchStrategy;Lorg/springframework/core/annotation/RepeatableContainers;Lorg/springframework/core/annotation/AnnotationFilter;)Lorg/springframework/core/annotation/MergedAnnotations; 244 0 45493 0 0
ciMethod org/springframework/core/annotation/RepeatableContainers <init> (Lorg/springframework/core/annotation/RepeatableContainers;)V 520 0 8940 0 0
ciMethod org/springframework/core/annotation/RepeatableContainers standardRepeatables ()Lorg/springframework/core/annotation/RepeatableContainers; 514 0 33082 0 -1
ciMethod org/springframework/core/annotation/RepeatableContainers of (Ljava/lang/Class;Ljava/lang/Class;)Lorg/springframework/core/annotation/RepeatableContainers; 712 0 7766 0 0
ciMethod org/springframework/core/annotation/RepeatableContainers <init> (Lorg/springframework/core/annotation/RepeatableContainers;Lorg/springframework/core/annotation/RepeatableContainers$1;)V 520 0 8940 0 256
ciMethod org/springframework/core/annotation/RepeatableContainers$ExplicitRepeatableContainer <init> (Lorg/springframework/core/annotation/RepeatableContainers;Ljava/lang/Class;Ljava/lang/Class;)V 712 0 7766 0 0
ciMethod org/springframework/core/annotation/RepeatableContainers$ExplicitRepeatableContainer deduceContainer (Ljava/lang/Class;)Ljava/lang/Class; 0 0 1 0 -1
ciMethod org/springframework/core/annotation/TypeMappedAnnotations <init> (Ljava/lang/reflect/AnnotatedElement;Lorg/springframework/core/annotation/MergedAnnotations$SearchStrategy;Lorg/springframework/core/annotation/RepeatableContainers;Lorg/springframework/core/annotation/AnnotationFilter;)V 496 0 8555 0 1344
ciMethod org/springframework/core/annotation/TypeMappedAnnotations stream (Ljava/lang/Class;)Ljava/util/stream/Stream; 834 0 7822 0 0
ciMethod org/springframework/core/annotation/TypeMappedAnnotations spliterator (Ljava/lang/Object;)Ljava/util/Spliterator; 672 0 5458 0 1472
ciMethod org/springframework/core/annotation/TypeMappedAnnotations getAggregates ()Ljava/util/List; 964 0 5458 0 0
ciMethod org/springframework/core/annotation/TypeMappedAnnotations scan (Ljava/lang/Object;Lorg/springframework/core/annotation/AnnotationsProcessor;)Ljava/lang/Object; 188 0 9462 0 26624
ciMethod org/springframework/core/annotation/TypeMappedAnnotations from (Ljava/lang/reflect/AnnotatedElement;Lorg/springframework/core/annotation/MergedAnnotations$SearchStrategy;Lorg/springframework/core/annotation/RepeatableContainers;Lorg/springframework/core/annotation/AnnotationFilter;)Lorg/springframework/core/annotation/MergedAnnotations; 244 0 18969 0 1984
ciMethod org/springframework/core/annotation/AnnotationsProcessor doWithAnnotations (Ljava/lang/Object;ILjava/lang/Object;[Ljava/lang/annotation/Annotation;)Ljava/lang/Object; 0 0 1 0 -1
ciMethod org/springframework/core/annotation/AnnotationsProcessor finish (Ljava/lang/Object;)Ljava/lang/Object; 512 0 1853 0 -1
ciMethod org/springframework/core/annotation/AnnotationsScanner scan (Ljava/lang/Object;Ljava/lang/reflect/AnnotatedElement;Lorg/springframework/core/annotation/MergedAnnotations$SearchStrategy;Lorg/springframework/core/annotation/AnnotationsProcessor;)Ljava/lang/Object; 446 0 18994 0 -1
ciMethod org/springframework/core/annotation/AnnotationsScanner getDeclaredAnnotations (Ljava/lang/reflect/AnnotatedElement;Z)[Ljava/lang/annotation/Annotation; 528 162 14889 0 24896
ciMethod org/springframework/core/annotation/AnnotationsScanner isIgnorable (Ljava/lang/Class;)Z 162 0 1839 0 -1
ciMethod org/springframework/core/annotation/AnnotationsScanner isKnownEmpty (Ljava/lang/reflect/AnnotatedElement;Lorg/springframework/core/annotation/MergedAnnotations$SearchStrategy;)Z 500 0 12874 0 1696
ciMethod org/springframework/core/annotation/AnnotationsScanner hasPlainJavaAnnotationsOnly (Ljava/lang/Object;)Z 514 0 6685 0 832
ciMethod org/springframework/core/annotation/AnnotationsScanner hasPlainJavaAnnotationsOnly (Ljava/lang/Class;)Z 552 0 54920 0 352
ciMethod org/springframework/core/annotation/AnnotationsScanner isWithoutHierarchy (Ljava/lang/reflect/AnnotatedElement;Lorg/springframework/core/annotation/MergedAnnotations$SearchStrategy;)Z 512 0 6761 0 576
ciMethod org/springframework/core/annotation/AttributeMethods forAnnotationType (Ljava/lang/Class;)Lorg/springframework/core/annotation/AttributeMethods; 214 0 10496 0 0
ciMethod org/springframework/core/annotation/AttributeMethods compute (Ljava/lang/Class;)Lorg/springframework/core/annotation/AttributeMethods; 352 1530 176 0 -1
ciMethod org/springframework/core/annotation/AttributeMethods isAttributeMethod (Ljava/lang/reflect/Method;)Z 520 0 765 0 -1
ciMethod org/springframework/core/annotation/AttributeMethods <init> (Ljava/lang/Class;[Ljava/lang/reflect/Method;)V 298 1530 149 0 -1
ciMethod org/springframework/core/annotation/AttributeMethods isValid (Ljava/lang/annotation/Annotation;)Z 66 166 1309 0 -1
ciMethod org/springframework/core/annotation/AttributeMethods get (Ljava/lang/String;)Ljava/lang/reflect/Method; 514 0 8186 0 0
ciMethod org/springframework/core/annotation/AttributeMethods indexOf (Ljava/lang/String;)I 516 1516 7508 0 704
ciMethod org/springframework/core/annotation/AttributeMethods$$Lambda$131+0x00000245110db9b8 apply (Ljava/lang/Object;)Ljava/lang/Object; 352 0 176 0 0
ciMethodData org/springframework/util/ConcurrentReferenceHashMap$Segment restructureIfNecessary (Z)V 2 6674 orig 80 0 0 0 0 0 0 0 0 0 0 0 0 0 0 0 0 0 0 0 0 0 0 0 0 0 0 0 0 0 0 0 0 0 0 0 0 0 0 0 0 0 0 0 0 0 0 0 0 0 0 0 0 0 0 0 0 0 0 0 0 0 0 0 0 0 0 0 0 0 0 0 0 0 0 0 0 0 0 0 0 data 49 0x40005 0x1906 0x0 0x0 0x0 0x0 0x0 0x90007 0x1876 0x78 0x90 0xd0007 0x1b 0x58 0x75 0x150007 0x74 0x38 0x1 0x190003 0x1 0x18 0x220005 0x0 0x0 0x2457e350890 0x1906 0x0 0x0 0x290007 0x0 0x40 0x1906 0x2d0007 0x1905 0x30 0x1 0x340002 0x1 0x0 0x0 0x0 0x0 0x0 0x0 0x9 0x2 0xffffffffffffffff 0x0 oops 1 25 org/springframework/util/ConcurrentReferenceHashMap$ReferenceManager methods 0
ciMethodData org/springframework/util/ConcurrentReferenceHashMap$ReferenceManager pollForPurge ()Lorg/springframework/util/ConcurrentReferenceHashMap$Reference; 2 6674 orig 80 0 0 0 0 0 0 0 0 0 0 0 0 0 0 0 0 0 0 0 0 0 0 0 0 0 0 0 0 0 0 0 0 0 0 0 0 0 0 0 0 0 0 0 0 0 0 0 0 0 0 0 0 0 0 0 0 0 0 0 0 0 0 0 0 0 0 0 0 0 0 0 0 0 0 0 0 0 0 0 0 data 23 0x40005 0x0 0x0 0x2457e353f10 0x1906 0x0 0x0 0x70104 0x0 0x0 0x0 0x0 0x0 0x0 0x0 0x0 0x0 0x0 0x0 0x0 0x9 0x1 0x0 oops 1 3 java/lang/ref/ReferenceQueue methods 0
ciMethodData org/springframework/util/ConcurrentReferenceHashMap$Segment restructure (ZLorg/springframework/util/ConcurrentReferenceHashMap$Reference;)V 2 15906 orig 80 0 0 0 0 0 0 0 0 0 0 0 0 0 0 0 0 0 0 0 0 0 0 0 0 0 0 0 0 0 0 0 0 0 0 0 0 0 0 0 0 0 0 0 0 0 0 0 0 0 0 0 0 0 0 0 0 0 0 0 0 0 0 0 0 0 0 0 0 0 0 0 0 0 0 0 0 0 0 0 0 data 220 0x10005 0x0 0x0 0x245566ec290 0x2c8 0x0 0x0 0x80005 0x2c8 0x0 0x0 0x0 0x0 0x0 0xd0002 0x2c8 0x130007 0x2c8 0xd8 0x0 0x1a0002 0x0 0x200007 0x0 0xa8 0x0 0x260005 0x0 0x0 0x0 0x0 0x0 0x0 0x300005 0x0 0x0 0x0 0x0 0x0 0x0 0x340003 0x0 0xffffffffffffff70 0x3b0005 0x0 0x0 0x24581cfdc90 0x2c8 0x0 0x0 0x450007 0x0 0x58 0x2c8 0x4e0007 0x0 0x38 0x2c8 0x520003 0x2c8 0x18 0x620007 0x0 0x60 0x2c8 0x660007 0x0 0x40 0x2c8 0x6d0007 0x0 0x20 0x2c8 0x7b0007 0x0 0x48 0x2c8 0x810002 0x2c8 0x840003 0x2c8 0x18 0x970007 0x2c8 0x2a0 0x2344 0xa40007 0x2344 0x58 0x0 0xac0004 0x0 0x0 0x0 0x0 0x0 0x0 0xae0007 0x2344 0x210 0x1adc 0xb40005 0x0 0x0 0x24581cfdc90 0x1adc 0x0 0x0 0xb90007 0x0 0x168 0x1adc 0xbd0005 0x0 0x0 0x245566eaab0 0x1adc 0x0 0x0 0xc60007 0x0 0x110 0x1adc 0xcb0005 0x0 0x0 0x245566eaab0 0x1adc 0x0 0x0 0xd20002 0x1adc 0xe20005 0x0 0x0 0x245566eaab0 0x1adc 0x0 0x0 0xec0005 0x0 0x0 0x2457e350890 0x1adc 0x0 0x0 0xef0004 0x0 0x0 0x245566eaab0 0x1adc 0x0 0x0 0xf10005 0x0 0x0 0x245566eaab0 0x1adc 0x0 0x0 0xf70003 0x1adc 0xfffffffffffffe08 0xfd0003 0x2344 0xfffffffffffffd78 0x1020007 0x0 0x58 0x2c8 0x1160005 0x2c8 0x0 0x0 0x0 0x0 0x0 0x1250002 0x2c8 0x1280005 0x2c8 0x0 0x0 0x0 0x0 0x0 0x12c0005 0x0 0x0 0x245566ec290 0x2c8 0x0 0x0 0x12f0003 0x2c8 0x50 0x1350005 0x0 0x0 0x0 0x0 0x0 0x0 0x0 0x0 0x0 0x0 0x0 0x0 0x0 0x0 0x0 0x0 0x0 0x0 0x9 0x3 0x0 0x0 0x0 oops 10 3 org/springframework/util/ConcurrentReferenceHashMap$Segment 46 java/util/Collections$EmptySet 104 java/util/Collections$EmptySet 115 org/springframework/util/ConcurrentReferenceHashMap$SoftEntryReference 126 org/springframework/util/ConcurrentReferenceHashMap$SoftEntryReference 135 org/springframework/util/ConcurrentReferenceHashMap$SoftEntryReference 142 org/springframework/util/ConcurrentReferenceHashMap$ReferenceManager 149 org/springframework/util/ConcurrentReferenceHashMap$SoftEntryReference 156 org/springframework/util/ConcurrentReferenceHashMap$SoftEntryReference 189 org/springframework/util/ConcurrentReferenceHashMap$Segment methods 0
ciMethodData java/util/ArrayList isEmpty ()Z 2 10672 orig 80 0 0 0 0 0 0 0 0 0 0 0 0 0 0 0 0 0 0 0 0 0 0 0 0 0 0 0 0 0 0 0 0 0 0 0 0 0 0 0 0 0 0 0 0 0 0 0 0 0 0 0 0 0 0 0 0 0 0 0 0 0 0 0 0 0 0 0 0 0 0 0 0 0 0 0 0 0 0 0 0 data 13 0x40007 0x1c49 0x38 0xc67 0x80003 0xc67 0x18 0x0 0x0 0x0 0x9 0x1 0x0 oops 0 methods 0
ciMethodData java/util/stream/PipelineHelper <init> ()V 2 14145 orig 80 0 0 0 0 0 0 0 0 0 0 0 0 0 0 0 0 0 0 0 0 0 0 0 0 0 0 0 0 0 0 0 0 0 0 0 0 0 0 0 0 0 0 0 0 0 0 0 0 0 0 0 0 0 0 0 0 0 0 0 0 0 0 0 0 0 0 0 0 0 0 0 0 0 0 0 0 0 0 0 0 data 7 0x10002 0x363e 0x0 0x0 0x9 0x1 0x0 oops 0 methods 0
ciMethod java/util/concurrent/locks/AbstractQueuedSynchronizer$Node getAndUnsetStatus (I)I 0 0 5120 0 128
ciMethod java/util/concurrent/locks/AbstractQueuedSynchronizer$Node setPrevRelaxed (Ljava/util/concurrent/locks/AbstractQueuedSynchronizer$Node;)V 664 0 1399 0 -1
ciMethod java/util/concurrent/locks/AbstractQueuedSynchronizer$Node clearStatus ()V 494 0 5245 0 -1
ciMethodData java/lang/Class getInterfaces (Z)[Ljava/lang/Class; 2 7898 orig 80 0 0 0 0 0 0 0 0 0 0 0 0 0 0 0 0 0 0 0 0 0 0 0 0 0 0 0 0 0 0 0 0 0 0 0 0 0 0 0 0 0 0 0 0 0 0 0 0 0 0 0 0 0 0 0 0 0 0 0 0 0 0 0 0 0 0 0 0 0 0 0 0 0 0 0 0 0 0 0 0 data 60 0x10005 0x1dd9 0x0 0x0 0x0 0x0 0x0 0x60007 0x1dd9 0x58 0x0 0xa0005 0x0 0x0 0x0 0x0 0x0 0x0 0x140007 0x1a64 0x58 0x375 0x180005 0x375 0x0 0x0 0x0 0x0 0x0 0x220007 0x52a 0xa8 0x18af 0x260005 0x0 0x0 0x2457f7390c0 0x18af 0x0 0x0 0x290004 0x0 0x0 0x2457f7390c0 0x18af 0x0 0x0 0x2c0003 0x18af 0x18 0x0 0x0 0x0 0x0 0x0 0x0 0x9 0x2 0xffffffffffffffff 0x0 oops 2 36 [Ljava/lang/Class; 43 [Ljava/lang/Class; methods 0
ciMethodData java/lang/reflect/Modifier isPrivate (I)Z 2 44153 orig 80 0 0 0 0 0 0 0 0 0 0 0 0 0 0 0 0 0 0 0 0 0 0 0 0 0 0 0 0 0 0 0 0 0 0 0 0 0 0 0 0 0 0 0 0 0 0 0 0 0 0 0 0 0 0 0 0 0 0 0 0 0 0 0 0 0 0 0 0 0 0 0 0 0 0 0 0 0 0 0 0 data 11 0x30007 0xa907 0x38 0x272 0x70003 0x272 0x18 0x0 0x9 0x1 0x0 oops 0 methods 0
ciMethodData java/util/RegularEnumSet contains (Ljava/lang/Object;)Z 2 5385 orig 80 0 0 0 0 0 0 0 0 0 0 0 0 0 0 0 0 0 0 0 0 0 0 0 0 0 0 0 0 0 0 0 0 0 0 0 0 0 0 0 0 0 0 0 0 0 0 0 0 0 0 0 0 0 0 0 0 0 0 0 0 0 0 0 0 0 0 0 0 0 0 0 0 0 0 0 0 0 0 0 0 data 57 0x10007 0x1407 0x20 0x0 0x70005 0x1407 0x0 0x0 0x0 0x0 0x0 0x100007 0x1407 0x78 0x0 0x140005 0x0 0x0 0x0 0x0 0x0 0x0 0x1b0007 0x0 0x20 0x0 0x260004 0x0 0x0 0x245824eedf0 0x1070 0x24581d00cc0 0x330 0x290005 0x1407 0x0 0x0 0x0 0x0 0x0 0x300007 0xa1c 0x38 0x9eb 0x340003 0x9eb 0x18 0x0 0x0 0x0 0x0 0x0 0x0 0x9 0x2 0x0 0x0 oops 2 29 org/springframework/util/ConcurrentReferenceHashMap$TaskOption 31 java/util/stream/Collector$Characteristics methods 0
ciMethodData java/util/concurrent/locks/ReentrantLock lock ()V 2 18680 orig 80 0 0 0 0 0 0 0 0 0 0 0 0 0 0 0 0 0 0 0 0 0 0 0 0 0 0 0 0 0 0 0 0 0 0 0 0 0 0 0 0 0 0 0 0 0 0 0 0 0 0 0 0 0 0 0 0 0 0 0 0 0 0 0 0 0 0 0 0 0 0 0 0 0 0 0 0 0 0 0 0 data 16 0x40005 0x487d 0x0 0x0 0x0 0x0 0x0 0x0 0x0 0x0 0x0 0x0 0x0 0x9 0x1 0x0 oops 0 methods 0
ciMethodData java/util/concurrent/locks/ReentrantLock$Sync lock ()V 2 18680 orig 80 0 0 0 0 0 0 0 0 0 0 0 0 0 0 0 0 0 0 0 0 0 0 0 0 0 0 0 0 0 0 0 0 0 0 0 0 0 0 0 0 0 0 0 0 0 0 0 0 0 0 0 0 0 0 0 0 0 0 0 0 0 0 0 0 0 0 0 0 0 0 0 0 0 0 0 0 0 0 0 0 data 27 0x10005 0x0 0x0 0x2455aaf9e60 0x487c 0x0 0x0 0x40007 0x4703 0x58 0x17b 0x90005 0x17b 0x0 0x0 0x0 0x0 0x0 0x0 0x0 0x0 0x0 0x0 0x0 0x9 0x1 0xffffffffffffffff oops 1 3 java/util/concurrent/locks/ReentrantLock$NonfairSync methods 0
ciMethodData java/util/concurrent/locks/AbstractQueuedSynchronizer acquire (I)V 2 2571 orig 80 0 0 0 0 0 0 0 0 0 0 0 0 0 0 0 0 0 0 0 0 0 0 0 0 0 0 0 0 0 0 0 0 0 0 0 0 0 0 0 0 0 0 0 0 0 0 0 0 0 0 0 0 0 0 0 0 0 0 0 0 0 0 0 0 0 0 0 0 0 0 0 0 0 0 0 0 0 0 0 0 data 28 0x20005 0x19c 0x0 0x2455922d0b0 0x89 0x2455922d160 0x7ca 0x50007 0x88a 0x58 0x166 0xf0005 0x166 0x0 0x0 0x0 0x0 0x0 0x0 0x0 0x0 0x0 0x0 0x0 0x9 0x2 0x0 0x0 oops 2 3 java/util/concurrent/locks/ReentrantReadWriteLock$NonfairSync 5 java/util/concurrent/ThreadPoolExecutor$Worker methods 0
ciMethodData java/util/concurrent/locks/ReentrantLock unlock ()V 2 23203 orig 80 0 0 0 0 0 0 0 0 0 0 0 0 0 0 0 0 0 0 0 0 0 0 0 0 0 0 0 0 0 0 0 0 0 0 0 0 0 0 0 0 0 0 0 0 0 0 0 0 0 0 0 0 0 0 0 0 0 0 0 0 0 0 0 0 0 0 0 0 0 0 0 0 0 0 0 0 0 0 0 0 data 16 0x50005 0x5a28 0x0 0x0 0x0 0x0 0x0 0x0 0x0 0x0 0x0 0x0 0x0 0x9 0x1 0x0 oops 0 methods 0
ciMethodData java/util/concurrent/locks/AbstractQueuedSynchronizer release (I)Z 2 30440 orig 80 0 0 0 0 0 0 0 0 0 0 0 0 0 0 0 0 0 0 0 0 0 0 0 0 0 0 0 0 0 0 0 0 0 0 0 0 0 0 0 0 0 0 0 0 0 0 0 0 0 0 0 0 0 0 0 0 0 0 0 0 0 0 0 0 0 0 0 0 0 0 0 0 0 0 0 0 0 0 0 0 data 23 0x20005 0xba1 0x0 0x2455aaf9e60 0x6a34 0x2455922d0b0 0x89 0x50007 0x16 0x30 0x764a 0xc0002 0x7649 0x0 0x0 0x0 0x0 0x0 0x0 0x9 0x2 0xffffffffffffffff 0x0 oops 2 3 java/util/concurrent/locks/ReentrantLock$NonfairSync 5 java/util/concurrent/locks/ReentrantReadWriteLock$NonfairSync methods 0
ciMethodData java/util/concurrent/locks/ReentrantLock$Sync tryRelease (I)Z 2 6308 orig 80 0 0 0 0 0 0 0 0 0 0 0 0 0 0 0 0 0 0 0 0 0 0 0 0 0 0 0 0 0 0 0 0 0 0 0 0 0 0 0 0 0 0 0 0 0 0 0 0 0 0 0 0 0 0 0 0 0 0 0 0 0 0 0 0 0 0 0 0 0 0 0 0 0 0 0 0 0 0 0 0 data 57 0x10005 0x182a 0x0 0x0 0x0 0x0 0x0 0x80005 0x182a 0x0 0x0 0x0 0x0 0x0 0xb0002 0x182a 0xe0007 0x182a 0x30 0x0 0x150002 0x0 0x1a0007 0x1 0x38 0x1829 0x1e0003 0x1829 0x18 0x240007 0x1 0x58 0x1829 0x290005 0x1829 0x0 0x0 0x0 0x0 0x0 0x2e0005 0x182a 0x0 0x0 0x0 0x0 0x0 0x0 0x0 0x0 0x0 0x0 0x0 0x9 0x2 0x6 0x0 oops 0 methods 0
ciMethodData java/util/concurrent/locks/AbstractQueuedSynchronizer signalNext (Ljava/util/concurrent/locks/AbstractQueuedSynchronizer$Node;)V 2 7161 orig 80 0 0 0 0 0 0 0 0 0 0 0 0 0 0 0 0 0 0 0 0 0 0 0 0 0 0 0 0 0 0 0 0 0 0 0 0 0 0 0 0 0 0 0 0 0 0 0 0 0 0 0 0 0 0 0 0 0 0 0 0 0 0 0 0 0 0 0 0 0 0 0 0 0 0 0 0 0 0 0 0 data 30 0x10007 0x1afb 0xa8 0x88 0xa0007 0x69 0x88 0x1f 0x110007 0x7 0x68 0x18 0x160005 0x18 0x0 0x0 0x0 0x0 0x0 0x1e0002 0x18 0x0 0x0 0x0 0x0 0x0 0x0 0x9 0x1 0x0 oops 0 methods 0
ciMethodData java/util/EnumSet typeCheck (Ljava/lang/Enum;)V 2 6430 orig 80 1 0 0 0 0 0 0 0 0 0 0 0 0 0 0 0 0 0 0 0 0 0 0 0 0 0 0 0 0 0 0 0 0 0 0 0 0 0 0 0 0 0 0 0 0 0 0 0 0 0 0 0 0 0 0 0 0 0 0 0 0 0 0 0 0 0 0 0 0 0 0 0 0 0 0 0 0 0 0 0 data 64 0x10005 0x181c 0x0 0x0 0x0 0x0 0x0 0xa0007 0x181c 0x178 0x0 0xe0005 0x0 0x0 0x0 0x0 0x0 0x0 0x150007 0x0 0x120 0x0 0x200002 0x0 0x240005 0x0 0x0 0x0 0x0 0x0 0x0 0x290005 0x0 0x0 0x0 0x0 0x0 0x0 0x300005 0x0 0x0 0x0 0x0 0x0 0x0 0x330005 0x0 0x0 0x0 0x0 0x0 0x0 0x360002 0x0 0x0 0x0 0x0 0x0 0x0 0x0 0x9 0x2 0x0 0x0 oops 0 methods 0
ciMethodData java/util/RegularEnumSet add (Ljava/lang/Enum;)Z 2 6433 orig 80 1 0 0 0 0 0 0 0 0 0 0 0 0 0 0 0 0 0 0 0 0 0 0 0 0 0 0 0 0 0 0 0 0 0 0 0 0 0 0 0 0 0 0 0 0 0 0 0 0 0 0 0 0 0 0 0 0 0 0 0 0 0 0 0 0 0 0 0 0 0 0 0 0 0 0 0 0 0 0 0 data 31 0x20005 0x181f 0x0 0x0 0x0 0x0 0x0 0x110005 0x181f 0x0 0x0 0x0 0x0 0x0 0x1f0007 0x515 0x38 0x130a 0x230003 0x130a 0x18 0x0 0x0 0x0 0x0 0x0 0x0 0x9 0x2 0x18 0x0 oops 0 methods 0
ciMethodData java/util/RegularEnumSet add (Ljava/lang/Object;)Z 2 18434 orig 80 1 0 0 0 0 0 0 0 0 0 0 0 0 0 0 0 0 0 0 0 0 0 0 0 0 0 0 0 0 0 0 0 0 0 0 0 0 0 0 0 0 0 0 0 0 0 0 0 0 0 0 0 0 0 0 0 0 0 0 0 0 0 0 0 0 0 0 0 0 0 0 0 0 0 0 0 0 0 0 0 data 24 0x20004 0x0 0x0 0x245824eedf0 0x34b 0x2457f381600 0x2 0x50005 0x0 0x0 0x24556ca5b80 0x4700 0x0 0x0 0x0 0x0 0x0 0x0 0x0 0x0 0x9 0x2 0xffffffffffffffff 0xffffffffffffffff oops 3 3 org/springframework/util/ConcurrentReferenceHashMap$TaskOption 5 org/springframework/boot/context/config/ConfigData$Option 10 java/util/RegularEnumSet methods 0
ciMethodData java/util/concurrent/atomic/AtomicInteger incrementAndGet ()I 2 1280 orig 80 0 0 0 0 0 0 0 0 0 0 0 0 0 0 0 0 0 0 0 0 0 0 0 0 0 0 0 0 0 0 0 0 0 0 0 0 0 0 0 0 0 0 0 0 0 0 0 0 0 0 0 0 0 0 0 0 0 0 0 0 0 0 0 0 0 0 0 0 0 0 0 0 0 0 0 0 0 0 0 0 data 19 0x8000b 0x1 0x0 0x0 0x0 0x0 0x0 0x2 0x1 0x2455928c680 0x0 0x0 0x0 0x0 0x0 0x0 0x9 0x1 0xffffffffffffffff oops 1 9 java/util/concurrent/atomic/AtomicInteger methods 0
ciMethodData java/lang/invoke/DirectMethodHandle allocateInstance (Ljava/lang/Object;)Ljava/lang/Object; 2 84251 orig 80 0 0 0 0 0 0 0 0 0 0 0 0 0 0 0 0 0 0 0 0 0 0 0 0 0 0 0 0 0 0 0 0 0 0 0 0 0 0 0 0 0 0 0 0 0 0 0 0 0 0 0 0 0 0 0 0 0 0 0 0 0 0 0 0 0 0 0 0 0 0 0 0 0 0 0 0 0 0 0 0 data 23 0x10004 0x0 0x0 0x24581a2a0a0 0x2d27 0x0 0x0 0xc0005 0x14818 0x0 0x0 0x0 0x0 0x0 0x0 0x0 0x0 0x0 0x0 0x0 0x9 0x1 0x0 oops 1 3 java/lang/invoke/DirectMethodHandle$Constructor methods 0
ciMethodData java/lang/invoke/DirectMethodHandle constructorMethod (Ljava/lang/Object;)Ljava/lang/Object; 2 84251 orig 80 0 0 0 0 0 0 0 0 0 0 0 0 0 0 0 0 0 0 0 0 0 0 0 0 0 0 0 0 0 0 0 0 0 0 0 0 0 0 0 0 0 0 0 0 0 0 0 0 0 0 0 0 0 0 0 0 0 0 0 0 0 0 0 0 0 0 0 0 0 0 0 0 0 0 0 0 0 0 0 0 data 16 0x10004 0x0 0x0 0x24581a2a0a0 0x2d27 0x0 0x0 0x0 0x0 0x0 0x0 0x0 0x0 0x9 0x1 0x0 oops 1 3 java/lang/invoke/DirectMethodHandle$Constructor methods 0
ciMethodData org/springframework/util/Assert notNull (Ljava/lang/Object;Ljava/lang/String;)V 2 260662 orig 80 1 0 0 0 0 0 0 0 0 0 0 0 0 0 0 0 0 0 0 0 0 0 0 0 0 0 0 0 0 0 0 0 0 0 0 0 0 0 0 1 0 0 0 0 0 0 0 0 0 0 0 0 0 0 0 0 0 0 0 0 0 0 0 0 0 0 0 0 0 0 0 0 0 0 0 0 0 0 0 0 data 16 0x8000000600010007 0x3f19c 0x30 0x1 0x90002 0x1 0x0 0x0 0x0 0x0 0x0 0x0 0x9 0x2 0x0 0x0 oops 0 methods 0
ciMethodData org/springframework/util/ConcurrentReferenceHashMap$Task hasOption (Lorg/springframework/util/ConcurrentReferenceHashMap$TaskOption;)Z 2 20621 orig 80 1 0 0 0 0 0 0 0 0 0 0 0 0 0 0 0 0 0 0 0 0 0 0 0 0 0 0 0 0 0 0 0 0 0 0 0 0 0 0 0 0 0 0 0 0 0 0 0 0 0 0 0 0 0 0 0 0 0 0 0 0 0 0 0 0 0 0 0 0 0 0 0 0 0 0 0 0 0 0 0 data 17 0x50005 0x0 0x0 0x24556ca5b80 0x4f8d 0x0 0x0 0x0 0x0 0x0 0x0 0x0 0x0 0x9 0x2 0x0 0xffffffffffffffff oops 1 3 java/util/RegularEnumSet methods 0
ciMethodData org/springframework/util/ConcurrentReferenceHashMap getHash (Ljava/lang/Object;)I 2 5396 orig 80 0 0 0 0 0 0 0 0 0 0 0 0 0 0 0 0 0 0 0 0 0 0 0 0 0 0 0 0 0 0 0 0 0 0 0 0 0 0 0 0 0 0 0 0 0 0 0 0 0 0 0 0 0 0 0 0 0 0 0 0 0 0 0 0 0 0 0 0 0 0 0 0 0 0 0 0 0 0 0 0 data 24 0x10007 0x0 0x70 0x1413 0x50005 0xa4f 0x0 0x24580316710 0x178 0x24551119f60 0x84c 0x80003 0x1413 0x18 0x0 0x0 0x0 0x0 0x0 0x0 0x9 0x2 0x0 0xffffffffffffffff oops 2 7 org/springframework/core/ResolvableType 9 java/lang/Class methods 0
ciMethodData org/springframework/util/ConcurrentReferenceHashMap getSegmentForHash (I)Lorg/springframework/util/ConcurrentReferenceHashMap$Segment; 2 24670 orig 80 0 0 0 0 0 0 0 0 0 0 0 0 0 0 0 0 0 0 0 0 0 0 0 0 0 0 0 0 0 0 0 0 0 0 0 0 0 0 0 0 0 0 0 0 0 0 0 0 0 0 0 0 0 0 0 0 0 0 0 0 0 0 0 0 0 0 0 0 0 0 0 0 0 0 0 0 0 0 0 0 data 8 0x0 0x0 0x0 0x0 0x9 0x2 0x0 0x0 oops 0 methods 0
ciMethodData org/springframework/util/ConcurrentReferenceHashMap get (Ljava/lang/Object;)Ljava/lang/Object; 2 14286 orig 80 1 0 0 0 0 0 0 0 0 0 0 0 0 0 0 0 0 0 0 0 0 0 0 0 0 0 0 0 0 0 0 0 0 0 0 0 0 0 0 0 0 0 0 0 0 0 0 0 0 0 0 0 0 0 0 0 0 0 0 0 0 0 0 0 0 0 0 0 0 0 0 0 0 0 0 0 0 0 0 0 data 45 0x50005 0x371d 0x0 0x0 0x0 0x0 0x0 0xa0007 0xb26 0x70 0x2bf8 0xe0005 0x0 0x0 0x245566eaab0 0x2bf8 0x0 0x0 0x130003 0x2bf8 0x18 0x190007 0xb26 0x70 0x2bf8 0x1d0005 0x2bf8 0x0 0x0 0x0 0x0 0x0 0x200003 0x2bf8 0x18 0x0 0x0 0x0 0x0 0x0 0x0 0x9 0x2 0x0 0x0 oops 1 14 org/springframework/util/ConcurrentReferenceHashMap$SoftEntryReference methods 0
ciMethodData org/springframework/util/ConcurrentReferenceHashMap put (Ljava/lang/Object;Ljava/lang/Object;Z)Ljava/lang/Object; 2 4370 orig 80 0 0 0 0 0 0 0 0 0 0 0 0 0 0 0 0 0 0 0 0 0 0 0 0 0 0 0 0 0 0 0 0 0 0 0 0 0 0 0 0 0 0 0 0 0 0 0 0 0 0 0 0 0 0 0 0 0 0 0 0 0 0 0 0 0 0 0 0 0 0 0 0 0 0 0 0 0 0 0 0 data 30 0x100004 0x0 0x0 0x245824eedf0 0x10ac 0x0 0x0 0x160004 0x0 0x0 0x245824eedf0 0x10ac 0x0 0x0 0x190002 0x10ac 0x1c0002 0x10ac 0x0 0x0 0x0 0x0 0x0 0x0 0x9 0x4 0x0 0xffffffffffffffff 0x0 0x0 oops 2 3 org/springframework/util/ConcurrentReferenceHashMap$TaskOption 10 org/springframework/util/ConcurrentReferenceHashMap$TaskOption methods 0
ciMethodData org/springframework/util/ConcurrentReferenceHashMap$Segment getIndex (I[Lorg/springframework/util/ConcurrentReferenceHashMap$Reference;)I 2 31704 orig 80 0 0 0 0 0 0 0 0 0 0 0 0 0 0 0 0 0 0 0 0 0 0 0 0 0 0 0 0 0 0 0 0 0 0 0 0 0 0 0 0 0 0 0 0 0 0 0 0 0 0 0 0 0 0 0 0 0 0 0 0 0 0 0 0 0 0 0 0 0 0 0 0 0 0 0 0 0 0 0 0 data 7 0x0 0x0 0x9 0x3 0x0 0x0 0x0 oops 0 methods 0
ciMethodData org/springframework/util/ConcurrentReferenceHashMap$Segment findInChain (Lorg/springframework/util/ConcurrentReferenceHashMap$Reference;Ljava/lang/Object;I)Lorg/springframework/util/ConcurrentReferenceHashMap$Reference; 2 13197 orig 80 1 0 0 0 2 0 0 0 0 0 0 0 0 0 0 0 0 0 0 0 0 0 0 0 0 0 0 0 0 0 0 0 0 0 0 0 0 0 0 4 0 0 0 0 0 0 0 0 0 0 0 0 0 0 0 0 0 0 0 0 0 0 0 0 0 0 0 0 0 0 0 0 0 0 0 0 0 0 0 0 data 61 0x50007 0x1311 0x188 0x2a1b 0xa0005 0x0 0x0 0x245566eaab0 0x2a1b 0x0 0x0 0x100007 0xa95 0xe0 0x1f86 0x150005 0x0 0x0 0x245566eaab0 0x1f86 0x0 0x0 0x1e0007 0x0 0x88 0x1f86 0x230005 0x1f86 0x0 0x0 0x0 0x0 0x0 0x2b0002 0x1f86 0x80000006002e0007 0xa 0x20 0x1f80 0x360005 0x0 0x0 0x245566eaab0 0xa9f 0x0 0x0 0x3d0003 0xa9f 0xfffffffffffffe90 0x0 0x0 0x0 0x0 0x0 0x0 0x9 0x4 0x0 0xffffffffffffffff 0xffffffffffffffff 0x0 oops 3 7 org/springframework/util/ConcurrentReferenceHashMap$SoftEntryReference 18 org/springframework/util/ConcurrentReferenceHashMap$SoftEntryReference 42 org/springframework/util/ConcurrentReferenceHashMap$SoftEntryReference methods 0
ciMethodData org/springframework/util/ConcurrentReferenceHashMap$SoftEntryReference get ()Lorg/springframework/util/ConcurrentReferenceHashMap$Entry; 2 25693 orig 80 0 0 0 0 0 0 0 0 0 0 0 0 0 0 0 0 0 0 0 0 0 0 0 0 0 0 0 0 0 0 0 0 0 0 0 0 0 0 0 0 0 0 0 0 0 0 0 0 0 0 0 0 0 0 0 0 0 0 0 0 0 0 0 0 0 0 0 0 0 0 0 0 0 0 0 0 0 0 0 0 data 18 0x10002 0x63e6 0x40004 0x0 0x0 0x245566ea3d0 0x63e6 0x0 0x0 0x0 0x0 0x0 0x0 0x0 0x0 0x9 0x1 0x30 oops 1 5 org/springframework/util/ConcurrentReferenceHashMap$Entry methods 0
ciMethodData org/springframework/util/ObjectUtils nullSafeEquals (Ljava/lang/Object;Ljava/lang/Object;)Z 2 5335 orig 80 0 0 0 0 0 0 0 0 0 0 0 0 0 0 0 0 0 0 0 0 0 0 0 0 0 0 0 0 0 0 0 0 0 0 0 0 0 0 0 0 0 0 0 0 0 0 0 0 0 0 0 0 0 0 0 0 0 0 0 0 0 0 0 0 0 0 0 0 0 0 0 0 0 0 0 0 0 0 0 0 data 71 0x20007 0x4f3 0x20 0xf83 0x80007 0x77 0x40 0x47c 0xc0007 0x47c 0x20 0x0 0x130005 0x199 0x0 0x24580316710 0x1f2 0x24551119ed0 0xf1 0x160007 0x23e 0x20 0x23e 0x1c0005 0x23e 0x0 0x0 0x0 0x0 0x0 0x1f0005 0x23e 0x0 0x0 0x0 0x0 0x0 0x220007 0x179 0xc0 0xc5 0x260005 0xc5 0x0 0x0 0x0 0x0 0x0 0x290005 0xc5 0x0 0x0 0x0 0x0 0x0 0x2c0007 0x0 0x30 0xc5 0x310002 0xc5 0x0 0x0 0x0 0x0 0x0 0x0 0x9 0x2 0xffffffffffffffff 0xffffffffffffffff oops 2 15 org/springframework/core/ResolvableType 17 java/lang/String methods 0
ciMethodData org/springframework/util/Assert state (ZLjava/lang/String;)V 2 20707 orig 80 0 0 0 0 0 0 0 0 0 0 0 0 0 0 0 0 0 0 0 0 0 0 0 0 0 0 0 0 0 0 0 0 0 0 0 0 0 0 0 0 0 0 0 0 0 0 0 0 0 0 0 0 0 0 0 0 0 0 0 0 0 0 0 0 0 0 0 0 0 0 0 0 0 0 0 0 0 0 0 0 data 13 0x10007 0x5013 0x30 0x0 0x90002 0x0 0x0 0x0 0x0 0x9 0x2 0x0 0x0 oops 0 methods 0
ciMethodData org/springframework/util/ConcurrentReferenceHashMap getReference (Ljava/lang/Object;Lorg/springframework/util/ConcurrentReferenceHashMap$Restructure;)Lorg/springframework/util/ConcurrentReferenceHashMap$Reference; 2 19631 orig 80 1 0 0 0 0 0 0 0 0 0 0 0 0 0 0 0 0 0 0 0 0 0 0 0 0 0 0 0 0 0 0 0 0 0 0 0 0 0 0 0 0 0 0 0 0 0 0 0 0 0 0 0 0 0 0 0 0 0 0 0 0 0 0 0 0 0 0 0 0 0 0 0 0 0 0 0 0 0 0 0 data 27 0x20005 0x0 0x0 0x245829f63f0 0x4baf 0x0 0x0 0x80002 0x4baf 0xe0005 0x4baf 0x0 0x0 0x0 0x0 0x0 0x0 0x0 0x0 0x0 0x0 0x0 0x9 0x3 0x0 0x0 0x0 oops 1 3 org/springframework/util/ConcurrentReferenceHashMap methods 0
ciMethodData org/springframework/util/ConcurrentReferenceHashMap$Segment getReference (Ljava/lang/Object;ILorg/springframework/util/ConcurrentReferenceHashMap$Restructure;)Lorg/springframework/util/ConcurrentReferenceHashMap$Reference; 2 19617 orig 80 1 0 0 0 0 0 0 0 0 0 0 0 0 0 0 0 0 0 0 0 0 0 0 0 0 0 0 0 0 0 0 0 0 0 0 0 0 0 0 0 0 0 0 0 0 0 0 0 0 0 0 0 0 0 0 0 0 0 0 0 0 0 0 0 0 0 0 0 0 0 0 0 0 0 0 0 0 0 0 0 data 38 0x40007 0x0 0x58 0x4ba1 0x90005 0x4ba1 0x0 0x0 0x0 0x0 0x0 0x100005 0x4ba1 0x0 0x0 0x0 0x0 0x0 0x130007 0x4b1e 0x20 0x83 0x220002 0x4b1e 0x330002 0x4b1e 0x0 0x0 0x0 0x0 0x0 0x0 0x9 0x4 0xffffffffffffffff 0xffffffffffffffff 0x0 0x0 oops 0 methods 0
ciMethodData java/util/stream/StreamOpFlag combineOpFlags (II)I 2 8577 orig 80 0 0 0 0 0 0 0 0 0 0 0 0 0 0 0 0 0 0 0 0 0 0 0 0 0 0 0 0 0 0 0 0 0 0 0 0 0 0 0 0 0 0 0 0 0 0 0 0 0 0 0 0 0 0 0 0 0 0 0 0 0 0 0 0 0 0 0 0 0 0 0 0 0 0 0 0 0 0 0 0 data 12 0x20002 0x207f 0x0 0x0 0x0 0x0 0x0 0x0 0x9 0x2 0x0 0x0 oops 0 methods 0
ciMethodData java/util/stream/StreamOpFlag getMask (I)I 2 8577 orig 80 0 0 0 0 0 0 0 0 0 0 0 0 0 0 0 0 0 0 0 0 0 0 0 0 0 0 0 0 0 0 0 0 0 0 0 0 0 0 0 0 0 0 0 0 0 0 0 0 0 0 0 0 0 0 0 0 0 0 0 0 0 0 0 0 0 0 0 0 0 0 0 0 0 0 0 0 0 0 0 0 data 14 0x10007 0x207e 0x38 0x0 0x70003 0x0 0x18 0x0 0x0 0x0 0x0 0x9 0x1 0x0 oops 0 methods 0
ciMethodData java/util/stream/StreamOpFlag fromCharacteristics (Ljava/util/Spliterator;)I 2 6274 orig 80 0 0 0 0 0 0 0 0 0 0 0 0 0 0 0 0 0 0 0 0 0 0 0 0 0 0 0 0 0 0 0 0 0 0 0 0 0 0 0 0 0 0 0 0 0 0 0 0 0 0 0 0 0 0 0 0 0 0 0 0 0 0 0 0 0 0 0 0 0 0 0 0 0 0 0 0 0 0 0 0 data 31 0x10005 0x1492 0x0 0x2455c0493f0 0x25b 0x2455c0494a0 0x95 0xa0007 0x1775 0x78 0xd 0xe0005 0x0 0x0 0x2455c04a550 0xc 0x2455c04a600 0x1 0x130007 0xd 0x20 0x0 0x0 0x0 0x0 0x0 0x0 0x0 0x9 0x1 0x0 oops 4 3 java/lang/StringLatin1$CharsSpliterator 5 java/util/ArrayList$ArrayListSpliterator 14 java/util/TreeMap$KeySpliterator 16 java/util/stream/Streams$RangeLongSpliterator methods 0
ciMethodData java/util/stream/AbstractPipeline <init> (Ljava/util/Spliterator;IZ)V 2 6274 orig 80 0 0 0 0 0 0 0 0 0 0 0 0 0 0 0 0 0 0 0 0 0 0 0 0 0 0 0 0 0 0 0 0 0 0 0 0 0 0 0 0 0 0 0 0 0 0 0 0 0 0 0 0 0 0 0 0 0 0 0 0 0 0 0 0 0 0 0 0 0 0 0 0 0 0 0 0 0 0 0 0 data 14 0x10002 0x1782 0x0 0x0 0x0 0x0 0x0 0x0 0x9 0x4 0x3e 0x0 0x0 0x0 oops 0 methods 0
ciMethodData java/lang/Class getInterfaces ()[Ljava/lang/Class; 2 48887 orig 80 0 0 0 0 0 0 0 0 0 0 0 0 0 0 0 0 0 0 0 0 0 0 0 0 0 0 0 0 0 0 0 0 0 0 0 0 0 0 0 0 0 0 0 0 0 0 0 0 0 0 0 0 0 0 0 0 0 0 0 0 0 0 0 0 0 0 0 0 0 0 0 0 0 0 0 0 0 0 0 0 data 16 0x20005 0xbdf5 0x0 0x0 0x0 0x0 0x0 0x0 0x0 0x0 0x0 0x0 0x0 0x9 0x1 0xffffffffffffffff oops 0 methods 0
ciMethodData java/util/concurrent/locks/AbstractQueuedSynchronizer compareAndSetState (II)Z 2 1280 orig 80 0 0 0 0 0 0 0 0 0 0 0 0 0 0 0 0 0 0 0 0 0 0 0 0 0 0 0 0 0 0 0 0 0 0 0 0 0 0 0 0 0 0 0 0 0 0 0 0 0 0 0 0 0 0 0 0 0 0 0 0 0 0 0 0 0 0 0 0 0 0 0 0 0 0 0 0 0 0 0 0 data 18 0x90005 0x0 0x0 0x0 0x0 0x0 0x0 0x0 0x0 0x0 0x0 0x0 0x0 0x9 0x3 0xffffffffffffffff 0x0 0x0 oops 0 methods 0
ciMethodData java/util/HashMap isEmpty ()Z 2 12200 orig 80 0 0 0 0 0 0 0 0 0 0 0 0 0 0 0 0 0 0 0 0 0 0 0 0 0 0 0 0 0 0 0 0 0 0 0 0 0 0 0 0 0 0 0 0 0 0 0 0 0 0 0 0 0 0 0 0 0 0 0 0 0 0 0 0 0 0 0 0 0 0 0 0 0 0 0 0 0 0 0 0 data 13 0x40007 0x1077 0x38 0x1e2d 0x80003 0x1e2d 0x18 0x0 0x0 0x0 0x9 0x1 0x0 oops 0 methods 0
ciMethodData java/util/stream/AbstractPipeline <init> (Ljava/util/stream/AbstractPipeline;I)V 2 7871 orig 80 0 0 0 0 0 0 0 0 0 0 0 0 0 0 0 0 0 0 0 0 0 0 0 0 0 0 0 0 0 0 0 0 0 0 0 0 0 0 0 0 0 0 0 0 0 0 0 0 0 0 0 0 0 0 0 0 0 0 0 0 0 0 0 0 0 0 0 0 0 0 0 0 0 0 0 0 0 0 0 0 data 34 0x10002 0x1dbd 0x80007 0x1dbd 0x30 0x0 0x110002 0x0 0x330002 0x1dbd 0x420005 0x305 0x0 0x2457e636120 0x89e 0x24559e0c0d0 0x121a 0x450007 0x1d99 0x20 0x24 0x0 0x0 0x0 0x0 0x0 0x0 0x0 0x0 0x9 0x3 0x1e 0x38 0x0 oops 2 13 java/util/stream/ReferencePipeline$2 15 java/util/stream/ReferencePipeline$3 methods 0
ciMethodData java/util/stream/ReferencePipeline <init> (Ljava/util/stream/AbstractPipeline;I)V 2 8419 orig 80 0 0 0 0 0 0 0 0 0 0 0 0 0 0 0 0 0 0 0 0 0 0 0 0 0 0 0 0 0 0 0 0 0 0 0 0 0 0 0 0 0 0 0 0 0 0 0 0 0 0 0 0 0 0 0 0 0 0 0 0 0 0 0 0 0 0 0 0 0 0 0 0 0 0 0 0 0 0 0 0 data 9 0x30002 0x1fe1 0x0 0x0 0x9 0x3 0x1e 0x38 0x0 oops 0 methods 0
ciMethodData java/util/stream/ReferencePipeline$StatelessOp <init> (Ljava/util/stream/AbstractPipeline;Ljava/util/stream/StreamShape;I)V 2 8360 orig 80 0 0 0 0 0 0 0 0 0 0 0 0 0 0 0 0 0 0 0 0 0 0 0 0 0 0 0 0 0 0 0 0 0 0 0 0 0 0 0 0 0 0 0 0 0 0 0 0 0 0 0 0 0 0 0 0 0 0 0 0 0 0 0 0 0 0 0 0 0 0 0 0 0 0 0 0 0 0 0 0 data 31 0x30002 0x1fa3 0x90007 0x1fa3 0x88 0x0 0xd0005 0x0 0x0 0x0 0x0 0x0 0x0 0x110007 0x0 0x30 0x0 0x180002 0x0 0x0 0x0 0x0 0x0 0x0 0x0 0x9 0x4 0x1e 0x38 0x0 0x0 oops 0 methods 0
ciMethodData java/util/concurrent/locks/AbstractQueuedSynchronizer$Node getAndUnsetStatus (I)I 2 5120 orig 80 0 0 0 0 0 0 0 0 0 0 0 0 0 0 0 0 0 0 0 0 0 0 0 0 0 0 0 0 0 0 0 0 0 0 0 0 0 0 0 0 0 0 0 0 0 0 0 0 0 0 0 0 0 0 0 0 0 0 0 0 0 0 0 0 0 0 0 0 0 0 0 0 0 0 0 0 0 0 0 0 data 20 0xa000b 0x1403 0x0 0x0 0x0 0x0 0x0 0x2 0x1 0x2 0x0 0x0 0x0 0x0 0x0 0x0 0x9 0x2 0xffffffffffffffff 0x0 oops 0 methods 0
ciMethodData java/util/concurrent/locks/LockSupport unpark (Ljava/lang/Thread;)V 2 3258 orig 80 0 0 0 0 0 0 0 0 0 0 0 0 0 0 0 0 0 0 0 0 0 0 0 0 0 0 0 0 0 0 0 0 0 0 0 0 0 0 0 0 0 0 0 0 0 0 0 0 0 0 0 0 0 0 0 0 0 0 0 0 0 0 0 0 0 0 0 0 0 0 0 0 0 0 0 0 0 0 0 0 data 20 0x10007 0x3 0x58 0xcb7 0x80005 0xcb7 0x0 0x0 0x0 0x0 0x0 0x0 0x0 0x0 0x0 0x0 0x0 0x9 0x1 0xffffffffffffffff oops 0 methods 0
ciMethodData java/util/concurrent/locks/ReentrantLock$NonfairSync initialTryLock ()Z 2 10537 orig 80 1 0 0 0 0 0 0 0 0 0 0 0 0 0 0 0 0 0 0 0 0 0 0 0 0 0 0 0 0 0 0 0 0 0 0 0 0 0 0 1 0 0 0 0 0 0 0 0 0 0 0 0 0 0 0 0 0 0 0 0 0 0 0 0 0 0 0 0 0 0 0 0 0 0 0 0 0 0 0 0 data 60 0x2 0x282a 0x70005 0x282a 0x0 0x0 0x0 0x0 0x0 0x80000006000a0007 0x1ac 0x58 0x268b 0xf0005 0x268b 0x0 0x0 0x0 0x0 0x0 0x150005 0x1ac 0x0 0x0 0x0 0x0 0x0 0x190007 0x1a3 0xc0 0x8 0x1d0005 0x8 0x0 0x0 0x0 0x0 0x0 0x240007 0x8 0x30 0x0 0x2d0002 0x0 0x330005 0x8 0x0 0x0 0x0 0x0 0x0 0x0 0x0 0x0 0x0 0x0 0x0 0x9 0x1 0xffffffffffffffff oops 0 methods 0
ciMethodData java/lang/reflect/Method getParameterCount ()I 2 34012 orig 80 0 0 0 0 0 0 0 0 0 0 0 0 0 0 0 0 0 0 0 0 0 0 0 0 0 0 0 0 0 0 0 0 0 0 0 0 0 0 0 0 0 0 0 0 0 0 0 0 0 0 0 0 0 0 0 0 0 0 0 0 0 0 0 0 0 0 0 0 0 0 0 0 0 0 0 0 0 0 0 0 data 7 0x0 0x0 0x0 0x0 0x9 0x1 0x0 oops 0 methods 0
ciMethodData java/lang/reflect/Method equals (Ljava/lang/Object;)Z 2 12820 orig 80 2 0 0 0 0 0 0 0 0 0 0 0 0 0 0 0 0 0 0 0 4 0 0 0 0 0 0 0 0 0 0 0 0 0 0 0 0 0 0 1 0 0 0 0 0 0 0 0 0 0 0 0 0 0 0 0 0 0 0 0 0 0 0 0 0 0 0 0 0 0 0 0 0 0 0 0 0 0 0 0 data 89 0x8000000400010104 0xfffffffffffffffb 0x0 0x2455111b740 0x30e3 0x2455111b620 0x5 0x40007 0x7 0x240 0x30e3 0x80004 0x0 0x0 0x2455111b740 0x30e3 0x0 0x0 0xd0005 0x30e3 0x0 0x0 0x0 0x0 0x0 0x110005 0x30e3 0x0 0x0 0x0 0x0 0x0 0x140007 0xd0e 0x178 0x23d5 0x180005 0x23d5 0x0 0x0 0x0 0x0 0x0 0x1c0005 0x23d5 0x0 0x0 0x0 0x0 0x0 0x1f0007 0xdaf 0xe8 0x1626 0x270005 0x1626 0x0 0x0 0x0 0x0 0x0 0x2a0005 0x0 0x0 0x24551119f60 0x1626 0x0 0x0 0x80000006002d0007 0x14fc 0x20 0x12b 0x3b0005 0x0 0x0 0x2455111b740 0x14fc 0x0 0x0 0x0 0x0 0x0 0x0 0x0 0x0 0x9 0x2 0x0 0x0 oops 5 3 java/lang/reflect/Method 5 java/lang/reflect/Field 14 java/lang/reflect/Method 64 java/lang/Class 75 java/lang/reflect/Method methods 0
ciMethodData java/lang/reflect/Executable equalParamTypes ([Ljava/lang/Class;[Ljava/lang/Class;)Z 2 5429 orig 80 0 0 0 0 0 0 0 0 0 0 0 0 0 0 0 0 0 0 0 0 0 0 0 0 0 0 0 0 0 0 0 0 0 0 0 0 0 0 0 0 0 0 0 0 0 0 0 0 0 0 0 0 0 0 0 0 0 0 0 0 0 0 0 0 0 0 0 0 0 0 0 0 0 0 0 0 0 0 0 0 data 26 0x40007 0x3e1 0x78 0x1135 0xc0007 0xff5 0x58 0x114d 0x150007 0x100d 0x20 0x140 0x1d0003 0x100d 0xffffffffffffffc0 0x0 0x0 0x0 0x0 0x0 0x0 0x9 0x3 0x0 0x0 0x0 oops 0 methods 0
ciMethodData java/lang/Class getMethod (Ljava/lang/String;[Ljava/lang/Class;)Ljava/lang/reflect/Method; 2 8293 orig 80 1 0 0 0 0 0 0 0 0 0 0 0 0 0 0 0 0 0 0 0 0 0 0 0 0 0 0 0 0 0 0 0 0 0 0 0 0 0 0 0 0 0 0 0 0 0 0 0 0 0 0 0 0 0 0 0 0 0 0 0 0 0 0 0 0 0 0 0 0 0 0 0 0 0 0 0 0 0 0 0 data 57 0x10002 0x1f9a 0x50002 0x1f9a 0xa0007 0x1f9a 0x68 0x0 0x100002 0x0 0x140005 0x0 0x0 0x0 0x0 0x0 0x0 0x1a0005 0x1f9a 0x0 0x0 0x0 0x0 0x0 0x210007 0x1e3a 0x68 0x161 0x2b0005 0x161 0x0 0x0 0x0 0x0 0x0 0x2e0002 0x161 0x320002 0x1e3a 0x370005 0x0 0x0 0x24558b18db0 0x1e3a 0x0 0x0 0x0 0x0 0x0 0x0 0x0 0x0 0x9 0x3 0xffffffffffffffff 0xffffffffffffffff 0x0 oops 1 42 jdk/internal/reflect/ReflectionFactory methods 0
ciMethodData java/lang/System$2 getEnumConstantsShared (Ljava/lang/Class;)[Ljava/lang/Enum; 2 7909 orig 80 0 0 0 0 0 0 0 0 0 0 0 0 0 0 0 0 0 0 0 0 0 0 0 0 0 0 0 0 0 0 0 0 0 0 0 0 0 0 0 0 0 0 0 0 0 0 0 0 0 0 0 0 0 0 0 0 0 0 0 0 0 0 0 0 0 0 0 0 0 0 0 0 0 0 0 0 0 0 0 0 data 24 0x10005 0x1de5 0x0 0x0 0x0 0x0 0x0 0x40004 0x0 0x0 0x245824eeea0 0x1123 0x245511ecc10 0x190 0x0 0x0 0x0 0x0 0x0 0x0 0x9 0x2 0x0 0xffffffffffffffff oops 2 10 [Lorg/springframework/util/ConcurrentReferenceHashMap$TaskOption; 12 [Ljavax/validation/constraintvalidation/ValidationTarget; methods 0
ciMethodData java/lang/reflect/Method hashCode ()I 2 14577 orig 80 0 0 0 0 0 0 0 0 0 0 0 0 0 0 0 0 0 0 0 0 0 0 0 0 0 0 0 0 0 0 0 0 0 0 0 0 0 0 0 0 0 0 0 0 0 0 0 0 0 0 0 0 0 0 0 0 0 0 0 0 0 0 0 0 0 0 0 0 0 0 0 0 0 0 0 0 0 0 0 0 data 44 0x10005 0x37e9 0x0 0x0 0x0 0x0 0x0 0x40005 0x37e9 0x0 0x0 0x0 0x0 0x0 0x70005 0x37e9 0x0 0x0 0x0 0x0 0x0 0xb0005 0x37e9 0x0 0x0 0x0 0x0 0x0 0xe0005 0x37e9 0x0 0x0 0x0 0x0 0x0 0x0 0x0 0x0 0x0 0x0 0x0 0x9 0x1 0x0 oops 0 methods 0
ciMethodData java/util/concurrent/ConcurrentMap computeIfAbsent (Ljava/lang/Object;Ljava/util/function/Function;)Ljava/lang/Object; 2 6301 orig 80 0 0 0 0 0 0 0 0 0 0 0 0 0 0 0 0 0 0 0 0 0 0 0 0 0 0 0 0 0 0 0 0 0 0 0 0 0 0 0 0 0 0 0 0 0 0 0 0 0 0 0 0 0 0 0 0 0 0 0 0 0 0 0 0 0 0 0 0 0 0 0 0 0 0 0 0 0 0 0 0 data 49 0x10002 0x1809 0x70005 0x0 0x0 0x245829f63f0 0x1809 0x0 0x0 0xe0007 0x1761 0xe8 0xa8 0x130005 0xc 0x0 0x245566e7e70 0x53 0x245829f6340 0x49 0x1b0007 0x1 0x90 0xa7 0x220005 0x0 0x0 0x245829f63f0 0xa7 0x0 0x0 0x290007 0x0 0x38 0xa7 0x2e0003 0xa7 0x18 0x0 0x0 0x0 0x0 0x0 0x0 0x9 0x3 0xffffffffffffffff 0xffffffffffffffff 0x0 oops 4 5 org/springframework/util/ConcurrentReferenceHashMap 16 org/springframework/core/annotation/AnnotationTypeMappings$Cache$$Lambda$134+0x00000245110def50 18 org/springframework/core/annotation/AttributeMethods$$Lambda$131+0x00000245110db9b8 27 org/springframework/util/ConcurrentReferenceHashMap methods 0
ciMethodData java/util/EnumSet noneOf (Ljava/lang/Class;)Ljava/util/EnumSet; 2 7876 orig 80 1 0 0 0 0 0 0 0 0 0 0 0 0 0 0 0 0 0 0 0 0 0 0 0 0 0 0 0 0 0 0 0 0 0 0 0 0 0 0 1 0 0 0 0 0 0 0 0 0 0 0 0 0 0 0 0 0 0 0 0 0 0 0 0 0 0 0 0 0 0 0 0 0 0 0 0 0 0 0 0 data 48 0x10002 0x1dbd 0x60007 0x1dbd 0xe8 0x0 0x110002 0x0 0x150005 0x0 0x0 0x0 0x0 0x0 0x0 0x1a0005 0x0 0x0 0x0 0x0 0x0 0x0 0x1d0005 0x0 0x0 0x0 0x0 0x0 0x0 0x200002 0x0 0x8000000600280007 0x2 0x30 0x1dbc 0x310002 0x1dbc 0x3b0002 0x2 0x0 0x0 0x0 0x0 0x0 0x0 0x9 0x1 0xffffffffffffffff oops 0 methods 0
ciMethodData java/util/EnumSet getUniverse (Ljava/lang/Class;)[Ljava/lang/Enum; 2 7876 orig 80 0 0 0 0 0 0 0 0 0 0 0 0 0 0 0 0 0 0 0 0 0 0 0 0 0 0 0 0 0 0 0 0 0 0 0 0 0 0 0 0 0 0 0 0 0 0 0 0 0 0 0 0 0 0 0 0 0 0 0 0 0 0 0 0 0 0 0 0 0 0 0 0 0 0 0 0 0 0 0 0 data 18 0x2 0x1dbd 0x40005 0x0 0x0 0x24556caabf0 0x1dbd 0x0 0x0 0x0 0x0 0x0 0x0 0x0 0x0 0x9 0x1 0xffffffffffffffff oops 1 5 java/lang/System$2 methods 0
ciMethodData java/util/RegularEnumSet <init> (Ljava/lang/Class;[Ljava/lang/Enum;)V 2 7984 orig 80 0 0 0 0 0 0 0 0 0 0 0 0 0 0 0 0 0 0 0 0 0 0 0 0 0 0 0 0 0 0 0 0 0 0 0 0 0 0 0 0 0 0 0 0 0 0 0 0 0 0 0 0 0 0 0 0 0 0 0 0 0 0 0 0 0 0 0 0 0 0 0 0 0 0 0 0 0 0 0 0 data 11 0x30002 0x1e29 0x0 0x0 0x0 0x0 0x9 0x3 0x1e 0x0 0x0 oops 0 methods 0
ciMethodData java/util/EnumSet <init> (Ljava/lang/Class;[Ljava/lang/Enum;)V 2 7990 orig 80 0 0 0 0 0 0 0 0 0 0 0 0 0 0 0 0 0 0 0 0 0 0 0 0 0 0 0 0 0 0 0 0 0 0 0 0 0 0 0 0 0 0 0 0 0 0 0 0 0 0 0 0 0 0 0 0 0 0 0 0 0 0 0 0 0 0 0 0 0 0 0 0 0 0 0 0 0 0 0 0 data 11 0x10002 0x1e2f 0x0 0x0 0x0 0x0 0x9 0x3 0x6 0x0 0x0 oops 0 methods 0
ciMethodData java/util/stream/StreamSupport stream (Ljava/util/Spliterator;Z)Ljava/util/stream/Stream; 2 5434 orig 80 0 0 0 0 0 0 0 0 0 0 0 0 0 0 0 0 0 0 0 0 0 0 0 0 0 0 0 0 0 0 0 0 0 0 0 0 0 0 0 0 0 0 0 0 0 0 0 0 0 0 0 0 0 0 0 0 0 0 0 0 0 0 0 0 0 0 0 0 0 0 0 0 0 0 0 0 0 0 0 0 data 16 0x10002 0x143a 0xb0002 0x143a 0xf0002 0x143a 0x0 0x0 0x0 0x0 0x0 0x0 0x9 0x2 0x0 0x0 oops 0 methods 0
ciMethodData java/util/stream/ReferencePipeline$Head <init> (Ljava/util/Spliterator;IZ)V 2 5434 orig 80 0 0 0 0 0 0 0 0 0 0 0 0 0 0 0 0 0 0 0 0 0 0 0 0 0 0 0 0 0 0 0 0 0 0 0 0 0 0 0 0 0 0 0 0 0 0 0 0 0 0 0 0 0 0 0 0 0 0 0 0 0 0 0 0 0 0 0 0 0 0 0 0 0 0 0 0 0 0 0 0 data 10 0x40002 0x143a 0x0 0x0 0x9 0x4 0x0 0x0 0x0 0x0 oops 0 methods 0
ciMethodData java/util/stream/ReferencePipeline <init> (Ljava/util/Spliterator;IZ)V 2 5434 orig 80 0 0 0 0 0 0 0 0 0 0 0 0 0 0 0 0 0 0 0 0 0 0 0 0 0 0 0 0 0 0 0 0 0 0 0 0 0 0 0 0 0 0 0 0 0 0 0 0 0 0 0 0 0 0 0 0 0 0 0 0 0 0 0 0 0 0 0 0 0 0 0 0 0 0 0 0 0 0 0 0 data 10 0x40002 0x143a 0x0 0x0 0x9 0x4 0x0 0x0 0x0 0x0 oops 0 methods 0
ciMethodData java/lang/Enum getDeclaringClass ()Ljava/lang/Class; 2 5823 orig 80 0 0 0 0 0 0 0 0 0 0 0 0 0 0 0 0 0 0 0 0 0 0 0 0 0 0 0 0 0 0 0 0 0 0 0 0 0 0 0 0 0 0 0 0 0 0 0 0 0 0 0 0 0 0 0 0 0 0 0 0 0 0 0 0 0 0 0 0 0 0 0 0 0 0 0 0 0 0 0 0 data 30 0x10005 0x153f 0x0 0x0 0x0 0x0 0x0 0x60005 0x153f 0x0 0x0 0x0 0x0 0x0 0xd0007 0x0 0x38 0x153f 0x110003 0x153f 0x18 0x0 0x0 0x0 0x0 0x0 0x0 0x9 0x1 0x0 oops 0 methods 0
ciMethodData org/springframework/util/ConcurrentReferenceHashMap$1 <init> (Lorg/springframework/util/ConcurrentReferenceHashMap;[Lorg/springframework/util/ConcurrentReferenceHashMap$TaskOption;ZLjava/lang/Object;)V 2 4370 orig 80 0 0 0 0 0 0 0 0 0 0 0 0 0 0 0 0 0 0 0 0 0 0 0 0 0 0 0 0 0 0 0 0 0 0 0 0 0 0 0 0 0 0 0 0 0 0 0 0 0 0 0 0 0 0 0 0 0 0 0 0 0 0 0 0 0 0 0 0 0 0 0 0 0 0 0 0 0 0 0 0 data 13 0x130002 0x102c 0x0 0x0 0x0 0x0 0x9 0x5 0x1e 0x0 0x0 0x0 0x0 oops 0 methods 0
ciMethodData org/springframework/util/ConcurrentReferenceHashMap$Task <init> (Lorg/springframework/util/ConcurrentReferenceHashMap;[Lorg/springframework/util/ConcurrentReferenceHashMap$TaskOption;)V 2 4376 orig 80 0 0 0 0 0 0 0 0 0 0 0 0 0 0 0 0 0 0 0 0 0 0 0 0 0 0 0 0 0 0 0 0 0 0 0 0 0 0 0 0 0 0 0 0 0 0 0 0 0 0 0 0 0 0 0 0 0 0 0 0 0 0 0 0 0 0 0 0 0 0 0 0 0 0 0 0 0 0 0 0 data 24 0x60002 0x1032 0xc0007 0x1032 0x48 0x0 0x110002 0x0 0x140003 0x0 0x28 0x1b0002 0x1032 0x0 0x0 0x0 0x0 0x0 0x0 0x9 0x3 0x6 0x0 0x0 oops 0 methods 0
ciMethodData org/springframework/util/ConcurrentReferenceHashMap doTask (Ljava/lang/Object;Lorg/springframework/util/ConcurrentReferenceHashMap$Task;)Ljava/lang/Object; 2 5039 orig 80 0 0 0 0 0 0 0 0 0 0 0 0 0 0 0 0 0 0 0 0 0 0 0 0 0 0 0 0 0 0 0 0 0 0 0 0 0 0 0 0 0 0 0 0 0 0 0 0 0 0 0 0 0 0 0 0 0 0 0 0 0 0 0 0 0 0 0 0 0 0 0 0 0 0 0 0 0 0 0 0 data 27 0x20005 0x0 0x0 0x245829f63f0 0x12c9 0x0 0x0 0x80002 0x12c9 0xe0005 0x12c9 0x0 0x0 0x0 0x0 0x0 0x0 0x0 0x0 0x0 0x0 0x0 0x9 0x3 0x0 0x0 0x0 oops 1 3 org/springframework/util/ConcurrentReferenceHashMap methods 0
ciMethodData org/springframework/core/annotation/AnnotationsScanner getDeclaredAnnotations (Ljava/lang/reflect/AnnotatedElement;Z)[Ljava/lang/annotation/Annotation; 2 14889 orig 80 3 0 0 0 0 0 0 0 0 0 0 0 0 0 0 0 0 0 0 0 0 0 0 0 0 0 0 0 0 0 0 0 0 0 0 0 0 0 0 0 0 0 0 0 0 0 0 0 0 0 0 0 0 0 0 0 0 0 0 0 0 0 0 0 0 0 0 0 0 0 0 0 0 0 0 0 0 0 0 0 data 154 0x60005 0x0 0x0 0x245829f63f0 0x3921 0x0 0x0 0xb0104 0x0 0x0 0x2455673fd40 0xedb 0x0 0x0 0x100007 0x2a46 0x38 0xedb 0x150003 0xedb 0x320 0x190005 0x29c 0x0 0x2455111b740 0x124e 0x24551119f60 0x155c 0x210007 0x2696 0x2d0 0x3b0 0x2e0007 0x3b0 0x190 0x6de 0x390005 0x638 0x0 0x245511ea1f0 0x40 0x245511ea2a0 0x66 0x3e0002 0x6de 0x410007 0x1e2 0xc0 0x4fc 0x460005 0x4bb 0x0 0x245511ea1f0 0x40 0x245511ea350 0x1 0x4b0002 0x4fc 0x500005 0x4fc 0x0 0x0 0x0 0x0 0x0 0x530007 0x4fc 0x70 0x0 0x5a0104 0x0 0x0 0x0 0x0 0x0 0x0 0x5b0003 0x1e2 0x18 0x640003 0x6de 0xfffffffffffffe88 0x690007 0x2d1 0x38 0xdf 0x6f0003 0xdf 0x18 0x750004 0xfffffffffffffde0 0x0 0x24551119f60 0x190 0x2455111b740 0x8 0x780007 0x190 0x78 0x220 0x7c0004 0xffffffffffffffae 0x0 0x2455111b740 0x191 0x2455111b620 0x3d 0x7f0007 0x52 0x58 0x1ce 0x870005 0x0 0x0 0x245829f63f0 0x35e 0x0 0x0 0x900007 0x388f 0x60 0x92 0x950007 0x59 0x40 0x39 0x990007 0x39 0x20 0x0 0x9f0005 0x0 0x0 0x2455673fd40 0x39 0x0 0x0 0xa20004 0x0 0x0 0x2455673fd40 0x39 0x0 0x0 0x0 0x0 0x0 0x0 0x0 0x0 0x9 0x2 0x0 0x0 oops 15 3 org/springframework/util/ConcurrentReferenceHashMap 10 [Ljava/lang/annotation/Annotation; 24 java/lang/reflect/Method 26 java/lang/Class 39 jdk/proxy2/$Proxy14 41 jdk/proxy1/$Proxy0 52 jdk/proxy2/$Proxy14 54 jdk/proxy2/$Proxy25 92 java/lang/Class 94 java/lang/reflect/Method 103 java/lang/reflect/Method 105 java/lang/reflect/Field 114 org/springframework/util/ConcurrentReferenceHashMap 133 [Ljava/lang/annotation/Annotation; 140 [Ljava/lang/annotation/Annotation; methods 0
ciMethodData org/springframework/core/annotation/AttributeMethods forAnnotationType (Ljava/lang/Class;)Lorg/springframework/core/annotation/AttributeMethods; 2 10496 orig 80 1 0 0 0 0 0 0 0 0 0 0 0 0 0 0 0 0 0 0 0 0 0 0 0 0 0 0 0 0 0 0 0 0 0 0 0 0 0 0 0 0 0 0 0 0 0 0 0 0 0 0 0 0 0 0 0 0 0 0 0 0 0 0 0 0 0 0 0 0 0 0 0 0 0 0 0 0 0 0 0 data 31 0x10007 0x2895 0x20 0x0 0xc000a 0x2895 0x1 0x245829f6340 0x110005 0x0 0x0 0x245829f63f0 0x2895 0x0 0x0 0x160004 0x0 0x0 0x245829ef990 0x2895 0x0 0x0 0x0 0x0 0x0 0x0 0x0 0x0 0x9 0x1 0xffffffffffffffff oops 3 7 org/springframework/core/annotation/AttributeMethods$$Lambda$131+0x00000245110db9b8 11 org/springframework/util/ConcurrentReferenceHashMap 18 org/springframework/core/annotation/AttributeMethods methods 0
ciMethod org/springframework/core/annotation/TypeMappedAnnotations$AggregatesSpliterator <init> (Lorg/springframework/core/annotation/TypeMappedAnnotations;Ljava/lang/Object;Ljava/util/List;)V 972 0 5458 0 0
ciMethod org/springframework/core/annotation/TypeMappedAnnotations$AggregatesCollector <init> (Lorg/springframework/core/annotation/TypeMappedAnnotations;)V 966 0 5633 0 0
ciMethod org/springframework/core/annotation/TypeMappedAnnotations$AggregatesCollector <init> (Lorg/springframework/core/annotation/TypeMappedAnnotations;Lorg/springframework/core/annotation/TypeMappedAnnotations$1;)V 966 0 5633 0 608
ciMethodData org/springframework/util/ConcurrentReferenceHashMap$ReferenceManager createReference (Lorg/springframework/util/ConcurrentReferenceHashMap$Entry;ILorg/springframework/util/ConcurrentReferenceHashMap$Reference;)Lorg/springframework/util/ConcurrentReferenceHashMap$Reference; 2 6429 orig 80 0 0 0 0 0 0 0 0 0 0 0 0 0 0 0 0 0 0 0 0 0 0 0 0 0 0 0 0 0 0 0 0 0 0 0 0 0 0 0 0 0 0 0 0 0 0 0 0 0 0 0 0 0 0 0 0 0 0 0 0 0 0 0 0 0 0 0 0 0 0 0 0 0 0 0 0 0 0 0 0 data 22 0x40002 0x181b 0xa0007 0x181b 0x30 0x0 0x180002 0x0 0x270002 0x181b 0x0 0x0 0x0 0x0 0x0 0x0 0x9 0x4 0x0 0x0 0x0 0x0 oops 0 methods 0
ciMethod org/springframework/core/BridgeMethodResolver findBridgedMethod (Ljava/lang/reflect/Method;)Ljava/lang/reflect/Method; 32 0 8225 0 13920
ciMethod org/springframework/core/BridgeMethodResolver searchCandidates (Ljava/util/List;Ljava/lang/reflect/Method;)Ljava/lang/reflect/Method; 0 0 60 0 -1
ciMethodData java/util/EnumSet of (Ljava/lang/Enum;[Ljava/lang/Enum;)Ljava/util/EnumSet; 2 9877 orig 80 0 0 0 0 0 0 0 0 0 0 0 0 0 0 0 0 0 0 0 0 0 0 0 0 0 0 0 0 0 0 0 0 0 0 0 0 0 0 0 0 0 0 0 0 0 0 0 0 0 0 0 0 0 0 0 0 0 0 0 0 0 0 0 0 0 0 0 0 0 0 0 0 0 0 0 0 0 0 0 0 data 40 0x10005 0x1244 0x0 0x0 0x0 0x0 0x0 0x40002 0x1244 0xa0005 0x0 0x0 0x24556ca5b80 0x1244 0x0 0x0 0x1b0007 0x1244 0x70 0x2491 0x270005 0x0 0x0 0x24556ca5b80 0x2491 0x0 0x0 0x2e0003 0x2491 0xffffffffffffffa8 0x0 0x0 0x0 0x0 0x0 0x0 0x9 0x2 0xffffffffffffffff 0x0 oops 2 12 java/util/RegularEnumSet 23 java/util/RegularEnumSet methods 0
ciMethodData java/lang/Class getMethodsRecursive (Ljava/lang/String;[Ljava/lang/Class;Z)Ljava/lang/PublicMethods$MethodList; 2 9796 orig 80 0 0 0 0 0 0 0 0 0 0 0 0 0 0 0 0 0 0 0 0 0 0 0 0 0 0 0 0 0 0 0 0 0 0 0 0 0 0 0 0 0 0 0 0 0 0 0 0 0 0 0 0 0 0 0 0 0 0 0 0 0 0 0 0 0 0 0 0 0 0 0 0 0 0 0 0 0 0 0 0 data 66 0x20005 0x253d 0x0 0x0 0x0 0x0 0x0 0xc0002 0x253d 0x130007 0x1bcd 0x20 0x970 0x1a0005 0x1bcd 0x0 0x0 0x0 0x0 0x0 0x210007 0x12a5 0x58 0x928 0x290005 0x928 0x0 0x0 0x0 0x0 0x0 0x300005 0x1bcd 0x0 0x0 0x0 0x0 0x0 0x410007 0x1bcd 0x80 0x1313 0x520005 0x1313 0x0 0x0 0x0 0x0 0x0 0x550002 0x1313 0x5d0003 0x1313 0xffffffffffffff98 0x0 0x0 0x0 0x0 0x0 0x0 0x9 0x4 0xffffffffffffffff 0x0 0x0 0x0 oops 0 methods 0
ciMethodData java/lang/Class getMethod0 (Ljava/lang/String;[Ljava/lang/Class;)Ljava/lang/reflect/Method; 2 7780 orig 80 0 0 0 0 0 0 0 0 0 0 0 0 0 0 0 0 0 0 0 0 0 0 0 0 0 0 0 0 0 0 0 0 0 0 0 0 0 0 0 1 0 0 0 0 0 0 0 0 0 0 0 0 0 0 0 0 0 0 0 0 0 0 0 0 0 0 0 0 0 0 0 0 0 0 0 0 0 0 0 0 data 39 0x8000000600030007 0x1d5e 0x38 0x1 0x90003 0x1 0x18 0xe0005 0x1d5f 0x0 0x0 0x0 0x0 0x0 0x130007 0x1c15 0x38 0x14a 0x170003 0x14a 0x50 0x1b0005 0x1c15 0x0 0x0 0x0 0x0 0x0 0x0 0x0 0x0 0x0 0x0 0x0 0x9 0x3 0xffffffffffffffff 0x0 0x0 oops 0 methods 0
ciMethodData java/lang/PublicMethods$MethodList getMostSpecific ()Ljava/lang/reflect/Method; 2 7447 orig 80 0 0 0 0 0 0 0 0 0 0 0 0 0 0 0 0 0 0 0 0 0 0 0 0 0 0 0 0 0 0 0 0 0 0 0 0 0 0 0 0 0 0 0 0 0 0 0 0 0 0 0 0 0 0 0 0 0 0 0 0 0 0 0 0 0 0 0 0 0 0 0 0 0 0 0 0 0 0 0 0 data 45 0x60005 0x1c13 0x0 0x0 0x0 0x0 0x0 0x100007 0x1c13 0xe8 0x8 0x1b0005 0x8 0x0 0x0 0x0 0x0 0x0 0x230007 0x0 0x78 0x8 0x290005 0x8 0x0 0x0 0x0 0x0 0x0 0x2c0007 0x0 0x20 0x8 0x3a0003 0x8 0xffffffffffffff30 0x0 0x0 0x0 0x0 0x0 0x0 0x9 0x1 0x0 oops 0 methods 0
ciMethodData java/lang/Class methodToString (Ljava/lang/String;[Ljava/lang/Class;)Ljava/lang/String; 1 531 orig 80 0 0 0 0 0 0 0 0 0 0 0 0 0 0 0 0 0 0 0 0 0 0 0 0 0 0 0 0 0 0 0 0 0 0 0 0 0 0 0 0 0 0 0 0 0 0 0 0 0 0 0 0 0 0 0 0 0 0 0 0 0 0 0 0 0 0 0 0 0 0 0 0 0 0 0 0 0 0 0 0 data 95 0x40002 0x17b 0x80005 0x17b 0x0 0x0 0x0 0x0 0x0 0xb0005 0x17b 0x0 0x0 0x0 0x0 0x0 0x100005 0x17b 0x0 0x0 0x0 0x0 0x0 0x140005 0x17b 0x0 0x0 0x0 0x0 0x0 0x180007 0x0 0x40 0x17b 0x1d0007 0x33 0x38 0x148 0x230003 0x148 0x100 0x270002 0x33 0x2a000a 0x33 0x1 0x24559e0bf70 0x2f0005 0x0 0x0 0x24559e0c020 0x33 0x0 0x0 0x3c0002 0x33 0x3f0005 0x0 0x0 0x24559e0c0d0 0x33 0x0 0x0 0x440004 0x0 0x0 0x24551119ed0 0x33 0x0 0x0 0x470005 0x17b 0x0 0x0 0x0 0x0 0x0 0x4a0005 0x17b 0x0 0x0 0x0 0x0 0x0 0x0 0x0 0x0 0x0 0x0 0x0 0x9 0x3 0xffffffffffffffff 0xffffffffffffffff 0x0 oops 4 46 java/lang/Class$$Lambda$69+0x0000024511082fd0 50 java/util/stream/ReferencePipeline$Head 59 java/util/stream/ReferencePipeline$3 66 java/lang/String methods 0
ciMethodData java/lang/NoSuchMethodException <init> (Ljava/lang/String;)V 1 538 orig 80 0 0 0 0 0 0 0 0 0 0 0 0 0 0 0 0 0 0 0 0 0 0 0 0 0 0 0 0 0 0 0 0 0 0 0 0 0 0 0 0 0 0 0 0 0 0 0 0 0 0 0 0 0 0 0 0 0 0 0 0 0 0 0 0 0 0 0 0 0 0 0 0 0 0 0 0 0 0 0 0 data 8 0x20002 0x182 0x0 0x0 0x9 0x2 0x1c 0x0 oops 0 methods 0
ciMethodData java/util/HashSet isEmpty ()Z 2 6457 orig 80 0 0 0 0 0 0 0 0 0 0 0 0 0 0 0 0 0 0 0 0 0 0 0 0 0 0 0 0 0 0 0 0 0 0 0 0 0 0 0 0 0 0 0 0 0 0 0 0 0 0 0 0 0 0 0 0 0 0 0 0 0 0 0 0 0 0 0 0 0 0 0 0 0 0 0 0 0 0 0 0 data 16 0x40005 0x0 0x0 0x24558376210 0x180d 0x2457e362fc0 0x24 0x0 0x0 0x0 0x0 0x0 0x0 0x9 0x1 0x0 oops 2 3 java/util/LinkedHashMap 5 java/util/HashMap methods 0
ciMethodData java/lang/invoke/Invokers$Holder linkToTargetMethod (Ljava/lang/Object;Ljava/lang/Object;Ljava/lang/Object;Ljava/lang/Object;)Ljava/lang/Object; 2 8367 orig 80 0 0 0 0 0 0 0 0 0 0 0 0 0 0 0 0 0 0 0 0 0 0 0 0 0 0 0 0 0 0 0 0 0 0 0 0 0 0 0 0 0 0 0 0 0 0 0 0 0 0 0 0 0 0 0 0 0 0 0 0 0 0 0 0 0 0 0 0 0 0 0 0 0 0 0 0 0 0 0 0 data 38 0x10004 0x0 0x0 0x24581a2a0a0 0xdf0 0x24581a2acf0 0xc8 0x7000b 0x1f9a 0x0 0x0 0x0 0x0 0x0 0x5 0x1 0x2 0x2 0x3 0x2 0x0 0x0 0x0 0x0 0x0 0x0 0x9 0x4 0x0 0x0 0x0 0x0 0xc 0x4 0x0 0x2 0x1 0x3 oops 2 3 java/lang/invoke/DirectMethodHandle$Constructor 5 java/lang/invoke/BoundMethodHandle$Species_LLLLLLLLL methods 0
ciMethodData java/lang/invoke/DirectMethodHandle$Holder newInvokeSpecial (Ljava/lang/Object;Ljava/lang/Object;Ljava/lang/Object;Ljava/lang/Object;)Ljava/lang/Object; 2 8165 orig 80 0 0 0 0 0 0 0 0 0 0 0 0 0 0 0 0 0 0 0 0 0 0 0 0 0 0 0 0 0 0 0 0 0 0 0 0 0 0 0 0 0 0 0 0 0 0 0 0 0 0 0 0 0 0 0 0 0 0 0 0 0 0 0 0 0 0 0 0 0 0 0 0 0 0 0 0 0 0 0 0 data 44 0x1000a 0x1ed2 0x3 0x0 0x24581a2a0a0 0x2 0x7000a 0x1ed2 0x3 0x0 0x24581a2a0a0 0x2455111c0a0 0x130004 0x0 0x0 0x0 0x0 0x0 0x0 0x16000a 0x1ed2 0x4 0x0 0x2 0x1 0x2 0x0 0x0 0x0 0x0 0x0 0x0 0x9 0x4 0x0 0x0 0x0 0x0 0xc 0x4 0x0 0x24581a2a0a0 0x1 0x2 oops 4 4 java/lang/invoke/DirectMethodHandle$Constructor 10 java/lang/invoke/DirectMethodHandle$Constructor 11 java/lang/invoke/MemberName 41 java/lang/invoke/DirectMethodHandle$Constructor methods 0
ciMethodData java/util/stream/Collectors$CollectorImpl <init> (Ljava/util/function/Supplier;Ljava/util/function/BiConsumer;Ljava/util/function/BinaryOperator;Ljava/util/function/Function;Ljava/util/Set;)V 2 11540 orig 80 0 0 0 0 0 0 0 0 0 0 0 0 0 0 0 0 0 0 0 0 0 0 0 0 0 0 0 0 0 0 0 0 0 0 0 0 0 0 0 0 0 0 0 0 0 0 0 0 0 0 0 0 0 0 0 0 0 0 0 0 0 0 0 0 0 0 0 0 0 0 0 0 0 0 0 0 0 0 0 0 data 14 0x10002 0x2c14 0x0 0x0 0x0 0x0 0x9 0x6 0x1e 0x0 0x0 0x0 0x0 0x0 oops 0 methods 0
ciMethodData java/util/stream/ReferencePipeline collect (Ljava/util/stream/Collector;)Ljava/lang/Object; 2 8739 orig 80 0 0 0 0 0 0 0 0 0 0 0 0 0 0 0 0 0 0 0 0 0 0 0 0 0 0 0 0 0 0 0 0 0 0 0 0 0 0 0 0 0 0 0 0 0 0 0 0 0 0 0 0 0 0 0 0 0 0 0 0 0 0 0 0 0 0 0 0 0 0 0 0 0 0 0 0 0 0 0 0 data 151 0x10005 0x2122 0x0 0x0 0x0 0x0 0x0 0x40007 0x2122 0x2d0 0x0 0x80005 0x0 0x0 0x0 0x0 0x0 0x0 0x100005 0x0 0x0 0x0 0x0 0x0 0x0 0x150007 0x0 0x240 0x0 0x190005 0x0 0x0 0x0 0x0 0x0 0x0 0x1c0007 0x0 0xb0 0x0 0x200005 0x0 0x0 0x0 0x0 0x0 0x0 0x280005 0x0 0x0 0x0 0x0 0x0 0x0 0x2d0007 0x0 0x158 0x0 0x310005 0x0 0x0 0x0 0x0 0x0 0x0 0x360005 0x0 0x0 0x0 0x0 0x0 0x0 0x3d0005 0x0 0x0 0x0 0x0 0x0 0x0 0x46000a 0x0 0x5 0x0 0x0 0x1 0x0 0x0 0x4b0005 0x0 0x0 0x0 0x0 0x0 0x0 0x4e0003 0x0 0x60 0x530002 0x2122 0x560005 0x2122 0x0 0x0 0x0 0x0 0x0 0x5b0005 0x0 0x0 0x24581a28940 0x2122 0x0 0x0 0x630005 0x0 0x0 0x2457e360920 0x1c5a 0x24581cfdc90 0x4c8 0x680007 0x4c9 0x38 0x1c59 0x6c0003 0x1c59 0x88 0x700005 0x0 0x0 0x24581a28940 0x4c9 0x0 0x0 0x760005 0x3 0x0 0x245511eedb0 0x35f 0x24581a298d0 0x167 0x0 0x0 0x0 0x0 0x0 0x0 0x9 0x2 0xffffffffffffffff 0x0 oops 6 109 java/util/stream/Collectors$CollectorImpl 116 java/util/Collections$UnmodifiableSet 118 java/util/Collections$EmptySet 130 java/util/stream/Collectors$CollectorImpl 137 org/springframework/core/type/AnnotatedTypeMetadata$$Lambda$398+0x00000245113075f8 139 java/util/stream/Collectors$$Lambda$28+0x80000003f methods 0
ciMethodData java/util/stream/ReferencePipeline map (Ljava/util/function/Function;)Ljava/util/stream/Stream; 2 4932 orig 80 0 0 0 0 0 0 0 0 0 0 0 0 0 0 0 0 0 0 0 0 0 0 0 0 0 0 0 0 0 0 0 0 0 0 0 0 0 0 0 0 0 0 0 0 0 0 0 0 0 0 0 0 0 0 0 0 0 0 0 0 0 0 0 0 0 0 0 0 0 0 0 0 0 0 0 0 0 0 0 0 data 14 0x10002 0x1244 0x160002 0x1244 0x0 0x0 0x0 0x0 0x0 0x0 0x9 0x2 0x0 0x0 oops 0 methods 0
ciMethodData java/util/stream/ReferencePipeline$3 <init> (Ljava/util/stream/ReferencePipeline;Ljava/util/stream/AbstractPipeline;Ljava/util/stream/StreamShape;ILjava/util/function/Function;)V 2 4932 orig 80 0 0 0 0 0 0 0 0 0 0 0 0 0 0 0 0 0 0 0 0 0 0 0 0 0 0 0 0 0 0 0 0 0 0 0 0 0 0 0 0 0 0 0 0 0 0 0 0 0 0 0 0 0 0 0 0 0 0 0 0 0 0 0 0 0 0 0 0 0 0 0 0 0 0 0 0 0 0 0 0 data 14 0x100002 0x1244 0x0 0x0 0x0 0x0 0x9 0x6 0xde 0x0 0x38 0x0 0x0 0x0 oops 0 methods 0
ciMethodData java/util/stream/Collectors$CollectorImpl <init> (Ljava/util/function/Supplier;Ljava/util/function/BiConsumer;Ljava/util/function/BinaryOperator;Ljava/util/Set;)V 2 7536 orig 80 0 0 0 0 0 0 0 0 0 0 0 0 0 0 0 0 0 0 0 0 0 0 0 0 0 0 0 0 0 0 0 0 0 0 0 0 0 0 0 0 0 0 0 0 0 0 0 0 0 0 0 0 0 0 0 0 0 0 0 0 0 0 0 0 0 0 0 0 0 0 0 0 0 0 0 0 0 0 0 0 data 17 0x40002 0x1c70 0x90002 0x1c70 0x0 0x0 0x0 0x0 0x0 0x0 0x9 0x5 0x0 0x0 0x0 0x0 0x0 oops 0 methods 0
ciMethodData java/util/stream/Collectors castingIdentity ()Ljava/util/function/Function; 2 7536 orig 80 0 0 0 0 0 0 0 0 0 0 0 0 0 0 0 0 0 0 0 0 0 0 0 0 0 0 0 0 0 0 0 0 0 0 0 0 0 0 0 0 0 0 0 0 0 0 0 0 0 0 0 0 0 0 0 0 0 0 0 0 0 0 0 0 0 0 0 0 0 0 0 0 0 0 0 0 0 0 0 0 data 7 0xa 0x1c70 0x1 0x2457e361f00 0x0 0x9 0x0 oops 1 3 java/util/stream/Collectors$$Lambda$27+0x80000003e methods 0
ciMethodData java/lang/reflect/Method isBridge ()Z 2 26855 orig 80 0 0 0 0 0 0 0 0 0 0 0 0 0 0 0 0 0 0 0 0 0 0 0 0 0 0 0 0 0 0 0 0 0 0 0 0 0 0 0 0 0 0 0 0 0 0 0 0 0 0 0 0 0 0 0 0 0 0 0 0 0 0 0 0 0 0 0 0 0 0 0 0 0 0 0 0 0 0 0 0 data 23 0x10005 0x68d9 0x0 0x0 0x0 0x0 0x0 0x70007 0x6777 0x38 0x162 0xb0003 0x162 0x18 0x0 0x0 0x0 0x0 0x0 0x0 0x9 0x1 0x0 oops 0 methods 0
ciMethodData java/lang/Class getDeclaredMethods ()[Ljava/lang/reflect/Method; 2 1597 orig 80 0 0 0 0 0 0 0 0 0 0 0 0 0 0 0 0 0 0 0 0 0 0 0 0 0 0 0 0 0 0 0 0 0 0 0 0 0 0 0 0 0 0 0 0 0 0 0 0 0 0 0 0 0 0 0 0 0 0 0 0 0 0 0 0 0 0 0 0 0 0 0 0 0 0 0 0 0 0 0 0 data 33 0x2 0x53d 0x50007 0x53d 0x68 0x0 0xb0002 0x0 0xf0005 0x0 0x0 0x0 0x0 0x0 0x0 0x140005 0x53d 0x0 0x0 0x0 0x0 0x0 0x170002 0x53d 0x0 0x0 0x0 0x0 0x0 0x0 0x9 0x1 0xffffffffffffffff oops 0 methods 0
ciMethodData org/springframework/util/ConcurrentReferenceHashMap$Segment doTask (ILjava/lang/Object;Lorg/springframework/util/ConcurrentReferenceHashMap$Task;)Ljava/lang/Object; 2 5039 orig 80 0 0 0 0 0 0 0 0 0 0 0 0 0 0 0 0 0 0 0 0 0 0 0 0 0 0 0 0 0 0 0 0 0 0 0 0 0 0 0 0 0 0 0 0 0 0 0 0 0 0 0 0 0 0 0 0 0 0 0 0 0 0 0 0 0 0 0 0 0 0 0 0 0 0 0 0 0 0 0 0 data 157 0x40005 0x0 0x0 0x245824eed20 0x12ad 0x0 0x0 0xd0005 0x0 0x0 0x245824eed20 0x12ad 0x0 0x0 0x100007 0x0 0x58 0x12ad 0x160005 0x12ad 0x0 0x0 0x0 0x0 0x0 0x1d0005 0x0 0x0 0x245824eed20 0x12ad 0x0 0x0 0x200007 0x12ad 0xb0 0x0 0x270005 0x0 0x0 0x0 0x0 0x0 0x0 0x2a0007 0x0 0x58 0x0 0x310005 0x0 0x0 0x0 0x0 0x0 0x0 0x360005 0x0 0x0 0x245566ec290 0x12ad 0x0 0x0 0x3f0002 0x12ad 0x520002 0x12ad 0x590007 0x12ad 0x70 0x0 0x5e0005 0x0 0x0 0x0 0x0 0x0 0x0 0x630003 0x0 0x18 0x70000a 0x12ad 0x5 0x0 0x245566ec290 0x1 0x2 0x2455928d430 0x7e0005 0x0 0x0 0x245824eed20 0x12ad 0x0 0x0 0x840005 0x0 0x0 0x245566ec290 0x12ad 0x0 0x0 0x8b0005 0x0 0x0 0x245824eed20 0x12ad 0x0 0x0 0x8e0007 0x12ad 0x58 0x0 0x940005 0x0 0x0 0x0 0x0 0x0 0x0 0x9d0005 0x0 0x0 0x0 0x0 0x0 0x0 0xa40005 0x0 0x0 0x0 0x0 0x0 0x0 0xa70007 0x0 0x58 0x0 0xad0005 0x0 0x0 0x0 0x0 0x0 0x0 0x0 0x0 0x0 0x0 0x0 0x0 0x0 0x9 0x4 0x0 0x0 0x0 0x0 oops 9 3 org/springframework/util/ConcurrentReferenceHashMap$1 10 org/springframework/util/ConcurrentReferenceHashMap$1 28 org/springframework/util/ConcurrentReferenceHashMap$1 57 org/springframework/util/ConcurrentReferenceHashMap$Segment 83 org/springframework/util/ConcurrentReferenceHashMap$Segment 86 org/springframework/util/ConcurrentReferenceHashMap$Segment$$Lambda$97+0x00000245110c60b0 90 org/springframework/util/ConcurrentReferenceHashMap$1 97 org/springframework/util/ConcurrentReferenceHashMap$Segment 104 org/springframework/util/ConcurrentReferenceHashMap$1 methods 0
ciMethodData org/springframework/util/ConcurrentReferenceHashMap$Segment$$Lambda$97+0x00000245110c60b0 <init> (Lorg/springframework/util/ConcurrentReferenceHashMap$Segment;Ljava/lang/Object;ILorg/springframework/util/ConcurrentReferenceHashMap$Reference;I)V 2 5039 orig 80 0 0 0 0 0 0 0 0 0 0 0 0 0 0 0 0 0 0 0 0 0 0 0 0 0 0 0 0 0 0 0 0 0 0 0 0 0 0 0 0 0 0 0 0 0 0 0 0 0 0 0 0 0 0 0 0 0 0 0 0 0 0 0 0 0 0 0 0 0 0 0 0 0 0 0 0 0 0 0 0 data 14 0x10002 0x12ad 0x0 0x0 0x0 0x0 0x9 0x6 0x1e 0x0 0x0 0x0 0x0 0x0 oops 0 methods 0
ciMethodData org/springframework/util/ConcurrentReferenceHashMap$1 execute (Lorg/springframework/util/ConcurrentReferenceHashMap$Reference;Lorg/springframework/util/ConcurrentReferenceHashMap$Entry;Lorg/springframework/util/ConcurrentReferenceHashMap$Entries;)Ljava/lang/Object; 2 5417 orig 80 0 0 0 0 0 0 0 0 0 0 0 0 0 0 0 0 0 0 0 0 0 0 0 0 0 0 0 0 0 0 0 0 0 0 0 0 0 0 0 0 0 0 0 0 0 0 0 0 0 0 0 0 0 0 0 0 0 0 0 0 0 0 0 0 0 0 0 0 0 0 0 0 0 0 0 0 0 0 0 0 data 50 0x10007 0x1427 0xb0 0x0 0x50005 0x0 0x0 0x0 0x0 0x0 0x0 0xe0007 0x0 0x58 0x0 0x160005 0x0 0x0 0x0 0x0 0x0 0x0 0x1e0007 0x0 0x38 0x1427 0x220003 0x1427 0x18 0x280002 0x1427 0x300005 0x0 0x0 0x2455928d430 0x1427 0x0 0x0 0x0 0x0 0x0 0x0 0x0 0x0 0x9 0x4 0x0 0x0 0x4 0xffffffffffffffff oops 1 34 org/springframework/util/ConcurrentReferenceHashMap$Segment$$Lambda$97+0x00000245110c60b0 methods 0
ciMethodData org/springframework/util/ConcurrentReferenceHashMap$Segment$$Lambda$97+0x00000245110c60b0 add (Ljava/lang/Object;)V 2 5417 orig 80 0 0 0 0 0 0 0 0 0 0 0 0 0 0 0 0 0 0 0 0 0 0 0 0 0 0 0 0 0 0 0 0 0 0 0 0 0 0 0 0 0 0 0 0 0 0 0 0 0 0 0 0 0 0 0 0 0 0 0 0 0 0 0 0 0 0 0 0 0 0 0 0 0 0 0 0 0 0 0 0 data 17 0x150005 0x1427 0x0 0x0 0x0 0x0 0x0 0x0 0x0 0x0 0x0 0x0 0x0 0x9 0x2 0x0 0x0 oops 0 methods 0
ciMethodData org/springframework/util/ConcurrentReferenceHashMap$Segment lambda$doTask$0 (Ljava/lang/Object;ILorg/springframework/util/ConcurrentReferenceHashMap$Reference;ILjava/lang/Object;)V 2 5417 orig 80 0 0 0 0 0 0 0 0 0 0 0 0 0 0 0 0 0 0 0 0 0 0 0 0 0 0 0 0 0 0 0 0 0 0 0 0 0 0 0 0 0 0 0 0 0 0 0 0 0 0 0 0 0 0 0 0 0 0 0 0 0 0 0 0 0 0 0 0 0 0 0 0 0 0 0 0 0 0 0 0 data 37 0x70002 0x1406 0x140005 0x0 0x0 0x2457e350890 0x1406 0x0 0x0 0x210004 0x0 0x0 0x245566eaab0 0x1406 0x0 0x0 0x260005 0x1406 0x0 0x0 0x0 0x0 0x0 0x0 0x0 0x0 0x0 0x0 0x0 0x9 0x6 0x0 0x0 0x0 0x0 0x0 0x0 oops 2 5 org/springframework/util/ConcurrentReferenceHashMap$ReferenceManager 12 org/springframework/util/ConcurrentReferenceHashMap$SoftEntryReference methods 0
ciMethodData org/springframework/util/ConcurrentReferenceHashMap$Entry <init> (Ljava/lang/Object;Ljava/lang/Object;)V 2 5384 orig 80 0 0 0 0 0 0 0 0 0 0 0 0 0 0 0 0 0 0 0 0 0 0 0 0 0 0 0 0 0 0 0 0 0 0 0 0 0 0 0 0 0 0 0 0 0 0 0 0 0 0 0 0 0 0 0 0 0 0 0 0 0 0 0 0 0 0 0 0 0 0 0 0 0 0 0 0 0 0 0 0 data 11 0x10002 0x1406 0x0 0x0 0x0 0x0 0x9 0x3 0x6 0x0 0x0 oops 0 methods 0
ciMethodData org/springframework/core/annotation/AttributeMethods indexOf (Ljava/lang/String;)I 2 7508 orig 80 0 0 0 0 0 0 0 0 0 0 0 0 0 0 0 0 0 0 0 0 0 0 0 0 0 0 0 0 0 0 0 0 0 0 0 0 0 0 0 0 0 0 0 0 0 0 0 0 0 0 0 0 0 0 0 0 0 0 0 0 0 0 0 0 0 0 0 0 0 0 0 0 0 0 0 0 0 0 0 0 data 35 0x80007 0x4d 0xc8 0x2641 0x110005 0x2641 0x0 0x0 0x0 0x0 0x0 0x150005 0x2641 0x0 0x0 0x0 0x0 0x0 0x180007 0xa3c 0x20 0x1c05 0x200003 0xa3c 0xffffffffffffff50 0x0 0x0 0x0 0x0 0x0 0x0 0x9 0x2 0x0 0x0 oops 0 methods 0
ciMethod org/springframework/scheduling/annotation/ScheduledAnnotationBeanPostProcessor lambda$postProcessAfterInitialization$0 (Ljava/lang/reflect/Method;)Ljava/util/Set; 704 0 7766 0 0
ciMethod org/springframework/core/annotation/AnnotatedElementUtils getMergedRepeatableAnnotations (Ljava/lang/reflect/AnnotatedElement;Ljava/lang/Class;Ljava/lang/Class;)Ljava/util/Set; 708 0 7766 0 0
ciMethod org/springframework/core/annotation/AnnotatedElementUtils getRepeatableAnnotations (Ljava/lang/reflect/AnnotatedElement;Ljava/lang/Class;Ljava/lang/Class;)Lorg/springframework/core/annotation/MergedAnnotations; 712 0 7766 0 0
ciMethod org/springframework/core/annotation/MergedAnnotationCollectors toAnnotationSet ()Ljava/util/stream/Collector; 712 0 7796 0 192
ciMethodData org/springframework/core/annotation/TypeMappedAnnotations scan (Ljava/lang/Object;Lorg/springframework/core/annotation/AnnotationsProcessor;)Ljava/lang/Object; 2 9462 orig 80 1 0 0 0 0 0 0 0 0 0 0 0 0 0 0 0 0 0 0 0 0 0 0 0 0 0 0 0 0 0 0 0 0 0 0 0 0 0 0 0 0 0 0 0 0 0 0 0 0 0 0 0 0 0 0 0 0 0 0 0 0 0 0 0 0 0 0 0 0 0 0 0 0 0 0 0 0 0 0 0 data 39 0x40007 0x248d 0x90 0xb 0x120005 0x0 0x0 0x245511edcb0 0xb 0x0 0x0 0x1a0005 0x0 0x0 0x245511edcb0 0xb 0x0 0x0 0x240007 0x0 0x50 0x248d 0x2b0007 0x0 0x30 0x248d 0x380002 0x248d 0x0 0x0 0x0 0x0 0x0 0x0 0x9 0x3 0x0 0xffffffffffffffff 0xffffffffffffffff oops 2 7 org/springframework/core/annotation/TypeMappedAnnotations$MergedAnnotationFinder 14 org/springframework/core/annotation/TypeMappedAnnotations$MergedAnnotationFinder methods 0
ciMethodData org/springframework/core/annotation/MergedAnnotations from (Ljava/lang/reflect/AnnotatedElement;Lorg/springframework/core/annotation/MergedAnnotations$SearchStrategy;Lorg/springframework/core/annotation/RepeatableContainers;)Lorg/springframework/core/annotation/MergedAnnotations; 2 45493 orig 80 0 0 0 0 0 0 0 0 0 0 0 0 0 0 0 0 0 0 0 0 0 0 0 0 0 0 0 0 0 0 0 0 0 0 0 0 0 0 0 0 0 0 0 0 0 0 0 0 0 0 0 0 0 0 0 0 0 0 0 0 0 0 0 0 0 0 0 0 0 0 0 0 0 0 0 0 0 0 0 0 data 13 0x60002 0xb13b 0x0 0x0 0x0 0x0 0x0 0x0 0x9 0x3 0xffffffffffffffff 0x0 0x0 oops 0 methods 0
ciMethodData org/springframework/core/annotation/MergedAnnotations from (Ljava/lang/reflect/AnnotatedElement;Lorg/springframework/core/annotation/MergedAnnotations$SearchStrategy;Lorg/springframework/core/annotation/RepeatableContainers;Lorg/springframework/core/annotation/AnnotationFilter;)Lorg/springframework/core/annotation/MergedAnnotations; 2 45493 orig 80 0 0 0 0 0 0 0 0 0 0 0 0 0 0 0 0 0 0 0 0 0 0 0 0 0 0 0 0 0 0 0 0 0 0 0 0 0 0 0 0 0 0 0 0 0 0 0 0 0 0 0 0 0 0 0 0 0 0 0 0 0 0 0 0 0 0 0 0 0 0 0 0 0 0 0 0 0 0 0 0 data 18 0x30002 0xb13b 0x90002 0xb13b 0x100002 0xb13b 0x0 0x0 0x0 0x0 0x0 0x0 0x9 0x4 0xffffffffffffffff 0x0 0x0 0x0 oops 0 methods 0
ciMethodData org/springframework/core/annotation/TypeMappedAnnotations from (Ljava/lang/reflect/AnnotatedElement;Lorg/springframework/core/annotation/MergedAnnotations$SearchStrategy;Lorg/springframework/core/annotation/RepeatableContainers;Lorg/springframework/core/annotation/AnnotationFilter;)Lorg/springframework/core/annotation/MergedAnnotations; 2 18969 orig 80 1 0 0 0 0 0 0 0 0 0 0 0 0 0 0 0 0 0 0 0 0 0 0 0 0 0 0 0 0 0 0 0 0 0 0 0 0 0 0 0 0 0 0 0 0 0 0 0 0 0 0 0 0 0 0 0 0 0 0 0 0 0 0 0 0 0 0 0 0 0 0 0 0 0 0 0 0 0 0 0 data 20 0x20002 0x499f 0x50007 0x35da 0x20 0x13c6 0x140002 0x35da 0x0 0x0 0x0 0x0 0x0 0x0 0x9 0x4 0xffffffffffffffff 0x0 0x0 0x0 oops 0 methods 0
ciMethodData org/springframework/core/annotation/AnnotationsScanner hasPlainJavaAnnotationsOnly (Ljava/lang/Class;)Z 2 54920 orig 80 0 0 0 0 0 0 0 0 0 0 0 0 0 0 0 0 0 0 0 0 0 0 0 0 0 0 0 0 0 0 0 0 0 0 0 0 0 0 0 0 0 0 0 0 0 0 0 0 0 0 0 0 0 0 0 0 0 0 0 0 0 0 0 0 0 0 0 0 0 0 0 0 0 0 0 0 0 0 0 0 data 34 0x10005 0xd574 0x0 0x0 0x0 0x0 0x0 0x60005 0xd574 0x0 0x0 0x0 0x0 0x0 0x90007 0x528 0x40 0xd04c 0xf0007 0xcd16 0x38 0x336 0x130003 0x85e 0x18 0x0 0x0 0x0 0x0 0x0 0x0 0x9 0x1 0xffffffffffffffff oops 0 methods 0
ciMethodData org/springframework/core/annotation/AnnotationsScanner isWithoutHierarchy (Ljava/lang/reflect/AnnotatedElement;Lorg/springframework/core/annotation/MergedAnnotations$SearchStrategy;)Z 2 6761 orig 80 0 0 0 0 0 0 0 0 0 0 0 0 0 0 0 0 0 0 0 0 0 0 0 0 0 0 0 0 0 0 0 0 0 0 0 0 0 0 0 0 0 0 0 0 0 0 0 0 0 0 0 0 0 0 0 0 0 0 0 0 0 0 0 0 0 0 0 0 0 0 0 0 0 0 0 0 0 0 0 0 data 129 0x30007 0x1969 0x20 0x0 0x90004 0xfffffffffffff7bb 0x0 0x24551119f60 0x1124 0x0 0x0 0xc0007 0x845 0x1e8 0x1124 0x100004 0x0 0x0 0x24551119f60 0x1124 0x0 0x0 0x150005 0x1124 0x0 0x0 0x0 0x0 0x0 0x1a0007 0x80b 0x90 0x919 0x1e0005 0x919 0x0 0x0 0x0 0x0 0x0 0x220007 0x2f6 0x38 0x623 0x260003 0x623 0x18 0x2f0007 0x10ff 0xc8 0x25 0x330007 0x3 0x90 0x22 0x370005 0x22 0x0 0x0 0x0 0x0 0x0 0x3a0007 0x0 0x38 0x22 0x3e0003 0x22 0x30 0x420003 0x3 0x18 0x480004 0xffffffffffffffdc 0x0 0x2455111b740 0x821 0x0 0x0 0x4b0007 0x24 0x140 0x821 0x4f0004 0x0 0x0 0x2455111b740 0x821 0x0 0x0 0x540005 0x821 0x0 0x0 0x0 0x0 0x0 0x570002 0x821 0x5a0007 0x58 0x88 0x7c9 0x5e0005 0x7c9 0x0 0x0 0x0 0x0 0x0 0x620002 0x7c9 0x650007 0x4b0 0x38 0x319 0x690003 0x371 0x18 0x0 0x0 0x0 0x0 0x0 0x0 0x9 0x2 0xffffffffffffffff 0x0 oops 4 7 java/lang/Class 18 java/lang/Class 75 java/lang/reflect/Method 86 java/lang/reflect/Method methods 0
ciMethodData org/springframework/core/annotation/AnnotationsScanner isKnownEmpty (Ljava/lang/reflect/AnnotatedElement;Lorg/springframework/core/annotation/MergedAnnotations$SearchStrategy;)Z 2 12874 orig 80 1 0 0 0 0 0 0 0 0 0 0 0 0 0 0 0 0 0 0 0 0 0 0 0 0 0 0 0 0 0 0 0 0 0 0 0 0 0 0 2 0 0 0 0 0 0 0 0 0 0 0 0 0 0 0 0 0 0 0 0 0 0 0 0 0 0 0 0 0 0 0 0 0 0 0 0 0 0 0 0 data 64 0x10002 0x3150 0x40007 0x3110 0x20 0x40 0xd0007 0xa99 0x50 0x2677 0x120002 0x2677 0x150007 0x1baf 0x150 0xac8 0x190004 0xfffffffffffff80c 0x0 0x24551119f60 0x1a 0x2455111b740 0xd6d 0x1c0007 0x7f4 0xb0 0xd6d 0x200004 0x0 0x0 0x2455111b740 0xd6d 0x0 0x0 0x230005 0xd6d 0x0 0x0 0x0 0x0 0x0 0x8000000600260007 0xd66 0x20 0x9 0x2d0002 0x155a 0x310007 0x883 0x38 0xcd7 0x350003 0xcd7 0x18 0x0 0x0 0x0 0x0 0x0 0x0 0x9 0x2 0xffffffffffffffff 0x0 oops 3 19 java/lang/Class 21 java/lang/reflect/Method 30 java/lang/reflect/Method methods 0
ciMethodData org/springframework/core/annotation/TypeMappedAnnotations <init> (Ljava/lang/reflect/AnnotatedElement;Lorg/springframework/core/annotation/MergedAnnotations$SearchStrategy;Lorg/springframework/core/annotation/RepeatableContainers;Lorg/springframework/core/annotation/AnnotationFilter;)V 2 8555 orig 80 0 0 0 0 0 0 0 0 0 0 0 0 0 0 0 0 0 0 0 0 0 0 0 0 0 0 0 0 0 0 0 0 0 0 0 0 0 0 0 0 0 0 0 0 0 0 0 0 0 0 0 0 0 0 0 0 0 0 0 0 0 0 0 0 0 0 0 0 0 0 0 0 0 0 0 0 0 0 0 0 data 13 0x10002 0x2073 0x0 0x0 0x0 0x0 0x9 0x5 0x1e 0x0 0x0 0x0 0x0 oops 0 methods 0
ciMethodData org/springframework/core/annotation/AnnotationsScanner hasPlainJavaAnnotationsOnly (Ljava/lang/Object;)Z 2 6685 orig 80 0 0 0 0 0 0 0 0 0 0 0 0 0 0 0 0 0 0 0 0 0 0 0 0 0 0 0 0 0 0 0 0 0 0 0 0 0 0 0 0 0 0 0 0 0 0 0 0 0 0 0 0 0 0 0 0 0 0 0 0 0 0 0 0 0 0 0 0 0 0 0 0 0 0 0 0 0 0 0 0 data 56 0x10004 0xffffffffffffefca 0x0 0x24551119f60 0x8e6 0x0 0x0 0x40007 0x1036 0x68 0x8e6 0x80004 0x0 0x0 0x24551119f60 0x8e6 0x0 0x0 0xb0002 0x8e6 0x100004 0xffffffffffffffe0 0x0 0x2455111b740 0xe81 0x2455111b880 0x45 0x130007 0x20 0xa0 0x1016 0x170004 0x0 0x0 0x2455111b740 0xe81 0x2455111b880 0x45 0x1a0005 0x150 0x0 0x2455111b740 0xe81 0x2455111b880 0x45 0x1f0002 0x1016 0x0 0x0 0x0 0x0 0x0 0x0 0x9 0x1 0xffffffffffffffff oops 8 3 java/lang/Class 14 java/lang/Class 23 java/lang/reflect/Method 25 java/lang/reflect/Constructor 34 java/lang/reflect/Method 36 java/lang/reflect/Constructor 41 java/lang/reflect/Method 43 java/lang/reflect/Constructor methods 0
ciMethodData org/springframework/core/BridgeMethodResolver findBridgedMethod (Ljava/lang/reflect/Method;)Ljava/lang/reflect/Method; 2 8225 orig 80 1 0 0 0 0 0 0 0 0 0 0 0 0 0 0 0 0 0 0 0 0 0 0 0 0 0 0 0 0 0 0 0 0 0 0 0 0 0 0 0 0 0 0 0 0 0 0 0 0 0 0 0 0 0 0 0 0 0 0 0 0 0 0 0 0 0 0 0 0 0 0 0 0 0 0 0 0 0 0 0 data 120 0x10005 0x2011 0x0 0x0 0x0 0x0 0x0 0x40007 0x3f 0x20 0x1fd2 0xd0005 0x0 0x0 0x245829f63f0 0x3f 0x0 0x0 0x120104 0x0 0x0 0x2455111b740 0x30 0x0 0x0 0x170007 0x30 0x2b0 0xf 0x1e0002 0xf 0x23000a 0x3 0x3 0x0 0x2455111b740 0x245511ee5a0 0x2a0005 0xf 0x0 0x0 0x0 0x0 0x0 0x2f0005 0xf 0x0 0x0 0x0 0x0 0x0 0x33000a 0x3 0x3 0x0 0x2455111d1e0 0x245511ee650 0x390002 0xf 0x3d0005 0x0 0x0 0x2455111d1e0 0xf 0x0 0x0 0x420007 0x0 0x110 0xf 0x460005 0x0 0x0 0x2455111d1e0 0xf 0x0 0x0 0x4c0007 0x8 0xa8 0x7 0x510005 0x0 0x0 0x2455111d1e0 0x7 0x0 0x0 0x560004 0x0 0x0 0x2455111b740 0x7 0x0 0x0 0x590003 0x7 0x28 0x5e0002 0x8 0x630007 0xf 0x20 0x0 0x6d0005 0x0 0x0 0x245829f63f0 0xf 0x0 0x0 0x0 0x0 0x0 0x0 0x0 0x0 0x9 0x1 0xffffffffffffffff oops 11 14 org/springframework/util/ConcurrentReferenceHashMap 21 java/lang/reflect/Method 35 java/lang/reflect/Method 36 org/springframework/core/BridgeMethodResolver$$Lambda$527+0x000002451140c798 55 java/util/ArrayList 56 org/springframework/core/BridgeMethodResolver$$Lambda$528+0x000002451140c9c8 62 java/util/ArrayList 73 java/util/ArrayList 84 java/util/ArrayList 91 java/lang/reflect/Method 107 org/springframework/util/ConcurrentReferenceHashMap methods 0
ciMethodData org/springframework/util/ConcurrentReferenceHashMap putIfAbsent (Ljava/lang/Object;Ljava/lang/Object;)Ljava/lang/Object; 1 461 orig 80 0 0 0 0 0 0 0 0 0 0 0 0 0 0 0 0 0 0 0 0 0 0 0 0 0 0 0 0 0 0 0 0 0 0 0 0 0 0 0 0 0 0 0 0 0 0 0 0 0 0 0 0 0 0 0 0 0 0 0 0 0 0 0 0 0 0 0 0 0 0 0 0 0 0 0 0 0 0 0 0 data 9 0x40002 0xcd 0x0 0x0 0x9 0x3 0x0 0xffffffffffffffff 0x0 oops 0 methods 0
ciMethodData org/springframework/util/ReflectionUtils getDeclaredMethods (Ljava/lang/Class;Z)[Ljava/lang/reflect/Method; 2 7181 orig 80 1 0 0 0 0 0 0 0 0 0 0 0 0 0 0 0 0 0 0 0 0 0 0 0 0 0 0 0 0 0 0 0 0 0 0 0 0 0 0 0 0 0 0 0 0 0 0 0 0 0 0 0 0 0 0 0 0 0 0 0 0 0 0 0 0 0 0 0 0 0 0 0 0 0 0 0 0 0 0 0 data 200 0x30002 0x1b0b 0xa0005 0x0 0x0 0x245829f63f0 0x1b0b 0x0 0x0 0xf0104 0x0 0x0 0x2457e8ee770 0x18ce 0x0 0x0 0x140007 0x18ce 0x4a0 0x23d 0x180005 0x23d 0x0 0x0 0x0 0x0 0x0 0x1d0002 0x23d 0x240007 0x1cf 0x1d0 0x6e 0x2b0005 0x0 0x0 0x2455111d1e0 0x6e 0x0 0x0 0x3b0002 0x6e 0x440005 0x0 0x0 0x2455111d1e0 0x6e 0x0 0x0 0x4d0005 0x0 0x0 0x245511e9950 0x552 0x0 0x0 0x520007 0x6e 0xe0 0x4e4 0x570005 0x0 0x0 0x245511e9950 0x4e4 0x0 0x0 0x5c0004 0x0 0x0 0x2455111b740 0x4e4 0x0 0x0 0x660004 0x0 0x0 0x2455111b740 0x4e4 0x0 0x0 0x6a0003 0x4e4 0xffffffffffffff00 0x6d0003 0x6e 0x18 0x780007 0x218 0x38 0x25 0x7e0003 0x25 0x18 0x820005 0x0 0x0 0x245829f63f0 0x23d 0x0 0x0 0x880003 0x23d 0x1f8 0x940002 0x0 0x990005 0x0 0x0 0x0 0x0 0x0 0x0 0x9d0005 0x0 0x0 0x0 0x0 0x0 0x0 0xa00005 0x0 0x0 0x0 0x0 0x0 0x0 0xa50005 0x0 0x0 0x0 0x0 0x0 0x0 0xa90005 0x0 0x0 0x0 0x0 0x0 0x0 0xac0005 0x0 0x0 0x0 0x0 0x0 0x0 0xb10005 0x0 0x0 0x0 0x0 0x0 0x0 0xb40005 0x0 0x0 0x0 0x0 0x0 0x0 0xb80002 0x0 0xbe0007 0x1a2 0x40 0x1969 0xc20007 0x49 0x38 0x1920 0xc60003 0x1ac2 0x88 0xca0005 0x0 0x0 0x2457e8ee770 0x49 0x0 0x0 0xcd0004 0x0 0x0 0x2457e8ee770 0x49 0x0 0x0 0x0 0x0 0x0 0x0 0x0 0x0 0x0 0x9 0x2 0x0 0x0 oops 11 5 org/springframework/util/ConcurrentReferenceHashMap 12 [Ljava/lang/reflect/Method; 36 java/util/ArrayList 45 java/util/ArrayList 52 java/util/ArrayList$Itr 63 java/util/ArrayList$Itr 70 java/lang/reflect/Method 77 java/lang/reflect/Method 97 org/springframework/util/ConcurrentReferenceHashMap 178 [Ljava/lang/reflect/Method; 185 [Ljava/lang/reflect/Method; methods 0
ciMethod org/springframework/core/MethodIntrospector$MetadataLookup inspect (Ljava/lang/reflect/Method;)Ljava/lang/Object; 0 0 1 0 -1
ciMethod org/springframework/scheduling/annotation/ScheduledAnnotationBeanPostProcessor$$Lambda$543+0x0000024511414bf8 inspect (Ljava/lang/reflect/Method;)Ljava/lang/Object; 700 0 7766 0 0
ciMethod org/springframework/core/MethodIntrospector lambda$selectMethods$0 (Ljava/lang/Class;Lorg/springframework/core/MethodIntrospector$MetadataLookup;Ljava/util/Map;Ljava/lang/reflect/Method;)V 536 0 9097 0 0
ciMethod org/springframework/core/MethodIntrospector$$Lambda$544+0x0000024511418000 doWith (Ljava/lang/reflect/Method;)V 528 0 9096 0 -1
ciMethodData org/springframework/util/ClassUtils getMostSpecificMethod (Ljava/lang/reflect/Method;Ljava/lang/Class;)Ljava/lang/reflect/Method; 2 11138 orig 80 2 0 0 0 0 0 0 0 0 0 0 0 0 0 0 0 0 0 0 0 0 0 0 0 0 0 0 0 0 0 0 0 0 0 0 0 0 0 0 0 0 0 0 0 0 0 0 0 0 0 0 0 0 0 0 0 0 0 0 0 0 0 0 0 0 0 0 0 0 0 0 0 0 0 0 0 0 0 0 0 data 88 0x10007 0x0 0x270 0x2a6c 0x60005 0x2a6c 0x0 0x0 0x0 0x0 0x0 0x90007 0x1031 0x218 0x1a3b 0xe0002 0x1a3b 0x110007 0x38b 0x1e8 0x16b0 0x150005 0x16b0 0x0 0x0 0x0 0x0 0x0 0x180002 0x16b0 0x1b0007 0x265 0xc8 0x144b 0x200005 0x144b 0x0 0x0 0x0 0x0 0x0 0x240005 0x144b 0x0 0x0 0x0 0x0 0x0 0x270005 0x144b 0x0 0x0 0x0 0x0 0x0 0x300005 0x265 0x0 0x0 0x0 0x0 0x0 0x340005 0x265 0x0 0x0 0x0 0x0 0x0 0x370002 0x265 0x3c0007 0x0 0x38 0x265 0x400003 0x265 0x18 0x0 0x0 0x0 0x0 0x0 0x0 0x9 0x2 0x0 0xffffffffffffffff oops 0 methods 0
ciMethodData org/springframework/util/ClassUtils isOverridable (Ljava/lang/reflect/Method;Ljava/lang/Class;)Z 2 6921 orig 80 0 0 0 0 0 0 0 0 0 0 0 0 0 0 0 0 0 0 0 0 0 0 0 0 0 0 0 0 0 0 0 0 0 0 0 0 0 0 0 0 0 0 0 0 0 0 0 0 0 0 0 0 0 0 0 0 0 0 0 0 0 0 0 0 0 0 0 0 0 0 0 0 0 0 0 0 0 0 0 0 data 61 0x10005 0x1a3b 0x0 0x0 0x0 0x0 0x0 0x70007 0x16ba 0x20 0x381 0xd0005 0x16ba 0x0 0x0 0x0 0x0 0x0 0x120007 0xe 0x20 0x16ac 0x180007 0x0 0xd0 0xe 0x1c0005 0xe 0x0 0x0 0x0 0x0 0x0 0x1f0002 0xe 0x230002 0xe 0x260005 0xe 0x0 0x0 0x0 0x0 0x0 0x290007 0xa 0x38 0x4 0x2d0003 0x4 0x18 0x0 0x0 0x0 0x0 0x0 0x0 0x9 0x2 0x0 0xffffffffffffffff oops 0 methods 0
ciMethodData org/springframework/util/ReflectionUtils findMethod (Ljava/lang/Class;Ljava/lang/String;[Ljava/lang/Class;)Ljava/lang/reflect/Method; 2 25591 orig 80 0 0 0 0 0 0 0 0 0 0 0 0 0 0 0 0 0 0 0 0 0 0 0 0 0 0 0 0 0 0 0 0 0 0 0 0 0 0 0 0 0 0 0 0 0 0 0 0 0 0 0 0 0 0 0 0 0 0 0 0 0 0 0 0 0 0 0 0 0 0 0 0 0 0 0 0 0 0 0 0 data 87 0x30002 0x269 0x90002 0x269 0xf0007 0x0 0x240 0x595 0x130005 0x595 0x0 0x0 0x0 0x0 0x0 0x160007 0x595 0x70 0x0 0x1a0005 0x0 0x0 0x0 0x0 0x0 0x0 0x1d0003 0x0 0x28 0x220002 0x595 0x370007 0x32c 0x118 0x5ea3 0x440005 0x5ea3 0x0 0x0 0x0 0x0 0x0 0x470005 0x5ea3 0x0 0x0 0x0 0x0 0x0 0x4a0007 0x5be3 0x70 0x2c0 0x4e0007 0x0 0x50 0x2c0 0x540002 0x2c0 0x570007 0x57 0x20 0x269 0x600003 0x5c3a 0xffffffffffffff00 0x640005 0x32c 0x0 0x0 0x0 0x0 0x0 0x680003 0x32c 0xfffffffffffffdd8 0x0 0x0 0x0 0x0 0x0 0x0 0x9 0x3 0x0 0x0 0x0 oops 0 methods 0
ciMethodData org/springframework/core/annotation/AttributeMethods get (Ljava/lang/String;)Ljava/lang/reflect/Method; 2 8186 orig 80 0 0 0 0 0 0 0 0 0 0 0 0 0 0 0 0 0 0 0 0 0 0 0 0 0 0 0 0 0 0 0 0 0 0 0 0 0 0 0 0 0 0 0 0 0 0 0 0 0 0 0 0 0 0 0 0 0 0 0 0 0 0 0 0 0 0 0 0 0 0 0 0 0 0 0 0 0 0 0 0 data 24 0x20005 0x1ef9 0x0 0x0 0x0 0x0 0x0 0x80007 0xf 0x38 0x1eea 0x110003 0x1eea 0x18 0x0 0x0 0x0 0x0 0x0 0x0 0x9 0x2 0x0 0x0 oops 0 methods 0
ciMethodData org/springframework/util/ClassUtils getPackageName (Ljava/lang/Class;)Ljava/lang/String; 1 104 orig 80 0 0 0 0 0 0 0 0 0 0 0 0 0 0 0 0 0 0 0 0 0 0 0 0 0 0 0 0 0 0 0 0 0 0 0 0 0 0 0 0 0 0 0 0 0 0 0 0 0 0 0 0 0 0 0 0 0 0 0 0 0 0 0 0 0 0 0 0 0 0 0 0 0 0 0 0 0 0 0 0 data 20 0x30002 0x62 0x70005 0x62 0x0 0x0 0x0 0x0 0x0 0xa0002 0x62 0x0 0x0 0x0 0x0 0x0 0x0 0x9 0x1 0xffffffffffffffff oops 0 methods 0
ciMethodData java/util/stream/Collector of (Ljava/util/function/Supplier;Ljava/util/function/BiConsumer;Ljava/util/function/BinaryOperator;[Ljava/util/stream/Collector$Characteristics;)Ljava/util/stream/Collector; 2 7796 orig 80 0 0 0 0 0 0 0 0 0 0 0 0 0 0 0 0 0 0 0 0 0 0 0 0 0 0 0 0 0 0 0 0 0 0 0 0 0 0 0 0 0 0 0 0 0 0 0 0 0 0 0 0 0 0 0 0 0 0 0 0 0 0 0 0 0 0 0 0 0 0 0 0 0 0 0 0 0 0 0 0 data 33 0x10002 0x1d10 0x60002 0x1d10 0xb0002 0x1d10 0x100002 0x1d10 0x160007 0x0 0x38 0x1d10 0x1c0003 0x1d10 0x38 0x230002 0x0 0x260002 0x0 0x340002 0x1d10 0x0 0x0 0x0 0x0 0x0 0x0 0x9 0x4 0x0 0x0 0x0 0x0 oops 0 methods 0
ciMethodData java/util/stream/Stream empty ()Ljava/util/stream/Stream; 1 1106 orig 80 0 0 0 0 0 0 0 0 0 0 0 0 0 0 0 0 0 0 0 0 0 0 0 0 0 0 0 0 0 0 0 0 0 0 0 0 0 0 0 0 0 0 0 0 0 0 0 0 0 0 0 0 0 0 0 0 0 0 0 0 0 0 0 0 0 0 0 0 0 0 0 0 0 0 0 0 0 0 0 0 data 12 0x2 0x3bb 0x40002 0x3bb 0x0 0x0 0x0 0x0 0x0 0x0 0x9 0x0 oops 0 methods 0
ciMethodData java/util/Spliterators emptySpliterator ()Ljava/util/Spliterator; 2 1280 orig 80 0 0 0 0 0 0 0 0 0 0 0 0 0 0 0 0 0 0 0 0 0 0 0 0 0 0 0 0 0 0 0 0 0 0 0 0 0 0 0 0 0 0 0 0 0 0 0 0 0 0 0 0 0 0 0 0 0 0 0 0 0 0 0 0 0 0 0 0 0 0 0 0 0 0 0 0 0 0 0 0 data 4 0x0 0x0 0x9 0x0 oops 0 methods 0
ciMethod java/util/TreeMap$KeySpliterator getComparator ()Ljava/util/Comparator; 132 0 66 0 0
ciMethod java/util/concurrent/locks/AbstractQueuedSynchronizer$ExclusiveNode <init> ()V 154 0 499 0 -1
ciMethodData java/util/Spliterators$ArraySpliterator <init> ([Ljava/lang/Object;III)V 2 6269 orig 80 0 0 0 0 0 0 0 0 0 0 0 0 0 0 0 0 0 0 0 0 0 0 0 0 0 0 0 0 0 0 0 0 0 0 0 0 0 0 0 0 0 0 0 0 0 0 0 0 0 0 0 0 0 0 0 0 0 0 0 0 0 0 0 0 0 0 0 0 0 0 0 0 0 0 0 0 0 0 0 0 data 13 0x10002 0x177d 0x0 0x0 0x0 0x0 0x9 0x5 0xe 0x0 0x0 0x0 0x0 oops 0 methods 0
ciMethodData java/util/Arrays stream ([Ljava/lang/Object;)Ljava/util/stream/Stream; 2 5600 orig 80 0 0 0 0 0 0 0 0 0 0 0 0 0 0 0 0 0 0 0 0 0 0 0 0 0 0 0 0 0 0 0 0 0 0 0 0 0 0 0 0 0 0 0 0 0 0 0 0 0 0 0 0 0 0 0 0 0 0 0 0 0 0 0 0 0 0 0 0 0 0 0 0 0 0 0 0 0 0 0 0 data 11 0x40002 0x14d5 0x0 0x0 0x0 0x0 0x0 0x0 0x9 0x1 0x0 oops 0 methods 0
ciMethodData java/util/Spliterators spliterator ([Ljava/lang/Object;III)Ljava/util/Spliterator; 2 5600 orig 80 0 0 0 0 0 0 0 0 0 0 0 0 0 0 0 0 0 0 0 0 0 0 0 0 0 0 0 0 0 0 0 0 0 0 0 0 0 0 0 0 0 0 0 0 0 0 0 0 0 0 0 0 0 0 0 0 0 0 0 0 0 0 0 0 0 0 0 0 0 0 0 0 0 0 0 0 0 0 0 0 data 25 0x10002 0x14d5 0x40004 0x0 0x0 0x2457f7390c0 0xb 0x0 0x0 0xa0002 0x14d5 0x150002 0x14d5 0x0 0x0 0x0 0x0 0x0 0x0 0x9 0x4 0x0 0x0 0x0 0x0 oops 1 5 [Ljava/lang/Class; methods 0
ciMethodData java/util/Arrays stream ([Ljava/lang/Object;II)Ljava/util/stream/Stream; 2 5600 orig 80 0 0 0 0 0 0 0 0 0 0 0 0 0 0 0 0 0 0 0 0 0 0 0 0 0 0 0 0 0 0 0 0 0 0 0 0 0 0 0 0 0 0 0 0 0 0 0 0 0 0 0 0 0 0 0 0 0 0 0 0 0 0 0 0 0 0 0 0 0 0 0 0 0 0 0 0 0 0 0 0 data 15 0x30002 0x14d5 0x70002 0x14d5 0x0 0x0 0x0 0x0 0x0 0x0 0x9 0x3 0x0 0x0 0x0 oops 0 methods 0
ciMethodData java/util/Arrays spliterator ([Ljava/lang/Object;II)Ljava/util/Spliterator; 2 5600 orig 80 0 0 0 0 0 0 0 0 0 0 0 0 0 0 0 0 0 0 0 0 0 0 0 0 0 0 0 0 0 0 0 0 0 0 0 0 0 0 0 0 0 0 0 0 0 0 0 0 0 0 0 0 0 0 0 0 0 0 0 0 0 0 0 0 0 0 0 0 0 0 0 0 0 0 0 0 0 0 0 0 data 13 0x60002 0x14d5 0x0 0x0 0x0 0x0 0x0 0x0 0x9 0x3 0x0 0x0 0x0 oops 0 methods 0
ciMethodData java/util/Spliterators checkFromToBounds (III)V 2 5600 orig 80 0 0 0 0 0 0 0 0 0 0 0 0 0 0 0 0 0 0 0 0 0 0 0 0 0 0 0 0 0 0 0 0 0 0 0 0 0 0 0 0 0 0 0 0 0 0 0 0 0 0 0 0 0 0 0 0 0 0 0 0 0 0 0 0 0 0 0 0 0 0 0 0 0 0 0 0 0 0 0 0 data 73 0x20007 0x14d5 0x190 0x0 0xd0002 0x0 0x120005 0x0 0x0 0x0 0x0 0x0 0x0 0x160005 0x0 0x0 0x0 0x0 0x0 0x0 0x1b0005 0x0 0x0 0x0 0x0 0x0 0x0 0x1f0005 0x0 0x0 0x0 0x0 0x0 0x0 0x240005 0x0 0x0 0x0 0x0 0x0 0x0 0x270005 0x0 0x0 0x0 0x0 0x0 0x0 0x2a0002 0x0 0x2f0007 0x14d5 0x30 0x0 0x370002 0x0 0x3d0007 0x14d5 0x30 0x0 0x450002 0x0 0x0 0x0 0x0 0x0 0x0 0x0 0x9 0x3 0x0 0x0 0x0 oops 0 methods 0
ciMethodData java/util/stream/Collectors joining (Ljava/lang/CharSequence;Ljava/lang/CharSequence;Ljava/lang/CharSequence;)Ljava/util/stream/Collector; 2 2583 orig 80 0 0 0 0 0 0 0 0 0 0 0 0 0 0 0 0 0 0 0 0 0 0 0 0 0 0 0 0 0 0 0 0 0 0 0 0 0 0 0 0 0 0 0 0 0 0 0 0 0 0 0 0 0 0 0 0 0 0 0 0 0 0 0 0 0 0 0 0 0 0 0 0 0 0 0 0 0 0 0 0 data 31 0x7000a 0x959 0x5 0x0 0x24551119ed0 0x1 0x24551119ed0 0x24581a296c0 0xc000a 0x959 0x1 0x24581a29770 0x11000a 0x959 0x1 0x24581a29820 0x16000a 0x959 0x1 0x24581a298d0 0x1e0002 0x959 0x0 0x0 0x0 0x0 0x9 0x3 0x0 0x0 0x0 oops 6 4 java/lang/String 6 java/lang/String 7 java/util/stream/Collectors$$Lambda$31+0x800000042 11 java/util/stream/Collectors$$Lambda$23+0x80000003a 15 java/util/stream/Collectors$$Lambda$26+0x80000003d 19 java/util/stream/Collectors$$Lambda$28+0x80000003f methods 0
ciMethodData org/springframework/util/ReflectionUtils hasSameParams (Ljava/lang/reflect/Method;[Ljava/lang/Class;)Z 1 779 orig 80 0 0 0 0 0 0 0 0 0 0 0 0 0 0 0 0 0 0 0 0 0 0 0 0 0 0 0 0 0 0 0 0 0 0 0 0 0 0 0 0 0 0 0 0 0 0 0 0 0 0 0 0 0 0 0 0 0 0 0 0 0 0 0 0 0 0 0 0 0 0 0 0 0 0 0 0 0 0 0 0 data 37 0x30005 0x298 0x0 0x0 0x0 0x0 0x0 0x60007 0x49 0xa0 0x24f 0xb0005 0x24f 0x0 0x0 0x0 0x0 0x0 0xe0002 0x24f 0x110007 0xd 0x38 0x242 0x150003 0x242 0x18 0x0 0x0 0x0 0x0 0x0 0x0 0x9 0x2 0x0 0x0 oops 0 methods 0
ciMethodData org/springframework/core/annotation/RepeatableContainers <init> (Lorg/springframework/core/annotation/RepeatableContainers;)V 2 8940 orig 80 0 0 0 0 0 0 0 0 0 0 0 0 0 0 0 0 0 0 0 0 0 0 0 0 0 0 0 0 0 0 0 0 0 0 0 0 0 0 0 0 0 0 0 0 0 0 0 0 0 0 0 0 0 0 0 0 0 0 0 0 0 0 0 0 0 0 0 0 0 0 0 0 0 0 0 0 0 0 0 0 data 10 0x10002 0x21e8 0x0 0x0 0x0 0x0 0x9 0x2 0x6 0x0 oops 0 methods 0
ciMethodData org/springframework/core/annotation/RepeatableContainers <init> (Lorg/springframework/core/annotation/RepeatableContainers;Lorg/springframework/core/annotation/RepeatableContainers$1;)V 2 8940 orig 80 0 0 0 0 0 0 0 0 0 0 0 0 0 0 0 0 0 0 0 0 0 0 0 0 0 0 0 0 0 0 0 0 0 0 0 0 0 0 0 0 0 0 0 0 0 0 0 0 0 0 0 0 0 0 0 0 0 0 0 0 0 0 0 0 0 0 0 0 0 0 0 0 0 0 0 0 0 0 0 0 data 9 0x20002 0x21e8 0x0 0x0 0x9 0x3 0x6 0x0 0x0 oops 0 methods 0
ciMethodData org/springframework/core/MethodIntrospector$$Lambda$544+0x0000024511418000 doWith (Ljava/lang/reflect/Method;)V 2 9098 orig 80 2 0 0 0 0 0 0 0 0 0 0 0 0 0 0 0 0 0 0 0 0 0 0 0 0 0 0 0 0 0 0 0 0 0 0 0 0 0 0 0 0 0 0 0 0 0 0 0 0 0 0 0 0 0 0 0 0 0 0 0 0 0 0 0 0 0 0 0 0 0 0 0 0 0 0 0 0 0 0 0 data 12 0xd0002 0x2282 0x0 0x0 0x0 0x0 0x0 0x0 0x9 0x2 0x0 0x0 oops 0 methods 0
ciMethodData org/springframework/core/MethodIntrospector lambda$selectMethods$0 (Ljava/lang/Class;Lorg/springframework/core/MethodIntrospector$MetadataLookup;Ljava/util/Map;Ljava/lang/reflect/Method;)V 2 9097 orig 80 2 0 0 0 0 0 0 0 0 0 0 0 0 0 0 0 0 0 0 0 5 0 0 0 0 0 0 0 0 0 0 0 0 0 0 0 0 0 0 0 0 0 0 0 0 0 0 0 0 0 0 0 0 0 0 0 0 0 0 0 0 0 0 0 0 0 0 0 0 0 0 0 0 0 0 0 0 0 0 0 data 53 0x20002 0x227d 0x80000004000a0005 0x11b 0x0 0x245583760b0 0x2142 0x24558376160 0x25 0x130007 0x2206 0x100 0x7c 0x180002 0x7c 0x210007 0x7c 0x98 0x0 0x270007 0x0 0x78 0x0 0x2d0005 0x0 0x0 0x0 0x0 0x0 0x0 0x320007 0x0 0x58 0x0 0x3a0005 0x0 0x0 0x24558376210 0x7c 0x0 0x0 0x0 0x0 0x0 0x0 0x0 0x0 0x9 0x4 0x0 0x0 0x0 0x0 oops 3 5 org/springframework/scheduling/annotation/ScheduledAnnotationBeanPostProcessor$$Lambda$543+0x0000024511414bf8 7 org/springframework/core/MethodIntrospector$$Lambda$1138+0x000002451179f6f8 37 java/util/LinkedHashMap methods 0
ciMethodData org/springframework/scheduling/annotation/ScheduledAnnotationBeanPostProcessor$$Lambda$543+0x0000024511414bf8 inspect (Ljava/lang/reflect/Method;)Ljava/lang/Object; 2 7766 orig 80 1 0 0 0 0 0 0 0 0 0 0 0 0 0 0 0 0 0 0 0 0 0 0 0 0 0 0 0 0 0 0 0 0 0 0 0 0 0 0 0 0 0 0 0 0 0 0 0 0 0 0 0 0 0 0 0 0 0 0 0 0 0 0 0 0 0 0 0 0 0 0 0 0 0 0 0 0 0 0 0 data 12 0x10002 0x1cf8 0x0 0x0 0x0 0x0 0x0 0x0 0x9 0x2 0x0 0xffffffffffffffff oops 0 methods 0
ciMethodData org/springframework/scheduling/annotation/ScheduledAnnotationBeanPostProcessor lambda$postProcessAfterInitialization$0 (Ljava/lang/reflect/Method;)Ljava/util/Set; 2 7766 orig 80 0 0 0 0 0 0 0 0 0 0 0 0 0 0 0 0 0 0 0 0 0 0 0 0 0 0 0 0 0 0 0 0 0 0 0 0 0 0 0 0 0 0 0 0 0 0 0 0 0 0 0 0 0 0 0 0 0 0 0 0 0 0 0 0 0 0 0 0 0 0 0 0 0 0 0 0 0 0 0 0 data 25 0x50002 0x1cf6 0xa0005 0x0 0x0 0x2455aa627a0 0x1cf6 0x0 0x0 0xf0007 0x1cf5 0x38 0x1 0x130003 0x1 0x18 0x0 0x0 0x0 0x0 0x0 0x0 0x9 0x1 0xffffffffffffffff oops 1 5 java/util/LinkedHashSet methods 0
ciMethodData org/springframework/core/annotation/AnnotatedElementUtils getMergedRepeatableAnnotations (Ljava/lang/reflect/AnnotatedElement;Ljava/lang/Class;Ljava/lang/Class;)Ljava/util/Set; 2 7766 orig 80 0 0 0 0 0 0 0 0 0 0 0 0 0 0 0 0 0 0 0 0 0 0 0 0 0 0 0 0 0 0 0 0 0 0 0 0 0 0 0 0 0 0 0 0 0 0 0 0 0 0 0 0 0 0 0 0 0 0 0 0 0 0 0 0 0 0 0 0 0 0 0 0 0 0 0 0 0 0 0 0 data 36 0x30002 0x1cf4 0x70005 0x0 0x0 0x245581fb320 0x1cf4 0x0 0x0 0xc0002 0x1cf4 0xf0005 0x0 0x0 0x24559e0c020 0x1cf4 0x0 0x0 0x140004 0x0 0x0 0x2455aa627a0 0x1cf4 0x0 0x0 0x0 0x0 0x0 0x0 0x0 0x0 0x9 0x3 0xffffffffffffffff 0xffffffffffffffff 0xffffffffffffffff oops 3 5 org/springframework/core/annotation/TypeMappedAnnotations 14 java/util/stream/ReferencePipeline$Head 21 java/util/LinkedHashSet methods 0
ciMethodData org/springframework/core/annotation/AnnotatedElementUtils getRepeatableAnnotations (Ljava/lang/reflect/AnnotatedElement;Ljava/lang/Class;Ljava/lang/Class;)Lorg/springframework/core/annotation/MergedAnnotations; 2 7766 orig 80 1 0 0 0 0 0 0 0 0 0 0 0 0 0 0 0 0 0 0 0 0 0 0 0 0 0 0 0 0 0 0 0 0 0 0 0 0 0 0 0 0 0 0 0 0 0 0 0 0 0 0 0 0 0 0 0 0 0 0 0 0 0 0 0 0 0 0 0 0 0 0 0 0 0 0 0 0 0 0 0 data 26 0x10007 0x1cf2 0x58 0x0 0x60002 0x0 0xa0002 0x0 0xe0003 0x0 0x28 0x130002 0x1cf2 0x1c0002 0x1cf2 0x0 0x0 0x0 0x0 0x0 0x0 0x9 0x3 0xffffffffffffffff 0xffffffffffffffff 0xffffffffffffffff oops 0 methods 0
ciMethodData org/springframework/core/annotation/MergedAnnotationCollectors toAnnotationSet ()Ljava/util/stream/Collector; 2 7796 orig 80 0 0 0 0 0 0 0 0 0 0 0 0 0 0 0 0 0 0 0 0 0 0 0 0 0 0 0 0 0 0 0 0 0 0 0 0 0 0 0 0 0 0 0 0 0 0 0 0 0 0 0 0 0 0 0 0 0 0 0 0 0 0 0 0 0 0 0 0 0 0 0 0 0 0 0 0 0 0 0 0 data 22 0xa 0x1d10 0x1 0x2457e65ab30 0x5000a 0x1d10 0x1 0x2457e65abe0 0xa000a 0x1d10 0x1 0x2457e65ac90 0x130002 0x1d10 0x0 0x0 0x0 0x0 0x0 0x0 0x9 0x0 oops 3 3 org/springframework/core/annotation/MergedAnnotationCollectors$$Lambda$545+0x0000024511418220 7 org/springframework/core/annotation/MergedAnnotationCollectors$$Lambda$546+0x0000024511418438 11 org/springframework/core/annotation/MergedAnnotationCollectors$$Lambda$547+0x0000024511418660 methods 0
ciMethodData org/springframework/core/annotation/RepeatableContainers of (Ljava/lang/Class;Ljava/lang/Class;)Lorg/springframework/core/annotation/RepeatableContainers; 2 7766 orig 80 1 0 0 0 0 0 0 0 0 0 0 0 0 0 0 0 0 0 0 0 0 0 0 0 0 0 0 0 0 0 0 0 0 0 0 0 0 0 0 0 0 0 0 0 0 0 0 0 0 0 0 0 0 0 0 0 0 0 0 0 0 0 0 0 0 0 0 0 0 0 0 0 0 0 0 0 0 0 0 0 data 9 0x70002 0x1cf2 0x0 0x0 0x0 0x9 0x2 0xffffffffffffffff 0xffffffffffffffff oops 0 methods 0
ciMethodData org/springframework/core/annotation/RepeatableContainers$ExplicitRepeatableContainer <init> (Lorg/springframework/core/annotation/RepeatableContainers;Ljava/lang/Class;Ljava/lang/Class;)V 2 7766 orig 80 0 0 0 0 0 0 0 0 0 0 0 0 0 0 0 0 0 0 0 0 0 0 0 0 0 0 0 0 0 0 0 0 0 0 0 0 0 0 0 0 0 0 0 0 0 0 0 0 0 0 0 0 0 0 0 0 0 0 0 0 0 0 0 0 0 0 0 0 0 0 0 0 0 0 0 0 0 0 0 0 data 191 0x30002 0x1cf2 0x90002 0x1cf2 0xd0007 0x1cf2 0x30 0x0 0x120002 0x0 0x170002 0x1cf2 0x1c0005 0x1cf2 0x0 0x0 0x0 0x0 0x0 0x230007 0x1cf2 0x30 0x0 0x2c0002 0x0 0x320005 0x1cf2 0x0 0x0 0x0 0x0 0x0 0x390005 0x1cf2 0x0 0x0 0x0 0x0 0x0 0x3c0007 0x0 0x78 0x1cf2 0x410005 0x1cf2 0x0 0x0 0x0 0x0 0x0 0x450007 0x1cf2 0x200 0x0 0x500002 0x0 0x550005 0x0 0x0 0x0 0x0 0x0 0x0 0x590005 0x0 0x0 0x0 0x0 0x0 0x0 0x5c0005 0x0 0x0 0x0 0x0 0x0 0x0 0x610005 0x0 0x0 0x0 0x0 0x0 0x0 0x650005 0x0 0x0 0x0 0x0 0x0 0x0 0x680005 0x0 0x0 0x0 0x0 0x0 0x0 0x6d0005 0x0 0x0 0x0 0x0 0x0 0x0 0x700005 0x0 0x0 0x0 0x0 0x0 0x0 0x730002 0x0 0x770003 0x1cf2 0x1f8 0x890002 0x0 0x8e0005 0x0 0x0 0x0 0x0 0x0 0x0 0x920005 0x0 0x0 0x0 0x0 0x0 0x0 0x950005 0x0 0x0 0x0 0x0 0x0 0x0 0x9a0005 0x0 0x0 0x0 0x0 0x0 0x0 0x9e0005 0x0 0x0 0x0 0x0 0x0 0x0 0xa10005 0x0 0x0 0x0 0x0 0x0 0x0 0xa60005 0x0 0x0 0x0 0x0 0x0 0x0 0xa90005 0x0 0x0 0x0 0x0 0x0 0x0 0xae0002 0x0 0x0 0x0 0x0 0x0 0x0 0x0 0x0 0x0 0x9 0x4 0x0 0x0 0x0 0x0 oops 0 methods 0
ciMethodData org/springframework/core/annotation/TypeMappedAnnotations stream (Ljava/lang/Class;)Ljava/util/stream/Stream; 2 7822 orig 80 0 0 0 0 0 0 0 0 0 0 0 0 0 0 0 0 0 0 0 0 0 0 0 0 0 0 0 0 0 0 0 0 0 0 0 0 0 0 0 0 0 0 0 0 0 0 0 0 0 0 0 0 0 0 0 0 0 0 0 0 0 0 0 0 0 0 0 0 0 0 0 0 0 0 0 0 0 0 0 0 data 20 0x70007 0x1957 0x30 0x396 0xa0002 0x396 0x100002 0x1957 0x140002 0x1957 0x0 0x0 0x0 0x0 0x0 0x0 0x9 0x2 0x0 0x0 oops 0 methods 0
ciMethodData org/springframework/core/annotation/TypeMappedAnnotations spliterator (Ljava/lang/Object;)Ljava/util/Spliterator; 2 5458 orig 80 0 0 0 0 0 0 0 0 0 0 0 0 0 0 0 0 0 0 0 0 0 0 0 0 0 0 0 0 0 0 0 0 0 0 0 0 0 0 0 0 0 0 0 0 0 0 0 0 0 0 0 0 0 0 0 0 0 0 0 0 0 0 0 0 0 0 0 0 0 0 0 0 0 0 0 0 0 0 0 0 data 12 0x70002 0x1402 0xa0002 0x1402 0x0 0x0 0x0 0x0 0x9 0x2 0x0 0x0 oops 0 methods 0
ciMethodData org/springframework/core/annotation/TypeMappedAnnotations getAggregates ()Ljava/util/List; 2 5458 orig 80 0 0 0 0 0 0 0 0 0 0 0 0 0 0 0 0 0 0 0 0 0 0 0 0 0 0 0 0 0 0 0 0 0 0 0 0 0 0 0 0 0 0 0 0 0 0 0 0 0 0 0 0 0 0 0 0 0 0 0 0 0 0 0 0 0 0 0 0 0 0 0 0 0 0 0 0 0 0 0 0 data 41 0x60007 0x0 0x100 0x1370 0x110002 0x1370 0x140002 0x1370 0x170004 0x0 0x0 0x2455111d1e0 0x1370 0x0 0x0 0x1c0007 0x0 0x78 0x1370 0x200005 0x0 0x0 0x2455111d1e0 0x1370 0x0 0x0 0x250007 0x1370 0x30 0x0 0x280002 0x0 0x0 0x0 0x0 0x0 0x0 0x0 0x9 0x1 0x0 oops 2 11 java/util/ArrayList 22 java/util/ArrayList methods 0
ciMethodData org/springframework/core/annotation/TypeMappedAnnotations$AggregatesCollector <init> (Lorg/springframework/core/annotation/TypeMappedAnnotations;Lorg/springframework/core/annotation/TypeMappedAnnotations$1;)V 2 5633 orig 80 0 0 0 0 0 0 0 0 0 0 0 0 0 0 0 0 0 0 0 0 0 0 0 0 0 0 0 0 0 0 0 0 0 0 0 0 0 0 0 0 0 0 0 0 0 0 0 0 0 0 0 0 0 0 0 0 0 0 0 0 0 0 0 0 0 0 0 0 0 0 0 0 0 0 0 0 0 0 0 0 data 9 0x20002 0x141e 0x0 0x0 0x9 0x3 0x6 0x0 0x0 oops 0 methods 0
ciMethodData org/springframework/core/annotation/TypeMappedAnnotations$AggregatesCollector <init> (Lorg/springframework/core/annotation/TypeMappedAnnotations;)V 2 5633 orig 80 0 0 0 0 0 0 0 0 0 0 0 0 0 0 0 0 0 0 0 0 0 0 0 0 0 0 0 0 0 0 0 0 0 0 0 0 0 0 0 0 0 0 0 0 0 0 0 0 0 0 0 0 0 0 0 0 0 0 0 0 0 0 0 0 0 0 0 0 0 0 0 0 0 0 0 0 0 0 0 0 data 12 0x60002 0x141e 0xe0002 0x141e 0x0 0x0 0x0 0x0 0x9 0x2 0x6 0x0 oops 0 methods 0
ciMethodData org/springframework/core/annotation/TypeMappedAnnotations$AggregatesSpliterator <init> (Lorg/springframework/core/annotation/TypeMappedAnnotations;Ljava/lang/Object;Ljava/util/List;)V 2 5458 orig 80 0 0 0 0 0 0 0 0 0 0 0 0 0 0 0 0 0 0 0 0 0 0 0 0 0 0 0 0 0 0 0 0 0 0 0 0 0 0 0 0 0 0 0 0 0 0 0 0 0 0 0 0 0 0 0 0 0 0 0 0 0 0 0 0 0 0 0 0 0 0 0 0 0 0 0 0 0 0 0 0 data 12 0x60002 0x136c 0x0 0x0 0x0 0x0 0x9 0x4 0x1e 0x0 0x0 0x0 oops 0 methods 0
ciMethod java/util/stream/Streams$RangeLongSpliterator getComparator ()Ljava/util/Comparator; 2 0 1 0 0
ciMethod java/util/concurrent/locks/AbstractQueuedSynchronizer$SharedNode <init> ()V 2 0 3 0 -1
ciMethodData java/util/stream/Collectors$$Lambda$31+0x800000042 <init> (Ljava/lang/CharSequence;Ljava/lang/CharSequence;Ljava/lang/CharSequence;)V 2 2583 orig 80 0 0 0 0 0 0 0 0 0 0 0 0 0 0 0 0 0 0 0 0 0 0 0 0 0 0 0 0 0 0 0 0 0 0 0 0 0 0 0 0 0 0 0 0 0 0 0 0 0 0 0 0 0 0 0 0 0 0 0 0 0 0 0 0 0 0 0 0 0 0 0 0 0 0 0 0 0 0 0 0 data 12 0x10002 0x8d8 0x0 0x0 0x0 0x0 0x9 0x4 0xe 0x0 0x0 0x0 oops 0 methods 0
ciMethodData java/util/concurrent/locks/AbstractQueuedSynchronizer acquire (Ljava/util/concurrent/locks/AbstractQueuedSynchronizer$Node;IZZZJ)I 2 4738 orig 80 0 0 0 0 0 0 0 0 0 0 0 0 0 0 0 0 0 0 0 0 0 0 0 0 0 0 0 0 0 0 0 0 0 0 0 0 0 0 0 0 0 0 0 0 0 0 0 0 0 0 0 0 0 0 0 0 0 0 0 0 0 0 0 0 0 0 0 0 0 0 0 0 0 0 0 0 0 0 0 0 data 272 0x2 0x11ef 0x160007 0x7c7 0x188 0x1ca8 0x1a0007 0x1abe 0x38 0x1f2 0x1e0003 0x1f2 0x18 0x280007 0xa18 0x130 0x12a7 0x310007 0x655 0x38 0xc51 0x350003 0xc51 0x18 0x3c0007 0xc51 0xd8 0x654 0x440007 0x654 0x70 0x0 0x480005 0x0 0x0 0x0 0x0 0x0 0x0 0x4b0003 0x0 0xfffffffffffffed8 0x530007 0x5d1 0x48 0x81 0x560002 0x81 0x590003 0x81 0xfffffffffffffe90 0x5e0007 0x1414 0x40 0xfd3 0x630007 0x5d1 0x218 0xa18 0x670007 0x1e14 0xa8 0xc 0x6c0005 0x0 0x0 0x245511f0f00 0xc 0x0 0x0 0x6f0007 0xa 0x38 0x2 0x730003 0x2 0x18 0x790003 0xc 0x50 0x7e0005 0x0 0x0 0x2455aaf9e60 0x1e11 0x0 0x0 0x830003 0x1e21 0x50 0x8d0005 0x0 0x0 0x0 0x0 0x0 0x0 0x960007 0xc49 0xc8 0x11e1 0x9b0007 0x593 0xa8 0xc50 0xb40007 0xc4e 0x30 0x2 0xb80002 0x2 0xbd0007 0xbe8 0x58 0x68 0xc20005 0x0 0x0 0x2455111b210 0x68 0x0 0x0 0xc80007 0x102a 0x90 0x1cf 0xcc0007 0x1cd 0x48 0x2 0xd30002 0x2 0xd70003 0x2 0xfffffffffffffbf0 0xde0002 0x1cc 0xe20003 0x1cd 0xfffffffffffffbc8 0xe70007 0xd82 0x188 0x2bc 0xf90005 0x2ba 0x0 0x0 0x0 0x0 0x0 0xfe0007 0x2a8 0x70 0xe 0x1020005 0xe 0x0 0x0 0x0 0x0 0x0 0x1050003 0xe 0xc0 0x10c0005 0x2ab 0x0 0x0 0x0 0x0 0x0 0x10f0007 0x296 0x70 0x19 0x1140005 0x19 0x0 0x0 0x0 0x0 0x0 0x1170003 0x19 0x18 0x1200003 0x2bc 0xfffffffffffffa40 0x1250007 0x5d0 0x68 0x7c8 0x12a0007 0x348 0x48 0x480 0x1340002 0x480 0x1370003 0x480 0xfffffffffffff9d8 0x13e0007 0x47d 0x38 0x499 0x1460003 0x49f 0xfffffffffffff9a0 0x1570007 0x0 0x48 0x47b 0x15b0002 0x47b 0x15e0003 0x47f 0x58 0x1630002 0x0 0x16c0007 0x0 0xd0 0x0 0x1720002 0x0 0x1760005 0x47e 0x0 0x0 0x0 0x0 0x0 0x17b0002 0x47e 0x1820007 0x32e 0xfffffffffffff8b8 0x152 0x1870007 0x142 0xfffffffffffff898 0x10 0x18a0003 0x10 0x18 0x1930005 0x10 0x0 0x0 0x0 0x0 0x0 0x0 0x0 0x0 0x0 0x0 0x0 0x0 0x0 0x0 0x9 0x8 0x0 0x0 0x0 0x0 0x0 0x0 0x0 0x0 oops 3 66 java/util/concurrent/CountDownLatch$Sync 83 java/util/concurrent/locks/ReentrantLock$NonfairSync 118 java/lang/Thread methods 0
ciMethodData java/util/concurrent/locks/ReentrantLock$NonfairSync tryAcquire (I)Z 2 5488 orig 80 0 0 0 0 0 0 0 0 0 0 0 0 0 0 0 0 0 0 0 0 0 0 0 0 0 0 0 0 0 0 0 0 0 0 0 0 0 0 0 0 0 0 0 0 0 0 0 0 0 0 0 0 0 0 0 0 0 0 0 0 0 0 0 0 0 0 0 0 0 0 0 0 0 0 0 0 0 0 0 0 data 41 0x10005 0x1400 0x0 0x0 0x0 0x0 0x0 0x40007 0xbcb 0xc0 0x83d 0xa0005 0x83d 0x0 0x0 0x0 0x0 0x0 0xd0007 0x7 0x68 0x836 0x110002 0x838 0x140005 0x838 0x0 0x0 0x0 0x0 0x0 0x0 0x0 0x0 0x0 0x0 0x0 0x9 0x2 0xffffffffffffffff 0x0 oops 0 methods 0
ciMethod java/util/JumboEnumSet <init> (Ljava/lang/Class;[Ljava/lang/Enum;)V 2 0 2 0 0
ciMethodData java/util/JumboEnumSet <init> (Ljava/lang/Class;[Ljava/lang/Enum;)V 1 2 orig 80 0 0 0 0 0 0 0 0 0 0 0 0 0 0 0 0 0 0 0 0 0 0 0 0 0 0 0 0 0 0 0 0 0 0 0 0 0 0 0 0 0 0 0 0 0 0 0 0 0 0 0 0 0 0 0 0 0 0 0 0 0 0 0 0 0 0 0 0 0 0 0 0 0 0 0 0 0 0 0 0 data 11 0x30002 0x1 0x0 0x0 0x0 0x0 0x9 0x3 0x0 0x0 0x0 oops 0 methods 0
compile org/springframework/core/MethodIntrospector$$Lambda$544+0x0000024511418000 doWith (Ljava/lang/reflect/Method;)V -1 4 inline 273 0 -1 org/springframework/core/MethodIntrospector$$Lambda$544+0x0000024511418000 doWith (Ljava/lang/reflect/Method;)V 1 13 org/springframework/core/MethodIntrospector lambda$selectMethods$0 (Ljava/lang/Class;Lorg/springframework/core/MethodIntrospector$MetadataLookup;Ljava/util/Map;Ljava/lang/reflect/Method;)V 2 2 org/springframework/util/ClassUtils getMostSpecificMethod (Ljava/lang/reflect/Method;Ljava/lang/Class;)Ljava/lang/reflect/Method; 3 6 java/lang/reflect/Method getDeclaringClass ()Ljava/lang/Class; 3 14 org/springframework/util/ClassUtils isOverridable (Ljava/lang/reflect/Method;Ljava/lang/Class;)Z 4 1 java/lang/reflect/Method getModifiers ()I 4 13 java/lang/reflect/Method getModifiers ()I 4 28 java/lang/reflect/Method getDeclaringClass ()Ljava/lang/Class; 3 21 java/lang/reflect/Method getModifiers ()I 3 24 java/lang/reflect/Modifier isPublic (I)Z 3 32 java/lang/reflect/Method getName ()Ljava/lang/String; 3 36 java/lang/reflect/Method getParameterTypes ()[Ljava/lang/Class; 3 39 java/lang/Class getMethod (Ljava/lang/String;[Ljava/lang/Class;)Ljava/lang/reflect/Method; 4 1 java/util/Objects requireNonNull (Ljava/lang/Object;)Ljava/lang/Object; 4 5 java/lang/System getSecurityManager ()Ljava/lang/SecurityManager; 5 0 java/lang/System allowSecurityManager ()Z 4 26 java/lang/Class getMethod0 (Ljava/lang/String;[Ljava/lang/Class;)Ljava/lang/reflect/Method; 5 27 java/lang/PublicMethods$MethodList getMostSpecific ()Ljava/lang/reflect/Method; 6 6 java/lang/reflect/Method getReturnType ()Ljava/lang/Class; 6 27 java/lang/reflect/Method getReturnType ()Ljava/lang/Class; 4 43 java/lang/Class methodToString (Ljava/lang/String;[Ljava/lang/Class;)Ljava/lang/String; 5 4 java/lang/StringBuilder <init> ()V 5 8 java/lang/Class getName ()Ljava/lang/String; 5 39 java/util/Arrays stream ([Ljava/lang/Object;)Ljava/util/stream/Stream; 6 4 java/util/Arrays stream ([Ljava/lang/Object;II)Ljava/util/stream/Stream; 7 3 java/util/Arrays spliterator ([Ljava/lang/Object;II)Ljava/util/Spliterator; 8 6 java/util/Spliterators spliterator ([Ljava/lang/Object;III)Ljava/util/Spliterator; 9 1 java/util/Objects requireNonNull (Ljava/lang/Object;)Ljava/lang/Object; 9 10 java/util/Spliterators checkFromToBounds (III)V 9 21 java/util/Spliterators$ArraySpliterator <init> ([Ljava/lang/Object;III)V 10 1 java/lang/Object <init> ()V 7 7 java/util/stream/StreamSupport stream (Ljava/util/Spliterator;Z)Ljava/util/stream/Stream; 8 1 java/util/Objects requireNonNull (Ljava/lang/Object;)Ljava/lang/Object; 8 11 java/util/stream/StreamOpFlag fromCharacteristics (Ljava/util/Spliterator;)I 9 14 java/util/stream/Streams$RangeLongSpliterator getComparator ()Ljava/util/Comparator; 8 15 java/util/stream/ReferencePipeline$Head <init> (Ljava/util/Spliterator;IZ)V 9 4 java/util/stream/ReferencePipeline <init> (Ljava/util/Spliterator;IZ)V 10 4 java/util/stream/AbstractPipeline <init> (Ljava/util/Spliterator;IZ)V 11 1 java/util/stream/PipelineHelper <init> ()V 12 1 java/lang/Object <init> ()V 5 42 java/lang/invoke/Invokers$Holder linkToTargetMethod (Ljava/lang/Object;)Ljava/lang/Object; 6 4 java/lang/invoke/LambdaForm$MH+0x0000024511000400 invoke (Ljava/lang/Object;)Ljava/lang/Object; 5 47 java/util/stream/ReferencePipeline map (Ljava/util/function/Function;)Ljava/util/stream/Stream; 6 1 java/util/Objects requireNonNull (Ljava/lang/Object;)Ljava/lang/Object; 6 22 java/util/stream/ReferencePipeline$3 <init> (Ljava/util/stream/ReferencePipeline;Ljava/util/stream/AbstractPipeline;Ljava/util/stream/StreamShape;ILjava/util/function/Function;)V 7 16 java/util/stream/ReferencePipeline$StatelessOp <init> (Ljava/util/stream/AbstractPipeline;Ljava/util/stream/StreamShape;I)V 8 3 java/util/stream/ReferencePipeline <init> (Ljava/util/stream/AbstractPipeline;I)V 9 3 java/util/stream/AbstractPipeline <init> (Ljava/util/stream/AbstractPipeline;I)V 10 1 java/util/stream/PipelineHelper <init> ()V 11 1 java/lang/Object <init> ()V 10 51 java/util/stream/StreamOpFlag combineOpFlags (II)I 11 2 java/util/stream/StreamOpFlag getMask (I)I 10 66 java/util/stream/ReferencePipeline$StatelessOp opIsStateful ()Z 5 60 java/util/stream/Collectors joining (Ljava/lang/CharSequence;Ljava/lang/CharSequence;Ljava/lang/CharSequence;)Ljava/util/stream/Collector; 6 7 java/lang/invoke/Invokers$Holder linkToTargetMethod (Ljava/lang/Object;Ljava/lang/Object;Ljava/lang/Object;Ljava/lang/Object;)Ljava/lang/Object; 7 7 java/lang/invoke/DirectMethodHandle$Holder newInvokeSpecial (Ljava/lang/Object;Ljava/lang/Object;Ljava/lang/Object;Ljava/lang/Object;)Ljava/lang/Object; 8 1 java/lang/invoke/DirectMethodHandle allocateInstance (Ljava/lang/Object;)Ljava/lang/Object; 8 7 java/lang/invoke/DirectMethodHandle constructorMethod (Ljava/lang/Object;)Ljava/lang/Object; 8 22 java/util/stream/Collectors$$Lambda$31+0x800000042 <init> (Ljava/lang/CharSequence;Ljava/lang/CharSequence;Ljava/lang/CharSequence;)V 9 1 java/lang/Object <init> ()V 6 12 java/lang/invoke/Invokers$Holder linkToTargetMethod (Ljava/lang/Object;)Ljava/lang/Object; 7 4 java/lang/invoke/LambdaForm$MH+0x0000024511000400 invoke (Ljava/lang/Object;)Ljava/lang/Object; 6 17 java/lang/invoke/Invokers$Holder linkToTargetMethod (Ljava/lang/Object;)Ljava/lang/Object; 7 4 java/lang/invoke/LambdaForm$MH+0x0000024511000400 invoke (Ljava/lang/Object;)Ljava/lang/Object; 6 22 java/lang/invoke/Invokers$Holder linkToTargetMethod (Ljava/lang/Object;)Ljava/lang/Object; 7 4 java/lang/invoke/LambdaForm$MH+0x0000024511000400 invoke (Ljava/lang/Object;)Ljava/lang/Object; 6 30 java/util/stream/Collectors$CollectorImpl <init> (Ljava/util/function/Supplier;Ljava/util/function/BiConsumer;Ljava/util/function/BinaryOperator;Ljava/util/function/Function;Ljava/util/Set;)V 7 1 java/lang/Object <init> ()V 4 50 java/lang/Class getReflectionFactory ()Ljdk/internal/reflect/ReflectionFactory; 4 55 jdk/internal/reflect/ReflectionFactory copyMethod (Ljava/lang/reflect/Method;)Ljava/lang/reflect/Method; 5 5 java/lang/reflect/ReflectAccess copyMethod (Ljava/lang/reflect/Method;)Ljava/lang/reflect/Method; 6 1 java/lang/reflect/Method copy ()Ljava/lang/reflect/Method; 7 65 java/lang/reflect/Method <init> (Ljava/lang/Class;Ljava/lang/String;[Ljava/lang/Class;Ljava/lang/Class;[Ljava/lang/Class;IILjava/lang/String;[B[B[B)V 8 1 java/lang/reflect/Executable <init> ()V 9 1 java/lang/reflect/AccessibleObject <init> ()V 10 1 java/lang/Object <init> ()V 3 48 java/lang/reflect/Method getName ()Ljava/lang/String; 3 52 java/lang/reflect/Method getParameterTypes ()[Ljava/lang/Class; 3 55 org/springframework/util/ReflectionUtils findMethod (Ljava/lang/Class;Ljava/lang/String;[Ljava/lang/Class;)Ljava/lang/reflect/Method; 4 3 org/springframework/util/Assert notNull (Ljava/lang/Object;Ljava/lang/String;)V 4 9 org/springframework/util/Assert notNull (Ljava/lang/Object;Ljava/lang/String;)V 4 68 java/lang/reflect/Method getName ()Ljava/lang/String; 4 71 java/lang/String equals (Ljava/lang/Object;)Z 4 84 org/springframework/util/ReflectionUtils hasSameParams (Ljava/lang/reflect/Method;[Ljava/lang/Class;)Z 5 3 java/lang/reflect/Method getParameterCount ()I 5 11 java/lang/reflect/Method getParameterTypes ()[Ljava/lang/Class; 2 10 org/springframework/scheduling/annotation/ScheduledAnnotationBeanPostProcessor$$Lambda$543+0x0000024511414bf8 inspect (Ljava/lang/reflect/Method;)Ljava/lang/Object; 3 1 org/springframework/scheduling/annotation/ScheduledAnnotationBeanPostProcessor lambda$postProcessAfterInitialization$0 (Ljava/lang/reflect/Method;)Ljava/util/Set; 4 5 org/springframework/core/annotation/AnnotatedElementUtils getMergedRepeatableAnnotations (Ljava/lang/reflect/AnnotatedElement;Ljava/lang/Class;Ljava/lang/Class;)Ljava/util/Set; 5 3 org/springframework/core/annotation/AnnotatedElementUtils getRepeatableAnnotations (Ljava/lang/reflect/AnnotatedElement;Ljava/lang/Class;Ljava/lang/Class;)Lorg/springframework/core/annotation/MergedAnnotations; 6 19 org/springframework/core/annotation/RepeatableContainers of (Ljava/lang/Class;Ljava/lang/Class;)Lorg/springframework/core/annotation/RepeatableContainers; 7 7 org/springframework/core/annotation/RepeatableContainers$ExplicitRepeatableContainer <init> (Lorg/springframework/core/annotation/RepeatableContainers;Ljava/lang/Class;Ljava/lang/Class;)V 8 3 org/springframework/core/annotation/RepeatableContainers <init> (Lorg/springframework/core/annotation/RepeatableContainers;Lorg/springframework/core/annotation/RepeatableContainers$1;)V 9 2 org/springframework/core/annotation/RepeatableContainers <init> (Lorg/springframework/core/annotation/RepeatableContainers;)V 10 1 java/lang/Object <init> ()V 8 9 org/springframework/util/Assert notNull (Ljava/lang/Object;Ljava/lang/String;)V 8 23 org/springframework/core/annotation/AttributeMethods forAnnotationType (Ljava/lang/Class;)Lorg/springframework/core/annotation/AttributeMethods; 9 12 java/lang/invoke/Invokers$Holder linkToTargetMethod (Ljava/lang/Object;)Ljava/lang/Object; 10 4 java/lang/invoke/LambdaForm$MH+0x0000024511000400 invoke (Ljava/lang/Object;)Ljava/lang/Object; 9 17 java/util/concurrent/ConcurrentMap computeIfAbsent (Ljava/lang/Object;Ljava/util/function/Function;)Ljava/lang/Object; 10 1 java/util/Objects requireNonNull (Ljava/lang/Object;)Ljava/lang/Object; 10 7 org/springframework/util/ConcurrentReferenceHashMap get (Ljava/lang/Object;)Ljava/lang/Object; 11 14 org/springframework/util/ConcurrentReferenceHashMap$SoftEntryReference get ()Lorg/springframework/util/ConcurrentReferenceHashMap$Entry; 12 1 java/lang/ref/SoftReference get ()Ljava/lang/Object; 11 29 org/springframework/util/ConcurrentReferenceHashMap$Entry getValue ()Ljava/lang/Object; 10 34 org/springframework/util/ConcurrentReferenceHashMap putIfAbsent (Ljava/lang/Object;Ljava/lang/Object;)Ljava/lang/Object; 11 4 org/springframework/util/ConcurrentReferenceHashMap put (Ljava/lang/Object;Ljava/lang/Object;Z)Ljava/lang/Object; 12 25 org/springframework/util/ConcurrentReferenceHashMap$1 <init> (Lorg/springframework/util/ConcurrentReferenceHashMap;[Lorg/springframework/util/ConcurrentReferenceHashMap$TaskOption;ZLjava/lang/Object;)V 13 19 org/springframework/util/ConcurrentReferenceHashMap$Task <init> (Lorg/springframework/util/ConcurrentReferenceHashMap;[Lorg/springframework/util/ConcurrentReferenceHashMap$TaskOption;)V 14 6 java/lang/Object <init> ()V 14 27 java/util/EnumSet of (Ljava/lang/Enum;[Ljava/lang/Enum;)Ljava/util/EnumSet; 15 1 java/lang/Enum getDeclaringClass ()Ljava/lang/Class; 15 4 java/util/EnumSet noneOf (Ljava/lang/Class;)Ljava/util/EnumSet; 16 1 java/util/EnumSet getUniverse (Ljava/lang/Class;)[Ljava/lang/Enum; 16 49 java/util/RegularEnumSet <init> (Ljava/lang/Class;[Ljava/lang/Enum;)V 16 59 java/util/JumboEnumSet <init> (Ljava/lang/Class;[Ljava/lang/Enum;)V 15 10 java/util/RegularEnumSet add (Ljava/lang/Object;)Z 16 5 java/util/RegularEnumSet add (Ljava/lang/Enum;)Z 17 17 java/lang/Enum ordinal ()I 15 39 java/util/RegularEnumSet add (Ljava/lang/Object;)Z 16 5 java/util/RegularEnumSet add (Ljava/lang/Enum;)Z 17 17 java/lang/Enum ordinal ()I 12 28 org/springframework/util/ConcurrentReferenceHashMap doTask (Ljava/lang/Object;Lorg/springframework/util/ConcurrentReferenceHashMap$Task;)Ljava/lang/Object; 13 2 org/springframework/util/ConcurrentReferenceHashMap getHash (Ljava/lang/Object;)I 13 8 org/springframework/util/ConcurrentReferenceHashMap getSegmentForHash (I)Lorg/springframework/util/ConcurrentReferenceHashMap$Segment; 13 14 org/springframework/util/ConcurrentReferenceHashMap$Segment doTask (ILjava/lang/Object;Lorg/springframework/util/ConcurrentReferenceHashMap$Task;)Ljava/lang/Object; 14 4 org/springframework/util/ConcurrentReferenceHashMap$Task hasOption (Lorg/springframework/util/ConcurrentReferenceHashMap$TaskOption;)Z 15 5 java/util/RegularEnumSet contains (Ljava/lang/Object;)Z 16 41 java/lang/Enum ordinal ()I 14 13 org/springframework/util/ConcurrentReferenceHashMap$Task hasOption (Lorg/springframework/util/ConcurrentReferenceHashMap$TaskOption;)Z 15 5 java/util/RegularEnumSet contains (Ljava/lang/Object;)Z 16 41 java/lang/Enum ordinal ()I 14 22 org/springframework/util/ConcurrentReferenceHashMap$Segment restructureIfNecessary (Z)V 15 4 java/util/concurrent/atomic/AtomicInteger get ()I 15 34 org/springframework/util/ConcurrentReferenceHashMap$ReferenceManager pollForPurge ()Lorg/springframework/util/ConcurrentReferenceHashMap$Reference; 16 4 java/lang/ref/ReferenceQueue poll ()Ljava/lang/ref/Reference; 14 29 org/springframework/util/ConcurrentReferenceHashMap$Task hasOption (Lorg/springframework/util/ConcurrentReferenceHashMap$TaskOption;)Z 15 5 java/util/RegularEnumSet contains (Ljava/lang/Object;)Z 16 41 java/lang/Enum ordinal ()I 14 54 java/util/concurrent/locks/ReentrantLock lock ()V 15 4 java/util/concurrent/locks/ReentrantLock$Sync lock ()V 16 1 java/util/concurrent/locks/ReentrantLock$NonfairSync initialTryLock ()Z 17 15 java/util/concurrent/locks/AbstractOwnableSynchronizer setExclusiveOwnerThread (Ljava/lang/Thread;)V 17 21 java/util/concurrent/locks/AbstractOwnableSynchronizer getExclusiveOwnerThread ()Ljava/lang/Thread; 17 29 java/util/concurrent/locks/AbstractQueuedSynchronizer getState ()I 17 51 java/util/concurrent/locks/AbstractQueuedSynchronizer setState (I)V 16 9 java/util/concurrent/locks/AbstractQueuedSynchronizer acquire (I)V 14 63 org/springframework/util/ConcurrentReferenceHashMap$Segment getIndex (I[Lorg/springframework/util/ConcurrentReferenceHashMap$Reference;)I 14 82 org/springframework/util/ConcurrentReferenceHashMap$Segment findInChain (Lorg/springframework/util/ConcurrentReferenceHashMap$Reference;Ljava/lang/Object;I)Lorg/springframework/util/ConcurrentReferenceHashMap$Reference; 15 10 org/springframework/util/ConcurrentReferenceHashMap$SoftEntryReference getHash ()I 15 21 org/springframework/util/ConcurrentReferenceHashMap$SoftEntryReference get ()Lorg/springframework/util/ConcurrentReferenceHashMap$Entry; 16 1 java/lang/ref/SoftReference get ()Ljava/lang/Object; 15 35 org/springframework/util/ConcurrentReferenceHashMap$Entry getKey ()Ljava/lang/Object; 15 43 org/springframework/util/ObjectUtils nullSafeEquals (Ljava/lang/Object;Ljava/lang/Object;)Z 15 54 org/springframework/util/ConcurrentReferenceHashMap$SoftEntryReference getNext ()Lorg/springframework/util/ConcurrentReferenceHashMap$Reference; 14 112 java/lang/invoke/LambdaForm$MH+0x00000245110c9800 linkToTargetMethod (Ljava/lang/Object;Ljava/lang/Object;ILjava/lang/Object;ILjava/lang/Object;)Ljava/lang/Object; 15 11 java/lang/invoke/LambdaForm$DMH+0x00000245110c9000 newInvokeSpecial (Ljava/lang/Object;Ljava/lang/Object;Ljava/lang/Object;ILjava/lang/Object;I)Ljava/lang/Object; 16 1 java/lang/invoke/DirectMethodHandle allocateInstance (Ljava/lang/Object;)Ljava/lang/Object; 16 7 java/lang/invoke/DirectMethodHandle constructorMethod (Ljava/lang/Object;)Ljava/lang/Object; 16 26 org/springframework/util/ConcurrentReferenceHashMap$Segment$$Lambda$97+0x00000245110c60b0 <init> (Lorg/springframework/util/ConcurrentReferenceHashMap$Segment;Ljava/lang/Object;ILorg/springframework/util/ConcurrentReferenceHashMap$Reference;I)V 17 1 java/lang/Object <init> ()V 14 126 org/springframework/util/ConcurrentReferenceHashMap$1 execute (Lorg/springframework/util/ConcurrentReferenceHashMap$Reference;Lorg/springframework/util/ConcurrentReferenceHashMap$Entry;Lorg/springframework/util/ConcurrentReferenceHashMap$Entries;)Ljava/lang/Object; 15 40 org/springframework/util/Assert state (ZLjava/lang/String;)V 15 48 org/springframework/util/ConcurrentReferenceHashMap$Segment$$Lambda$97+0x00000245110c60b0 add (Ljava/lang/Object;)V 16 21 org/springframework/util/ConcurrentReferenceHashMap$Segment lambda$doTask$0 (Ljava/lang/Object;ILorg/springframework/util/ConcurrentReferenceHashMap$Reference;ILjava/lang/Object;)V 14 132 java/util/concurrent/locks/ReentrantLock unlock ()V 15 5 java/util/concurrent/locks/AbstractQueuedSynchronizer release (I)Z 16 2 java/util/concurrent/locks/ReentrantLock$Sync tryRelease (I)Z 17 1 java/util/concurrent/locks/AbstractQueuedSynchronizer getState ()I 17 8 java/util/concurrent/locks/AbstractOwnableSynchronizer getExclusiveOwnerThread ()Ljava/lang/Thread; 17 41 java/util/concurrent/locks/AbstractOwnableSynchronizer setExclusiveOwnerThread (Ljava/lang/Thread;)V 17 46 java/util/concurrent/locks/AbstractQueuedSynchronizer setState (I)V 16 12 java/util/concurrent/locks/AbstractQueuedSynchronizer signalNext (Ljava/util/concurrent/locks/AbstractQueuedSynchronizer$Node;)V 14 139 org/springframework/util/ConcurrentReferenceHashMap$Task hasOption (Lorg/springframework/util/ConcurrentReferenceHashMap$TaskOption;)Z 15 5 java/util/RegularEnumSet contains (Ljava/lang/Object;)Z 16 41 java/lang/Enum ordinal ()I 8 28 org/springframework/core/annotation/AttributeMethods get (Ljava/lang/String;)Ljava/lang/reflect/Method; 9 2 org/springframework/core/annotation/AttributeMethods indexOf (Ljava/lang/String;)I 10 17 java/lang/reflect/Method getName ()Ljava/lang/String; 10 21 java/lang/String equals (Ljava/lang/Object;)Z 8 50 java/lang/reflect/Method getReturnType ()Ljava/lang/Class; 8 65 java/lang/Class getComponentType ()Ljava/lang/Class; 6 28 org/springframework/core/annotation/MergedAnnotations from (Ljava/lang/reflect/AnnotatedElement;Lorg/springframework/core/annotation/MergedAnnotations$SearchStrategy;Lorg/springframework/core/annotation/RepeatableContainers;)Lorg/springframework/core/annotation/MergedAnnotations; 7 6 org/springframework/core/annotation/MergedAnnotations from (Ljava/lang/reflect/AnnotatedElement;Lorg/springframework/core/annotation/MergedAnnotations$SearchStrategy;Lorg/springframework/core/annotation/RepeatableContainers;Lorg/springframework/core/annotation/AnnotationFilter;)Lorg/springframework/core/annotation/MergedAnnotations; 8 3 org/springframework/util/Assert notNull (Ljava/lang/Object;Ljava/lang/String;)V 8 9 org/springframework/util/Assert notNull (Ljava/lang/Object;Ljava/lang/String;)V 8 16 org/springframework/core/annotation/TypeMappedAnnotations from (Ljava/lang/reflect/AnnotatedElement;Lorg/springframework/core/annotation/MergedAnnotations$SearchStrategy;Lorg/springframework/core/annotation/RepeatableContainers;Lorg/springframework/core/annotation/AnnotationFilter;)Lorg/springframework/core/annotation/MergedAnnotations; 9 2 org/springframework/core/annotation/AnnotationsScanner isKnownEmpty (Ljava/lang/reflect/AnnotatedElement;Lorg/springframework/core/annotation/MergedAnnotations$SearchStrategy;)Z 10 1 org/springframework/core/annotation/AnnotationsScanner hasPlainJavaAnnotationsOnly (Ljava/lang/Object;)Z 11 26 java/lang/reflect/Method getDeclaringClass ()Ljava/lang/Class; 11 31 org/springframework/core/annotation/AnnotationsScanner hasPlainJavaAnnotationsOnly (Ljava/lang/Class;)Z 12 1 java/lang/Class getName ()Ljava/lang/String; 12 6 java/lang/String startsWith (Ljava/lang/String;)Z 13 3 java/lang/String startsWith (Ljava/lang/String;I)Z 14 6 java/lang/String length ()I 15 6 java/lang/String coder ()B 14 10 java/lang/String length ()I 15 6 java/lang/String coder ()B 14 39 java/lang/String coder ()B 14 47 java/lang/String coder ()B 10 18 org/springframework/core/annotation/AnnotationsScanner isWithoutHierarchy (Ljava/lang/reflect/AnnotatedElement;Lorg/springframework/core/annotation/MergedAnnotations$SearchStrategy;)Z 11 84 java/lang/reflect/Method getModifiers ()I 11 87 java/lang/reflect/Modifier isPrivate (I)Z 11 94 java/lang/reflect/Method getDeclaringClass ()Ljava/lang/Class; 11 98 org/springframework/core/annotation/AnnotationsScanner isWithoutHierarchy (Ljava/lang/reflect/AnnotatedElement;Lorg/springframework/core/annotation/MergedAnnotations$SearchStrategy;)Z 12 30 java/lang/Class getInterfaces ()[Ljava/lang/Class; 10 35 java/lang/reflect/Method isBridge ()Z 11 1 java/lang/reflect/Method getModifiers ()I 9 20 org/springframework/core/annotation/TypeMappedAnnotations <init> (Ljava/lang/reflect/AnnotatedElement;Lorg/springframework/core/annotation/MergedAnnotations$SearchStrategy;Lorg/springframework/core/annotation/RepeatableContainers;Lorg/springframework/core/annotation/AnnotationFilter;)V 10 1 java/lang/Object <init> ()V 5 7 org/springframework/core/annotation/TypeMappedAnnotations stream (Ljava/lang/Class;)Ljava/util/stream/Stream; 6 10 java/util/stream/Stream empty ()Ljava/util/stream/Stream; 7 0 java/util/Spliterators emptySpliterator ()Ljava/util/Spliterator; 6 16 org/springframework/core/annotation/TypeMappedAnnotations spliterator (Ljava/lang/Object;)Ljava/util/Spliterator; 7 7 org/springframework/core/annotation/TypeMappedAnnotations getAggregates ()Ljava/util/List; 8 17 org/springframework/core/annotation/TypeMappedAnnotations$AggregatesCollector <init> (Lorg/springframework/core/annotation/TypeMappedAnnotations;Lorg/springframework/core/annotation/TypeMappedAnnotations$1;)V 9 2 org/springframework/core/annotation/TypeMappedAnnotations$AggregatesCollector <init> (Lorg/springframework/core/annotation/TypeMappedAnnotations;)V 10 6 java/lang/Object <init> ()V 10 14 java/util/ArrayList <init> ()V 11 1 java/util/AbstractList <init> ()V 12 1 java/util/AbstractCollection <init> ()V 13 1 java/lang/Object <init> ()V 8 32 java/util/ArrayList isEmpty ()Z 7 10 org/springframework/core/annotation/TypeMappedAnnotations$AggregatesSpliterator <init> (Lorg/springframework/core/annotation/TypeMappedAnnotations;Ljava/lang/Object;Ljava/util/List;)V 8 6 java/lang/Object <init> ()V 6 20 java/util/stream/StreamSupport stream (Ljava/util/Spliterator;Z)Ljava/util/stream/Stream; 7 1 java/util/Objects requireNonNull (Ljava/lang/Object;)Ljava/lang/Object; 7 11 java/util/stream/StreamOpFlag fromCharacteristics (Ljava/util/Spliterator;)I 8 14 java/util/stream/Streams$RangeLongSpliterator getComparator ()Ljava/util/Comparator; 7 15 java/util/stream/ReferencePipeline$Head <init> (Ljava/util/Spliterator;IZ)V 8 4 java/util/stream/ReferencePipeline <init> (Ljava/util/Spliterator;IZ)V 9 4 java/util/stream/AbstractPipeline <init> (Ljava/util/Spliterator;IZ)V 10 1 java/util/stream/PipelineHelper <init> ()V 11 1 java/lang/Object <init> ()V 5 12 org/springframework/core/annotation/MergedAnnotationCollectors toAnnotationSet ()Ljava/util/stream/Collector; 6 0 java/lang/invoke/Invokers$Holder linkToTargetMethod (Ljava/lang/Object;)Ljava/lang/Object; 7 4 java/lang/invoke/LambdaForm$MH+0x0000024511000400 invoke (Ljava/lang/Object;)Ljava/lang/Object; 6 5 java/lang/invoke/Invokers$Holder linkToTargetMethod (Ljava/lang/Object;)Ljava/lang/Object; 7 4 java/lang/invoke/LambdaForm$MH+0x0000024511000400 invoke (Ljava/lang/Object;)Ljava/lang/Object; 6 10 java/lang/invoke/Invokers$Holder linkToTargetMethod (Ljava/lang/Object;)Ljava/lang/Object; 7 4 java/lang/invoke/LambdaForm$MH+0x0000024511000400 invoke (Ljava/lang/Object;)Ljava/lang/Object; 6 19 java/util/stream/Collector of (Ljava/util/function/Supplier;Ljava/util/function/BiConsumer;Ljava/util/function/BinaryOperator;[Ljava/util/stream/Collector$Characteristics;)Ljava/util/stream/Collector; 7 1 java/util/Objects requireNonNull (Ljava/lang/Object;)Ljava/lang/Object; 7 6 java/util/Objects requireNonNull (Ljava/lang/Object;)Ljava/lang/Object; 7 11 java/util/Objects requireNonNull (Ljava/lang/Object;)Ljava/lang/Object; 7 16 java/util/Objects requireNonNull (Ljava/lang/Object;)Ljava/lang/Object; 7 52 java/util/stream/Collectors$CollectorImpl <init> (Ljava/util/function/Supplier;Ljava/util/function/BiConsumer;Ljava/util/function/BinaryOperator;Ljava/util/Set;)V 8 4 java/util/stream/Collectors castingIdentity ()Ljava/util/function/Function; 9 0 java/lang/invoke/Invokers$Holder linkToTargetMethod (Ljava/lang/Object;)Ljava/lang/Object; 10 4 java/lang/invoke/LambdaForm$MH+0x0000024511000400 invoke (Ljava/lang/Object;)Ljava/lang/Object; 8 9 java/util/stream/Collectors$CollectorImpl <init> (Ljava/util/function/Supplier;Ljava/util/function/BiConsumer;Ljava/util/function/BinaryOperator;Ljava/util/function/Function;Ljava/util/Set;)V 9 1 java/lang/Object <init> ()V 4 10 java/util/HashSet isEmpty ()Z 5 4 java/util/HashMap isEmpty ()Z 2 58 java/util/HashMap put (Ljava/lang/Object;Ljava/lang/Object;)Ljava/lang/Object; 3 2 java/util/HashMap hash (Ljava/lang/Object;)I 4 9 java/lang/reflect/Method hashCode ()I 5 1 java/lang/reflect/Method getDeclaringClass ()Ljava/lang/Class; 5 4 java/lang/Class getName ()Ljava/lang/String; 5 7 java/lang/String hashCode ()I 6 17 java/lang/String isLatin1 ()Z 6 27 java/lang/StringLatin1 hashCode ([B)I 6 37 java/lang/StringUTF16 hashCode ([B)I 5 11 java/lang/reflect/Method getName ()Ljava/lang/String; 5 14 java/lang/String hashCode ()I 6 17 java/lang/String isLatin1 ()Z 6 27 java/lang/StringLatin1 hashCode ([B)I 6 37 java/lang/StringUTF16 hashCode ([B)I 3 9 java/util/HashMap putVal (ILjava/lang/Object;Ljava/lang/Object;ZZ)Ljava/lang/Object; 4 56 java/util/LinkedHashMap newNode (ILjava/lang/Object;Ljava/lang/Object;Ljava/util/HashMap$Node;)Ljava/util/HashMap$Node; 5 9 java/util/LinkedHashMap$Entry <init> (ILjava/lang/Object;Ljava/lang/Object;Ljava/util/HashMap$Node;)V 6 6 java/util/HashMap$Node <init> (ILjava/lang/Object;Ljava/lang/Object;Ljava/util/HashMap$Node;)V 7 1 java/lang/Object <init> ()V
