curl.exe :   % Total    % Received % Xferd  Average Speed  Time    Time    Time   Current
At line:15 char:6241
+ ... lyContinue; curl.exe -N -H "Accept: text/event-stream" "http://localh ...
+                 ~~~~~~~~~~~~~~~~~~~~~~~~~~~~~~~~~~~~~~~~~~~~~~~~~~~~~~~~~
    + CategoryInfo          : NotSpecified: (  % Total    % ... Time   Current:String) [], RemoteException
    + FullyQualifiedErrorId : NativeCommandError
 
                                 Dload  Upload  Total   Spent   Left   Speed

event:DASHBOARD_REFRESH
data:{"resourceId":null,"merchantId":9,"pondId":null,"status":null,"message":"connected"}

  0      0   0      0   0      0      0      0                              0
100    115   0    115   0      0     94      0           00:01             94
100    115   0    115   0      0     51      0           00:02             51
100    115   0    115   0      0     35      0           00:03             35
100    115   0    115   0      0     27      0           00:04             27
100    115   0    115   0      0     21      0           00:05             21
100    115   0    115   0      0     18      0           00:06              0
100    115   0    115   0      0     15      0           00:07              0
100    115   0    115   0      0     13      0           00:08              0
100    115   0    115   0      0     12      0           00:09              0
100    115   0    115   0      0     11      0           00:10              0
100    115   0    115   0      0     10      0           00:11              0
100    115   0    115   0      0      9      0           00:12              0
100    115   0    115   0      0      8      0           00:13              0
100    115   0    115   0      0      8      0           00:14              0
100    115   0    115   0      0      7      0           00:15              0
100    115   0    115   0      0      7      0           00:16              0
100    115   0    115   0      0      6      0           00:17              0
100    115   0    115   0      0      6      0           00:18              0
100    115   0    115   0      0      5      0           00:19              0
100    115   0    115   0      0      5      0           00:20              0
100    115   0    115   0      0      5      0           00:21              0
100    115   0    115   0      0      5      0           00:22              0
100    115   0    115   0      0      4      0           00:23              0
100    115   0    115   0      0      4      0           00:24              0
:heartbeat

100    115   0    115   0      0      4      0           00:25              0
100    127   0    127   0      0      4      0           00:26              2
100    127   0    127   0      0      4      0           00:27              2
100    127   0    127   0      0      4      0           00:28              2
100    127   0    127   0      0      4      0           00:29              2
100    127   0    127   0      0      4      0           00:30              2
100    127   0    127   0      0      3      0           00:31              0
100    127   0    127   0      0      3      0           00:32              0
100    127   0    127   0      0      3      0           00:33              0
100    127   0    127   0      0      3      0           00:34              0
100    127   0    127   0      0      3      0           00:35              0
100    127   0    127   0      0      3      0           00:36              0
100    127   0    127   0      0      3      0           00:37              0
100    127   0    127   0      0      3      0           00:38              0
100    127   0    127   0      0      3      0           00:39              0
100    127   0    127   0      0      3      0           00:40              0
100    127   0    127   0      0      3      0           00:41              0
100    127   0    127   0      0      2      0           00:42              0
100    127   0    127   0      0      2      0           00:43              0
100    127   0    127   0      0      2      0           00:44              0
100    127   0    127   0      0      2      0           00:45              0
100    127   0    127   0      0      2      0           00:46              0
100    127   0    127   0      0      2      0           00:47              0
100    127   0    127   0      0      2      0           00:48              0
100    127   0    127   0      0      2      0           00:49              0
100    127   0    127   0      0      2      0           00:50              0
100    127   0    127   0      0      2      0           00:51              0
100    127   0    127   0      0      2      0           00:52              0
100    127   0    127   0      0      2      0           00:53              0
:heartbeat

100    127   0    127   0      0      2      0           00:54              0
100    139   0    139   0      0      2      0           00:56              2
100    139   0    139   0      0      2      0           00:57              2
100    139   0    139   0      0      2      0           00:58              2
100    139   0    139   0      0      2      0           00:59              2
100    139   0    139   0      0      2      0           01:00              2
100    139   0    139   0      0      2      0           01:01              0
100    139   0    139   0      0      2      0           01:02              0
100    139   0    139   0      0      2      0           01:03              0
100    139   0    139   0      0      2      0           01:04              0
100    139   0    139   0      0      2      0           01:05              0
100    139   0    139   0      0      2      0           01:06              0
100    139   0    139   0      0      2      0           01:07              0
100    139   0    139   0      0      2      0           01:08              0
100    139   0    139   0      0      1      0           01:09              0
100    139   0    139   0      0      1      0           01:10              0
100    139   0    139   0      0      1      0           01:11              0
100    139   0    139   0      0      1      0           01:12              0
100    139   0    139   0      0      1      0           01:13              0
100    139   0    139   0      0      1      0           01:14              0
100    139   0    139   0      0      1      0           01:15              0
100    139   0    139   0      0      1      0           01:16              0
100    139   0    139   0      0      1      0           01:17              0
100    139   0    139   0      0      1      0           01:18              0
100    139   0    139   0      0      1      0           01:19              0
100    139   0    139   0      0      1      0           01:20              0
100    139   0    139   0      0      1      0           01:21              0
100    139   0    139   0      0      1      0           01:22              0
100    139   0    139   0      0      1      0           01:24              0
:heartbeat

100    139   0    139   0      0      1      0           01:25              0
100    151   0    151   0      0      1      0           01:26              2
100    151   0    151   0      0      1      0           01:27              2
100    151   0    151   0      0      1      0           01:28              2
100    151   0    151   0      0      1      0           01:29              2
100    151   0    151   0      0      1      0           01:30              2
100    151   0    151   0      0      1      0           01:31              0
100    151   0    151   0      0      1      0           01:32              0
100    151   0    151   0      0      1      0           01:33              0
100    151   0    151   0      0      1      0           01:34              0
100    151   0    151   0      0      1      0           01:35              0
100    151   0    151   0      0      1      0           01:36              0
100    151   0    151   0      0      1      0           01:37              0
100    151   0    151   0      0      1      0           01:38              0
100    151   0    151   0      0      1      0           01:39              0
100    151   0    151   0      0      1      0           01:40              0
100    151   0    151   0      0      1      0           01:41              0
100    151   0    151   0      0      1      0           01:42              0
100    151   0    151   0      0      1      0           01:43              0
100    151   0    151   0      0      1      0           01:44              0
100    151   0    151   0      0      1      0           01:45              0
100    151   0    151   0      0      1      0           01:46              0
100    151   0    151   0      0      1      0           01:47              0
100    151   0    151   0      0      1      0           01:48              0
100    151   0    151   0      0      1      0           01:49              0
100    151   0    151   0      0      1      0           01:50              0
100    151   0    151   0      0      1      0           01:51              0
100    151   0    151   0      0      1      0           01:52              0
100    151   0    151   0      0      1      0           01:54              0
:heartbeat

100    151   0    151   0      0      1      0           01:55              0
100    163   0    163   0      0      1      0           01:56              2
100    163   0    163   0      0      1      0           01:57              2
100    163   0    163   0      0      1      0           01:58              2
100    163   0    163   0      0      1      0           01:59              2
100    163   0    163   0      0      1      0           02:00              2
100    163   0    163   0      0      1      0           02:01              0
100    163   0    163   0      0      1      0           02:02              0
100    163   0    163   0      0      1      0           02:03              0
100    163   0    163   0      0      1      0           02:04              0
100    163   0    163   0      0      1      0           02:05              0
100    163   0    163   0      0      1      0           02:06              0
100    163   0    163   0      0      1      0           02:07              0
100    163   0    163   0      0      1      0           02:08              0
100    163   0    163   0      0      1      0           02:09              0
100    163   0    163   0      0      1      0           02:10              0
100    163   0    163   0      0      1      0           02:11              0
100    163   0    163   0      0      1      0           02:12              0
100    163   0    163   0      0      1      0           02:13              0
100    163   0    163   0      0      1      0           02:14              0
100    163   0    163   0      0      1      0           02:15              0
100    163   0    163   0      0      1      0           02:16              0
100    163   0    163   0      0      1      0           02:17              0
100    163   0    163   0      0      1      0           02:18              0
100    163   0    163   0      0      1      0           02:19              0
100    163   0    163   0      0      1      0           02:20              0
100    163   0    163   0      0      1      0           02:21              0
100    163   0    163   0      0      1      0           02:22              0
100    163   0    163   0      0      1      0           02:23              0
:heartbeat

100    163   0    163   0      0      1      0           02:25              0
100    175   0    175   0      0      1      0           02:26              2
100    175   0    175   0      0      1      0           02:27              2
100    175   0    175   0      0      1      0           02:28              2
100    175   0    175   0      0      1      0           02:29              2
100    175   0    175   0      0      1      0           02:30              2
100    175   0    175   0      0      1      0           02:31              0
100    175   0    175   0      0      1      0           02:32              0
100    175   0    175   0      0      1      0           02:33              0
100    175   0    175   0      0      1      0           02:34              0
100    175   0    175   0      0      1      0           02:35              0
100    175   0    175   0      0      1      0           02:36              0
100    175   0    175   0      0      1      0           02:37              0
100    175   0    175   0      0      1      0           02:38              0
100    175   0    175   0      0      1      0           02:39              0
100    175   0    175   0      0      1      0           02:40              0
100    175   0    175   0      0      1      0           02:41              0
100    175   0    175   0      0      1      0           02:42              0
100    175   0    175   0      0      1      0           02:43              0
100    175   0    175   0      0      1      0           02:44              0
100    175   0    175   0      0      1      0           02:45              0
100    175   0    175   0      0      1      0           02:46              0
100    175   0    175   0      0      1      0           02:47              0
100    175   0    175   0      0      1      0           02:48              0
100    175   0    175   0      0      1      0           02:49              0
100    175   0    175   0      0      1      0           02:50              0
100    175   0    175   0      0      1      0           02:51              0
100    175   0    175   0      0      1      0           02:52              0
100    175   0    175   0      0      1      0           02:53              0
:heartbeat

100    175   0    175   0      0      1      0           02:54              0
100    187   0    187   0      0      1      0           02:56              2
100    187   0    187   0      0      1      0           02:57              2
100    187   0    187   0      0      1      0           02:58              2
100    187   0    187   0      0      1      0           02:59              2
100    187   0    187   0      0      1      0           03:00              2
100    187   0    187   0      0      1      0           03:01              0
100    187   0    187   0      0      1      0           03:02              0
100    187   0    187   0      0      1      0           03:03              0
100    187   0    187   0      0      1      0           03:04              0
100    187   0    187   0      0      1      0           03:05              0
100    187   0    187   0      0      1      0           03:06              0
100    187   0    187   0      0      0      0           03:07              0
100    187   0    187   0      0      0      0           03:08              0
100    187   0    187   0      0      0      0           03:09              0
100    187   0    187   0      0      0      0           03:10              0
100    187   0    187   0      0      0      0           03:11              0
100    187   0    187   0      0      0      0           03:12              0
100    187   0    187   0      0      0      0           03:13              0
100    187   0    187   0      0      0      0           03:14              0
100    187   0    187   0      0      0      0           03:15              0
100    187   0    187   0      0      0      0           03:16              0
100    187   0    187   0      0      0      0           03:17              0
100    187   0    187   0      0      0      0           03:18              0
100    187   0    187   0      0      0      0           03:19              0
100    187   0    187   0      0      0      0           03:20              0
100    187   0    187   0      0      0      0           03:21              0
100    187   0    187   0      0      0      0           03:22              0
100    187   0    187   0      0      0      0           03:23              0
:heartbeat

100    187   0    187   0      0      0      0           03:24              0
100    199   0    199   0      0      0      0           03:26              2
100    199   0    199   0      0      0      0           03:27              2
100    199   0    199   0      0      0      0           03:28              2
100    199   0    199   0      0      0      0           03:29              2
100    199   0    199   0      0      0      0           03:30              2
100    199   0    199   0      0      0      0           03:31              0
100    199   0    199   0      0      0      0           03:32              0
100    199   0    199   0      0      0      0           03:33              0
100    199   0    199   0      0      0      0           03:34              0
100    199   0    199   0      0      0      0           03:35              0
100    199   0    199   0      0      0      0           03:36              0
100    199   0    199   0      0      0      0           03:37              0
100    199   0    199   0      0      0      0           03:38              0
100    199   0    199   0      0      0      0           03:39              0
100    199   0    199   0      0      0      0           03:40              0
100    199   0    199   0      0      0      0           03:41              0
100    199   0    199   0      0      0      0           03:42              0
100    199   0    199   0      0      0      0           03:43              0
100    199   0    199   0      0      0      0           03:44              0
100    199   0    199   0      0      0      0           03:45              0
100    199   0    199   0      0      0      0           03:46              0
100    199   0    199   0      0      0      0           03:47              0
100    199   0    199   0      0      0      0           03:48              0
100    199   0    199   0      0      0      0           03:49              0
100    199   0    199   0      0      0      0           03:50              0
100    199   0    199   0      0      0      0           03:51              0
100    199   0    199   0      0      0      0           03:52              0
100    199   0    199   0      0      0      0           03:53              0
:heartbeat

100    199   0    199   0      0      0      0           03:55              0
100    211   0    211   0      0      0      0           03:56              2
100    211   0    211   0      0      0      0           03:57              2
100    211   0    211   0      0      0      0           03:58              2
100    211   0    211   0      0      0      0           03:59              2
100    211   0    211   0      0      0      0           04:00              2
100    211   0    211   0      0      0      0           04:01              0
100    211   0    211   0      0      0      0           04:02              0
100    211   0    211   0      0      0      0           04:03              0
100    211   0    211   0      0      0      0           04:04              0
100    211   0    211   0      0      0      0           04:05              0
100    211   0    211   0      0      0      0           04:06              0
100    211   0    211   0      0      0      0           04:07              0
100    211   0    211   0      0      0      0           04:08              0
100    211   0    211   0      0      0      0           04:09              0
100    211   0    211   0      0      0      0           04:10              0
100    211   0    211   0      0      0      0           04:11              0
100    211   0    211   0      0      0      0           04:12              0
100    211   0    211   0      0      0      0           04:13              0
100    211   0    211   0      0      0      0           04:14              0
100    211   0    211   0      0      0      0           04:15              0
100    211   0    211   0      0      0      0           04:16              0
100    211   0    211   0      0      0      0           04:17              0
100    211   0    211   0      0      0      0           04:18              0
100    211   0    211   0      0      0      0           04:19              0
100    211   0    211   0      0      0      0           04:20              0
100    211   0    211   0      0      0      0           04:21              0
100    211   0    211   0      0      0      0           04:22              0
100    211   0    211   0      0      0      0           04:23              0
:heartbeat

100    211   0    211   0      0      0      0           04:24              0
100    223   0    223   0      0      0      0           04:26              2
100    223   0    223   0      0      0      0           04:27              2
100    223   0    223   0      0      0      0           04:28              2
100    223   0    223   0      0      0      0           04:29              2
100    223   0    223   0      0      0      0           04:30              2
100    223   0    223   0      0      0      0           04:31              0
100    223   0    223   0      0      0      0           04:32              0
100    223   0    223   0      0      0      0           04:33              0
100    223   0    223   0      0      0      0           04:34              0
100    223   0    223   0      0      0      0           04:35              0
100    223   0    223   0      0      0      0           04:36              0
100    223   0    223   0      0      0      0           04:37              0
100    223   0    223   0      0      0      0           04:38              0
100    223   0    223   0      0      0      0           04:39              0
100    223   0    223   0      0      0      0           04:40              0
100    223   0    223   0      0      0      0           04:41              0
100    223   0    223   0      0      0      0           04:42              0
100    223   0    223   0      0      0      0           04:43              0
100    223   0    223   0      0      0      0           04:44              0
100    223   0    223   0      0      0      0           04:45              0
100    223   0    223   0      0      0      0           04:46              0
100    223   0    223   0      0      0      0           04:47              0
100    223   0    223   0      0      0      0           04:48              0
100    223   0    223   0      0      0      0           04:49              0
100    223   0    223   0      0      0      0           04:50              0
100    223   0    223   0      0      0      0           04:51              0
100    223   0    223   0      0      0      0           04:53              0
100    223   0    223   0      0      0      0           04:54              0
:heartbeat

100    223   0    223   0      0      0      0           04:55              0
100    235   0    235   0      0      0      0           04:56              2
100    235   0    235   0      0      0      0           04:57              2
100    235   0    235   0      0      0      0           04:58              2
100    235   0    235   0      0      0      0           04:59              2
100    235   0    235   0      0      0      0           05:00              2
100    235   0    235   0      0      0      0           05:01              0
100    235   0    235   0      0      0      0           05:02              0
100    235   0    235   0      0      0      0           05:03              0
100    235   0    235   0      0      0      0           05:04              0
100    235   0    235   0      0      0      0           05:05              0
100    235   0    235   0      0      0      0           05:06              0
100    235   0    235   0      0      0      0           05:07              0
100    235   0    235   0      0      0      0           05:08              0
100    235   0    235   0      0      0      0           05:09              0
100    235   0    235   0      0      0      0           05:10              0
100    235   0    235   0      0      0      0           05:11              0
100    235   0    235   0      0      0      0           05:12              0
100    235   0    235   0      0      0      0           05:13              0
100    235   0    235   0      0      0      0           05:14              0
100    235   0    235   0      0      0      0           05:15              0
100    235   0    235   0      0      0      0           05:16              0
100    235   0    235   0      0      0      0           05:17              0
100    235   0    235   0      0      0      0           05:18              0
100    235   0    235   0      0      0      0           05:20              0
100    235   0    235   0      0      0      0           05:21              0
100    235   0    235   0      0      0      0           05:22              0
100    235   0    235   0      0      0      0           05:23              0
100    235   0    235   0      0      0      0           05:24              0
:heartbeat

100    235   0    235   0      0      0      0           05:25              0
100    247   0    247   0      0      0      0           05:26              2
100    247   0    247   0      0      0      0           05:27              2
100    247   0    247   0      0      0      0           05:28              2
100    247   0    247   0      0      0      0           05:29              2
100    247   0    247   0      0      0      0           05:30              2
100    247   0    247   0      0      0      0           05:31              0
100    247   0    247   0      0      0      0           05:32              0
100    247   0    247   0      0      0      0           05:33              0
100    247   0    247   0      0      0      0           05:34              0
100    247   0    247   0      0      0      0           05:35              0
100    247   0    247   0      0      0      0           05:36              0
100    247   0    247   0      0      0      0           05:37              0
100    247   0    247   0      0      0      0           05:38              0
100    247   0    247   0      0      0      0           05:39              0
100    247   0    247   0      0      0      0           05:40              0
100    247   0    247   0      0      0      0           05:41              0
100    247   0    247   0      0      0      0           05:42              0
100    247   0    247   0      0      0      0           05:43              0
100    247   0    247   0      0      0      0           05:44              0
100    247   0    247   0      0      0      0           05:45              0
100    247   0    247   0      0      0      0           05:46              0
100    247   0    247   0      0      0      0           05:47              0
100    247   0    247   0      0      0      0           05:48              0
100    247   0    247   0      0      0      0           05:49              0
100    247   0    247   0      0      0      0           05:50              0
100    247   0    247   0      0      0      0           05:51              0
100    247   0    247   0      0      0      0           05:52              0
100    247   0    247   0      0      0      0           05:54              0
:heartbeat

100    247   0    247   0      0      0      0           05:55              0
100    259   0    259   0      0      0      0           05:56              2
100    259   0    259   0      0      0      0           05:57              2
100    259   0    259   0      0      0      0           05:58              2
100    259   0    259   0      0      0      0           05:59              2
100    259   0    259   0      0      0      0           06:00              2
100    259   0    259   0      0      0      0           06:01              0
100    259   0    259   0      0      0      0           06:02              0
100    259   0    259   0      0      0      0           06:03              0
100    259   0    259   0      0      0      0           06:04              0
100    259   0    259   0      0      0      0           06:05              0
100    259   0    259   0      0      0      0           06:06              0
100    259   0    259   0      0      0      0           06:07              0
100    259   0    259   0      0      0      0           06:08              0
100    259   0    259   0      0      0      0           06:09              0
100    259   0    259   0      0      0      0           06:10              0
100    259   0    259   0      0      0      0           06:11              0
100    259   0    259   0      0      0      0           06:12              0
100    259   0    259   0      0      0      0           06:13              0
100    259   0    259   0      0      0      0           06:14              0
100    259   0    259   0      0      0      0           06:15              0
100    259   0    259   0      0      0      0           06:16              0
100    259   0    259   0      0      0      0           06:17              0
100    259   0    259   0      0      0      0           06:18              0
100    259   0    259   0      0      0      0           06:19              0
100    259   0    259   0      0      0      0           06:20              0
100    259   0    259   0      0      0      0           06:21              0
100    259   0    259   0      0      0      0           06:22              0
100    259   0    259   0      0      0      0           06:24              0
:heartbeat

100    259   0    259   0      0      0      0           06:25              0
event:RESERVATION_STATUS_CHANGED
data:{"resourceId":41,"merchantId":9,"pondId":1,"status":"预约取消","message":"预约已取消"}

event:DASHBOARD_REFRESH
data:{"resourceId":null,"merchantId":9,"pondId":1,"status":null,"message":null}

100    271   0    271   0      0      0      0           06:26              2
100    511   0    511   0      0      1      0           06:28             40
100    511   0    511   0      0      1      0           06:29             40
100    511   0    511   0      0      1      0           06:30             40
100    511   0    511   0      0      1      0           06:31             40
100    511   0    511   0      0      1      0           06:32             43
100    511   0    511   0      0      1      0           06:33              0
100    511   0    511   0      0      1      0           06:34              0
100    511   0    511   0      0      1      0           06:35              0
100    511   0    511   0      0      1      0           06:36              0
100    511   0    511   0      0      1      0           06:37              0
100    511   0    511   0      0      1      0           06:38              0
100    511   0    511   0      0      1      0           06:39              0
100    511   0    511   0      0      1      0           06:40              0
100    511   0    511   0      0      1      0           06:41              0
100    511   0    511   0      0      1      0           06:42              0
100    511   0    511   0      0      1      0           06:43              0
100    511   0    511   0      0      1      0           06:44              0
100    511   0    511   0      0      1      0           06:45              0
100    511   0    511   0      0      1      0           06:46              0
100    511   0    511   0      0      1      0           06:47              0
100    511   0    511   0      0      1      0           06:48              0
100    511   0    511   0      0      1      0           06:49              0
100    511   0    511   0      0      1      0           06:50              0
100    511   0    511   0      0      1      0           06:51              0
100    511   0    511   0      0      1      0           06:52              0
100    511   0    511   0      0      1      0           06:53              0
100    511   0    511   0      0      1      0           06:54              0
:heartbeat

100    511   0    511   0      0      1      0           06:55              0
100    523   0    523   0      0      1      0           06:56              2
100    523   0    523   0      0      1      0           06:57              2
100    523   0    523   0      0      1      0           06:58              2
100    523   0    523   0      0      1      0           06:59              2
100    523   0    523   0      0      1      0           07:00              2
100    523   0    523   0      0      1      0           07:01              0
100    523   0    523   0      0      1      0           07:02              0
100    523   0    523   0      0      1      0           07:03              0
100    523   0    523   0      0      1      0           07:04              0
100    523   0    523   0      0      1      0           07:05              0
100    523   0    523   0      0      1      0           07:06              0
100    523   0    523   0      0      1      0           07:07              0
100    523   0    523   0      0      1      0           07:08              0
100    523   0    523   0      0      1      0           07:09              0
100    523   0    523   0      0      1      0           07:10              0
100    523   0    523   0      0      1      0           07:11              0
100    523   0    523   0      0      1      0           07:12              0
100    523   0    523   0      0      1      0           07:13              0
100    523   0    523   0      0      1      0           07:14              0
100    523   0    523   0      0      1      0           07:15              0
100    523   0    523   0      0      1      0           07:16              0
100    523   0    523   0      0      1      0           07:17              0
100    523   0    523   0      0      1      0           07:18              0
100    523   0    523   0      0      1      0           07:19              0
100    523   0    523   0      0      1      0           07:20              0
100    523   0    523   0      0      1      0           07:21              0
100    523   0    523   0      0      1      0           07:22              0
100    523   0    523   0      0      1      0           07:23              0
:heartbeat

100    523   0    523   0      0      1      0           07:24              0
100    535   0    535   0      0      1      0           07:26              2
100    535   0    535   0      0      1      0           07:27              2
100    535   0    535   0      0      1      0           07:28              2
100    535   0    535   0      0      1      0           07:29              2
100    535   0    535   0      0      1      0           07:30              2
100    535   0    535   0      0      1      0           07:31              0
100    535   0    535   0      0      1      0           07:32              0
100    535   0    535   0      0      1      0           07:33              0
100    535   0    535   0      0      1      0           07:34              0
100    535   0    535   0      0      1      0           07:35              0
100    535   0    535   0      0      1      0           07:36              0
100    535   0    535   0      0      1      0           07:37              0
100    535   0    535   0      0      1      0           07:38              0
100    535   0    535   0      0      1      0           07:39              0
100    535   0    535   0      0      1      0           07:40              0
100    535   0    535   0      0      1      0           07:41              0
100    535   0    535   0      0      1      0           07:42              0
100    535   0    535   0      0      1      0           07:43              0
100    535   0    535   0      0      1      0           07:44              0
100    535   0    535   0      0      1      0           07:45              0
100    535   0    535   0      0      1      0           07:46              0
100    535   0    535   0      0      1      0           07:47              0
100    535   0    535   0      0      1      0           07:48              0
100    535   0    535   0      0      1      0           07:49              0
100    535   0    535   0      0      1      0           07:50              0
100    535   0    535   0      0      1      0           07:51              0
100    535   0    535   0      0      1      0           07:52              0
100    535   0    535   0      0      1      0           07:53              0
:heartbeat

100    535   0    535   0      0      1      0           07:54              0
100    547   0    547   0      0      1      0           07:56              2
100    547   0    547   0      0      1      0           07:57              2
100    547   0    547   0      0      1      0           07:58              2
100    547   0    547   0      0      1      0           07:59              2
100    547   0    547   0      0      1      0           08:00              2
100    547   0    547   0      0      1      0           08:01              0
100    547   0    547   0      0      1      0           08:02              0
100    547   0    547   0      0      1      0           08:03              0
100    547   0    547   0      0      1      0           08:04              0
100    547   0    547   0      0      1      0           08:05              0
100    547   0    547   0      0      1      0           08:06              0
100    547   0    547   0      0      1      0           08:07              0
100    547   0    547   0      0      1      0           08:08              0
100    547   0    547   0      0      1      0           08:09              0
100    547   0    547   0      0      1      0           08:10              0
100    547   0    547   0      0      1      0           08:11              0
100    547   0    547   0      0      1      0           08:12              0
100    547   0    547   0      0      1      0           08:13              0
100    547   0    547   0      0      1      0           08:14              0
100    547   0    547   0      0      1      0           08:15              0
100    547   0    547   0      0      1      0           08:16              0
100    547   0    547   0      0      1      0           08:17              0
100    547   0    547   0      0      1      0           08:18              0
100    547   0    547   0      0      1      0           08:19              0
100    547   0    547   0      0      1      0           08:20              0
100    547   0    547   0      0      1      0           08:21              0
100    547   0    547   0      0      1      0           08:22              0
100    547   0    547   0      0      1      0           08:23              0
:heartbeat

100    547   0    547   0      0      1      0           08:24              0
100    559   0    559   0      0      1      0           08:26              2
100    559   0    559   0      0      1      0           08:27              2
100    559   0    559   0      0      1      0           08:28              2
100    559   0    559   0      0      1      0           08:29              2
100    559   0    559   0      0      1      0           08:30              2
100    559   0    559   0      0      1      0           08:31              0
100    559   0    559   0      0      1      0           08:32              0
100    559   0    559   0      0      1      0           08:33              0
100    559   0    559   0      0      1      0           08:34              0
100    559   0    559   0      0      1      0           08:35              0
100    559   0    559   0      0      1      0           08:36              0
100    559   0    559   0      0      1      0           08:37              0
100    559   0    559   0      0      1      0           08:38              0
100    559   0    559   0      0      1      0           08:39              0
100    559   0    559   0      0      1      0           08:40              0
100    559   0    559   0      0      1      0           08:41              0
100    559   0    559   0      0      1      0           08:42              0
100    559   0    559   0      0      1      0           08:43              0
100    559   0    559   0      0      1      0           08:44              0
100    559   0    559   0      0      1      0           08:45              0
100    559   0    559   0      0      1      0           08:46              0
100    559   0    559   0      0      1      0           08:47              0
100    559   0    559   0      0      1      0           08:48              0
100    559   0    559   0      0      1      0           08:49              0
100    559   0    559   0      0      1      0           08:50              0
100    559   0    559   0      0      1      0           08:51              0
100    559   0    559   0      0      1      0           08:52              0
100    559   0    559   0      0      1      0           08:53              0
:heartbeat

100    559   0    559   0      0      1      0           08:54              0
100    571   0    571   0      0      1      0           08:56              2
100    571   0    571   0      0      1      0           08:57              2
100    571   0    571   0      0      1      0           08:58              2
100    571   0    571   0      0      1      0           08:59              2
100    571   0    571   0      0      1      0           09:00              2
100    571   0    571   0      0      1      0           09:01              0
100    571   0    571   0      0      1      0           09:02              0
100    571   0    571   0      0      1      0           09:03              0
100    571   0    571   0      0      1      0           09:04              0
100    571   0    571   0      0      1      0           09:05              0
100    571   0    571   0      0      1      0           09:06              0
100    571   0    571   0      0      1      0           09:07              0
100    571   0    571   0      0      1      0           09:08              0
100    571   0    571   0      0      1      0           09:09              0
100    571   0    571   0      0      1      0           09:10              0
100    571   0    571   0      0      1      0           09:11              0
100    571   0    571   0      0      1      0           09:12              0
100    571   0    571   0      0      1      0           09:13              0
100    571   0    571   0      0      1      0           09:14              0
100    571   0    571   0      0      1      0           09:15              0
100    571   0    571   0      0      1      0           09:16              0
100    571   0    571   0      0      1      0           09:17              0
100    571   0    571   0      0      1      0           09:18              0
100    571   0    571   0      0      1      0           09:19              0
100    571   0    571   0      0      1      0           09:20              0
100    571   0    571   0      0      1      0           09:21              0
100    571   0    571   0      0      1      0           09:22              0
100    571   0    571   0      0      1      0           09:23              0
:heartbeat

100    571   0    571   0      0      1      0           09:24              0
100    583   0    583   0      0      1      0           09:26              2
100    583   0    583   0      0      1      0           09:27              2
100    583   0    583   0      0      1      0           09:28              2
100    583   0    583   0      0      1      0           09:29              2
100    583   0    583   0      0      1      0           09:30              2
100    583   0    583   0      0      1      0           09:31              0
100    583   0    583   0      0      1      0           09:32              0
100    583   0    583   0      0      1      0           09:33              0
100    583   0    583   0      0      1      0           09:34              0
100    583   0    583   0      0      1      0           09:35              0
100    583   0    583   0      0      1      0           09:36              0
100    583   0    583   0      0      1      0           09:37              0
100    583   0    583   0      0      1      0           09:38              0
100    583   0    583   0      0      1      0           09:39              0
100    583   0    583   0      0      1      0           09:40              0
100    583   0    583   0      0      1      0           09:41              0
100    583   0    583   0      0      1      0           09:42              0
100    583   0    583   0      0      0      0           09:43              0
100    583   0    583   0      0      0      0           09:44              0
100    583   0    583   0      0      0      0           09:45              0
100    583   0    583   0      0      0      0           09:46              0
100    583   0    583   0      0      0      0           09:47              0
100    583   0    583   0      0      0      0           09:48              0
100    583   0    583   0      0      0      0           09:49              0
100    583   0    583   0      0      0      0           09:50              0
100    583   0    583   0      0      0      0           09:51              0
100    583   0    583   0      0      0      0           09:52              0
100    583   0    583   0      0      0      0           09:53              0
:heartbeat

100    583   0    583   0      0      0      0           09:54              0
100    595   0    595   0      0      0      0           09:56              2
100    595   0    595   0      0      0      0           09:57              2
100    595   0    595   0      0      0      0           09:58              2
100    595   0    595   0      0      0      0           09:59              2
100    595   0    595   0      0      0      0           10:00              2
100    595   0    595   0      0      0      0           10:01              0
100    595   0    595   0      0      0      0           10:02              0
100    595   0    595   0      0      0      0           10:03              0
100    595   0    595   0      0      0      0           10:04              0
100    595   0    595   0      0      0      0           10:05              0
100    595   0    595   0      0      0      0           10:06              0
100    595   0    595   0      0      0      0           10:07              0
100    595   0    595   0      0      0      0           10:08              0
100    595   0    595   0      0      0      0           10:09              0
100    595   0    595   0      0      0      0           10:10              0
100    595   0    595   0      0      0      0           10:11              0
100    595   0    595   0      0      0      0           10:12              0
100    595   0    595   0      0      0      0           10:13              0
100    595   0    595   0      0      0      0           10:14              0
100    595   0    595   0      0      0      0           10:15              0
100    595   0    595   0      0      0      0           10:16              0
100    595   0    595   0      0      0      0           10:17              0
100    595   0    595   0      0      0      0           10:18              0
100    595   0    595   0      0      0      0           10:19              0
100    595   0    595   0      0      0      0           10:20              0
100    595   0    595   0      0      0      0           10:21              0
100    595   0    595   0      0      0      0           10:22              0
100    595   0    595   0      0      0      0           10:23              0
:heartbeat

100    595   0    595   0      0      0      0           10:24              0
100    607   0    607   0      0      0      0           10:26              2
100    607   0    607   0      0      0      0           10:27              2
100    607   0    607   0      0      0      0           10:28              2
100    607   0    607   0      0      0      0           10:29              2
100    607   0    607   0      0      0      0           10:30              2
100    607   0    607   0      0      0      0           10:31              0
100    607   0    607   0      0      0      0           10:32              0
100    607   0    607   0      0      0      0           10:33              0
100    607   0    607   0      0      0      0           10:34              0
100    607   0    607   0      0      0      0           10:35              0
100    607   0    607   0      0      0      0           10:36              0
100    607   0    607   0      0      0      0           10:37              0
100    607   0    607   0      0      0      0           10:38              0
100    607   0    607   0      0      0      0           10:39              0
100    607   0    607   0      0      0      0           10:40              0
100    607   0    607   0      0      0      0           10:41              0
100    607   0    607   0      0      0      0           10:42              0
100    607   0    607   0      0      0      0           10:43              0
100    607   0    607   0      0      0      0           10:44              0
100    607   0    607   0      0      0      0           10:45              0
100    607   0    607   0      0      0      0           10:46              0
100    607   0    607   0      0      0      0           10:47              0
100    607   0    607   0      0      0      0           10:48              0
100    607   0    607   0      0      0      0           10:49              0
100    607   0    607   0      0      0      0           10:50              0
100    607   0    607   0      0      0      0           10:51              0
100    607   0    607   0      0      0      0           10:53              0
100    607   0    607   0      0      0      0           10:54              0
:heartbeat

100    607   0    607   0      0      0      0           10:55              0
100    619   0    619   0      0      0      0           10:56              2
100    619   0    619   0      0      0      0           10:57              2
100    619   0    619   0      0      0      0           10:58              2
100    619   0    619   0      0      0      0           10:59              2
100    619   0    619   0      0      0      0           11:00              2
100    619   0    619   0      0      0      0           11:01              0
100    619   0    619   0      0      0      0           11:02              0
100    619   0    619   0      0      0      0           11:03              0
100    619   0    619   0      0      0      0           11:04              0
100    619   0    619   0      0      0      0           11:05              0
100    619   0    619   0      0      0      0           11:06              0
100    619   0    619   0      0      0      0           11:07              0
100    619   0    619   0      0      0      0           11:08              0
100    619   0    619   0      0      0      0           11:09              0
100    619   0    619   0      0      0      0           11:10              0
100    619   0    619   0      0      0      0           11:11              0
100    619   0    619   0      0      0      0           11:12              0
100    619   0    619   0      0      0      0           11:13              0
100    619   0    619   0      0      0      0           11:14              0
100    619   0    619   0      0      0      0           11:15              0
100    619   0    619   0      0      0      0           11:16              0
100    619   0    619   0      0      0      0           11:17              0
100    619   0    619   0      0      0      0           11:18              0
100    619   0    619   0      0      0      0           11:19              0
100    619   0    619   0      0      0      0           11:20              0
100    619   0    619   0      0      0      0           11:21              0
100    619   0    619   0      0      0      0           11:22              0
100    619   0    619   0      0      0      0           11:23              0
:heartbeat

100    619   0    619   0      0      0      0           11:25              0
100    631   0    631   0      0      0      0           11:26              2
100    631   0    631   0      0      0      0           11:27              2
100    631   0    631   0      0      0      0           11:28              2
100    631   0    631   0      0      0      0           11:29              2
100    631   0    631   0      0      0      0           11:30              2
100    631   0    631   0      0      0      0           11:31              0
100    631   0    631   0      0      0      0           11:32              0
100    631   0    631   0      0      0      0           11:33              0
100    631   0    631   0      0      0      0           11:34              0
100    631   0    631   0      0      0      0           11:35              0
100    631   0    631   0      0      0      0           11:36              0
100    631   0    631   0      0      0      0           11:37              0
100    631   0    631   0      0      0      0           11:38              0
100    631   0    631   0      0      0      0           11:39              0
100    631   0    631   0      0      0      0           11:40              0
100    631   0    631   0      0      0      0           11:41              0
100    631   0    631   0      0      0      0           11:42              0
100    631   0    631   0      0      0      0           11:43              0
100    631   0    631   0      0      0      0           11:44              0
100    631   0    631   0      0      0      0           11:45              0
100    631   0    631   0      0      0      0           11:46              0
100    631   0    631   0      0      0      0           11:47              0
100    631   0    631   0      0      0      0           11:48              0
100    631   0    631   0      0      0      0           11:49              0
100    631   0    631   0      0      0      0           11:50              0
100    631   0    631   0      0      0      0           11:51              0
100    631   0    631   0      0      0      0           11:52              0
100    631   0    631   0      0      0      0           11:53              0
:heartbeat

100    631   0    631   0      0      0      0           11:54              0
100    643   0    643   0      0      0      0           11:56              2
100    643   0    643   0      0      0      0           11:57              2
100    643   0    643   0      0      0      0           11:58              2
100    643   0    643   0      0      0      0           11:59              2
100    643   0    643   0      0      0      0           12:00              2
100    643   0    643   0      0      0      0           12:01              0
100    643   0    643   0      0      0      0           12:02              0
100    643   0    643   0      0      0      0           12:03              0
100    643   0    643   0      0      0      0           12:04              0
100    643   0    643   0      0      0      0           12:05              0
100    643   0    643   0      0      0      0           12:06              0
100    643   0    643   0      0      0      0           12:07              0
100    643   0    643   0      0      0      0           12:08              0
100    643   0    643   0      0      0      0           12:09              0
100    643   0    643   0      0      0      0           12:10              0
100    643   0    643   0      0      0      0           12:11              0
100    643   0    643   0      0      0      0           12:12              0
100    643   0    643   0      0      0      0           12:13              0
100    643   0    643   0      0      0      0           12:14              0
100    643   0    643   0      0      0      0           12:15              0
100    643   0    643   0      0      0      0           12:16              0
100    643   0    643   0      0      0      0           12:17              0
100    643   0    643   0      0      0      0           12:18              0
100    643   0    643   0      0      0      0           12:19              0
100    643   0    643   0      0      0      0           12:20              0
100    643   0    643   0      0      0      0           12:21              0
100    643   0    643   0      0      0      0           12:22              0
100    643   0    643   0      0      0      0           12:23              0
:heartbeat

100    643   0    643   0      0      0      0           12:24              0
100    655   0    655   0      0      0      0           12:26              2
100    655   0    655   0      0      0      0           12:27              2
100    655   0    655   0      0      0      0           12:28              2
100    655   0    655   0      0      0      0           12:29              2
100    655   0    655   0      0      0      0           12:30              2
100    655   0    655   0      0      0      0           12:31              0
100    655   0    655   0      0      0      0           12:32              0
100    655   0    655   0      0      0      0           12:33              0
100    655   0    655   0      0      0      0           12:34              0
100    655   0    655   0      0      0      0           12:35              0
100    655   0    655   0      0      0      0           12:36              0
100    655   0    655   0      0      0      0           12:37              0
100    655   0    655   0      0      0      0           12:38              0
100    655   0    655   0      0      0      0           12:39              0
100    655   0    655   0      0      0      0           12:40              0
100    655   0    655   0      0      0      0           12:41              0
100    655   0    655   0      0      0      0           12:42              0
100    655   0    655   0      0      0      0           12:43              0
100    655   0    655   0      0      0      0           12:44              0
100    655   0    655   0      0      0      0           12:45              0
100    655   0    655   0      0      0      0           12:46              0
100    655   0    655   0      0      0      0           12:47              0
100    655   0    655   0      0      0      0           12:48              0
100    655   0    655   0      0      0      0           12:49              0
100    655   0    655   0      0      0      0           12:50              0
100    655   0    655   0      0      0      0           12:51              0
100    655   0    655   0      0      0      0           12:52              0
100    655   0    655   0      0      0      0           12:53              0
:heartbeat

100    655   0    655   0      0      0      0           12:54              0
100    667   0    667   0      0      0      0           12:56              2
100    667   0    667   0      0      0      0           12:57              2
100    667   0    667   0      0      0      0           12:58              2
100    667   0    667   0      0      0      0           12:59              2
100    667   0    667   0      0      0      0           13:00              2
100    667   0    667   0      0      0      0           13:01              0
100    667   0    667   0      0      0      0           13:02              0
100    667   0    667   0      0      0      0           13:03              0
100    667   0    667   0      0      0      0           13:04              0
100    667   0    667   0      0      0      0           13:05              0
100    667   0    667   0      0      0      0           13:06              0
100    667   0    667   0      0      0      0           13:07              0
100    667   0    667   0      0      0      0           13:08              0
100    667   0    667   0      0      0      0           13:09              0
100    667   0    667   0      0      0      0           13:10              0
100    667   0    667   0      0      0      0           13:11              0
100    667   0    667   0      0      0      0           13:12              0
100    667   0    667   0      0      0      0           13:13              0
100    667   0    667   0      0      0      0           13:14              0
100    667   0    667   0      0      0      0           13:15              0
100    667   0    667   0      0      0      0           13:16              0
100    667   0    667   0      0      0      0           13:17              0
100    667   0    667   0      0      0      0           13:18              0
100    667   0    667   0      0      0      0           13:19              0
100    667   0    667   0      0      0      0           13:20              0
100    667   0    667   0      0      0      0           13:21              0
100    667   0    667   0      0      0      0           13:22              0
100    667   0    667   0      0      0      0           13:23              0
:heartbeat

100    667   0    667   0      0      0      0           13:25              0
100    679   0    679   0      0      0      0           13:26              2
100    679   0    679   0      0      0      0           13:27              2
100    679   0    679   0      0      0      0           13:28              2
100    679   0    679   0      0      0      0           13:29              2
100    679   0    679   0      0      0      0           13:30              2
100    679   0    679   0      0      0      0           13:31              0
100    679   0    679   0      0      0      0           13:32              0
100    679   0    679   0      0      0      0           13:33              0
100    679   0    679   0      0      0      0           13:34              0
100    679   0    679   0      0      0      0           13:35              0
100    679   0    679   0      0      0      0           13:36              0
100    679   0    679   0      0      0      0           13:37              0
100    679   0    679   0      0      0      0           13:38              0
100    679   0    679   0      0      0      0           13:39              0
100    679   0    679   0      0      0      0           13:40              0
100    679   0    679   0      0      0      0           13:41              0
100    679   0    679   0      0      0      0           13:42              0
100    679   0    679   0      0      0      0           13:43              0
100    679   0    679   0      0      0      0           13:44              0
100    679   0    679   0      0      0      0           13:45              0
100    679   0    679   0      0      0      0           13:46              0
100    679   0    679   0      0      0      0           13:47              0
100    679   0    679   0      0      0      0           13:48              0
100    679   0    679   0      0      0      0           13:49              0
100    679   0    679   0      0      0      0           13:50              0
100    679   0    679   0      0      0      0           13:51              0
100    679   0    679   0      0      0      0           13:52              0
100    679   0    679   0      0      0      0           13:53              0
:heartbeat

100    679   0    679   0      0      0      0           13:55              0
100    691   0    691   0      0      0      0           13:56              2
100    691   0    691   0      0      0      0           13:57              2
100    691   0    691   0      0      0      0           13:58              2
100    691   0    691   0      0      0      0           13:59              2
100    691   0    691   0      0      0      0           14:00              2
100    691   0    691   0      0      0      0           14:01              0
100    691   0    691   0      0      0      0           14:02              0
100    691   0    691   0      0      0      0           14:03              0
100    691   0    691   0      0      0      0           14:04              0
100    691   0    691   0      0      0      0           14:05              0
100    691   0    691   0      0      0      0           14:06              0
100    691   0    691   0      0      0      0           14:07              0
100    691   0    691   0      0      0      0           14:08              0
100    691   0    691   0      0      0      0           14:09              0
100    691   0    691   0      0      0      0           14:10              0
100    691   0    691   0      0      0      0           14:11              0
100    691   0    691   0      0      0      0           14:12              0
100    691   0    691   0      0      0      0           14:13              0
100    691   0    691   0      0      0      0           14:14              0
100    691   0    691   0      0      0      0           14:15              0
100    691   0    691   0      0      0      0           14:16              0
100    691   0    691   0      0      0      0           14:17              0
100    691   0    691   0      0      0      0           14:18              0
100    691   0    691   0      0      0      0           14:19              0
100    691   0    691   0      0      0      0           14:20              0
100    691   0    691   0      0      0      0           14:21              0
100    691   0    691   0      0      0      0           14:23              0
100    691   0    691   0      0      0      0           14:24              0
:heartbeat

100    691   0    691   0      0      0      0           14:25              0
100    703   0    703   0      0      0      0           14:26              2
100    703   0    703   0      0      0      0           14:27              2
100    703   0    703   0      0      0      0           14:28              2
100    703   0    703   0      0      0      0           14:29              2
100    703   0    703   0      0      0      0           14:30              2
100    703   0    703   0      0      0      0           14:31              0
100    703   0    703   0      0      0      0           14:32              0
100    703   0    703   0      0      0      0           14:33              0
100    703   0    703   0      0      0      0           14:34              0
100    703   0    703   0      0      0      0           14:35              0
100    703   0    703   0      0      0      0           14:36              0
100    703   0    703   0      0      0      0           14:37              0
100    703   0    703   0      0      0      0           14:38              0
100    703   0    703   0      0      0      0           14:39              0
100    703   0    703   0      0      0      0           14:40              0
100    703   0    703   0      0      0      0           14:41              0
100    703   0    703   0      0      0      0           14:42              0
100    703   0    703   0      0      0      0           14:43              0
100    703   0    703   0      0      0      0           14:44              0
100    703   0    703   0      0      0      0           14:45              0
100    703   0    703   0      0      0      0           14:46              0
100    703   0    703   0      0      0      0           14:47              0
100    703   0    703   0      0      0      0           14:48              0
100    703   0    703   0      0      0      0           14:49              0
100    703   0    703   0      0      0      0           14:50              0
100    703   0    703   0      0      0      0           14:51              0
100    703   0    703   0      0      0      0           14:52              0
100    703   0    703   0      0      0      0           14:53              0
:heartbeat

100    703   0    703   0      0      0      0           14:55              0
100    715   0    715   0      0      0      0           14:56              2
100    715   0    715   0      0      0      0           14:57              2
100    715   0    715   0      0      0      0           14:58              2
100    715   0    715   0      0      0      0           14:59              2
100    715   0    715   0      0      0      0           15:00              2
100    715   0    715   0      0      0      0           15:01              0
100    715   0    715   0      0      0      0           15:02              0
100    715   0    715   0      0      0      0           15:03              0
100    715   0    715   0      0      0      0           15:04              0
100    715   0    715   0      0      0      0           15:05              0
100    715   0    715   0      0      0      0           15:06              0
100    715   0    715   0      0      0      0           15:07              0
100    715   0    715   0      0      0      0           15:08              0
100    715   0    715   0      0      0      0           15:09              0
100    715   0    715   0      0      0      0           15:10              0
100    715   0    715   0      0      0      0           15:11              0
100    715   0    715   0      0      0      0           15:12              0
100    715   0    715   0      0      0      0           15:13              0
100    715   0    715   0      0      0      0           15:14              0
100    715   0    715   0      0      0      0           15:15              0
100    715   0    715   0      0      0      0           15:16              0
100    715   0    715   0      0      0      0           15:17              0
100    715   0    715   0      0      0      0           15:18              0
100    715   0    715   0      0      0      0           15:19              0
100    715   0    715   0      0      0      0           15:20              0
100    715   0    715   0      0      0      0           15:21              0
100    715   0    715   0      0      0      0           15:22              0
100    715   0    715   0      0      0      0           15:23              0
:heartbeat

100    715   0    715   0      0      0      0           15:24              0
100    727   0    727   0      0      0      0           15:26              2
100    727   0    727   0      0      0      0           15:27              2
100    727   0    727   0      0      0      0           15:28              2
100    727   0    727   0      0      0      0           15:29              2
100    727   0    727   0      0      0      0           15:30              2
100    727   0    727   0      0      0      0           15:31              0
100    727   0    727   0      0      0      0           15:32              0
100    727   0    727   0      0      0      0           15:33              0
100    727   0    727   0      0      0      0           15:34              0
100    727   0    727   0      0      0      0           15:35              0
100    727   0    727   0      0      0      0           15:36              0
100    727   0    727   0      0      0      0           15:37              0
100    727   0    727   0      0      0      0           15:38              0
100    727   0    727   0      0      0      0           15:39              0
100    727   0    727   0      0      0      0           15:40              0
100    727   0    727   0      0      0      0           15:41              0
100    727   0    727   0      0      0      0           15:42              0
100    727   0    727   0      0      0      0           15:43              0
100    727   0    727   0      0      0      0           15:44              0
100    727   0    727   0      0      0      0           15:45              0
100    727   0    727   0      0      0      0           15:46              0
100    727   0    727   0      0      0      0           15:47              0
100    727   0    727   0      0      0      0           15:48              0
100    727   0    727   0      0      0      0           15:49              0
100    727   0    727   0      0      0      0           15:50              0
100    727   0    727   0      0      0      0           15:51              0
100    727   0    727   0      0      0      0           15:52              0
100    727   0    727   0      0      0      0           15:53              0
:heartbeat

100    727   0    727   0      0      0      0           15:54              0
100    739   0    739   0      0      0      0           15:56              2
100    739   0    739   0      0      0      0           15:57              2
100    739   0    739   0      0      0      0           15:58              2
100    739   0    739   0      0      0      0           15:59              2
100    739   0    739   0      0      0      0           16:00              2
100    739   0    739   0      0      0      0           16:01              0
100    739   0    739   0      0      0      0           16:02              0
100    739   0    739   0      0      0      0           16:03              0
100    739   0    739   0      0      0      0           16:04              0
100    739   0    739   0      0      0      0           16:05              0
100    739   0    739   0      0      0      0           16:06              0
100    739   0    739   0      0      0      0           16:07              0
100    739   0    739   0      0      0      0           16:08              0
100    739   0    739   0      0      0      0           16:09              0
100    739   0    739   0      0      0      0           16:10              0
100    739   0    739   0      0      0      0           16:11              0
100    739   0    739   0      0      0      0           16:12              0
100    739   0    739   0      0      0      0           16:13              0
100    739   0    739   0      0      0      0           16:14              0
100    739   0    739   0      0      0      0           16:15              0
100    739   0    739   0      0      0      0           16:16              0
100    739   0    739   0      0      0      0           16:17              0
100    739   0    739   0      0      0      0           16:18              0
100    739   0    739   0      0      0      0           16:19              0
100    739   0    739   0      0      0      0           16:20              0
100    739   0    739   0      0      0      0           16:22              0
100    739   0    739   0      0      0      0           16:23              0
100    739   0    739   0      0      0      0           16:24              0
:heartbeat

100    739   0    739   0      0      0      0           16:25              0
100    751   0    751   0      0      0      0           16:26              2
100    751   0    751   0      0      0      0           16:27              2
100    751   0    751   0      0      0      0           16:28              2
100    751   0    751   0      0      0      0           16:29              2
100    751   0    751   0      0      0      0           16:30              2
100    751   0    751   0      0      0      0           16:31              0
100    751   0    751   0      0      0      0           16:32              0
100    751   0    751   0      0      0      0           16:33              0
100    751   0    751   0      0      0      0           16:34              0
100    751   0    751   0      0      0      0           16:35              0
100    751   0    751   0      0      0      0           16:36              0
100    751   0    751   0      0      0      0           16:37              0
100    751   0    751   0      0      0      0           16:38              0
100    751   0    751   0      0      0      0           16:39              0
100    751   0    751   0      0      0      0           16:40              0
100    751   0    751   0      0      0      0           16:41              0
100    751   0    751   0      0      0      0           16:42              0
100    751   0    751   0      0      0      0           16:43              0
100    751   0    751   0      0      0      0           16:44              0
100    751   0    751   0      0      0      0           16:45              0
100    751   0    751   0      0      0      0           16:46              0
100    751   0    751   0      0      0      0           16:47              0
100    751   0    751   0      0      0      0           16:48              0
100    751   0    751   0      0      0      0           16:49              0
100    751   0    751   0      0      0      0           16:50              0
100    751   0    751   0      0      0      0           16:51              0
100    751   0    751   0      0      0      0           16:52              0
100    751   0    751   0      0      0      0           16:54              0
:heartbeat

100    751   0    751   0      0      0      0           16:55              0
100    763   0    763   0      0      0      0           16:56              2
100    763   0    763   0      0      0      0           16:57              2
100    763   0    763   0      0      0      0           16:58              2
100    763   0    763   0      0      0      0           16:59              2
100    763   0    763   0      0      0      0           17:00              2
100    763   0    763   0      0      0      0           17:01              0
100    763   0    763   0      0      0      0           17:02              0
100    763   0    763   0      0      0      0           17:03              0
100    763   0    763   0      0      0      0           17:04              0
100    763   0    763   0      0      0      0           17:05              0
100    763   0    763   0      0      0      0           17:06              0
100    763   0    763   0      0      0      0           17:07              0
100    763   0    763   0      0      0      0           17:08              0
100    763   0    763   0      0      0      0           17:09              0
100    763   0    763   0      0      0      0           17:10              0
100    763   0    763   0      0      0      0           17:11              0
100    763   0    763   0      0      0      0           17:12              0
100    763   0    763   0      0      0      0           17:13              0
100    763   0    763   0      0      0      0           17:14              0
100    763   0    763   0      0      0      0           17:15              0
100    763   0    763   0      0      0      0           17:16              0
100    763   0    763   0      0      0      0           17:17              0
100    763   0    763   0      0      0      0           17:18              0
100    763   0    763   0      0      0      0           17:20              0
100    763   0    763   0      0      0      0           17:21              0
100    763   0    763   0      0      0      0           17:22              0
100    763   0    763   0      0      0      0           17:23              0
100    763   0    763   0      0      0      0           17:24              0
:heartbeat

100    763   0    763   0      0      0      0           17:25              0
100    775   0    775   0      0      0      0           17:26              2
100    775   0    775   0      0      0      0           17:27              2
100    775   0    775   0      0      0      0           17:28              2
100    775   0    775   0      0      0      0           17:29              2
100    775   0    775   0      0      0      0           17:30              2
100    775   0    775   0      0      0      0           17:31              0
100    775   0    775   0      0      0      0           17:32              0
100    775   0    775   0      0      0      0           17:33              0
100    775   0    775   0      0      0      0           17:34              0
100    775   0    775   0      0      0      0           17:35              0
100    775   0    775   0      0      0      0           17:36              0
100    775   0    775   0      0      0      0           17:37              0
100    775   0    775   0      0      0      0           17:38              0
100    775   0    775   0      0      0      0           17:39              0
100    775   0    775   0      0      0      0           17:40              0
100    775   0    775   0      0      0      0           17:41              0
100    775   0    775   0      0      0      0           17:42              0
100    775   0    775   0      0      0      0           17:43              0
100    775   0    775   0      0      0      0           17:44              0
100    775   0    775   0      0      0      0           17:45              0
100    775   0    775   0      0      0      0           17:46              0
100    775   0    775   0      0      0      0           17:47              0
100    775   0    775   0      0      0      0           17:48              0
100    775   0    775   0      0      0      0           17:49              0
100    775   0    775   0      0      0      0           17:50              0
100    775   0    775   0      0      0      0           17:51              0
100    775   0    775   0      0      0      0           17:52              0
100    775   0    775   0      0      0      0           17:53              0
:heartbeat

100    775   0    775   0      0      0      0           17:55              0
100    787   0    787   0      0      0      0           17:56              2
100    787   0    787   0      0      0      0           17:57              2
100    787   0    787   0      0      0      0           17:58              2
100    787   0    787   0      0      0      0           17:59              2
100    787   0    787   0      0      0      0           18:00              2
100    787   0    787   0      0      0      0           18:01              0
100    787   0    787   0      0      0      0           18:02              0
100    787   0    787   0      0      0      0           18:03              0
100    787   0    787   0      0      0      0           18:04              0
100    787   0    787   0      0      0      0           18:05              0
100    787   0    787   0      0      0      0           18:06              0
event:RESERVATION_CREATED
data:{"resourceId":43,"merchantId":9,"pondId":1,"status":"已抽号","message":"新预约"}

event:DASHBOARD_REFRESH
data:{"resourceId":null,"merchantId":9,"pondId":1,"status":null,"message":null}

100    787   0    787   0      0      0      0           18:07              0
100   1011   0   1011   0      0      0      0           18:09             41
100   1011   0   1011   0      0      0      0           18:10             41
100   1011   0   1011   0      0      0      0           18:11             41
100   1011   0   1011   0      0      0      0           18:12             41
100   1011   0   1011   0      0      0      0           18:13             41
100   1011   0   1011   0      0      0      0           18:14              0
100   1011   0   1011   0      0      0      0           18:15              0
100   1011   0   1011   0      0      0      0           18:16              0
100   1011   0   1011   0      0      0      0           18:17              0
100   1011   0   1011   0      0      0      0           18:18              0
100   1011   0   1011   0      0      0      0           18:19              0
100   1011   0   1011   0      0      0      0           18:20              0
100   1011   0   1011   0      0      0      0           18:21              0
100   1011   0   1011   0      0      0      0           18:22              0
100   1011   0   1011   0      0      0      0           18:23              0
100   1011   0   1011   0      0      0      0           18:24              0
:heartbeat

100   1011   0   1011   0      0      0      0           18:25              0
100   1023   0   1023   0      0      0      0           18:26              2
100   1023   0   1023   0      0      0      0           18:27              2
100   1023   0   1023   0      0      0      0           18:28              2
100   1023   0   1023   0      0      0      0           18:29              2
100   1023   0   1023   0      0      0      0           18:30              2
100   1023   0   1023   0      0      0      0           18:31              0
100   1023   0   1023   0      0      0      0           18:32              0
100   1023   0   1023   0      0      0      0           18:33              0
100   1023   0   1023   0      0      0      0           18:34              0
100   1023   0   1023   0      0      0      0           18:35              0
100   1023   0   1023   0      0      0      0           18:36              0
100   1023   0   1023   0      0      0      0           18:37              0
100   1023   0   1023   0      0      0      0           18:38              0
100   1023   0   1023   0      0      0      0           18:39              0
100   1023   0   1023   0      0      0      0           18:40              0
100   1023   0   1023   0      0      0      0           18:41              0
100   1023   0   1023   0      0      0      0           18:42              0
100   1023   0   1023   0      0      0      0           18:43              0
100   1023   0   1023   0      0      0      0           18:44              0
100   1023   0   1023   0      0      0      0           18:45              0
100   1023   0   1023   0      0      0      0           18:46              0
100   1023   0   1023   0      0      0      0           18:47              0
100   1023   0   1023   0      0      0      0           18:48              0
100   1023   0   1023   0      0      0      0           18:49              0
100   1023   0   1023   0      0      0      0           18:50              0
100   1023   0   1023   0      0      0      0           18:51              0
100   1023   0   1023   0      0      0      0           18:53              0
100   1023   0   1023   0      0      0      0           18:54              0
:heartbeat

100   1023   0   1023   0      0      0      0           18:55              0
100   1035   0   1035   0      0      0      0           18:56              2
100   1035   0   1035   0      0      0      0           18:57              2
100   1035   0   1035   0      0      0      0           18:58              2
100   1035   0   1035   0      0      0      0           18:59              2
100   1035   0   1035   0      0      0      0           19:00              2
100   1035   0   1035   0      0      0      0           19:01              0
100   1035   0   1035   0      0      0      0           19:02              0
100   1035   0   1035   0      0      0      0           19:03              0
100   1035   0   1035   0      0      0      0           19:04              0
100   1035   0   1035   0      0      0      0           19:05              0
100   1035   0   1035   0      0      0      0           19:06              0
100   1035   0   1035   0      0      0      0           19:07              0
100   1035   0   1035   0      0      0      0           19:08              0
100   1035   0   1035   0      0      0      0           19:09              0
100   1035   0   1035   0      0      0      0           19:10              0
100   1035   0   1035   0      0      0      0           19:11              0
100   1035   0   1035   0      0      0      0           19:12              0
100   1035   0   1035   0      0      0      0           19:13              0
100   1035   0   1035   0      0      0      0           19:14              0
100   1035   0   1035   0      0      0      0           19:15              0
100   1035   0   1035   0      0      0      0           19:16              0
100   1035   0   1035   0      0      0      0           19:17              0
100   1035   0   1035   0      0      0      0           19:18              0
100   1035   0   1035   0      0      0      0           19:19              0
100   1035   0   1035   0      0      0      0           19:20              0
100   1035   0   1035   0      0      0      0           19:21              0
100   1035   0   1035   0      0      0      0           19:22              0
100   1035   0   1035   0      0      0      0           19:23              0
:heartbeat

100   1035   0   1035   0      0      0      0           19:24              0
100   1047   0   1047   0      0      0      0           19:26              2
100   1047   0   1047   0      0      0      0           19:27              2
100   1047   0   1047   0      0      0      0           19:28              2
100   1047   0   1047   0      0      0      0           19:29              2
100   1047   0   1047   0      0      0      0           19:30              2
100   1047   0   1047   0      0      0      0           19:31              0
100   1047   0   1047   0      0      0      0           19:32              0
100   1047   0   1047   0      0      0      0           19:33              0
100   1047   0   1047   0      0      0      0           19:34              0
100   1047   0   1047   0      0      0      0           19:35              0
100   1047   0   1047   0      0      0      0           19:36              0
100   1047   0   1047   0      0      0      0           19:37              0
100   1047   0   1047   0      0      0      0           19:38              0
100   1047   0   1047   0      0      0      0           19:39              0
100   1047   0   1047   0      0      0      0           19:40              0
100   1047   0   1047   0      0      0      0           19:41              0
100   1047   0   1047   0      0      0      0           19:42              0
100   1047   0   1047   0      0      0      0           19:43              0
100   1047   0   1047   0      0      0      0           19:44              0
100   1047   0   1047   0      0      0      0           19:45              0
100   1047   0   1047   0      0      0      0           19:46              0
100   1047   0   1047   0      0      0      0           19:47              0
100   1047   0   1047   0      0      0      0           19:48              0
100   1047   0   1047   0      0      0      0           19:49              0
100   1047   0   1047   0      0      0      0           19:51              0
100   1047   0   1047   0      0      0      0           19:52              0
100   1047   0   1047   0      0      0      0           19:53              0
100   1047   0   1047   0      0      0      0           19:54              0
:heartbeat

100   1047   0   1047   0      0      0      0           19:55              0
100   1059   0   1059   0      0      0      0           19:56              2
100   1059   0   1059   0      0      0      0           19:57              2
100   1059   0   1059   0      0      0      0           19:58              2
100   1059   0   1059   0      0      0      0           19:59              2
100   1059   0   1059   0      0      0      0           20:00              2
100   1059   0   1059   0      0      0      0           20:01              0
100   1059   0   1059   0      0      0      0           20:02              0
100   1059   0   1059   0      0      0      0           20:03              0
100   1059   0   1059   0      0      0      0           20:04              0
100   1059   0   1059   0      0      0      0           20:05              0
100   1059   0   1059   0      0      0      0           20:06              0
100   1059   0   1059   0      0      0      0           20:07              0
100   1059   0   1059   0      0      0      0           20:08              0
100   1059   0   1059   0      0      0      0           20:09              0
100   1059   0   1059   0      0      0      0           20:10              0
100   1059   0   1059   0      0      0      0           20:11              0
100   1059   0   1059   0      0      0      0           20:12              0
100   1059   0   1059   0      0      0      0           20:13              0
100   1059   0   1059   0      0      0      0           20:14              0
100   1059   0   1059   0      0      0      0           20:15              0
100   1059   0   1059   0      0      0      0           20:16              0
100   1059   0   1059   0      0      0      0           20:17              0
100   1059   0   1059   0      0      0      0           20:18              0
100   1059   0   1059   0      0      0      0           20:19              0
100   1059   0   1059   0      0      0      0           20:20              0
100   1059   0   1059   0      0      0      0           20:21              0
100   1059   0   1059   0      0      0      0           20:22              0
100   1059   0   1059   0      0      0      0           20:23              0
:heartbeat

100   1059   0   1059   0      0      0      0           20:25              0
100   1071   0   1071   0      0      0      0           20:26              2
100   1071   0   1071   0      0      0      0           20:27              2
100   1071   0   1071   0      0      0      0           20:28              2
100   1071   0   1071   0      0      0      0           20:29              2
100   1071   0   1071   0      0      0      0           20:30              2
100   1071   0   1071   0      0      0      0           20:31              0
100   1071   0   1071   0      0      0      0           20:32              0
100   1071   0   1071   0      0      0      0           20:33              0
100   1071   0   1071   0      0      0      0           20:34              0
100   1071   0   1071   0      0      0      0           20:35              0
100   1071   0   1071   0      0      0      0           20:36              0
100   1071   0   1071   0      0      0      0           20:37              0
100   1071   0   1071   0      0      0      0           20:38              0
100   1071   0   1071   0      0      0      0           20:39              0
100   1071   0   1071   0      0      0      0           20:40              0
100   1071   0   1071   0      0      0      0           20:41              0
100   1071   0   1071   0      0      0      0           20:42              0
100   1071   0   1071   0      0      0      0           20:43              0
100   1071   0   1071   0      0      0      0           20:44              0
100   1071   0   1071   0      0      0      0           20:45              0
100   1071   0   1071   0      0      0      0           20:46              0
100   1071   0   1071   0      0      0      0           20:47              0
100   1071   0   1071   0      0      0      0           20:48              0
100   1071   0   1071   0      0      0      0           20:49              0
100   1071   0   1071   0      0      0      0           20:50              0
100   1071   0   1071   0      0      0      0           20:51              0
100   1071   0   1071   0      0      0      0           20:52              0
100   1071   0   1071   0      0      0      0           20:53              0
:heartbeat

100   1071   0   1071   0      0      0      0           20:55              0
100   1083   0   1083   0      0      0      0           20:56              2
100   1083   0   1083   0      0      0      0           20:57              2
100   1083   0   1083   0      0      0      0           20:58              2
100   1083   0   1083   0      0      0      0           20:59              2
100   1083   0   1083   0      0      0      0           21:00              2
100   1083   0   1083   0      0      0      0           21:01              0
100   1083   0   1083   0      0      0      0           21:02              0
100   1083   0   1083   0      0      0      0           21:03              0
100   1083   0   1083   0      0      0      0           21:04              0
100   1083   0   1083   0      0      0      0           21:05              0
100   1083   0   1083   0      0      0      0           21:06              0
100   1083   0   1083   0      0      0      0           21:07              0
100   1083   0   1083   0      0      0      0           21:08              0
100   1083   0   1083   0      0      0      0           21:09              0
100   1083   0   1083   0      0      0      0           21:10              0
100   1083   0   1083   0      0      0      0           21:11              0
100   1083   0   1083   0      0      0      0           21:12              0
100   1083   0   1083   0      0      0      0           21:13              0
100   1083   0   1083   0      0      0      0           21:14              0
100   1083   0   1083   0      0      0      0           21:15              0
100   1083   0   1083   0      0      0      0           21:16              0
100   1083   0   1083   0      0      0      0           21:17              0
100   1083   0   1083   0      0      0      0           21:18              0
100   1083   0   1083   0      0      0      0           21:19              0
100   1083   0   1083   0      0      0      0           21:20              0
100   1083   0   1083   0      0      0      0           21:21              0
100   1083   0   1083   0      0      0      0           21:22              0
100   1083   0   1083   0      0      0      0           21:24              0
:heartbeat

100   1083   0   1083   0      0      0      0           21:25              0
100   1095   0   1095   0      0      0      0           21:26              2
100   1095   0   1095   0      0      0      0           21:27              2
100   1095   0   1095   0      0      0      0           21:28              2
100   1095   0   1095   0      0      0      0           21:29              2
100   1095   0   1095   0      0      0      0           21:30              2
100   1095   0   1095   0      0      0      0           21:31              0
100   1095   0   1095   0      0      0      0           21:32              0
100   1095   0   1095   0      0      0      0           21:33              0
100   1095   0   1095   0      0      0      0           21:34              0
100   1095   0   1095   0      0      0      0           21:35              0
100   1095   0   1095   0      0      0      0           21:36              0
100   1095   0   1095   0      0      0      0           21:37              0
100   1095   0   1095   0      0      0      0           21:38              0
100   1095   0   1095   0      0      0      0           21:39              0
100   1095   0   1095   0      0      0      0           21:40              0
100   1095   0   1095   0      0      0      0           21:41              0
100   1095   0   1095   0      0      0      0           21:42              0
100   1095   0   1095   0      0      0      0           21:43              0
100   1095   0   1095   0      0      0      0           21:44              0
100   1095   0   1095   0      0      0      0           21:45              0
100   1095   0   1095   0      0      0      0           21:46              0
100   1095   0   1095   0      0      0      0           21:47              0
100   1095   0   1095   0      0      0      0           21:48              0
100   1095   0   1095   0      0      0      0           21:49              0
100   1095   0   1095   0      0      0      0           21:50              0
100   1095   0   1095   0      0      0      0           21:51              0
100   1095   0   1095   0      0      0      0           21:52              0
100   1095   0   1095   0      0      0      0           21:53              0
:heartbeat

100   1095   0   1095   0      0      0      0           21:54              0
100   1107   0   1107   0      0      0      0           21:56              2
100   1107   0   1107   0      0      0      0           21:57              2
100   1107   0   1107   0      0      0      0           21:58              2
100   1107   0   1107   0      0      0      0           21:59              2
100   1107   0   1107   0      0      0      0           22:00              2
100   1107   0   1107   0      0      0      0           22:01              0
100   1107   0   1107   0      0      0      0           22:02              0
100   1107   0   1107   0      0      0      0           22:03              0
100   1107   0   1107   0      0      0      0           22:04              0
100   1107   0   1107   0      0      0      0           22:05              0
100   1107   0   1107   0      0      0      0           22:06              0
100   1107   0   1107   0      0      0      0           22:07              0
100   1107   0   1107   0      0      0      0           22:08              0
100   1107   0   1107   0      0      0      0           22:09              0
100   1107   0   1107   0      0      0      0           22:10              0
100   1107   0   1107   0      0      0      0           22:11              0
100   1107   0   1107   0      0      0      0           22:12              0
100   1107   0   1107   0      0      0      0           22:13              0
100   1107   0   1107   0      0      0      0           22:14              0
100   1107   0   1107   0      0      0      0           22:15              0
100   1107   0   1107   0      0      0      0           22:16              0
100   1107   0   1107   0      0      0      0           22:17              0
100   1107   0   1107   0      0      0      0           22:18              0
100   1107   0   1107   0      0      0      0           22:19              0
100   1107   0   1107   0      0      0      0           22:20              0
100   1107   0   1107   0      0      0      0           22:21              0
100   1107   0   1107   0      0      0      0           22:22              0
100   1107   0   1107   0      0      0      0           22:23              0
:heartbeat

100   1107   0   1107   0      0      0      0           22:25              0
100   1119   0   1119   0      0      0      0           22:26              2
100   1119   0   1119   0      0      0      0           22:27              2
100   1119   0   1119   0      0      0      0           22:28              2
100   1119   0   1119   0      0      0      0           22:29              2
100   1119   0   1119   0      0      0      0           22:30              2
100   1119   0   1119   0      0      0      0           22:31              0
100   1119   0   1119   0      0      0      0           22:32              0
100   1119   0   1119   0      0      0      0           22:33              0
100   1119   0   1119   0      0      0      0           22:34              0
100   1119   0   1119   0      0      0      0           22:35              0
100   1119   0   1119   0      0      0      0           22:36              0
100   1119   0   1119   0      0      0      0           22:37              0
100   1119   0   1119   0      0      0      0           22:38              0
100   1119   0   1119   0      0      0      0           22:39              0
100   1119   0   1119   0      0      0      0           22:40              0
100   1119   0   1119   0      0      0      0           22:41              0
100   1119   0   1119   0      0      0      0           22:42              0
100   1119   0   1119   0      0      0      0           22:43              0
100   1119   0   1119   0      0      0      0           22:44              0
100   1119   0   1119   0      0      0      0           22:45              0
100   1119   0   1119   0      0      0      0           22:46              0
100   1119   0   1119   0      0      0      0           22:47              0
100   1119   0   1119   0      0      0      0           22:48              0
100   1119   0   1119   0      0      0      0           22:49              0
100   1119   0   1119   0      0      0      0           22:50              0
100   1119   0   1119   0      0      0      0           22:51              0
100   1119   0   1119   0      0      0      0           22:52              0
100   1119   0   1119   0      0      0      0           22:54              0
:heartbeat

100   1119   0   1119   0      0      0      0           22:55              0
100   1131   0   1131   0      0      0      0           22:56              2
100   1131   0   1131   0      0      0      0           22:57              2
100   1131   0   1131   0      0      0      0           22:58              2
100   1131   0   1131   0      0      0      0           22:59              2
100   1131   0   1131   0      0      0      0           23:00              2
100   1131   0   1131   0      0      0      0           23:01              0
100   1131   0   1131   0      0      0      0           23:02              0
100   1131   0   1131   0      0      0      0           23:03              0
100   1131   0   1131   0      0      0      0           23:04              0
100   1131   0   1131   0      0      0      0           23:05              0
100   1131   0   1131   0      0      0      0           23:06              0
100   1131   0   1131   0      0      0      0           23:07              0
100   1131   0   1131   0      0      0      0           23:08              0
100   1131   0   1131   0      0      0      0           23:09              0
100   1131   0   1131   0      0      0      0           23:10              0
100   1131   0   1131   0      0      0      0           23:11              0
100   1131   0   1131   0      0      0      0           23:12              0
100   1131   0   1131   0      0      0      0           23:13              0
100   1131   0   1131   0      0      0      0           23:14              0
100   1131   0   1131   0      0      0      0           23:15              0
100   1131   0   1131   0      0      0      0           23:16              0
100   1131   0   1131   0      0      0      0           23:17              0
100   1131   0   1131   0      0      0      0           23:18              0
100   1131   0   1131   0      0      0      0           23:19              0
100   1131   0   1131   0      0      0      0           23:20              0
100   1131   0   1131   0      0      0      0           23:21              0
100   1131   0   1131   0      0      0      0           23:22              0
100   1131   0   1131   0      0      0      0           23:23              0
:heartbeat

100   1131   0   1131   0      0      0      0           23:25              0
100   1143   0   1143   0      0      0      0           23:26              2
100   1143   0   1143   0      0      0      0           23:27              2
100   1143   0   1143   0      0      0      0           23:28              2
100   1143   0   1143   0      0      0      0           23:29              2
100   1143   0   1143   0      0      0      0           23:30              2
100   1143   0   1143   0      0      0      0           23:31              0
100   1143   0   1143   0      0      0      0           23:32              0
100   1143   0   1143   0      0      0      0           23:33              0
100   1143   0   1143   0      0      0      0           23:34              0
100   1143   0   1143   0      0      0      0           23:35              0
100   1143   0   1143   0      0      0      0           23:36              0
100   1143   0   1143   0      0      0      0           23:37              0
100   1143   0   1143   0      0      0      0           23:38              0
100   1143   0   1143   0      0      0      0           23:39              0
100   1143   0   1143   0      0      0      0           23:40              0
100   1143   0   1143   0      0      0      0           23:41              0
100   1143   0   1143   0      0      0      0           23:42              0
100   1143   0   1143   0      0      0      0           23:43              0
100   1143   0   1143   0      0      0      0           23:44              0
100   1143   0   1143   0      0      0      0           23:45              0
100   1143   0   1143   0      0      0      0           23:46              0
100   1143   0   1143   0      0      0      0           23:47              0
100   1143   0   1143   0      0      0      0           23:48              0
100   1143   0   1143   0      0      0      0           23:49              0
100   1143   0   1143   0      0      0      0           23:50              0
100   1143   0   1143   0      0      0      0           23:51              0
100   1143   0   1143   0      0      0      0           23:52              0
100   1143   0   1143   0      0      0      0           23:53              0
:heartbeat

100   1143   0   1143   0      0      0      0           23:54              0
100   1155   0   1155   0      0      0      0           23:56              2
100   1155   0   1155   0      0      0      0           23:57              2
100   1155   0   1155   0      0      0      0           23:58              2
100   1155   0   1155   0      0      0      0           23:59              2
100   1155   0   1155   0      0      0      0           24:00              2
100   1155   0   1155   0      0      0      0           24:01              0
100   1155   0   1155   0      0      0      0           24:02              0
100   1155   0   1155   0      0      0      0           24:03              0
100   1155   0   1155   0      0      0      0           24:04              0
100   1155   0   1155   0      0      0      0           24:05              0
100   1155   0   1155   0      0      0      0           24:06              0
100   1155   0   1155   0      0      0      0           24:07              0
100   1155   0   1155   0      0      0      0           24:08              0
100   1155   0   1155   0      0      0      0           24:09              0
100   1155   0   1155   0      0      0      0           24:10              0
100   1155   0   1155   0      0      0      0           24:11              0
100   1155   0   1155   0      0      0      0           24:12              0
100   1155   0   1155   0      0      0      0           24:13              0
100   1155   0   1155   0      0      0      0           24:14              0
100   1155   0   1155   0      0      0      0           24:15              0
100   1155   0   1155   0      0      0      0           24:16              0
100   1155   0   1155   0      0      0      0           24:17              0
100   1155   0   1155   0      0      0      0           24:18              0
100   1155   0   1155   0      0      0      0           24:19              0
100   1155   0   1155   0      0      0      0           24:20              0
100   1155   0   1155   0      0      0      0           24:21              0
100   1155   0   1155   0      0      0      0           24:22              0
100   1155   0   1155   0      0      0      0           24:23              0
:heartbeat

100   1155   0   1155   0      0      0      0           24:25              0
100   1167   0   1167   0      0      0      0           24:26              2
100   1167   0   1167   0      0      0      0           24:27              2
100   1167   0   1167   0      0      0      0           24:28              2
100   1167   0   1167   0      0      0      0           24:29              2
100   1167   0   1167   0      0      0      0           24:30              2
100   1167   0   1167   0      0      0      0           24:31              0
100   1167   0   1167   0      0      0      0           24:32              0
100   1167   0   1167   0      0      0      0           24:33              0
100   1167   0   1167   0      0      0      0           24:34              0
100   1167   0   1167   0      0      0      0           24:35              0
100   1167   0   1167   0      0      0      0           24:36              0
100   1167   0   1167   0      0      0      0           24:37              0
100   1167   0   1167   0      0      0      0           24:38              0
100   1167   0   1167   0      0      0      0           24:39              0
100   1167   0   1167   0      0      0      0           24:40              0
100   1167   0   1167   0      0      0      0           24:41              0
100   1167   0   1167   0      0      0      0           24:42              0
100   1167   0   1167   0      0      0      0           24:43              0
100   1167   0   1167   0      0      0      0           24:44              0
100   1167   0   1167   0      0      0      0           24:45              0
100   1167   0   1167   0      0      0      0           24:46              0
100   1167   0   1167   0      0      0      0           24:47              0
100   1167   0   1167   0      0      0      0           24:48              0
100   1167   0   1167   0      0      0      0           24:49              0
100   1167   0   1167   0      0      0      0           24:50              0
100   1167   0   1167   0      0      0      0           24:51              0
100   1167   0   1167   0      0      0      0           24:52              0
100   1167   0   1167   0      0      0      0           24:53              0
:heartbeat

100   1167   0   1167   0      0      0      0           24:54              0
100   1179   0   1179   0      0      0      0           24:56              2
100   1179   0   1179   0      0      0      0           24:57              2
100   1179   0   1179   0      0      0      0           24:58              2
100   1179   0   1179   0      0      0      0           24:59              2
100   1179   0   1179   0      0      0      0           25:00              2
100   1179   0   1179   0      0      0      0           25:01              0
100   1179   0   1179   0      0      0      0           25:02              0
100   1179   0   1179   0      0      0      0           25:03              0
100   1179   0   1179   0      0      0      0           25:04              0
100   1179   0   1179   0      0      0      0           25:05              0
100   1179   0   1179   0      0      0      0           25:06              0
100   1179   0   1179   0      0      0      0           25:07              0
100   1179   0   1179   0      0      0      0           25:08              0
100   1179   0   1179   0      0      0      0           25:09              0
100   1179   0   1179   0      0      0      0           25:10              0
100   1179   0   1179   0      0      0      0           25:11              0
100   1179   0   1179   0      0      0      0           25:12              0
100   1179   0   1179   0      0      0      0           25:13              0
100   1179   0   1179   0      0      0      0           25:14              0
100   1179   0   1179   0      0      0      0           25:15              0
100   1179   0   1179   0      0      0      0           25:16              0
100   1179   0   1179   0      0      0      0           25:17              0
100   1179   0   1179   0      0      0      0           25:18              0
100   1179   0   1179   0      0      0      0           25:19              0
100   1179   0   1179   0      0      0      0           25:20              0
100   1179   0   1179   0      0      0      0           25:21              0
100   1179   0   1179   0      0      0      0           25:23              0
100   1179   0   1179   0      0      0      0           25:24              0
:heartbeat

100   1179   0   1179   0      0      0      0           25:25              0
100   1191   0   1191   0      0      0      0           25:26              2
100   1191   0   1191   0      0      0      0           25:27              2
100   1191   0   1191   0      0      0      0           25:28              2
100   1191   0   1191   0      0      0      0           25:29              2
100   1191   0   1191   0      0      0      0           25:30              2
100   1191   0   1191   0      0      0      0           25:31              0
100   1191   0   1191   0      0      0      0           25:32              0
100   1191   0   1191   0      0      0      0           25:33              0
100   1191   0   1191   0      0      0      0           25:34              0
100   1191   0   1191   0      0      0      0           25:35              0
100   1191   0   1191   0      0      0      0           25:36              0
100   1191   0   1191   0      0      0      0           25:37              0
100   1191   0   1191   0      0      0      0           25:38              0
100   1191   0   1191   0      0      0      0           25:39              0
100   1191   0   1191   0      0      0      0           25:40              0
100   1191   0   1191   0      0      0      0           25:41              0
100   1191   0   1191   0      0      0      0           25:42              0
100   1191   0   1191   0      0      0      0           25:43              0
100   1191   0   1191   0      0      0      0           25:44              0
100   1191   0   1191   0      0      0      0           25:45              0
100   1191   0   1191   0      0      0      0           25:46              0
100   1191   0   1191   0      0      0      0           25:47              0
100   1191   0   1191   0      0      0      0           25:49              0
100   1191   0   1191   0      0      0      0           25:50              0
100   1191   0   1191   0      0      0      0           25:51              0
100   1191   0   1191   0      0      0      0           25:52              0
100   1191   0   1191   0      0      0      0           25:53              0
100   1191   0   1191   0      0      0      0           25:54              0
:heartbeat

100   1191   0   1191   0      0      0      0           25:55              0
100   1203   0   1203   0      0      0      0           25:56              2
100   1203   0   1203   0      0      0      0           25:57              2
100   1203   0   1203   0      0      0      0           25:58              2
100   1203   0   1203   0      0      0      0           25:59              2
100   1203   0   1203   0      0      0      0           26:00              2
100   1203   0   1203   0      0      0      0           26:01              0
100   1203   0   1203   0      0      0      0           26:02              0
100   1203   0   1203   0      0      0      0           26:03              0
100   1203   0   1203   0      0      0      0           26:04              0
100   1203   0   1203   0      0      0      0           26:05              0
100   1203   0   1203   0      0      0      0           26:06              0
100   1203   0   1203   0      0      0      0           26:07              0
100   1203   0   1203   0      0      0      0           26:08              0
100   1203   0   1203   0      0      0      0           26:09              0
100   1203   0   1203   0      0      0      0           26:10              0
100   1203   0   1203   0      0      0      0           26:11              0
100   1203   0   1203   0      0      0      0           26:12              0
100   1203   0   1203   0      0      0      0           26:13              0
100   1203   0   1203   0      0      0      0           26:14              0
100   1203   0   1203   0      0      0      0           26:15              0
100   1203   0   1203   0      0      0      0           26:16              0
100   1203   0   1203   0      0      0      0           26:17              0
100   1203   0   1203   0      0      0      0           26:18              0
100   1203   0   1203   0      0      0      0           26:19              0
100   1203   0   1203   0      0      0      0           26:20              0
100   1203   0   1203   0      0      0      0           26:22              0
100   1203   0   1203   0      0      0      0           26:23              0
100   1203   0   1203   0      0      0      0           26:24              0
:heartbeat

100   1203   0   1203   0      0      0      0           26:25              0
100   1215   0   1215   0      0      0      0           26:26              2
100   1215   0   1215   0      0      0      0           26:27              2
100   1215   0   1215   0      0      0      0           26:28              2
100   1215   0   1215   0      0      0      0           26:29              2
100   1215   0   1215   0      0      0      0           26:30              2
100   1215   0   1215   0      0      0      0           26:31              0
100   1215   0   1215   0      0      0      0           26:32              0
100   1215   0   1215   0      0      0      0           26:33              0
100   1215   0   1215   0      0      0      0           26:34              0
100   1215   0   1215   0      0      0      0           26:35              0
100   1215   0   1215   0      0      0      0           26:36              0
100   1215   0   1215   0      0      0      0           26:37              0
100   1215   0   1215   0      0      0      0           26:38              0
100   1215   0   1215   0      0      0      0           26:39              0
100   1215   0   1215   0      0      0      0           26:40              0
100   1215   0   1215   0      0      0      0           26:41              0
100   1215   0   1215   0      0      0      0           26:42              0
100   1215   0   1215   0      0      0      0           26:43              0
100   1215   0   1215   0      0      0      0           26:44              0
100   1215   0   1215   0      0      0      0           26:45              0
100   1215   0   1215   0      0      0      0           26:46              0
100   1215   0   1215   0      0      0      0           26:47              0
100   1215   0   1215   0      0      0      0           26:48              0
100   1215   0   1215   0      0      0      0           26:49              0
100   1215   0   1215   0      0      0      0           26:50              0
100   1215   0   1215   0      0      0      0           26:52              0
100   1215   0   1215   0      0      0      0           26:53              0
100   1215   0   1215   0      0      0      0           26:54              0
:heartbeat

100   1215   0   1215   0      0      0      0           26:55              0
100   1227   0   1227   0      0      0      0           26:56              2
100   1227   0   1227   0      0      0      0           26:57              2
100   1227   0   1227   0      0      0      0           26:58              2
100   1227   0   1227   0      0      0      0           26:59              2
100   1227   0   1227   0      0      0      0           27:00              2
100   1227   0   1227   0      0      0      0           27:01              0
100   1227   0   1227   0      0      0      0           27:02              0
100   1227   0   1227   0      0      0      0           27:03              0
100   1227   0   1227   0      0      0      0           27:04              0
100   1227   0   1227   0      0      0      0           27:05              0
100   1227   0   1227   0      0      0      0           27:06              0
100   1227   0   1227   0      0      0      0           27:07              0
100   1227   0   1227   0      0      0      0           27:08              0
100   1227   0   1227   0      0      0      0           27:09              0
100   1227   0   1227   0      0      0      0           27:10              0
100   1227   0   1227   0      0      0      0           27:11              0
100   1227   0   1227   0      0      0      0           27:12              0
100   1227   0   1227   0      0      0      0           27:13              0
100   1227   0   1227   0      0      0      0           27:14              0
100   1227   0   1227   0      0      0      0           27:15              0
100   1227   0   1227   0      0      0      0           27:16              0
100   1227   0   1227   0      0      0      0           27:17              0
100   1227   0   1227   0      0      0      0           27:18              0
100   1227   0   1227   0      0      0      0           27:19              0
100   1227   0   1227   0      0      0      0           27:21              0
100   1227   0   1227   0      0      0      0           27:22              0
100   1227   0   1227   0      0      0      0           27:23              0
100   1227   0   1227   0      0      0      0           27:24              0
:heartbeat

100   1227   0   1227   0      0      0      0           27:25              0
100   1239   0   1239   0      0      0      0           27:26              2
100   1239   0   1239   0      0      0      0           27:27              2
100   1239   0   1239   0      0      0      0           27:28              2
100   1239   0   1239   0      0      0      0           27:29              2
100   1239   0   1239   0      0      0      0           27:30              2
100   1239   0   1239   0      0      0      0           27:31              0
100   1239   0   1239   0      0      0      0           27:32              0
100   1239   0   1239   0      0      0      0           27:33              0
100   1239   0   1239   0      0      0      0           27:34              0
100   1239   0   1239   0      0      0      0           27:35              0
100   1239   0   1239   0      0      0      0           27:36              0
100   1239   0   1239   0      0      0      0           27:37              0
100   1239   0   1239   0      0      0      0           27:38              0
100   1239   0   1239   0      0      0      0           27:39              0
100   1239   0   1239   0      0      0      0           27:40              0
100   1239   0   1239   0      0      0      0           27:41              0
100   1239   0   1239   0      0      0      0           27:42              0
100   1239   0   1239   0      0      0      0           27:43              0
100   1239   0   1239   0      0      0      0           27:44              0
100   1239   0   1239   0      0      0      0           27:45              0
100   1239   0   1239   0      0      0      0           27:46              0
100   1239   0   1239   0      0      0      0           27:47              0
100   1239   0   1239   0      0      0      0           27:48              0
100   1239   0   1239   0      0      0      0           27:49              0
100   1239   0   1239   0      0      0      0           27:50              0
100   1239   0   1239   0      0      0      0           27:51              0
100   1239   0   1239   0      0      0      0           27:52              0
100   1239   0   1239   0      0      0      0           27:53              0
:heartbeat

100   1239   0   1239   0      0      0      0           27:54              0
100   1251   0   1251   0      0      0      0           27:56              2
100   1251   0   1251   0      0      0      0           27:57              2
100   1251   0   1251   0      0      0      0           27:58              2
100   1251   0   1251   0      0      0      0           27:59              2
100   1251   0   1251   0      0      0      0           28:00              2
100   1251   0   1251   0      0      0      0           28:01              0
100   1251   0   1251   0      0      0      0           28:02              0
100   1251   0   1251   0      0      0      0           28:03              0
100   1251   0   1251   0      0      0      0           28:04              0
100   1251   0   1251   0      0      0      0           28:05              0
100   1251   0   1251   0      0      0      0           28:06              0
100   1251   0   1251   0      0      0      0           28:07              0
100   1251   0   1251   0      0      0      0           28:08              0
100   1251   0   1251   0      0      0      0           28:09              0
100   1251   0   1251   0      0      0      0           28:10              0
100   1251   0   1251   0      0      0      0           28:11              0
100   1251   0   1251   0      0      0      0           28:12              0
100   1251   0   1251   0      0      0      0           28:13              0
100   1251   0   1251   0      0      0      0           28:14              0
100   1251   0   1251   0      0      0      0           28:15              0
100   1251   0   1251   0      0      0      0           28:16              0
100   1251   0   1251   0      0      0      0           28:17              0
100   1251   0   1251   0      0      0      0           28:18              0
100   1251   0   1251   0      0      0      0           28:19              0
100   1251   0   1251   0      0      0      0           28:20              0
100   1251   0   1251   0      0      0      0           28:21              0
100   1251   0   1251   0      0      0      0           28:22              0
100   1251   0   1251   0      0      0      0           28:24              0
:heartbeat

100   1251   0   1251   0      0      0      0           28:25              0
100   1263   0   1263   0      0      0      0           28:26              2
100   1263   0   1263   0      0      0      0           28:27              2
100   1263   0   1263   0      0      0      0           28:28              2
100   1263   0   1263   0      0      0      0           28:29              2
100   1263   0   1263   0      0      0      0           28:30              2
100   1263   0   1263   0      0      0      0           28:31              0
100   1263   0   1263   0      0      0      0           28:32              0
100   1263   0   1263   0      0      0      0           28:33              0
100   1263   0   1263   0      0      0      0           28:34              0
100   1263   0   1263   0      0      0      0           28:35              0
100   1263   0   1263   0      0      0      0           28:36              0
100   1263   0   1263   0      0      0      0           28:37              0
100   1263   0   1263   0      0      0      0           28:38              0
100   1263   0   1263   0      0      0      0           28:39              0
100   1263   0   1263   0      0      0      0           28:40              0
100   1263   0   1263   0      0      0      0           28:41              0
100   1263   0   1263   0      0      0      0           28:42              0
100   1263   0   1263   0      0      0      0           28:43              0
100   1263   0   1263   0      0      0      0           28:44              0
100   1263   0   1263   0      0      0      0           28:45              0
100   1263   0   1263   0      0      0      0           28:46              0
100   1263   0   1263   0      0      0      0           28:47              0
100   1263   0   1263   0      0      0      0           28:48              0
100   1263   0   1263   0      0      0      0           28:49              0
100   1263   0   1263   0      0      0      0           28:51              0
100   1263   0   1263   0      0      0      0           28:52              0
100   1263   0   1263   0      0      0      0           28:53              0
100   1263   0   1263   0      0      0      0           28:54              0
:heartbeat

100   1263   0   1263   0      0      0      0           28:55              0
100   1275   0   1275   0      0      0      0           28:56              2
100   1275   0   1275   0      0      0      0           28:57              2
100   1275   0   1275   0      0      0      0           28:58              2
100   1275   0   1275   0      0      0      0           28:59              2
100   1275   0   1275   0      0      0      0           29:00              2
100   1275   0   1275   0      0      0      0           29:01              0
100   1275   0   1275   0      0      0      0           29:02              0
100   1275   0   1275   0      0      0      0           29:03              0
100   1275   0   1275   0      0      0      0           29:04              0
100   1275   0   1275   0      0      0      0           29:05              0
100   1275   0   1275   0      0      0      0           29:06              0
100   1275   0   1275   0      0      0      0           29:07              0
100   1275   0   1275   0      0      0      0           29:08              0
100   1275   0   1275   0      0      0      0           29:09              0
100   1275   0   1275   0      0      0      0           29:10              0
100   1275   0   1275   0      0      0      0           29:11              0
100   1275   0   1275   0      0      0      0           29:12              0
100   1275   0   1275   0      0      0      0           29:13              0
100   1275   0   1275   0      0      0      0           29:14              0
100   1275   0   1275   0      0      0      0           29:15              0
100   1275   0   1275   0      0      0      0           29:16              0
100   1275   0   1275   0      0      0      0           29:17              0
100   1275   0   1275   0      0      0      0           29:18              0
100   1275   0   1275   0      0      0      0           29:19              0
100   1275   0   1275   0      0      0      0           29:20              0
100   1275   0   1275   0      0      0      0           29:21              0
100   1275   0   1275   0      0      0      0           29:22              0
100   1275   0   1275   0      0      0      0           29:23              0
:heartbeat

100   1275   0   1275   0      0      0      0           29:24              0
100   1287   0   1287   0      0      0      0           29:26              2
100   1287   0   1287   0      0      0      0           29:27              2
100   1287   0   1287   0      0      0      0           29:28              2
100   1287   0   1287   0      0      0      0           29:29              2
100   1287   0   1287   0      0      0      0           29:30              2
100   1287   0   1287   0      0      0      0           29:31              0
100   1287   0   1287   0      0      0      0           29:32              0
100   1287   0   1287   0      0      0      0           29:33              0
100   1287   0   1287   0      0      0      0           29:34              0
100   1287   0   1287   0      0      0      0           29:35              0
100   1287   0   1287   0      0      0      0           29:36              0
100   1287   0   1287   0      0      0      0           29:37              0
100   1287   0   1287   0      0      0      0           29:38              0
100   1287   0   1287   0      0      0      0           29:39              0
100   1287   0   1287   0      0      0      0           29:40              0
100   1287   0   1287   0      0      0      0           29:41              0
100   1287   0   1287   0      0      0      0           29:42              0
100   1287   0   1287   0      0      0      0           29:43              0
100   1287   0   1287   0      0      0      0           29:44              0
100   1287   0   1287   0      0      0      0           29:45              0
100   1287   0   1287   0      0      0      0           29:46              0
100   1287   0   1287   0      0      0      0           29:47              0
100   1287   0   1287   0      0      0      0           29:48              0
100   1287   0   1287   0      0      0      0           29:49              0
100   1287   0   1287   0      0      0      0           29:50              0
100   1287   0   1287   0      0      0      0           29:51              0
100   1287   0   1287   0      0      0      0           29:52              0
100   1287   0   1287   0      0      0      0           29:53              0
:heartbeat

100   1287   0   1287   0      0      0      0           29:54              0
100   1299   0   1299   0      0      0      0           29:56              2
100   1299   0   1299   0      0      0      0           29:57              2
100   1299   0   1299   0      0      0      0           29:58              2
100   1299   0   1299   0      0      0      0           29:59              2
100   1299   0   1299   0      0      0      0           30:00              2
100   1299   0   1299   0      0      0      0           30:01              0
100   1299   0   1299   0      0      0      0           30:02              0
100   1299   0   1299   0      0      0      0           30:03              0
100   1299   0   1299   0      0      0      0           30:04              0
100   1299   0   1299   0      0      0      0           30:05              0
100   1299   0   1299   0      0      0      0           30:06              0
100   1299   0   1299   0      0      0      0           30:07              0
100   1299   0   1299   0      0      0      0           30:08              0
100   1299   0   1299   0      0      0      0           30:09              0
100   1299   0   1299   0      0      0      0           30:10              0
100   1299   0   1299   0      0      0      0           30:11              0
100   1299   0   1299   0      0      0      0           30:12              0
100   1299   0   1299   0      0      0      0           30:13              0
100   1299   0   1299   0      0      0      0           30:14              0
100   1299   0   1299   0      0      0      0           30:15              0
100   1299   0   1299   0      0      0      0           30:16              0
100   1299   0   1299   0      0      0      0           30:17              0
100   1299   0   1299   0      0      0      0           30:18              0
100   1299   0   1299   0      0      0      0           30:19              0
100   1299   0   1299   0      0      0      0           30:20              0
100   1299   0   1299   0      0      0      0           30:21              0
100   1299   0   1299   0      0      0      0           30:22              0
100   1299   0   1299   0      0      0      0           30:24              0
:heartbeat

100   1299   0   1299   0      0      0      0           30:25              0
100   1311   0   1311   0      0      0      0           30:26              2
100   1311   0   1311   0      0      0      0           30:27              2
100   1311   0   1311   0      0      0      0           30:28              2
100   1311   0   1311   0      0      0      0           30:29              2
100   1311   0   1311   0      0      0      0           30:30              2
100   1311   0   1311   0      0      0      0           30:31              0
100   1311   0   1311   0      0      0      0           30:32              0
100   1311   0   1311   0      0      0      0           30:33              0
100   1311   0   1311   0      0      0      0           30:34              0
100   1311   0   1311   0      0      0      0           30:35              0
100   1311   0   1311   0      0      0      0           30:36              0
100   1311   0   1311   0      0      0      0           30:37              0
100   1311   0   1311   0      0      0      0           30:38              0
100   1311   0   1311   0      0      0      0           30:39              0
100   1311   0   1311   0      0      0      0           30:40              0
100   1311   0   1311   0      0      0      0           30:41              0
100   1311   0   1311   0      0      0      0           30:42              0
100   1311   0   1311   0      0      0      0           30:43              0
100   1311   0   1311   0      0      0      0           30:44              0
100   1311   0   1311   0      0      0      0           30:45              0
100   1311   0   1311   0      0      0      0           30:46              0
100   1311   0   1311   0      0      0      0           30:47              0
100   1311   0   1311   0      0      0      0           30:48              0
100   1311   0   1311   0      0      0      0           30:49              0
100   1311   0   1311   0      0      0      0           30:50              0
100   1311   0   1311   0      0      0      0           30:51              0
100   1311   0   1311   0      0      0      0           30:52              0
100   1311   0   1311   0      0      0      0           30:53              0
:heartbeat

100   1311   0   1311   0      0      0      0           30:54              0
100   1323   0   1323   0      0      0      0           30:56              2
100   1323   0   1323   0      0      0      0           30:57              2
100   1323   0   1323   0      0      0      0           30:58              2
100   1323   0   1323   0      0      0      0           30:59              2
100   1323   0   1323   0      0      0      0           31:00              2
100   1323   0   1323   0      0      0      0           31:01              0
100   1323   0   1323   0      0      0      0           31:02              0
100   1323   0   1323   0      0      0      0           31:03              0
100   1323   0   1323   0      0      0      0           31:04              0
100   1323   0   1323   0      0      0      0           31:05              0
100   1323   0   1323   0      0      0      0           31:06              0
100   1323   0   1323   0      0      0      0           31:07              0
100   1323   0   1323   0      0      0      0           31:08              0
100   1323   0   1323   0      0      0      0           31:09              0
100   1323   0   1323   0      0      0      0           31:10              0
100   1323   0   1323   0      0      0      0           31:11              0
100   1323   0   1323   0      0      0      0           31:12              0
100   1323   0   1323   0      0      0      0           31:13              0
100   1323   0   1323   0      0      0      0           31:14              0
100   1323   0   1323   0      0      0      0           31:15              0
100   1323   0   1323   0      0      0      0           31:16              0
100   1323   0   1323   0      0      0      0           31:17              0
100   1323   0   1323   0      0      0      0           31:18              0
100   1323   0   1323   0      0      0      0           31:19              0
100   1323   0   1323   0      0      0      0           31:20              0
100   1323   0   1323   0      0      0      0           31:21              0
100   1323   0   1323   0      0      0      0           31:23              0
100   1323   0   1323   0      0      0      0           31:24              0
:heartbeat

100   1323   0   1323   0      0      0      0           31:25              0
100   1335   0   1335   0      0      0      0           31:26              2
100   1335   0   1335   0      0      0      0           31:27              2
100   1335   0   1335   0      0      0      0           31:28              2
100   1335   0   1335   0      0      0      0           31:29              2
100   1335   0   1335   0      0      0      0           31:30              2
100   1335   0   1335   0      0      0      0           31:31              0
100   1335   0   1335   0      0      0      0           31:32              0
100   1335   0   1335   0      0      0      0           31:33              0
100   1335   0   1335   0      0      0      0           31:34              0
100   1335   0   1335   0      0      0      0           31:35              0
100   1335   0   1335   0      0      0      0           31:36              0
100   1335   0   1335   0      0      0      0           31:37              0
100   1335   0   1335   0      0      0      0           31:38              0
100   1335   0   1335   0      0      0      0           31:39              0
100   1335   0   1335   0      0      0      0           31:40              0
100   1335   0   1335   0      0      0      0           31:41              0
100   1335   0   1335   0      0      0      0           31:42              0
100   1335   0   1335   0      0      0      0           31:43              0
100   1335   0   1335   0      0      0      0           31:44              0
100   1335   0   1335   0      0      0      0           31:45              0
100   1335   0   1335   0      0      0      0           31:46              0
100   1335   0   1335   0      0      0      0           31:47              0
100   1335   0   1335   0      0      0      0           31:48              0
100   1335   0   1335   0      0      0      0           31:49              0
100   1335   0   1335   0      0      0      0           31:50              0
100   1335   0   1335   0      0      0      0           31:51              0
100   1335   0   1335   0      0      0      0           31:52              0
100   1335   0   1335   0      0      0      0           31:53              0
:heartbeat

100   1335   0   1335   0      0      0      0           31:54              0
100   1347   0   1347   0      0      0      0           31:56              2
100   1347   0   1347   0      0      0      0           31:57              2
100   1347   0   1347   0      0      0      0           31:58              2
100   1347   0   1347   0      0      0      0           31:59              2
100   1347   0   1347   0      0      0      0           32:00              2
100   1347   0   1347   0      0      0      0           32:01              0
100   1347   0   1347   0      0      0      0           32:02              0
100   1347   0   1347   0      0      0      0           32:03              0
100   1347   0   1347   0      0      0      0           32:04              0
100   1347   0   1347   0      0      0      0           32:05              0
100   1347   0   1347   0      0      0      0           32:06              0
100   1347   0   1347   0      0      0      0           32:07              0
100   1347   0   1347   0      0      0      0           32:08              0
100   1347   0   1347   0      0      0      0           32:09              0
100   1347   0   1347   0      0      0      0           32:10              0
100   1347   0   1347   0      0      0      0           32:11              0
100   1347   0   1347   0      0      0      0           32:12              0
100   1347   0   1347   0      0      0      0           32:13              0
100   1347   0   1347   0      0      0      0           32:14              0
100   1347   0   1347   0      0      0      0           32:15              0
100   1347   0   1347   0      0      0      0           32:16              0
100   1347   0   1347   0      0      0      0           32:17              0
100   1347   0   1347   0      0      0      0           32:18              0
100   1347   0   1347   0      0      0      0           32:19              0
100   1347   0   1347   0      0      0      0           32:21              0
100   1347   0   1347   0      0      0      0           32:22              0
100   1347   0   1347   0      0      0      0           32:23              0
100   1347   0   1347   0      0      0      0           32:24              0
:heartbeat

100   1347   0   1347   0      0      0      0           32:25              0
100   1359   0   1359   0      0      0      0           32:26              2
100   1359   0   1359   0      0      0      0           32:27              2
100   1359   0   1359   0      0      0      0           32:28              2
100   1359   0   1359   0      0      0      0           32:29              2
100   1359   0   1359   0      0      0      0           32:30              2
100   1359   0   1359   0      0      0      0           32:31              0
100   1359   0   1359   0      0      0      0           32:32              0
100   1359   0   1359   0      0      0      0           32:33              0
100   1359   0   1359   0      0      0      0           32:34              0
100   1359   0   1359   0      0      0      0           32:35              0
100   1359   0   1359   0      0      0      0           32:36              0
100   1359   0   1359   0      0      0      0           32:37              0
100   1359   0   1359   0      0      0      0           32:38              0
100   1359   0   1359   0      0      0      0           32:39              0
100   1359   0   1359   0      0      0      0           32:40              0
100   1359   0   1359   0      0      0      0           32:41              0
100   1359   0   1359   0      0      0      0           32:42              0
100   1359   0   1359   0      0      0      0           32:43              0
100   1359   0   1359   0      0      0      0           32:44              0
100   1359   0   1359   0      0      0      0           32:45              0
100   1359   0   1359   0      0      0      0           32:46              0
100   1359   0   1359   0      0      0      0           32:47              0
100   1359   0   1359   0      0      0      0           32:48              0
100   1359   0   1359   0      0      0      0           32:49              0
100   1359   0   1359   0      0      0      0           32:50              0
100   1359   0   1359   0      0      0      0           32:51              0
100   1359   0   1359   0      0      0      0           32:52              0
100   1359   0   1359   0      0      0      0           32:53              0
:heartbeat

100   1359   0   1359   0      0      0      0           32:54              0
100   1371   0   1371   0      0      0      0           32:56              2
100   1371   0   1371   0      0      0      0           32:57              2
100   1371   0   1371   0      0      0      0           32:58              2
100   1371   0   1371   0      0      0      0           32:59              2
100   1371   0   1371   0      0      0      0           33:00              2
100   1371   0   1371   0      0      0      0           33:01              0
100   1371   0   1371   0      0      0      0           33:02              0
100   1371   0   1371   0      0      0      0           33:03              0
100   1371   0   1371   0      0      0      0           33:04              0
100   1371   0   1371   0      0      0      0           33:05              0
100   1371   0   1371   0      0      0      0           33:06              0
100   1371   0   1371   0      0      0      0           33:07              0
100   1371   0   1371   0      0      0      0           33:08              0
100   1371   0   1371   0      0      0      0           33:09              0
100   1371   0   1371   0      0      0      0           33:10              0
100   1371   0   1371   0      0      0      0           33:11              0
100   1371   0   1371   0      0      0      0           33:12              0
100   1371   0   1371   0      0      0      0           33:13              0
100   1371   0   1371   0      0      0      0           33:14              0
100   1371   0   1371   0      0      0      0           33:15              0
100   1371   0   1371   0      0      0      0           33:16              0
100   1371   0   1371   0      0      0      0           33:17              0
100   1371   0   1371   0      0      0      0           33:18              0
100   1371   0   1371   0      0      0      0           33:19              0
100   1371   0   1371   0      0      0      0           33:20              0
100   1371   0   1371   0      0      0      0           33:21              0
100   1371   0   1371   0      0      0      0           33:22              0
100   1371   0   1371   0      0      0      0           33:23              0
:heartbeat

100   1371   0   1371   0      0      0      0           33:24              0
100   1383   0   1383   0      0      0      0           33:26              2
curl: (56) Recv failure: Connection was reset
